﻿alliance_id,date_created,name,acronym,color,continent,discord_server,score,flag_url
615,"2014-08-05 12:32:17","Seven Kingdoms",SK,orange,Ar,https://discord.gg/3uCF26s,47869.07,https://politicsandwar.com/uploads/86bdc587ed74b9544f5c2f523bb490d6016c483a500x281478.jpg
619,"2014-08-05 19:39:15",Guardian,Guardian,pink,Ar,https://discord.gg/wFbUzM2,252397.10,https://politicsandwar.com/img/imgur-old/4ec297228f2995b3e5b9d7930411397051baa3e1895.jpg
622,"2014-08-06 13:37:26","United Purple Nations",UPN,purple,Ar,https://discord.gg/mfUxYv7CyR,126500.00,https://politicsandwar.com/img/imgur-old/5851d6d7cbf0c8b8fc857582169446aa2a2204b5358.jpg
623,"2014-08-07 10:12:02",Acadia,Acadia,aqua,Ar,https://discord.gg/9wKzZbU,0.00,https://politicsandwar.com/uploads/53a996d6308d048c5ad0b73e8897545657b86834773.png
770,"2014-10-26 13:21:40",770,LO,red,Ar,https://discord.com/invite/FGS7jr7,0.00,https://politicsandwar.com/uploads/593bdc81b8443f2807e460b2dae5ca1f133f7f5c500x300790.png
790,"2014-11-04 23:13:16",Rose,🌹,pink,Ar,https://discord.gg/Fp5Ngqg,573911.16,https://politicsandwar.com/uploads/7a630bedf08bd0a559774f74e042dbdf573f0d6c500x30047.png
831,"2014-11-21 17:26:29","The Syndicate",t$,green,Ar,https://discord.gg/FZqJY5m,552712.60,https://politicsandwar.com/uploads/4943f976375bf77cafa3a32b9df7772dd8d5da1a500x300138.png
866,"2014-12-08 09:18:04","Guardians of the Galaxy",GoG,lime,Ar,https://discord.gg/DVGzNXM,0.00,https://politicsandwar.com/uploads/111dd01422c16de66f4d06040c7451118efd002b957.png
877,"2014-12-12 23:23:13","Black Knights",BK,black,Ar,https://discord.gg/9h2XQjb,141433.09,https://politicsandwar.com/uploads/c0a55f62b37d335926fd88c796eb55eaee367215500x281454.jpg
913,"2014-12-19 14:34:25",Arrgh,Arrgh!,black,Ar,https://discord.gg/jCAQFtJ,104401.97,https://politicsandwar.com/img/imgur-old/c4ad8a85a57d1fedc2df54ac0d34bc882a83b441644.png
1023,"2015-01-26 15:22:05","The Fighting Pacifists",TFP,white,Ar,https://discord.gg/5yT5tWS,409660.22,https://politicsandwar.com/uploads/8cb8b68dbcf4f39c57aedd9e9271aa2aac9aae42500x298159.jpeg
1210,"2015-03-21 22:52:21","World Task Force",WTF,maroon,Ar,https://discord.gg/3AXHN5B,126108.68,https://politicsandwar.com/uploads/26e07a7b441f6730fc9cc05b1cd43898ab70e452x678.png
1246,"2015-03-29 20:09:40",Farkistan,FU,blue,Ar,https://discord.gg/HDjRySg,165229.79,https://politicsandwar.com/uploads/100fe13335b6c085e46e699bf8d856d1ee996207315.png
1280,"2015-04-08 19:16:27",Alpha,Alpha,green,Ar,https://discord.gg/keUvfs9,72210.99,https://politicsandwar.com/uploads/4e2d000191b27b4dcc906383c2e697e984949644500x300203.jpg
1584,"2015-06-29 17:25:50","The Knights Radiant",TKR,orange,Ar,https://discord.gg/t7dzPAV,521267.70,https://politicsandwar.com/uploads/1638d0632ae76bfb5d49c1f27836e58be26b366d425.png
1634,"2015-07-13 22:58:28","Nuclear Knights",NK,pink,Ar,,3472.29,https://politicsandwar.com/img/imgur-old/2789fc1020e3724279488982a02ab4a29b558dad25.png
1723,"2015-08-08 02:13:24","TRUMP 2016",TRUMP,pink,na,,87.10,https://politicsandwar.com/img/imgur-old/e7f77385327365d10712e34790c1d27b19984cb4595.jpg
1742,"2015-08-14 18:32:07","The Wei",TW,white,Ar,https://discordapp.com/invite/B7rpfvx,126792.27,https://politicsandwar.com/img/imgur-old/dfa2dc35f246f28cb942f8a3b5bd9d0e32a34e95651.jpg
1896,"2015-10-05 16:50:32",Pantheon,🏛️,yellow,Ar,https://discord.gg/JH3XZ4HHDx,1936.75,https://politicsandwar.com/img/imgur-old/aabdb8d0f25956ba861bb1c365c404835995c5a5705.png
2082,"2015-12-01 16:15:42","New Pacific Order",NPO,brown,Ar,https://discord.gg/AQMFg2A,6131.65,https://politicsandwar.com/uploads/f6d9d9cd426226b55504e8fe7c941c10cb7eb6ba700.png
2358,"2016-02-16 19:50:46",Polaris,,blue,Ar,https://discord.gg/XkymPz2,122784.42,https://politicsandwar.com/img/imgur-old/a69030707aac568c9eb564ed58dfa6bacfa34da5165.png
2510,"2016-03-20 06:51:10","Order of the White Rose",OWR,olive,Ar,https://discord.gg/NcugYxp,156634.18,https://politicsandwar.com/img/imgur-old/8dc7a6507cf64b9adcc879036b6e4886e83825e0638.png
2594,"2016-04-04 10:01:03","United Socialist Nations",USN,red,Ar,https://discord.gg/ZWQZfHk,95105.45,https://politicsandwar.com/uploads/b359bc0758d97a417b49d116c1e147674fdfa9b3500x300617.png
3339,"2016-09-23 00:04:24","Grumpy Old Bastards",Grumpy,green,Ar,https://discord.gg/8BZztQQ,322346.15,https://politicsandwar.com/uploads/c3c6b42d867ffd38eafedaf07cdfda4469e82998454.png
3427,"2016-10-07 17:28:42","The Commonwealth",tCW,maroon,Ar,https://discord.gg/Gv26Kzr8ZU,217893.05,https://politicsandwar.com/uploads/f1c30d10038b72fcf575a698afd6b93308196c12500x270546.png
3554,"2016-10-22 11:20:03","One is the loneliest number",Lonely,lime,Ar,https://discord.gg/8npsj67,2196.40,https://politicsandwar.com/uploads/1e49178196abe3b9f6411b663b515dcf2620fc5b946.jpg
3683,"2016-11-08 20:24:05","House Stark",HS,olive,Ar,https://discord.gg/eVRjDy6,179616.33,https://politicsandwar.com/img/imgur-old/bfb8a262c1c2191984edc9463d991f504f05ce49291.jpg
3940,"2016-12-20 00:38:26","The United Empire of ZahAharon",TUE,purple,Ar,https://discord.gg/yZmr9av,2190.01,https://politicsandwar.com/uploads/5ba2f1328cb1211b742c91c72d9c34db1248101b489.png
4124,"2017-02-01 17:00:43","Knights Templar",KT,maroon,Ar,https://discord.gg/Jd2bu7f,101865.43,https://politicsandwar.com/uploads/5ed63443e71713aae7819af4dd721beda896b1dd500x300832.png
4137,"2017-02-23 20:46:46","United Alliance for Freedom",UAF,olive,Ar,,1836.65,http://i.imgur.com/GfV4IMw.png
4144,"2017-03-10 00:36:03",Akatsuki,AK,maroon,Ar,,3357.80,https://politicsandwar.com/uploads/24e95e1ff1ccae75e96069fff83d122b56b098fb142.png
4149,"2017-03-17 18:06:30","Church of Spaceology","Evil Bo",purple,Ar,https://discord.gg/7rQ5vfY,0.00,https://politicsandwar.com/uploads/319e04377bdb89d51581adcfe8401563cd82f61a651.jpg
4150,"2017-03-19 10:05:19",Yarr,GOLF,black,Ar,https://discord.gg/cbF74Dg,82581.42,https://politicsandwar.com/uploads/27b263414c1138cbe1ffcc942dd2bf15345bde5579.jpg
4205,"2017-05-10 18:55:22","Cosa Nostra",CN,brown,Ar,,326.75,https://politicsandwar.com/uploads/157531a8ba85563bf518921e98ba9c91bf743cd3406.jpg
4209,"2017-05-20 00:40:25","The Scottish Empire",TSE,white,Ar,https://discord.gg/X5fWTvJ,0.00,https://politicsandwar.com/img/imgur-old/7a6fc15b6be2d18a1d5528857d160584fa4172b3325.png
4221,"2017-06-11 12:22:29","Dark Brotherhood",DB,black,Ar,https://discord.gg/Uyn3m5D,111894.73,https://politicsandwar.com/uploads/3af8f5023602b9d1cd12588b7d379a0f9f896e43586.png
4271,"2017-08-09 02:18:58",Oblivion,shite,green,Ar,https://discord.gg/YRerfDpaKJ,68198.08,https://politicsandwar.com/uploads/a8910306b92fbce80d563dd429150b593f7cc575102.jpg
4323,"2017-10-11 01:22:11",Horsemen,THM,lime,Ar,https://discord.gg/hyMZjtg,0.00,https://politicsandwar.com/uploads/3fd928c9f764b651d4719533d04ad5536ee3407e873.jpg
4397,"2017-12-10 03:25:36","Strickland Propane",Strickland,brown,Ar,https://discord.gg/SFEpZNf,36273.14,https://politicsandwar.com/uploads/a118889f96a7c98bd6c465415353aaf6452d9915500x30046.png
4468,"2018-01-07 07:22:03","Purple Flower Garden",PFG,pink,Ar,,7311.22,https://politicsandwar.com/uploads/2f4a9fb6069cb8356913ec360909eed4b9560c40538.png
4567,"2018-02-23 02:31:21","The Golden Horde",TGH,green,Ar,,0.00,https://politicsandwar.com/uploads/0c2ce4037c47587bc3f2cb008800b6821f0850d7382.png
4568,"2018-02-23 08:41:56","Outer Heaven",OH,black,af,https://discord.gg/EdbQAyq,0.00,https://politicsandwar.com/img/imgur-old/2eb12dc171cecfd21d2fa45de656c0da27e45ffa683.png
4623,"2018-03-18 07:10:01","The Empire of the Moonlit Sakura",7K,blue,Ar,https://discord.gg/BHtwcHg,0.00,https://politicsandwar.com/uploads/77a7d97093ba2365abccad3f88475c9d2769678584.jpg
4638,"2018-03-21 05:20:16","The Federation",TF,blue,Ar,https://discord.gg/DHT6kgc,102987.70,https://politicsandwar.com/uploads/bb7d4269a0b1df30032995f5d901db110a16bf73205.png
4648,"2018-03-22 22:26:01",Aurora,AUR,purple,Ar,https://discord.gg/ghbQ5QY,209195.74,https://politicsandwar.com/uploads/b99ffedd20fa9df91f284d2810f3da1dd49942bb500x281541.png
4729,"2018-04-13 22:07:21","Church Of Atom",CoA,green,Ar,https://discord.gg/DCQsEuf,139330.66,https://politicsandwar.com/uploads/a18a33770a8efb8ce21bf21468d6f7d404e73392500x333227.png
4829,"2018-05-05 16:54:12","The Enterprise",e$,brown,Ar,https://discord.gg/UPuqa8s,94617.94,https://politicsandwar.com/uploads/8a61e23ce14f9c3ae1a81548a7296a640477af01x691.jpg
4878,"2018-05-18 02:10:14","The Boys",TCJ,blue,Ar,https://discord.gg/rF2Urk9,0.00,https://politicsandwar.com/uploads/9d2ff4785f3086121806003654d6b993578b26fc424.jpg
4937,"2018-07-13 09:44:55",Camelot,🐲,maroon,Ar,https://discord.gg/AUVakUh53a,312918.83,https://politicsandwar.com/uploads/b67039aa1de4fa7ad09671e6e51b391f72604301500x300260.png
5012,"2018-08-19 21:19:31","Respublica Romana",R&R,pink,Ar,https://discord.gg/rUJyB4U,72511.03,https://politicsandwar.com/uploads/5dfcfb337e7fb4d5769669bdd2ebe97c8868eccd500x375106.jpeg
5039,"2018-09-09 00:20:10","Goon Squad",GS,pink,Ar,https://discord.gg/uJGwKCK,16816.41,https://politicsandwar.com/uploads/f62cf330574ddc0dbd044b54a721efcbbef2d145647.jpg
5049,"2018-09-17 19:17:51",Carthago,CTO,olive,Ar,https://discord.gg/kxM7V3V,210583.17,https://politicsandwar.com/uploads/9a7bcddab032abc1922f8e0821535c6b83e02067x590.png
5121,"2018-11-03 08:30:55","Lannister Mausoleum",,maroon,as,,0.00,https://politicsandwar.com/img/imgur-old/403b570738062b87c7e8982f6cca706324d65ff8303.jpg
5205,"2018-12-09 09:47:39","The Hanseatic League",THL,green,Ar,,5476.63,https://politicsandwar.com/uploads/8aad3da1973ad4357c4ea548921a76295c3babd5x885.png
5214,"2018-12-14 16:59:51","Code of Honor","Dr. Love",brown,Ar,,0.00,https://politicsandwar.com/uploads/39fe6365ef059ce90ad2047efa52bf9118445839497.jpg
5267,"2019-01-15 16:19:14","United Maharlika Empire",Maharlika,red,Ar,https://discord.gg/xVMW3D2,0.00,https://politicsandwar.com/uploads/8f687958bdc2d2187bb521ad7f4013a4d3146ab7844.jpg
5303,"2019-02-02 11:13:21",Peace,,green,Ar,,35.04,https://upload.wikimedia.org/wikipedia/en/thumb/b/be/Flag_of_England.svg/800px-Flag_of_England.svg.png
5326,"2019-02-16 00:24:08","The United Armies",UA,red,Ar,https://discord.gg/pfZNF7ER7z,82101.82,https://politicsandwar.com/uploads/1649d4bf8159717bb2b5590c179a68f81486809463.png
5343,"2019-02-25 01:03:00",Kazoku,KZ,yellow,Ar,https://discord.gg/HjfXc6H,762.03,https://politicsandwar.com/uploads/aa496341ce8393fa53c3e1c59e4b2586a47eecc2533.png
5436,"2019-04-12 21:37:17","The Global Union",TGU,white,Ar,https://discord.gg/q5SdUhz,3917.37,https://politicsandwar.com/uploads/3b427c9bb612872c771df027222b2b4ddd7ca5bd866.png
5455,"2019-04-22 21:48:50",Vanguard,VNG,black,Ar,https://discord.gg/qkT4taP,0.00,https://politicsandwar.com/uploads/46c1e2c2ac4774864c4dbe596127f258b5109cd3392.jpg
5476,"2019-05-06 16:50:03",Weebunism,🌸,blue,Ar,https://discord.gg/VMxbrMR,140492.71,https://politicsandwar.com/uploads/dbaee09dae5ca490f38314faecd5c09a352de7de500x300352.png
5481,"2019-05-08 11:43:45","Schrute Farms",SF,green,Ar,https://discord.gg/qUgbFj76,5881.00,https://politicsandwar.com/uploads/965ee3c781b5f51d04451f40db0ac8ac0a6aca03500x300217.png
5491,"2019-05-11 04:07:07","Si Hong",SH,red,Ar,https://discord.gg/TKJbwyJ,1210.00,https://politicsandwar.com/uploads/730a1b5c50be58d2343759c9a83863bd96059c58125.png
5592,"2019-06-06 20:17:54","The Co-Prosperity Union",CPU,blue,Ar,https://discord.gg/BnzdHTb,870.00,https://politicsandwar.com/uploads/fd796d900ca3403eef8a8ee805c3e26fd211d3df836.jpeg
5658,"2019-06-23 00:17:04","Unforgiven Legion",U.L.,olive,Ar,https://discord.gg/Wjek998,39510.59,https://politicsandwar.com/uploads/042321cca3f71b92cf4a57e5c77e3a113dbfd298500x298969.png
5722,"2019-07-07 20:31:40","The Ampersand",&,blue,Ar,https://discord.gg/RqWDk5Q,120227.21,https://politicsandwar.com/uploads/ebe4aedb7f3996d0fd30a11f67e825c50f6192e2500x300138.png
5735,"2019-07-12 10:10:05",Demacia,DEM,olive,Ar,https://discord.gg/Jhw3gqF,0.00,https://politicsandwar.com/uploads/811bba955c118239571e0e95f0d0c31f079f507c328.png
5796,"2019-07-22 00:48:26",Atlantis,ðŸ”±,aqua,Ar,https://discord.gg/eFTs7uR,497.19,https://politicsandwar.com/uploads/cf30a6de0dc187d67c51e9074f2b6e5688260560189.jpeg
5875,"2019-08-04 19:30:43","The Immortals",IMMORTALS,yellow,Ar,https://discord.gg/8w5mHFe,432327.02,https://politicsandwar.com/uploads/f378300711b508768214d83b28a1cd551dffd0d7x342.jpg
5947,"2019-08-16 18:37:55","Major Leek Baseball",MLB,green,Ar,,0.00,https://politicsandwar.com/uploads/e94e8c256ed882c049145a19b114ccb64d9c416a102.png
5968,"2019-08-20 01:15:22","Green Protection Agency",OCTAVIA,green,Ar,,0.00,https://politicsandwar.com/uploads/ace09ba9e6759c7f52603ca86a0903a6573b5c9e64.png
6034,"2019-08-28 13:49:40",Mehh,Mehh,white,Ar,https://discord.gg/bQbkMcw,930.01,https://politicsandwar.com/uploads/ca272453a3f9462e54e3ce56e3f65992e5b90ead763.png
6074,"2019-09-04 16:48:40","New Cornhusker Confederacy",,yellow,Ar,,0.00,https://politicsandwar.com/uploads/9ce52f7889b7402cf42a0c29a652c66ee74316b7860.png
6076,"2019-09-04 21:51:01","Teutonic Order",NTTO,white,Ar,https://discord.gg/PJWybKapBB,0.00,https://politicsandwar.com/img/flags/sovietunion.jpg
6088,"2019-09-07 22:29:58","Terminus Est",TEst,maroon,Ar,https://discord.gg/7XAqQte,0.00,https://politicsandwar.com/uploads/07bfd4680246f1320646bb54586653ac345489fd614.gif
6126,"2019-09-14 03:39:06","The Lost Empire",TLE,aqua,Ar,https://discord.gg/2sF9rYj,172832.05,https://politicsandwar.com/uploads/1438f3f218d4b870448906300149f38089dd26ab500x258566.jpg
6143,"2019-09-16 21:48:55",Morningstar,🅼🆂,black,Ar,https://discord.gg/SpxrYbq,7503.31,https://politicsandwar.com/uploads/7a954bada765b91a409d5b5ba7af95e26309facb184.png
6198,"2019-09-22 20:43:08","The Red Banner",TRB,red,Ar,https://discord.gg/GXX5PXw,0.00,https://politicsandwar.com/uploads/d1437031c04353af66f8988c1c59e5654599aa7a406.png
6215,"2019-09-24 23:02:41","Soldiers of Liberty",SoL,white,Ar,https://discord.gg/zhzw3c4,102461.00,https://politicsandwar.com/uploads/37c9ce897eb7e96cb816a5573e84104673fc22e3642.jpg
6308,"2019-10-09 20:31:44","The Ascendant",ASC,black,Ar,https://discord.gg/TxgSapc,10.25,https://politicsandwar.com/uploads/d449d2dd15a1e90cb200aa0ed00d0cab8422bb3f74.png
6474,"2019-11-02 03:24:56","The Family",,aqua,Ar,,0.00,https://politicsandwar.com/img/flags/italy.jpg
6675,"2019-12-03 22:58:32","Bird Weed",WEEDBIRD,black,af,https://discord.gg/6ex3uY8,0.00,https://politicsandwar.com/uploads/7cf07f3481ad1ca564687361fa89235cc30297bf674.png
6680,"2019-12-04 11:43:51","The Panzer Elite",,orange,af,,0.00,https://politicsandwar.com/uploads/e8b30aba92019685e85af1fd3d35e3f816c1e325764.jpg
6696,"2019-12-06 07:02:25",AVENGERS,Avengers,brown,af,https://discord.gg/fAS8jH4,0.00,https://politicsandwar.com/uploads/58a76434a77202fc133e337d0f43b8f922babaa575.gif
6703,"2019-12-08 02:21:33",TheNorthWesternSouthRegionofthefarEast,NWSRFE,purple,af,https://discord.gg/D9rcD4n,42334.32,https://politicsandwar.com/uploads/bd3e8b523779389b08cd13b98e9676fe8853b8b3129.png
6718,"2019-12-11 21:45:52","Legio Christi",LC,black,af,,0.00,https://politicsandwar.com/uploads/3159c5d05bedd256f783b202f4aac7efc4ce8663144.png
6811,"2019-12-29 00:12:47","Middle Eastern Pact",MEP,black,af,,769.23,https://politicsandwar.com/uploads/a88c47ed18fe54f8b95ceb6d951600380b77f4a7842.png
6877,"2020-01-07 23:40:55","Advanced Syndicalist Mechanics",ASM,red,af,https://discord.gg/meQSAmc,116724.11,https://politicsandwar.com/uploads/293026a5402e7774831ea77f1ebfc0b142ac666ax319.gif
7000,"2020-01-19 18:26:32","Banana Stand",BS,green,af,https://discord.gg/t7dzPAV,9620.74,https://politicsandwar.com/uploads/60091fdd06fcbf59641885517f514c3660f474a2x98.png
7025,"2020-01-23 02:21:44","The North Atlantic Empire",NAE,blue,af,https://discord.gg/vpTbANf,0.00,https://politicsandwar.com/uploads/e8b9bdbfd46c74eb20721324866f0fb33eb7c4ec403.jpeg
7032,"2020-01-24 00:51:47","UNITED NATIONS",UN,red,af,https://discord.gg/EgeT4P,0.00,https://politicsandwar.com/uploads/721b394a18bc12920ce8bcbefd37e5b4cf219771913.jpg
7053,"2020-01-27 04:33:37","The Imperium",TIm,lime,af,https://discord.gg/fdPECfF,1190.68,https://politicsandwar.com/uploads/558a7e81bf6a7165ee7851389da469441fcffd1bx249.jpg
7094,"2020-02-02 10:53:42","The Coal Mines",TCM,black,af,https://discord.gg/U98ekWdVFB,67747.12,https://politicsandwar.com/uploads/5f6cdf01085cff4ce45db2feb4c9e2b935e9adc9x599.jpg
7183,"2020-02-10 04:10:44","Wizards Citadel",WC,purple,af,,0.00,https://politicsandwar.com/uploads/650dccfaf831fbb93821ba62ab0413d8affa4d84275.png
7204,"2020-02-12 17:12:01",Elysium,ðŸ·,black,af,https://discord.gg/3xQtdrf,1404.46,https://politicsandwar.com/uploads/811f5f2040ae2da1c0c966c62a428a0ff2967380108.png
7249,"2020-02-19 19:32:31","The Firm",$f,green,af,,20666.50,https://politicsandwar.com/uploads/acde1ad6c273e804750867b1b278e85ffda51fb5589.jpg
7277,"2020-02-28 08:05:43","Bilingual Baguettes",BB,pink,af,https://discord.gg/mzsHwge,0.00,https://politicsandwar.com/uploads/d4e92bdc5f5f133a7ec4bc70dd7b79867af9f38f809.png
7283,"2020-02-29 14:58:51","The Void Touched",VT,white,af,https://discord.gg/CqyqH3X,14212.26,https://politicsandwar.com/uploads/e4bf8c80bae18ad224f90387cb8c1ec17611b5a3616.png
7306,"2020-03-05 04:32:00","Atlas Technologies",AT,red,af,https://discord.gg/ayGZRej,103575.28,https://politicsandwar.com/uploads/5feab19209151203571056cad2cea0fa20ba446e500x299561.png
7346,"2020-03-11 23:55:25","Chocolate Castle",CC,pink,af,https://discord.gg/V6Vmq96,90051.97,https://politicsandwar.com/uploads/ded131b45a77f67b7714b8cdd637041c914c8ba4500x333625.png
7366,"2020-03-17 17:48:08","Parisian Commune",,red,af,https://discord.gg/8gsTGb,6997.22,https://politicsandwar.com/uploads/ebb59d0ee172899e8645b6821f116314c8fa0616x419.png
7375,"2020-03-20 19:04:15","The Roxchean Confederations",ROX,maroon,af,https://discord.gg/YVVaGbB,0.00,https://politicsandwar.com/uploads/26eaf377d29b33c070e5da7e355ff04593a33b6037.png
7380,"2020-03-23 20:55:29","The Greater Unitary Republic",TGUR,purple,af,https://discord.gg/Dm7jX7Y,65822.72,https://politicsandwar.com/uploads/3c5733d36f0052863d7b7985ea7afd9a34128451500x300711.jpeg
7387,"2020-03-25 21:17:23","The World Civility Org",TWCO,blue,af,,0.00,https://politicsandwar.com/uploads/936596fb1e1c9f9109f9edba493536b848b015ec517.jpeg
7399,"2020-03-28 21:05:20","Rothschild Family",RF,green,af,https://discord.gg/zVcd5NE,49482.11,https://politicsandwar.com/uploads/2e5119a56b1da536a08241e254ee287bf853fde4643.png
7413,"2020-04-01 00:07:15","Error 404",E404,purple,af,https://discord.gg/rpmvjWr,192584.07,https://politicsandwar.com/uploads/629e35d5d1f24ad8e7198a0ab8b49e258798cddd500x281746.gif
7421,"2020-04-02 23:10:52",CIA,,lime,af,,0.00,https://politicsandwar.com/img/flags/unitedstates.jpg
7427,"2020-04-04 17:24:03","Stratosphere Marine Corps",SMC,black,af,https://discord.gg/PNewpzJ9ZW,95830.85,https://politicsandwar.com/uploads/a7c38bc1340631644228c4dd64525ca1ff36ce6fx677.jpg
7433,"2020-04-06 02:09:18","Almighty Corporation",ALMC,pink,af,https://discord.gg/aDnRmzH,11304.67,https://politicsandwar.com/uploads/d48bc97f09032f95f8be67e3e1ea0024b184ff13500x300708.png
7450,"2020-04-12 18:27:50",Eclipse,,blue,af,https://discord.gg/sGzXF7P,290597.34,https://politicsandwar.com/uploads/151098ac699fafde7cc908340dce3a69313ab247x33.gif
7451,"2020-04-13 16:40:40","Crusaders of the Holy Boogaloo",CHB,black,af,https://discord.gg/zYQvuzA,5264.74,https://politicsandwar.com/uploads/a9b468509f6abf5485ce70a896eb3bbf2da6d4b4500x472158.jpg
7452,"2020-04-13 19:15:17","Children of the Light",CotL,olive,af,https://discord.gg/QsJKSVzTmv,199416.03,https://politicsandwar.com/uploads/ff871c578db9337767c22626b9197efa4bae88b5500x300814.png
7484,"2020-04-25 14:13:28","Global Alliance & Treaty Organization",GATO,brown,af,https://discord.gg/GyfPraT,92029.00,https://politicsandwar.com/uploads/9cdb0f6777598a3db43231803b64e6dce7c44a1bx461.png
7485,"2020-04-25 23:11:09","The United Front",,aqua,af,,974.32,https://politicsandwar.com/uploads/966fb79e2b73ed85de9b0fe6685cb73ed72137ba669.png
7493,"2020-04-28 23:16:55","The Snow Knights",TSK,white,af,,1458.31,https://politicsandwar.com/uploads/6281500d6f7096cd482965f7f24ed28f73f66b4c503.png
7499,"2020-05-01 19:14:02",Agon,AGON,black,af,https://discord.gg/JGJGCFD,0.00,https://politicsandwar.com/uploads/62f35dbe4348e1f9346f577855235d96d03a35c5280.png
7514,"2020-05-08 20:27:10","House of Ologies",HoO,blue,af,https://discord.gg/REa2RA5,625.07,https://politicsandwar.com/uploads/13c9b42b8ad0d6b51f6980f9faba0db7f8271c77172.png
7515,"2020-05-08 20:44:08","The Atlantians",ATL,olive,af,https://discord.gg/G69KjEF,0.00,https://politicsandwar.com/uploads/7a9222af0ed22113d21d7d7abe414d15538f48fd490.png
7516,"2020-05-10 02:20:30",NCR,NCR,red,af,https://discord.gg/2RpxRfP,0.00,https://politicsandwar.com/uploads/d5c696356597dd7ae91eec21a0a5ed572d758d2f985.jpg
7524,"2020-05-15 05:40:43","The United Republican Party",URP,white,af,,1181.20,https://politicsandwar.com/uploads/4e9fc32c3fa58bfccca8a2209f3a55ac9b84ce9981.png
7527,"2020-05-15 22:04:43",Oceania,1984,red,af,https://discord.gg/WwTKpCCeT8,84695.61,https://politicsandwar.com/uploads/7d62b113902894e7eb9e0047a2807c07666421ec500x298894.png
7530,"2020-05-16 17:20:32",Union,,black,af,,0.00,https://politicsandwar.com/img/flags/abkhazia.jpg
7531,"2020-05-17 03:20:14","Convent of Atom",CoA,blue,af,https://discord.gg/DCQsEuf,67388.79,https://politicsandwar.com/uploads/7006a5d22cc59ed33704cfca0217377455ecd217500x295614.png
7536,"2020-05-18 22:40:16","Atlantian Council",AC,black,af,https://discord.gg/G69KjEF,50035.06,https://politicsandwar.com/uploads/2d0c3536dbc8e0143b058913c1eb82916570189d678.png
7540,"2020-05-19 20:11:02","The Rohirrim",ROHAN,orange,af,https://discord.gg/yPFMs99eMA,84961.51,https://politicsandwar.com/uploads/bfa6b249ba5fb56d50d1856deca4ca1a75bde26e500x300134.png
7543,"2020-05-19 23:43:26","Ministry of Image",MoI,white,af,https://discord.gg/34yW8YV,0.00,https://politicsandwar.com/uploads/d2499d5a0663166a9e67329863a7c346be7e9211937.jpg
7545,"2020-05-21 00:06:20","Refugee Farmers","JOIN OR DI",green,af,,958.76,https://politicsandwar.com/uploads/4299bcad4d3d5f328c1bca6743cc118be192bef1641.jpg
7547,"2020-05-21 02:06:22","Komitet Gosudarstvennoy Bezopasnosti",K.G.B,red,af,,0.00,https://politicsandwar.com/uploads/0104aea3724b5f370f9eb9cac28f268bff129d1953.jpg
7548,"2020-05-21 07:40:26","The Syndication",,pink,af,,136.89,https://politicsandwar.com/img/flags/latvia.jpg
7559,"2020-05-23 01:40:38","The Crimson Order",TCO,aqua,af,https://discord.gg/A4WhDwF,0.00,https://politicsandwar.com/uploads/1430059a4ebb50a21a775944ce958ba2a2641e5c960.jpeg
7560,"2020-05-23 19:19:14",Mandalore,Mando,yellow,af,https://discord.gg/MN8ndnR,35339.86,https://politicsandwar.com/uploads/5e938e34edbe467601a8b5995c6d4b654f833908371.png
7562,"2020-05-24 13:08:46",GOONS,,black,af,,0.00,https://politicsandwar.com/uploads/e36b515519edcdf514744f7e396d195d252b6606350.png
7564,"2020-05-24 21:06:55","The Livonian Confederation",TLC,red,af,https://discord.gg/uDhUnc2,2016.07,https://politicsandwar.com/uploads/f16965b4b2654eb2af4ebbbb2cd1b025995eeef9724.jpeg
7565,"2020-05-25 09:29:37","negeri johor",,orange,af,,4589.49,https://politicsandwar.com/uploads/2bf41fd1d21948a7c539d55f3b820492ccd61329676.png
7567,"2020-05-27 18:27:26",Central,,pink,af,,100.55,https://politicsandwar.com/img/imgur-old/48664f573e2391f1770adf56fc7371eba506b385277.png
7568,"2020-05-27 19:32:13",KonoSuba,CAVE,green,af,https://discord.gg/dvf7QsY,0.00,https://politicsandwar.com/img/flags/americansomoa.jpg
7570,"2020-05-28 07:09:25","Prima Victoria",PV,blue,af,https://discord.gg/P4cJZDP,41962.40,https://politicsandwar.com/uploads/cb64434078a98f2f3fb45f822722bd45b8599478500x300338.png
7571,"2020-05-28 08:03:57","CENTRELINK AAA",Yam,brown,af,https://discord.gg/s4r2xuwEY5,3120.32,https://politicsandwar.com/uploads/e83cc4fec8a3d8b02147ea2108414997f2c12a10x810.jpg
7580,"2020-05-31 06:19:19","The Legion",SPQR,purple,af,https://discord.gg/RvEAPsp,165574.87,https://politicsandwar.com/uploads/d84ab168ba31e54eca54bcf7d815804e75725287293.png
7584,"2020-06-01 23:25:07","The Pow Pow squad",,aqua,af,,0.00,https://politicsandwar.com/uploads/321809fc3cf1b9fb3935249251e982652a39163e978.jpg
7590,"2020-06-03 21:05:08","Shark Tank 2",,aqua,af,,0.00,https://politicsandwar.com/uploads/73cdd4afc64c1d701ccc2c49f486ec25c5315fe9406.jpeg
7591,"2020-06-05 12:38:46","The hand of Atom",,aqua,af,,0.00,https://politicsandwar.com/uploads/4e703d2e22140384bafae7470f718366a46d551a804.jpg
7594,"2020-06-06 18:38:16","The no tax alliance",,yellow,af,,1114.33,https://politicsandwar.com/img/flags/unitedstates.jpg
7622,"2020-06-20 22:52:38","Northern Lights",,pink,af,,0.00,https://politicsandwar.com/img/flags/sweden.jpg
7633,"2020-06-26 03:51:03","The Air Nomads",,aqua,af,,1538.79,https://politicsandwar.com/img/imgur-old/66f83b5f82f65351dc56d657fd4da8cfdbdd6394607.png
7635,"2020-06-27 04:47:37","Black Skies",BS,black,af,https://discord.gg/RDNazAgNg3,78801.71,https://politicsandwar.com/uploads/496133dadea8506c6e0fc8a0d301c1282a50df53x648.jpg
7642,"2020-06-30 18:06:47","The Lost Legion",TLL,lime,af,https://discord.gg/2sF9rYj,37443.62,https://politicsandwar.com/uploads/356177dd05b6694d21810721ee776dcb56f8d950500x312918.png
7645,"2020-07-01 20:31:55","The Freedom Empire",TFE,brown,af,,0.00,https://politicsandwar.com/uploads/e7fd04d20912447c9c44a7df852123268139454513.png
7647,"2020-07-03 02:32:24","micro pockyclypse",AYY,pink,af,https://discord.gg/Wheaevc,0.00,https://politicsandwar.com/uploads/e753e8e61132b16df52cb57cb3eb5b00d43621f4500x312953.jpg
7651,"2020-07-06 23:09:54",Concord,CD,brown,af,https://discord.gg/xxaxRTmPGk,3472.67,https://politicsandwar.com/uploads/9f1d0f8ecced342dd38e6b6cb14e9300c52c84cc500x281719.jpg
7674,"2020-07-15 00:11:14","The Mortals",TM,orange,af,https://discord.gg/kHbdR6n,61589.11,https://politicsandwar.com/uploads/29391cc46b88243fb532bd7ceabe958d1a4ab9f0500x333380.jpg
7681,"2020-07-17 18:34:38","Union of Passive Nations",,white,af,,0.00,https://politicsandwar.com/img/flags/mars.png
7697,"2020-07-22 07:07:00","Wolves Den",,black,af,,0.00,https://politicsandwar.com/uploads/21374573f2c1ef2f113785256645e4368e28d7cd496.png
7698,"2020-07-24 06:27:38",NukaWorld,7K-NW,black,af,https://discord.gg/QsssfHB,6126.54,https://politicsandwar.com/uploads/534b10928653f182efc00ce8ef9cbae47e129901636.gif
7699,"2020-07-24 20:20:41","New World Order",RRLOL,aqua,af,https://discord.gg/d9yZU4c,0.00,https://politicsandwar.com/uploads/644d86d658eef1e52e4074f16c49f560cd34d755384.jpeg
7703,"2020-07-27 10:46:58","Brotherhood of the Clouds",BoC,white,af,,0.00,https://politicsandwar.com/uploads/c68964d1a2a08c64ed7afcf40177692b60815cce640.png
7704,"2020-07-27 11:18:43",boat,,aqua,af,,0.00,https://politicsandwar.com/img/flags/cambodia.jpg
7707,"2020-07-29 02:04:53","Dragon Confederacy",DC,black,af,https://discord.gg/5BTpjEh,14183.84,https://politicsandwar.com/uploads/48cc3a386eb6ae5b4b6a03a2783e8ddbbc86721f500x300674.png
7711,"2020-07-31 02:38:45","The Padamaians",TPA,pink,af,https://discord.gg/fmtFZaN,0.00,https://politicsandwar.com/uploads/19cd7e18f48854dd63d77fd1cacdddd6f41439ef83.jpeg
7714,"2020-07-31 16:25:41","The Merchants Guild",TMG,black,af,https://discord.gg/ZEq4Nxv,0.00,https://politicsandwar.com/uploads/edd8359fa1c4a3c00f301f2e68b1059870bac983766.png
7719,"2020-08-02 04:54:57","Ad Astra",ASTRA,white,af,https://discord.gg/DegFNa3hs7,69976.98,https://politicsandwar.com/uploads/b5bf802a9274a054cb67feba76d32af6b8089f74500x333928.jpg
7722,"2020-08-04 05:05:13","bright rays",,blue,af,https://discord.gg/2sq83R,629.88,https://politicsandwar.com/uploads/b0e34fe0dbc50d3721ef7b0c9719e53b66ad28b4379.png
7728,"2020-08-05 20:52:50","The Precipice",,green,af,,0.00,https://politicsandwar.com/uploads/059fd3aff5b5e8a7854ccad7c3acea6b4afa3d5d335.png
7729,"2020-08-06 02:43:34",Hi5,Hi5,aqua,af,https://discord.gg/kyachF,0.00,https://politicsandwar.com/uploads/1884ebe414c472c5109664db73d2fbde80549310367.png
7733,"2020-08-08 00:36:40","HORDE EMPIRE",,red,af,https://discord.gg/9mr38qn,0.00,https://politicsandwar.com/uploads/eb2acc45444968aa9dde86d831dc787ccf95a33e972.jpg
7749,"2020-08-17 06:18:44",Worksafe,,aqua,af,,10.00,https://politicsandwar.com/uploads/472f25131f09d6bf7b2df9fff94dc5cef263570b672.jpg
7750,"2020-08-17 07:27:40","United Ummah",UU,lime,af,https://discord.gg/8Q25CyE,59827.69,https://politicsandwar.com/uploads/80c03dfb80f292bdd5e13000febb9b541552fe25x775.gif
7756,"2020-08-19 17:36:49","The Archangels",TA,yellow,af,https://discord.gg/vKFZ3NG,268.55,https://politicsandwar.com/uploads/c4cfa12a17f2b50b53bd1ec79c085bc43e430499890.jpeg
7757,"2020-08-19 18:32:31",Economica,,orange,af,https://discord.gg/6VZuSkn,866.18,https://politicsandwar.com/uploads/97e584f3d126dfd19c3af8abda8a6091978b7f91622.png
7758,"2020-08-21 21:42:04","District X",DX,blue,af,https://discord.gg/YtYGC95,1550.00,https://politicsandwar.com/uploads/60c6fcc9bd540467d056f9461d15611a47c588fb760.png
7765,"2020-08-23 01:51:23","The Bounty Hunters Guild",TBHG,brown,af,,0.00,https://politicsandwar.com/uploads/499995b12a01d027163eae0a1bc47637dbc50220651.png
7787,"2020-08-28 20:50:41","Black and white",,white,af,https://discord.gg/pEMf7hj,682.42,https://politicsandwar.com/uploads/66a6ce025e94c7231252462e5054cc69aeccb5ce422.png
7789,"2020-08-29 01:16:05","College of Winterhold",,black,af,,3998.43,https://politicsandwar.com/uploads/819117c77a5d07fe30a3f0da1f5b23e830ea6eb5296x300479.png
7797,"2020-08-30 14:18:00","Holy Roman Empire",HRE,maroon,af,https://discord.gg/mjk6rU,0.00,https://politicsandwar.com/uploads/640424b89579b62f63c28057819a4ca481ddc48f553.jpg
7800,"2020-08-31 02:05:23","Shadow Marauders",SM,yellow,af,https://discord.gg/3faDAWY,0.00,https://politicsandwar.com/uploads/4575912e15b1b80e4cf9bec90f4728cc8cc8eed3657.png
7802,"2020-09-01 17:11:37","Human Over",,black,af,https://discord.gg/4UQhnDM,11692.97,https://politicsandwar.com/uploads/fa9e221e74c4940701a321d0a33a5d946b768232796.png
7803,"2020-09-01 18:10:25","Laffeys Lair",LL,blue,af,,3689.64,https://politicsandwar.com/uploads/132c6602ea53eb7450694a69cd63e36454a86b57356.png
7804,"2020-09-02 01:57:49","Sakura Pact",TSP,maroon,af,,797.98,https://politicsandwar.com/uploads/722562787c752ab827de26d8278902bc9b241fc8927.png
7806,"2020-09-02 21:00:48","Neon Dystopia",,lime,af,https://discord.gg/CQ3b55G,2281.49,https://politicsandwar.com/uploads/a5dbad95a2446481c856407a104da68c772d872c286.jpg
7815,"2020-09-06 15:23:49","99942 Apophis",99A,black,af,https://discord.gg/yF24Mgk,26525.29,https://politicsandwar.com/uploads/0084f8a462ff540e5f8914460475c4ef75a169d8500x300538.png
7817,"2020-09-07 13:07:35","Viridian Entente",Oink,lime,af,,0.00,https://politicsandwar.com/uploads/b30d4dea71f2974ec55a609e9037c96ef15c31e1692.jpg
7818,"2020-09-08 00:36:45",Shu,Han,lime,af,https://discord.gg/pasTH6A,0.00,https://politicsandwar.com/uploads/e7b27b2289909db37e0656f3cbd2138042fd81b6177.png
7820,"2020-09-08 22:29:47","Red Skies",RS,black,af,https://discord.gg/ukJajMd,0.00,https://politicsandwar.com/uploads/061fc89df36b3c5a7e4db8af891f305e4899c9cc646.jpg
7828,"2020-09-11 06:17:47",Europa,,olive,af,,0.00,https://politicsandwar.com/uploads/a513e9fcd08d513454c5ba0783c7b182178ea922551.png
7832,"2020-09-15 05:56:31",NATO,I,olive,af,https://discord.gg/Nc9Pek6,0.00,https://politicsandwar.com/img/flags/betsy_ross.jpg
7843,"2020-09-20 02:47:16","United and Prosperous",,maroon,af,https://discord.gg/2RMsG8,1489.03,https://politicsandwar.com/uploads/8d9b894411890367c1150f318b60e463d63a11ae294.png
7848,"2020-09-20 17:52:45","Vibe Squad",VS,pink,af,https://discord.gg/T3tcQH6,0.00,https://politicsandwar.com/uploads/c36ab77141fbaa0a8505da820a57e7521dd5309a266.png
7849,"2020-09-20 20:03:31","Orbital Bank",OB,aqua,af,,0.00,https://politicsandwar.com/uploads/74f4a1666d8da26e716107557a521166e33fb93347.png
7868,"2020-09-28 21:47:03",Vibe,VB,pink,af,https://discord.gg/RqqjUjn,776.40,https://politicsandwar.com/uploads/b02bbf9e2a128413ad479eccbc12fccef37084ba639.gif
7870,"2020-09-29 19:21:14","The International Bloc",,green,af,,0.00,https://politicsandwar.com/img/flags/abkhazia.jpg
7875,"2020-10-02 13:18:59","Codex Security",C.O.D.E.X,blue,af,https://discord.gg/UwtUxy9nv4,0.00,https://politicsandwar.com/uploads/4aac1e544892a35c88cdb45e42d3a743b0ef2bb3804.png
7882,"2020-10-05 15:58:19","Tierra media",,olive,af,,0.00,https://politicsandwar.com/img/flags/bolivia.jpg
7901,"2020-10-13 20:40:19","The Intercontinental",INTC,white,af,https://discord.gg/WPg5nJzkKh,0.00,https://politicsandwar.com/uploads/f2a77362ebbe9a750624e978ffc3901de2953992500x256195.png
7902,"2020-10-14 20:02:26","Wigglytuffs Guild",WG,pink,af,,2986.07,https://politicsandwar.com/uploads/a10a4137bc22372c4ebff841c2bc43d855307dc5198.png
7903,"2020-10-15 02:04:37","The Sea Of Meow",,aqua,af,,0.00,https://politicsandwar.com/img/flags/argentina.jpg
7904,"2020-10-15 16:24:35",rucker,,aqua,af,,0.00,https://politicsandwar.com/img/flags/wyoming.jpg
7908,"2020-10-17 17:12:49",Allgangs,,brown,af,,0.00,https://politicsandwar.com/img/flags/mexico.jpg
7920,"2020-10-20 20:25:41","Prusso Roman Imperial Union",PRIU,purple,af,https://discord.gg/v262gEp,28271.11,https://politicsandwar.com/uploads/7930e7515a83fac4620713d6c8070bbe36de12b1753.png
7930,"2020-10-23 04:52:39","The Eagle Federation",🦅,orange,af,https://discord.gg/nadhCMRge7,10.25,https://politicsandwar.com/uploads/668500e6f0fbafc8a5853a63e035ceab28783bb8500x300166.png
7931,"2020-10-23 14:48:43","The Imperial Federation",TIF,green,af,https://discord.gg/ssw9TZp,0.00,https://politicsandwar.com/uploads/7f0d7a36c405692df53d960f5b79ebd4d8045481344.jpg
7933,"2020-10-23 17:42:58","Imperial Rome",IR,aqua,af,https://discord.gg/hQXwVQUzP2,771.95,https://politicsandwar.com/uploads/fa1701612d20be9cf653036470cc71cc3a99643e173.png
7937,"2020-10-24 17:19:03","Concord Dawn System",CDS,yellow,af,,0.00,https://politicsandwar.com/uploads/aa603c20747893e90fd6783e891beaa602c1b85f917.jpg
7939,"2020-10-26 02:13:02",Rebels,,aqua,af,https://discord.gg/vHE37xa,0.00,https://politicsandwar.com/img/flags/mars.png
7940,"2020-10-26 19:25:40","Bad Batch Entente",,pink,af,,0.00,https://politicsandwar.com/uploads/313c9dab1a03f8d2a027dc55bbe30befa7f8f6cb707.png
7943,"2020-10-27 01:11:03","The Camel Lot",tCL,maroon,af,https://discord.gg/wxfHngZg5t,0.00,https://politicsandwar.com/uploads/b5fb6e7e7c50c24419b016ce9aa72d531073e38c553.png
7944,"2020-10-27 02:23:23",Acanthus,AH,yellow,af,https://discord.gg/3faDAWY,0.00,https://politicsandwar.com/uploads/f3d08320a9c158c8f8b27e89e838a22f8301f2ad276.png
7946,"2020-10-27 10:59:26","The Royal Commonwealth",,aqua,af,,0.00,https://politicsandwar.com/img/flags/little_shell.jpg
7952,"2020-10-29 10:50:34",rally,,aqua,af,,0.00,https://politicsandwar.com/img/flags/andorra.jpg
7956,"2020-10-29 17:55:10","The Federalist Union","The Fed",green,af,,0.00,https://politicsandwar.com/img/flags/americansomoa.jpg
7970,"2020-10-31 23:04:49",Infamous,,red,af,https://discord.gg/gKnu6UTPgy,0.00,https://politicsandwar.com/uploads/0c5b4e343a2b1cf86868e40d747aaecd6a42b3f7509.jpg
7989,"2020-11-03 09:39:48","Corporate Union",CU,purple,af,https://discord.gg/Ugzp5xufEX,56329.71,https://politicsandwar.com/uploads/85997d2bac2ad4f47e8dcc486a70a76d3ee9372c851.png
7994,"2020-11-04 00:15:34","Just Taiga",JT,olive,af,,7447.62,https://politicsandwar.com/uploads/41df8417b1b43ea4d82e88bc55e5dfb1e624034b500x300203.png
7995,"2020-11-04 00:50:22","Niflheim Empire",,red,af,https://discord.gg/9JSsdytgB7,441.99,https://politicsandwar.com/uploads/99e999aa720c20bdf0d04d167bf0459fd35c03da833.png
8027,"2020-11-10 16:36:26","The United Treaties",,blue,af,,0.00,https://politicsandwar.com/img/flags/croatia.jpg
8034,"2020-11-12 02:51:55","Global Peace Treaty Organization",GPTO,blue,af,https://discord.gg/ZYU85Uf5YU,0.00,https://politicsandwar.com/img/imgur-old/d63d8ea6cd409d7c6912beb629620058c261fe91171.png
8041,"2020-11-13 18:05:16","Kebab Store",,lime,af,,2970.15,https://politicsandwar.com/uploads/133f4a7d369967b6a9bb54bd024ad3c07c221290813.png
8043,"2020-11-13 19:47:07","Spank Bank",SB,black,af,,2595.93,https://politicsandwar.com/img/imgur-old/917568acf2b88122f2e687d5bcfe41c8db855e95744.png
8048,"2020-11-15 00:02:22","City Builders",,aqua,af,,0.00,https://politicsandwar.com/img/flags/angola.jpg
8059,"2020-11-18 16:15:35","The Forum Cause",FC,green,af,,0.00,https://politicsandwar.com/uploads/9caba92d7e6de2cf974804271788fee7a6af3ff0256.jpg
8062,"2020-11-19 12:45:15","The Rooster",tR€,black,af,,0.00,https://politicsandwar.com/uploads/396606fd718da0c07322f1846a015134def1a762449x300434.png
8065,"2020-11-19 16:54:21",Deez,DK,pink,af,https://discord.gg/SKsmhM2p4Z,3246.50,https://politicsandwar.com/uploads/324114b495d89288bab41adef0a808e78c60d0cd103.jpeg
8080,"2020-11-22 17:21:55",Macedonia,,red,af,https://discord.gg/yBsUqqHQ,1042.99,https://politicsandwar.com/uploads/eb8466ed2fbf33d4a0cc7d6b768e9f1eb5cb2eb5164.jpg
8100,"2020-11-28 23:15:28","The Company",TC,green,af,https://discord.gg/hJQ8jjHe2k,93115.00,https://politicsandwar.com/uploads/04432c9e474c56258214ad9af46114e2de5d84f1500x300145.jpg
8105,"2020-11-30 15:40:59","Confederate Nations of Orbis",C.N.O.,white,af,https://discord.gg/MxDASpVF,931.99,https://politicsandwar.com/uploads/d43fb00ab60bcf6f937178843c6fdf1d24f7fab5500x262840.png
8113,"2020-12-03 17:28:04","Celtic Commonwealth",,orange,af,https://discord.gg/D6NeFTuD3b,11761.77,https://politicsandwar.com/uploads/be85e376a07e1a570c052c1ffbcda096f632ec78450x300237.png
8120,"2020-12-07 06:19:54","The Japanese Trade Bloc",,maroon,af,https://discord.gg/bxq4kCDVHD,0.00,https://politicsandwar.com/img/flags/japan.jpg
8136,"2020-12-14 16:52:15","United Contributes of North America",UCNA,blue,af,https://discord.gg/8mnHKSBSyc,0.00,https://politicsandwar.com/uploads/3fb80a8d6879d86958d00a7ca18dd4f0e1261fd9500x242208.png
8139,"2020-12-15 00:29:11","House Karstark",HKB,olive,af,https://discord.gg/hgtxSmETAa,14298.95,https://politicsandwar.com/uploads/d0f3e4b1cb279c250cb8ffa93e10f0e79b6d5a60x119.jpg
8145,"2020-12-15 21:17:54",FrenchM,,green,af,,15747.50,https://politicsandwar.com/uploads/702110343372ced487018a9a12e7ba40acbdd41e500x290480.jpg
8154,"2020-12-17 17:22:04","Rockefeller Group",RG,yellow,af,https://discord.gg/4YBPctv,9865.28,https://politicsandwar.com/uploads/f5726f791d5d82071b73c50bdd00089b06619f94x567.png
8161,"2020-12-18 20:58:18","Ethereal Gang",EG,pink,af,https://discord.gg/ctDyD8pxSe,9556.16,https://politicsandwar.com/uploads/6d7fa89abe833d7f323fbd9f9120f9086ca0ff3e500x281682.jpg
8171,"2020-12-21 13:00:37","The Black Death",TBD,green,af,https://discord.gg/t2waacJ464,2496.35,https://politicsandwar.com/uploads/37655450925ad318cac1137c81c45ed5742b7ac2x481.gif
8172,"2020-12-21 15:56:35","The Britlandish Union",TBU,purple,af,https://discord.gg/cuGnmPF2k5,0.00,https://politicsandwar.com/uploads/9f11a7ec8fea4c123838cb292538beb06bc295dbx384.png
8173,"2020-12-21 16:16:11","Swords of Sanghelios",SoS,brown,af,https://discord.gg/gJhhdQkNV3,164434.36,https://cdn.discordapp.com/attachments/791003711672549376/846379960288673852/image0.jpg
8177,"2020-12-21 23:04:35","The poggers playground",nou,blue,af,,1282.97,https://politicsandwar.com/img/flags/somalia.jpg
8178,"2020-12-22 15:47:47","Warriors of Valhalla",WoV,white,af,https://discord.gg/tB5VdPSVmu,31221.49,https://politicsandwar.com/uploads/360636b8f49b68720e05c94fce6c5f45db80653f500x30078.jpg
8179,"2020-12-22 16:16:04","High Gods",,yellow,af,https://discord.gg/X5QJJgtr3z,1376.26,https://politicsandwar.com/uploads/3d78f74319e8aa8dcace419a5a13bffe101059bc44.png
8190,"2020-12-28 18:55:10","Not Rohans Bank",💰ROHAN,orange,af,,7747.79,https://politicsandwar.com/uploads/ab6ac6dd0b4a097c5d4dd17eb56e45f2c278d70b500x300126.png
8197,"2020-12-30 23:16:33","altra vez",,aqua,af,,0.00,https://politicsandwar.com/uploads/77eb9eca388c7dc2ace9ebf9e716dbbd2469097a704.png
8206,"2021-01-04 02:39:03","Alpha Centauri",ACE,black,af,https://discord.gg/ev2WuPF2Hu,0.00,https://politicsandwar.com/uploads/4bbe80285731f06993ac137bbf463fd49110241d500x309406.jpeg
8207,"2021-01-04 19:53:30","The Monarchy",TM,red,af,https://discord.gg/7t48u4gNQy,15971.09,https://politicsandwar.com/uploads/8cd45b985680d1512a86c8ff4bf5b3adf201e42e500x248449.jpeg
8213,"2021-01-08 22:16:29","Order of Aster",OA,black,af,https://discord.gg/4ETMJwp8ab,514.53,https://politicsandwar.com/uploads/41174a1794c6e9812bc60ffeb5e4191757a725f1500x293100.jpg
8215,"2021-01-09 21:41:18","Planetary Nations",,blue,af,,2604.33,https://politicsandwar.com/uploads/26d2be85c0795dfbd27569c801aa0ffe0a85ecff273x30066.jpg
8224,"2021-01-11 06:54:43","Transcontinental League",TCon,purple,af,,2246.11,https://politicsandwar.com/uploads/bef7319609066003414f0cbaa9c90e34e85cffba500x300315.png
8225,"2021-01-12 18:10:15","The Corruption Crew",TCC,black,af,https://discord.gg/DXXWRvjU7z,10561.20,https://politicsandwar.com/uploads/a0efbf8d42db22d05b0ce6d6a7a831a43557c5e8500x237344.png
8236,"2021-01-16 16:23:43","Name Withheld",❓,orange,af,https://discord.gg/UR6xqsBnVz,55037.20,https://politicsandwar.com/uploads/0f16043b1e46b1cc7c5c977e79ec7e308a6766f9500x298207.png
8239,"2021-01-17 18:53:54","Federation of kaia",,pink,af,https://discord.com/channels/800499138432204820/800499138432204823,0.00,https://politicsandwar.com/uploads/cbed14b430359d2c38c621949458ef5c226f9a7dx668.png
8243,"2021-01-20 18:40:38","The Order",TO,maroon,af,https://discord.gg/3FYkKfn3ra,169075.53,https://politicsandwar.com/uploads/d4ae5a728146cd0e31308dfc429f41386e4f234d500x279496.png
8249,"2021-01-23 07:20:02","United Monarchies of Orbis",UMO,orange,af,https://discord.gg/VZQApmDfgR,3389.91,https://politicsandwar.com/uploads/9c9ecd3ef470fc3ad3b399d7c20e8f0f04b0ba54500x300157.png
8250,"2021-01-23 19:14:53","United Bonkers",,white,af,,0.00,https://politicsandwar.com/uploads/da41a6f974ca2cd6f05dc008129727d87525d204500x341374.jpg
8252,"2021-01-24 12:03:50","Brotherhood Family",BF,yellow,af,https://discord.gg/6nfZwS2Fa7,87350.90,https://politicsandwar.com/uploads/ed4878ceaf3f85103b28a1fcf615a4d882977eccx961.png
8254,"2021-01-24 19:17:44","Independent Republic of Orange Nations",IRON,orange,af,https://discord.gg/qSsrA6BFqu,49072.30,https://politicsandwar.com/uploads/ca2b1ec47424917c5a17dd83098a5e0c9d5b7017500x267638.png
8256,"2021-01-25 01:58:54","Digital Dopamine",DD,lime,af,https://discord.gg/v7Gn765RYT,48951.17,https://politicsandwar.com/uploads/7a4dce753b1ef0d9005bd14830ba66786fb215c0x377.png
8257,"2021-01-25 05:26:14","rose but better",,red,af,,0.00,https://politicsandwar.com/uploads/a52d1789972fedd91e8698a4b3552454736ea0fd800.jpg
8259,"2021-01-25 08:44:26","Deep Intriguing Cool Kids",🤏,red,af,,9310.59,https://politicsandwar.com/uploads/6a32fcd8089abbd5daef79e419ab4dd7ec4227ec500x334595.jpeg
8261,"2021-01-25 22:05:03","The Dominion",T.D.,white,af,https://discord.gg/gG4knkmCFQ,24614.34,https://politicsandwar.com/uploads/86032f75294fa3b78388a33f114ba438c4bfa90c500x281802.png
8266,"2021-01-28 13:56:34","THE WORLD ORDER",,aqua,af,,1504.77,https://politicsandwar.com/uploads/c9965c63c3808a2ac74e621098a4a7fd74ee10c7500x333685.png
8267,"2021-01-30 08:17:20","Alliance of Wild Classmates",,aqua,af,,0.00,https://politicsandwar.com/img/flags/crow.jpg
8270,"2021-02-01 01:59:03","Wolfs Clan",,black,af,,0.00,https://politicsandwar.com/uploads/1e8345e9e54b866e3514fcd1ad71e553c9c16e78300x300538.jpg
8272,"2021-02-02 13:41:41","ROARING REVELS","R R",pink,af,https://discord.gg/7SUhtVYjfs,0.00,https://politicsandwar.com/img/flags/betsy_ross.jpg
8274,"2021-02-02 16:55:22","Capi Hnizdo",,purple,af,,0.00,https://politicsandwar.com/uploads/13a61a00deef7f1cd170f544a8d6bb32ccc109b363.png
8280,"2021-02-10 01:00:05","Diamond City",tCW,blue,af,https://discord.gg/Gv26Kzr8ZU,41477.80,https://politicsandwar.com/uploads/06cd73c711d5a5b11c6323c9c29a4b9f2e201453x519.jpeg
8281,"2021-02-10 03:08:34","The Agricultural Federation",,aqua,af,,1182.19,https://politicsandwar.com/uploads/861d8ab9e7bc29430b9baaacb36a818c8d66eff2500x335362.png
8282,"2021-02-10 08:15:01","Antarctic Empire",AE,lime,af,https://discord.gg/4nAQM7RPj4,463.91,https://politicsandwar.com/img/flags/uganda.jpg
8283,"2021-02-10 10:25:47","Alcoholics Anonymous",AA,green,af,https://discord.gg/mMaT42Qv,1375.33,https://politicsandwar.com/uploads/adf2070e791ac5ad7fc5dc82698184070aae3cf3x420.jpg
8289,"2021-02-14 20:11:49","The Cult of Osiris",TCO,lime,af,https://discord.gg/5GQXQdceKC,48079.48,https://politicsandwar.com/uploads/b9c3a736f4d729d54afa524ec7cfc8d79fab81fe500x281592.png
8294,"2021-02-16 03:28:12","The Secret Society",TSS,aqua,af,,0.00,https://politicsandwar.com/uploads/a9ebc7cbc4900dfce4230ba4a57a232574cae8de925.jpg
8296,"2021-02-16 16:17:07","DCC nation",,pink,af,,1981.37,https://politicsandwar.com/uploads/a9d91d6fc7ea24516c9b3a105b8bb917d123e3ebx448.jpeg
8304,"2021-02-21 11:28:10",OPU,,aqua,af,,912.01,https://politicsandwar.com/img/flags/zaire.jpg
8313,"2021-02-24 15:15:18","The Midas Group",GOLD,red,af,,3680.00,https://politicsandwar.com/uploads/70170a943eff9f41f07573ef78fdbe392b1f86c2500x300573.png
8317,"2021-02-27 14:49:28","Nations Over Seas",,purple,af,https://discord.gg/B9yCfBu,773.79,https://politicsandwar.com/uploads/dcb6db61f08c5488843b910056a71fbe0d552710500x333158.jpg
8319,"2021-03-01 05:16:27","The Republic",,maroon,af,,2633.31,https://politicsandwar.com/uploads/cae86be0228c271173f053ac97ed15c8bb7b2461505.jpg
8324,"2021-03-04 03:20:26","United Coalition of Nations",,olive,af,,1541.06,https://politicsandwar.com/img/imgur-old/d33bdef049ea1efcc72a76ba005395ead45624ae697.png
8328,"2021-03-06 17:19:31","The Greater Hirvioitan Colonial Empire",GHE,blue,af,https://discord.gg/JxENchCar6,6412.73,https://politicsandwar.com/uploads/564b9172350a002bd9dd836d3cec32b83a571e4c500x333980.png
8332,"2021-03-07 21:56:41","Special Antarctic Alliance",SAA,pink,af,https://discord.gg/BfgtCXxSWs,8640.78,https://politicsandwar.com/uploads/6e9279853232f57efd3ae1488af81f5be2de0ee7500x300170.jpeg
8335,"2021-03-08 19:41:37",Borealis,Burora,lime,af,https://discord.gg/6YKv9Pcna3,30267.78,https://politicsandwar.com/uploads/a3c3b348f796507841ec9c87e4a6c590777fc92c500x281652.png
8336,"2021-03-08 20:17:20","League of Nations",LON,green,af,https://discord.gg/VWWtcE6mxt,593.70,https://politicsandwar.com/uploads/15eb57c89e0d7104fb1a425422400e3cbc3e0144500x300409.png
8338,"2021-03-09 22:28:19","The Fascist Order",,aqua,af,,942.29,https://politicsandwar.com/uploads/637e8fe8863f19de5c523b4e9d5a33d11227a96f1000x599431.png
8340,"2021-03-12 22:38:43","Hidden Leaf Village",HLV,red,af,https://discord.gg/wnzPnwbsKg,20194.09,https://politicsandwar.com/uploads/239751dd992b1523ef7a435b09b08367f878508dx620.png
8343,"2021-03-13 12:51:59","The Armed Peacekeepers",TAP,orange,af,https://discord.gg/5yT5tWS,156367.24,https://politicsandwar.com/uploads/8cb8b68dbcf4f39c57aedd9e9271aa2aac9aae42500x298277.jpg
8344,"2021-03-13 15:36:30","United Nations of Canerica",UNC,white,af,,4911.84,https://politicsandwar.com/uploads/b30e5d3ece8ef5ed35ab67ad8d8b643eb3dc22ea500x300809.png
8345,"2021-03-14 02:19:03","Temple of Morningstar",,black,af,,2897.88,https://politicsandwar.com/img/flags/europeanunion.jpg
8347,"2021-03-14 13:41:33","Dutch-British Empire",DBE,orange,af,https://discord.gg/zD8ufXw7SB,1862.10,https://politicsandwar.com/uploads/f92cb33b554f0dbe38d85c6b1c511fd64039a5c4x183.png
8348,"2021-03-14 17:37:17","Midwest Federal",MF,green,af,,4406.25,https://politicsandwar.com/uploads/c73ee7274a096ef6245c2d55e0050467c0c8b0e4500x317685.png
8349,"2021-03-14 23:04:25","The Aegis Alliance",TAA,white,af,https://discord.gg/RUutNyDte2,3151.19,https://politicsandwar.com/uploads/00781fc1786e5d3e6ecde45c3f2df4855cae554cx186.jpg
8351,"2021-03-17 04:32:58","Dak kah Da Tribal Union",DKD,red,af,https://discord.gg/fkYZCfHMzv,4991.31,https://politicsandwar.com/uploads/84fb1fd4f132048e8c14dd10530ae46d4d2af29e250x166123.jpg
8354,"2021-03-18 06:36:50","The Unity",,black,af,,871.62,https://politicsandwar.com/img/flags/betsy_ross.jpg
8363,"2021-03-23 13:13:18","Ukrainian Team",Ukrairus,blue,af,https://discord.gg/g49fzJyX,2097.68,https://politicsandwar.com/uploads/4f49d0239b05df32c783d29c55ca0fc4981236c1500x281189.png
8365,"2021-03-23 16:13:37",GudeLand,GUD,purple,af,https://discord.gg/JPUY6qryy2,823.91,https://politicsandwar.com/uploads/31a249911990a27e7059a2d4fb79f933ff66cf94500x31698.png
8366,"2021-03-24 01:34:08","Imperial Union",TIU,maroon,af,https://discord.gg/QZwTvYy27v,858.54,https://politicsandwar.com/uploads/5f289a360fbfdc6f167cfcf1338d769332c5a075x497.png
8368,"2021-03-24 06:02:08",Sanctuary,SANCT,blue,af,https://discord.gg/kyHg9dumN8,43451.71,https://politicsandwar.com/uploads/897e0fec9eaf273bd3563339d46d0fcce26b03d4500x298964.jpeg
8375,"2021-03-26 03:29:15","Council of Nations",CoN,olive,af,https://discord.gg/AwdwjMpesb,2191.50,https://politicsandwar.com/uploads/12e647cc9e58b48a7956d14246372a5e73bab8aax173.jpg
8376,"2021-03-26 16:38:24","Titan Group",C.H.A.D,red,af,,3346.99,https://politicsandwar.com/uploads/2f50f2362b1de4a2c39d62d0e25b69bc00f31cf8500x382436.jpg
8381,"2021-03-29 04:13:30",Sunrisers,,aqua,af,,2407.79,https://politicsandwar.com/img/flags/india.jpg
8383,"2021-03-29 19:40:52","Mutual Support Nations",TMSN,lime,af,https://discord.gg/HypVNrZXub,1311.70,https://politicsandwar.com/img/flags/germany.jpg
8395,"2021-04-02 00:04:35","The Winter Council",WC,purple,af,https://discord.gg/tZYUvAPzT6,1224.74,https://politicsandwar.com/uploads/57df345c3bec990d045fd7013ae9446655fbfc85x92.png
8398,"2021-04-03 21:05:15","Not Only Satanic Anarchism",N.O.S.A.,black,af,https://discord.gg/z8Cf4vvgza,6896.66,https://politicsandwar.com/uploads/f87c7b1fbdb97e589bee112094e90ec575799c07500x281880.gif
8399,"2021-04-03 23:18:39","Ancient Germanic Tribes",AGT,red,af,,3695.26,https://politicsandwar.com/img/flags/germany.jpg
8401,"2021-04-05 15:29:04","Global union of socialist nations",G.U.S.N.,pink,af,https://discord.gg/mCWujt4u,10848.77,https://politicsandwar.com/uploads/01abcd6e67113f0f6d8c37e2972531303132187e500x300633.png
8406,"2021-04-07 18:12:43","British Empire",,red,af,,969.22,https://politicsandwar.com/img/flags/greatbritain.png
8410,"2021-04-08 12:03:40",V13tgnome,VNM,pink,af,https://discord.gg/2YKeGzp8vC,3023.61,https://politicsandwar.com/uploads/c88d84bd5a38f82f1001c792d2ca3702d301a0bd500x281941.gif
8411,"2021-04-08 18:41:25",RiverBois,,black,af,,2629.94,https://politicsandwar.com/img/flags/betsy_ross.jpg
8414,"2021-04-09 02:55:09","Socialist Union",SU,red,af,https://discord.gg/fJmU5GCB,241.99,https://politicsandwar.com/uploads/88b772377447a0c13353b13b080d7416efd6e512500x250873.png
8416,"2021-04-09 17:14:28","Christian Minecraft Server",,green,af,,1253.32,https://politicsandwar.com/uploads/99e53a2266351665cf4a547188c2d02ecd25b192300x30019.jpg
8426,"2021-04-12 02:39:19","The Southern Union",SU,red,af,https://discord.gg/Gj2uGBuW9m,865.48,https://politicsandwar.com/uploads/5fc964f41f531a1624839889a2f23ec14737d883500x436800.jpg
8427,"2021-04-12 13:06:01","The Chicken Sea Horse Alliance",CSHA,white,af,,3070.97,https://politicsandwar.com/uploads/ce9890da6ec76c587cdf7a908bb6f9a758897e7a1000x599499.png
8428,"2021-04-13 04:11:07","The Bro",,red,af,,169.64,https://politicsandwar.com/uploads/dcbc71550ba44ca12c4df743ae3849937ef223691000x587421.png
8429,"2021-04-13 11:24:15","The Elites",TE,black,af,https://discord.gg/8PkAhkHsAu,14761.76,https://politicsandwar.com/uploads/6266ae159fc4a007606678421a02a706314cc957500x298791.jpg
8438,"2021-04-16 14:01:37","European Central Bank",ECB,aqua,af,,2071.88,https://politicsandwar.com/uploads/81f54bd179129d15a193d99416a0051d8f4ec663x503.png
8439,"2021-04-16 22:04:37","House Of Tragedy",HT,olive,af,,2728.74,https://politicsandwar.com/uploads/38a83c669c733d849582fef8015482b5f3aff119500x33388.png
8442,"2021-04-18 18:00:44","Space Invaders",SPACE,green,af,https://discord.gg/AAu8SHWZJH,36434.37,https://cataas.com/cat/gif
8444,"2021-04-18 22:56:46","PolarFreeze Warehouse 49",,blue,af,,5765.39,https://politicsandwar.com/img/imgur-old/a69030707aac568c9eb564ed58dfa6bacfa34da5165.png
8445,"2021-04-19 22:26:49",Galaxias,gLx,lime,af,,5802.19,https://politicsandwar.com/uploads/fbe27012ddb1470c04802b102f17f875a0fe6709500x300279.jpg
8451,"2021-04-21 20:35:16","Big Brain Bureau",BBB,white,af,,5673.82,https://politicsandwar.com/uploads/71136d8179bbd31921826882fb0bafdab04b4a8b250x205248.jpeg
8459,"2021-04-23 17:20:18",Genesis,GNS,yellow,af,,79425.77,https://politicsandwar.com/uploads/5c6dd89390053e07e2fe9e358bc1a4ef7df89678500x301561.png
8462,"2021-04-24 19:51:53","Union of Socialist Republics",USR,aqua,af,https://discord.gg/ZXARtymjmZ,17457.14,https://politicsandwar.com/uploads/4eb7d6520316348896c39519212d58d3c367f907500x333848.png
8463,"2021-04-24 20:25:59","The Valyrian Freehold",Valyria,red,af,http://discord.valyrianfreehold.com/,26291.39,https://politicsandwar.com/uploads/a3b92c6fec11b1265046586d3043b24aaf6dde11500x309464.png
8467,"2021-04-25 17:51:42","The United Order of Concordia",UOC,purple,af,https://discord.gg/akDKXyAyur,7851.06,https://politicsandwar.com/uploads/65184fd813466a9aeedac0a2656e36d790b8a2d4500x281396.png
8470,"2021-04-26 12:25:32","The Elementals",T£,purple,af,https://discord.gg/uPS5ZZHs,4282.42,https://politicsandwar.com/uploads/4f293a2f03076f10121cd164eac6a80cfb994d4ex593.png
8474,"2021-04-27 02:50:56","The House Of Serpentine",Serp,yellow,af,https://discord.gg/sMTAeFGK,6348.13,https://politicsandwar.com/uploads/0cac8a130134f4f1ed5a619763eee41c3df414e5250x140230.gif
8481,"2021-04-29 18:05:18",Alliance,APP,white,af,https://discord.gg/y8nq6cCNUJ,2339.31,https://politicsandwar.com/uploads/136809f20e0f89c8d4d35ee0ff17cf69c5cc9f36500x300535.png
8486,"2021-04-30 14:40:01","United Socialist Left",USL,red,af,https://discord.gg/pgU3vkxS5p,1694.69,https://politicsandwar.com/uploads/2bbe6a38b1892d8d4fabd6b286308094e2efa4d4402x300667.jpg
8488,"2021-04-30 20:44:31","United Nations of Manufacturing States",UNMS,aqua,af,,632.05,https://politicsandwar.com/uploads/cae86be0228c271173f053ac97ed15c8bb7b2461505.jpg
8490,"2021-05-01 08:02:41","Uchiha Clan",UC,red,af,https://discord.gg/ZWQZfHk,4305.00,https://politicsandwar.com/uploads/e9818ffa1f1851e4d5552ca565b0a2648c0ab5dc299x300417.png
8491,"2021-05-01 16:42:47","Terminal Jest",TJEST,pink,af,https://discord.gg/zsMaKqp,0.00,https://politicsandwar.com/uploads/417dd039ce731b82d4ecbe3e693685b615f870b8241.jpg
8495,"2021-05-02 04:52:39","Rakatan Infinite Empire",RIE,black,af,https://discord.gg/HpetJGT2Ch,21360.34,https://politicsandwar.com/uploads/9ff398361ed6727b5f84635ab750a2964d4446c9500x290318.jpg
8498,"2021-05-02 22:40:32","Fear and Loathing",FNL,orange,af,,5900.67,https://politicsandwar.com/uploads/f22518b990094f5489e0f9f02c6c5158a27dd753237.jpeg
8502,"2021-05-03 01:54:43","Burger King","Real BK",green,af,,3410.01,https://politicsandwar.com/uploads/42c3ce4f242a0332c045995f66e5cfc5c8e61846500x281997.png
8506,"2021-05-03 13:03:15","7th International",7th,red,af,,4032.16,https://politicsandwar.com/uploads/a02864205dd3045935ba0c9ae74a4dcc99a05c5ax274.png
8510,"2021-05-03 23:38:29","Anti Com Action",ACA,black,af,,850.79,https://politicsandwar.com/uploads/b70439156847a589e575f7e06ede5316ad317951300x300962.png
8514,"2021-05-05 04:40:42","Republic of Nassau",NASS,black,af,https://discord.gg/9DJNkstHhq,21983.08,https://politicsandwar.com/uploads/869da5d27ebff6f36eb112845c508d43b93d852bx805.gif
8515,"2021-05-05 05:00:33","FK Alliance",FK,yellow,af,,2960.35,https://politicsandwar.com/uploads/7b042cff8b473a9f052ec62c0af847e762b8d5e9949.jpg
8516,"2021-05-05 05:07:12","The New Commonwealth",TNC,blue,af,,2197.91,https://politicsandwar.com/uploads/7367408cc7f21a833bc59dde05c639a4fb27cae3500x336232.png
8518,"2021-05-05 17:45:47",War7,,black,af,,2557.41,https://politicsandwar.com/uploads/0da9eae2c19de6d12bcd71df2b1df012eedf4551424x600202.jpeg
8519,"2021-05-05 20:20:50",Raiders,,orange,af,,2997.86,https://politicsandwar.com/uploads/7858b007e83575381cc329b7ced0b619e973e858500x497257.png
8520,"2021-05-05 22:39:08","Dawn Rising",DR,aqua,af,https://discord.gg/hqc4FYPz7M,37335.35,https://politicsandwar.com/uploads/3fd0dd2c45c43454e83c80b6c17b6084e0639086500x28545.png
8521,"2021-05-06 04:12:14","The BandStand",BAND,black,af,,3365.00,https://politicsandwar.com/uploads/74c84574898569bc6aaff5618f7a64d14faaf941500x354619.jpg
8522,"2021-05-06 09:22:43","InterGalactic Banking Clan",IBC,black,af,,7240.45,https://politicsandwar.com/uploads/e3b4258b71bdffdfaa8b1ef566c7c37591693c78500x281661.jpeg
8523,"2021-05-06 11:58:58",Syndicate,,green,af,,0.00,https://politicsandwar.com/img/imgur-old/50f00358efcff087771bef75555e341d5e56b302578.jpg
8524,"2021-05-06 21:41:58","Pacific Democratic Union",,brown,af,,914.24,https://politicsandwar.com/uploads/9505251eac2fa9efe5d24b73d3a09d7ca743f361x14.jpg
8526,"2021-05-07 00:19:23","Monke Time",,pink,af,,5694.19,https://politicsandwar.com/uploads/b3204f9277379f2e4d6d43dd812b6e1d5c633347753.png
8529,"2021-05-07 15:24:21","War Mercenaries Service",WMS,pink,af,https://discord.gg/xVKCVZg5wf,4509.22,https://politicsandwar.com/uploads/663a63c73b4e1825b0a9f094cec360f5f09b2796500x312755.png
8531,"2021-05-07 17:08:54","Union of Soviet Socialist Republics",USSR,aqua,af,https://discord.gg/8C8cSUqHaM,65168.72,https://politicsandwar.com/uploads/6bcd8aaec61fb540c5ce901185cac4b36459e8c4500x300555.png
8535,"2021-05-08 17:56:29","Minute Men",MM,maroon,af,,13875.50,https://politicsandwar.com/uploads/d2a0fb82768948f69703f10df0f7b1cfe09dda04994.png
8538,"2021-05-09 04:54:10","The Imperial Army","7K-1st GA",pink,af,,2083.91,https://politicsandwar.com/uploads/18244bfed7077385b7b057233194e19bebc9560e466.png
8544,"2021-05-10 10:22:42","Blame Atlan Season 2",,olive,af,,4891.25,https://politicsandwar.com/uploads/ffdbf2c0ec8a888cce3f0bbabd0649ad9bcd6d65868.png
8550,"2021-05-11 14:18:01","Regni Animalis",RA,yellow,af,https://discord.gg/td7MYAbJ,5863.18,https://politicsandwar.com/uploads/4a2f37d6c0ff75df55043d6d19ac816130fdd462x166.jpg
8554,"2021-05-12 16:04:55","Bohemian Union",,blue,af,,904.96,https://politicsandwar.com/uploads/68a600a25cee3f3d89802b02fa197c3da8f6afaax687.png
8556,"2021-05-13 04:39:23","The underworld",,green,af,,1082.58,https://politicsandwar.com/img/flags/newzealand.jpg
8557,"2021-05-13 05:28:03","Antarctica United",,white,af,,5552.50,https://politicsandwar.com/uploads/6e9252678a265cf5135a1d090ff9827e0201707c500x299490.jpg
8560,"2021-05-13 15:10:01","The Last of the Mohicans",LotM,pink,af,https://discord.gg/4VCgCFvMbh,21119.57,https://politicsandwar.com/uploads/04e3cccf1452c4be6951195f7b078ea0e9c6197cx606.png
8561,"2021-05-13 18:43:32","Freaks and Geeks Alliance",F&G,orange,af,,3169.40,https://politicsandwar.com/img/imgur-old/1ee2512088c8b26439a9b0335193f1c1d97a6ad0868.jpg
8563,"2021-05-14 00:53:22","EG 1",,pink,af,,487.72,https://politicsandwar.com/img/flags/betsy_ross.jpg
8568,"2021-05-15 18:54:20","Axis Powers",,blue,af,https://discord.gg/8VNA7943,2862.85,https://politicsandwar.com/uploads/51b862379ce9450784e95ca984c8935c88bd1b5d500x333305.jpeg
8570,"2021-05-15 20:34:52","East Asian Union",EAU,white,af,,971.30,https://politicsandwar.com/uploads/66c770f59b4a5f90640a66f69de6260b6ffa29cax259.png
8571,"2021-05-15 23:11:44",SALT,,aqua,af,,1760.91,https://politicsandwar.com/img/imgur-old/173d0e2fd98a1c7dadf08f244780fd7e5e29ed30406.jpg
8573,"2021-05-16 13:57:31","The Osirian Sarcophagus",tOS,lime,af,,4033.10,https://politicsandwar.com/uploads/f622d075c52e0ffb690bad42d8ca4cae4ce0508e225x300620.jpg
8576,"2021-05-17 11:37:15","Test Dummy Incorporated",Dummy,aqua,af,,438.75,https://politicsandwar.com/uploads/
8577,"2021-05-17 12:58:42","Heung Shing Corporation",HSC,maroon,af,https://discord.gg/uGXdCrZ8Sh,7598.39,https://politicsandwar.com/uploads/47dc0f39100b21e36f84c8e16db124adebb15d35500x497903.jpg
8582,"2021-05-19 03:44:26","The Arcane",,purple,af,,495.91,https://politicsandwar.com/uploads/1ee59cffd6fb78bba29b1a903e09109309b1c4d2500x281366.jpg
8586,"2021-05-19 22:14:29","Bad Company",,aqua,af,,11814.71,https://politicsandwar.com/uploads/e0398def67fa2dea329e74ef2e4dcfa692b4fc6d690.png
8588,"2021-05-20 09:58:23","Sgaaph Piggy bank",SPB,aqua,af,,1570.00,https://politicsandwar.com/img/flags/piratesheep.png
8589,"2021-05-20 16:19:57","The Sword Foundation",TSF,red,af,https://discord.gg/DkvFcdjXm8,3785.13,https://politicsandwar.com/uploads/790d7c905163203d15bd7f74fee1d2b4baa91130500x281278.png
8592,"2021-05-20 21:03:33","The European Union",EU,pink,af,https://discord.gg/cyHPpETSfB,1215.96,https://politicsandwar.com/img/flags/europeanunion.jpg
8594,"2021-05-21 15:55:19","Otaku Shougaku",OS,blue,af,https://discord.gg/DtM8GP8kXd,29563.98,https://politicsandwar.com/uploads/cbf684677d202c06315299d2e1849a197f757e68500x300855.png
8596,"2021-05-22 02:08:16",vectored,,green,af,,1870.12,https://politicsandwar.com/uploads/2fe08518e757a713006eafa1d23b711a0d04c499x767.jpg
8598,"2021-05-23 06:06:53","Money Revolution",,maroon,af,https://discord.gg/AyWWgZWT65,4598.15,https://politicsandwar.com/uploads/a2a631e63f72846f8c5af619a72608a87ffc79f8300x300323.jpg
8603,"2021-05-24 13:03:05","Tokyo Tobacco Club",,black,af,,0.00,https://politicsandwar.com/uploads/23089e321b5e50a7fce88cbd99470348180a7d95500x281491.jpeg
8607,"2021-05-24 19:53:41","Concordian Entente",,white,af,https://discord.gg/cZWhbMRVdh,1732.03,https://politicsandwar.com/uploads/cb3cc517ceefafd231da96440e2552f85eb960f8500x285864.png
8612,"2021-05-25 00:23:36","Cypriot Society",CYP,pink,af,,1238.83,https://politicsandwar.com/img/flags/cyprus.jpg
8614,"2021-05-25 01:39:12",Christmas,,green,af,,9846.15,https://politicsandwar.com/img/imgur-old/5dd661b245f116d7220762458df6eb9df784822a390.jpg
8615,"2021-05-25 03:42:39",MDC,,pink,af,,9738.74,https://politicsandwar.com/img/imgur-old/4ec297228f2995b3e5b9d7930411397051baa3e1895.jpg
8616,"2021-05-25 05:37:20",HedgeFund,HEDGE,green,af,https://discord.com/channels/844618985470427176/847703392519979049/847751985562386433Yep,342.25,https://politicsandwar.com/uploads/f094e53487a2165314edc275ddb522beceba30a9500x273293.jpeg
8617,"2021-05-25 08:37:16","Free Palestine",Pali,white,af,,2119.42,https://politicsandwar.com/img/imgur-old/f8780813dabb760f0ac92421e737f2abb40ab1a217.png
8621,"2021-05-25 17:29:27",Oragon,OGN,black,af,,0.00,https://politicsandwar.com/uploads/491d1490ff7100f8e30d5daeee6ed176f48c1e78500x300471.png
8624,"2021-05-25 23:47:05",Wizards,,aqua,af,,4325.31,https://politicsandwar.com/uploads/0944af58a43f58e06d93bbc812756294005eec2b19.png
8625,"2021-05-26 06:20:31","Indian Association of Orbis Players",IAOP,aqua,af,,277.00,https://politicsandwar.com/img/flags/india.jpg
8627,"2021-05-26 09:06:18","What the Heck",,maroon,af,,7086.58,https://politicsandwar.com/img/flags/chinook.jpg
8629,"2021-05-26 13:36:11","Asylum of The Phoenix",AoTP,green,af,https://discord.gg/f3KFZmJa,16935.52,https://politicsandwar.com/uploads/35f844ad60f731ec730f8436060617a271f08a38300x300138.jpeg
8631,"2021-05-26 18:11:05","Black Skies Naval Academy",BSNA,black,af,https://discord.gg/krffPvym2c,9701.26,https://politicsandwar.com/uploads/009a541836f5f5ca92d91e7677a955c1135f523c250x166192.jpeg
8632,"2021-05-27 00:39:24","Dunce Hat",,aqua,af,,3374.26,https://politicsandwar.com/uploads/7d1c0fdfe74954244c35611699d968657d505bf5500x333590.jpg
8634,"2021-05-27 04:34:13",Argenlet,,aqua,af,,352.04,https://politicsandwar.com/img/flags/betsy_ross.jpg
8635,"2021-05-27 04:42:23","The Dark Conclave",,olive,af,,379.56,https://politicsandwar.com/img/imgur-old/b104ce060d6d84a97dece130e63d84b3a6577563971.png
8638,"2021-05-27 23:12:45","TKRs real offshore",,pink,af,,9850.43,https://politicsandwar.com/uploads/a95f4c1ba8af968cff3479b7ba92a08d45757f791000x666198.png
8639,"2021-05-28 00:51:46",Lockbox,LKBX,black,af,,10385.50,https://politicsandwar.com/uploads/fae379db031e6aea02f8cf52605076d0afe24946500x333298.jpg
8643,"2021-05-28 23:23:47","Banque de fessee",,black,af,,6823.73,https://politicsandwar.com/img/imgur-old/917568acf2b88122f2e687d5bcfe41c8db855e95744.png
8644,"2021-05-29 02:37:47","Thief Guild",,aqua,af,,4036.19,https://politicsandwar.com/img/imgur-old/0d9a827c6d9d27ec5cea864f9bd9e55e65d03a20923.png
8645,"2021-05-29 02:54:49","The Northern Sons",TNS,aqua,af,https://discord.gg/ZsDrBef,1811.95,https://politicsandwar.com/uploads/c8e0fb18b0707dd1b44f75b5dc60ed11e2d8e8ff500x333973.jpg
8646,"2021-05-29 05:22:20","The Libertalia Minutemen",7K-NW4,black,af,https://discord.gg/QsssfHB,1109.23,https://politicsandwar.com/uploads/7a5e402903ee08d3d777b3ec82c48bbd388d8644x432.png
8647,"2021-05-29 16:14:30","Dependent Republic of Orange Nations",IRON,orange,af,,2265.54,https://politicsandwar.com/uploads/713f0092d5c608b9f33e5a2803c6046f44e6c2fc500x267813.jpeg
8648,"2021-05-29 16:34:12","First time",,black,af,,1040.92,https://politicsandwar.com/uploads/a51f23c69cecf66d0385b0d46d8b199a8fcf4ff7500x270887.jpg
8649,"2021-05-30 00:36:52","Grand Imperial Federation",GIF,yellow,af,https://discord.gg/2T9EW6Gp8z,10641.96,https://politicsandwar.com/uploads/c2247c078225af78d48c098efdd1f8a6dbcdca14500x275602.png
8650,"2021-05-30 02:16:51","State of New England",,white,af,https://discord.gg/cZWhbMRVdh,6302.36,https://politicsandwar.com/uploads/cb3cc517ceefafd231da96440e2552f85eb960f8500x285883.png
8651,"2021-05-30 04:06:28","United Commerce Republic",UCR,blue,af,https://discord.gg/285PzvEbqE,13288.23,https://politicsandwar.com/uploads/81c427bce43293d96cfc1e852f72c4d549312b09x947.png
8653,"2021-05-30 16:24:04",AFT,AFT,green,af,,47060.15,https://politicsandwar.com/uploads/4694118f10d700e7c4b19f73fbd90e33d44fc234x985.jpg
8654,"2021-05-30 19:06:32","The fighting pacifist",,white,af,,3034.21,https://politicsandwar.com/uploads/8e81927076a26e43fd8b49f918901a139166d331832.jpg
8655,"2021-05-30 22:28:31","TFP Branch of Moustache Banking Inc",,green,af,,4707.77,https://politicsandwar.com/uploads/9428511f381009bc85472767cccafd2bb6c1645a776.jpeg
8656,"2021-05-31 00:21:03","The Separatist Alliance",,brown,af,,1875.19,https://politicsandwar.com/uploads/70f5c09322dd05c297c784a5e09438645032d09f500x281904.png
8658,"2021-05-31 19:30:04","Union of Costal States",UCS,green,af,,1365.86,"https://upload.wikimedia.org/wikipedia/commons/4/41/Flag_of_Orlando,_Florida.png"
8659,"2021-06-01 09:53:56","The Infernal Empire",,black,af,https://discord.gg/t8AVJce9yK,1119.11,https://politicsandwar.com/img/flags/bahrain.jpg
8660,"2021-06-01 16:02:13","The Alexandrian Council",,black,af,https://discord.gg/vrA8EW4sB5,2433.82,https://politicsandwar.com/uploads/ec918adba721e4197e0593f6945a69ae45944cb3500x333870.png
8661,"2021-06-01 17:35:57","Puerto Rico",,black,af,,5507.69,https://politicsandwar.com/img/flags/americansomoa.jpg
8664,"2021-06-02 03:55:01","Nuka-Cola Bottling Plant",,blue,af,,1748.83,https://politicsandwar.com/uploads/786a5c9216d06730f64f673633f15b1021a75086x846.jpg
8666,"2021-06-02 11:29:25","Master and Commander",M&C,blue,af,https://discord.gg/gtRXvuR8,4394.00,https://politicsandwar.com/uploads/e8bd50daac51a2319ed2a080542b8a94b795e0ac500x212861.png
8667,"2021-06-02 12:23:45","Antifa HQ",,red,af,,4000.14,https://politicsandwar.com/uploads/83a3450a3e042e6e0292e8b850c8f901fef923c6327.png
8668,"2021-06-02 15:02:51","Unique Uakaris",,green,af,,14508.00,https://politicsandwar.com/uploads/9fff6a0ce5e0a0b51b1b20b773dd5e80668bf66a311.gif
8669,"2021-06-02 19:27:14","got asked to make an alliance",,green,af,,3405.41,https://politicsandwar.com/uploads/644f59da31bab10fbcc23169f3225b6a6b35105fx934.jpeg
8671,"2021-06-03 00:18:24",Weedunism,🍃,green,af,,3794.42,https://politicsandwar.com/uploads/26bace78be4d0d7ae806ab86c742706c00c6b424x868.jpg
8672,"2021-06-03 02:28:21","Busch Stadium",,orange,af,,20904.80,https://politicsandwar.com/uploads/179f9d315bceb1e6697f5706e9334a229bac3844819.jpg
8673,"2021-06-03 18:16:05",loop,,black,af,,10.25,https://politicsandwar.com/img/flags/pakistan.jpg
8674,"2021-06-03 20:32:35","Nova Riata",,maroon,af,,3563.52,https://politicsandwar.com/uploads/d5d696ea0535679b183098ae3bddb7d410fc207b529.png
8675,"2021-06-03 22:46:59","Orange juice",,orange,af,,4921.04,https://politicsandwar.com/uploads/af83877194764b6c7944dd2250c6e420f7a3a4f21000x600869.png
8676,"2021-06-03 23:38:00","this is not asm",,red,af,,8156.06,https://politicsandwar.com/uploads/3b434a6dddfb4dcbffa47466bb6c234eb8e10b8a225x300715.png
