﻿alliance_id,date_created,name,acronym,color,continent,discord_server,score,flag_url
615,"2014-08-05 12:32:17","Seven Kingdoms",SK,orange,Ar,https://discord.gg/3uCF26s,127111.60,https://politicsandwar.com/uploads/86bdc587ed74b9544f5c2f523bb490d6016c483a500x281478.jpg
619,"2014-08-05 19:39:15",Guardian,Guardian,pink,Ar,https://discord.gg/wFbUzM2,193896.60,https://politicsandwar.com/img/imgur-old/200afe185770407ae6a603ade7ba9bfbad379813917.png
622,"2014-08-06 13:37:26","United Purple Nations",UPN,purple,Ar,https://discord.gg/xJydguN,138065.27,https://politicsandwar.com/img/imgur-old/3f9d76b849ff553846c11a6097af797b3b9570bf680.png
623,"2014-08-07 10:12:02",Acadia,Acadia,aqua,Ar,https://discord.gg/9wKzZbU,1672.56,https://politicsandwar.com/uploads/53a996d6308d048c5ad0b73e8897545657b86834773.png
770,"2014-10-26 13:21:40",Taith,𒀭,red,Ar,https://discord.gg/FGS7jr7,30120.51,https://politicsandwar.com/uploads/1a94f8cf937d2379e687bf351912c037e8776d87778.png
790,"2014-11-04 23:13:16",Rose,🌹,pink,Ar,https://discord.gg/Fp5Ngqg,595318.69,https://politicsandwar.com/uploads/e97004b1d95820ca14e0284c44208ed0cadb3a26500x300405.png
831,"2014-11-21 17:26:29","The Syndicate",t$,green,Ar,https://discord.gg/FZqJY5m,418077.64,https://politicsandwar.com/uploads/4943f976375bf77cafa3a32b9df7772dd8d5da1a500x300340.png
866,"2014-12-08 09:18:04","Guardians of the Galaxy",GoG,lime,Ar,https://discord.gg/DVGzNXM,0.00,https://politicsandwar.com/uploads/111dd01422c16de66f4d06040c7451118efd002b957.png
877,"2014-12-12 23:23:13","Black Knights",BK,black,Ar,https://discord.gg/9h2XQjb,119937.31,https://politicsandwar.com/img/imgur-old/917568acf2b88122f2e687d5bcfe41c8db855e95744.png
913,"2014-12-19 14:34:25",Arrgh,Arrgh!,black,Ar,https://discord.gg/jCAQFtJ,77333.46,https://politicsandwar.com/img/imgur-old/c4ad8a85a57d1fedc2df54ac0d34bc882a83b441644.png
1023,"2015-01-26 15:22:05","The Fighting Pacifists",TFP,white,Ar,https://discord.gg/5yT5tWS,344862.72,https://politicsandwar.com/img/imgur-old/e615124b5ba48f1706ed7c822a749cdc89280a89711.png
1210,"2015-03-21 22:52:21","World Task Force",WTF,maroon,Ar,https://discord.gg/3AXHN5B,177136.04,https://politicsandwar.com/uploads/7f1b6b4092cde322a7209affa489041e91427225258x150328.png
1246,"2015-03-29 20:09:40",Farkistan,FU,blue,Ar,https://discord.gg/HDjRySg,169700.41,https://politicsandwar.com/uploads/f69b2e2678ba0ef6af948fca81e5a87902f46ded250x166566.jpg
1280,"2015-04-08 19:16:27",Alpha,Alpha,green,Ar,https://discord.gg/keUvfs9,31011.51,https://politicsandwar.com/uploads/3adc6997105a98d4b1b7e7b726b7a7ab8ec52d59565.jpg
1584,"2015-06-29 17:25:50","The Knights Radiant",TKR,orange,Ar,https://discord.gg/t7dzPAV,407214.87,https://cdn.discordapp.com/attachments/377184598184165377/708999944031436850/tkr_christmas_mini_2.gif
1634,"2015-07-13 22:58:28","Solar Knights",SKN,pink,Ar,https://discord.gg/JhJt5j5,33254.73,https://politicsandwar.com/uploads/b7b56f0839df94b30a4b5e5ca4b28603be635e0f288.png
1723,"2015-08-08 02:13:24","TRUMP 2016",TRUMP,pink,na,,102.70,https://politicsandwar.com/img/imgur-old/e7f77385327365d10712e34790c1d27b19984cb4595.jpg
1742,"2015-08-14 18:32:07","The Wei",TW,lime,Ar,https://discordapp.com/invite/B7rpfvx,88246.60,https://politicsandwar.com/uploads/bfa5f687341e5ad799acfdc9384f313d37fe537b500x300375.png
1896,"2015-10-05 16:50:32",Pantheon,🏛,yellow,Ar,https://discord.gg/ByPUWzD,127523.49,https://politicsandwar.com/uploads/e69eb6b075eba6852a1f02628b176ea8986dee45466.jpg
2082,"2015-12-01 16:15:42","New Pacific Order",NPO,brown,Ar,https://discord.gg/AQMFg2A,8714.48,https://politicsandwar.com/uploads/f6d9d9cd426226b55504e8fe7c941c10cb7eb6ba700.png
2358,"2016-02-16 19:50:46",Polaris,,blue,Ar,https://discord.gg/XkymPz2,114127.67,https://politicsandwar.com/img/imgur-old/a69030707aac568c9eb564ed58dfa6bacfa34da5165.png
2510,"2016-03-20 06:51:10","Order of the White Rose",OWR,olive,Ar,https://discord.gg/NcugYxp,101466.23,https://politicsandwar.com/img/imgur-old/8dc7a6507cf64b9adcc879036b6e4886e83825e0638.png
2594,"2016-04-04 10:01:03","United Socialist Nations",USN,red,Ar,https://discord.gg/C3jRe39,77206.10,https://i.ytimg.com/vi/CWk2uqpBNkc/maxresdefault.jpg
3339,"2016-09-23 00:04:24","Grumpy Old Bastards",Grumpy,green,Ar,https://discord.gg/8BZztQQ,269203.04,https://politicsandwar.com/uploads/c3c6b42d867ffd38eafedaf07cdfda4469e82998454.png
3427,"2016-10-07 17:28:42","The Commonwealth",tCW,green,Ar,https://discord.gg/zEDgQVR,278387.92,https://politicsandwar.com/uploads/6cc7c1ccafc513e3497a92571116b7fb14dd0c63500x300555.jpg
3554,"2016-10-22 11:20:03","One is the loneliest number",Lonely,lime,Ar,https://discord.gg/8npsj67,4360.66,https://politicsandwar.com/uploads/1e49178196abe3b9f6411b663b515dcf2620fc5b946.jpg
3669,"2016-11-07 01:52:19","Spanish Armada",SA,green,Ar,,113962.40,https://politicsandwar.com/uploads/79a21cf6e2949a17d5424bcf822b8593da92ae1b795.jpg
3683,"2016-11-08 20:24:05","House Stark",HS,olive,Ar,https://discord.gg/eVRjDy6,101753.28,https://politicsandwar.com/uploads/469617586f57ef48c25a34a0bd242156dc30aa38500x312347.jpg
3940,"2016-12-20 00:38:26","The United Empire of ZahAharon",TUE,purple,Ar,https://discord.gg/yZmr9av,2190.01,https://politicsandwar.com/uploads/5ba2f1328cb1211b742c91c72d9c34db1248101b489.png
4124,"2017-02-01 17:00:43","Knights Templar",KT,maroon,Ar,https://discord.gg/Jd2bu7f,118994.37,https://politicsandwar.com/uploads/5ed63443e71713aae7819af4dd721beda896b1dd500x300832.png
4137,"2017-02-23 20:46:46","United Alliance for Freedom",UAF,olive,Ar,,2273.85,http://i.imgur.com/GfV4IMw.png
4144,"2017-03-10 00:36:03",Akatsuki,AK,maroon,Ar,https://discord.gg/z2Ztdh5,4823.35,https://politicsandwar.com/uploads/24e95e1ff1ccae75e96069fff83d122b56b098fb142.png
4149,"2017-03-17 18:06:30","Church of Spaceology","Evil Bo",purple,Ar,https://discord.gg/7rQ5vfY,0.00,https://politicsandwar.com/uploads/319e04377bdb89d51581adcfe8401563cd82f61a651.jpg
4150,"2017-03-19 10:05:19",Yarr,GOLF,black,Ar,https://discord.gg/cbF74Dg,95607.05,https://politicsandwar.com/uploads/27b263414c1138cbe1ffcc942dd2bf15345bde5579.jpg
4205,"2017-05-10 18:55:22","Cosa Nostra",CN,brown,Ar,,326.74,https://politicsandwar.com/uploads/157531a8ba85563bf518921e98ba9c91bf743cd3406.jpg
4209,"2017-05-20 00:40:25","The Scottish Empire",TSE,white,Ar,https://discord.gg/X5fWTvJ,615.34,https://politicsandwar.com/img/imgur-old/7a6fc15b6be2d18a1d5528857d160584fa4172b3325.png
4221,"2017-06-11 12:22:29","Dark Brotherhood",DB,black,Ar,https://discord.gg/Uyn3m5D,98364.33,https://politicsandwar.com/uploads/3af8f5023602b9d1cd12588b7d379a0f9f896e43586.png
4271,"2017-08-09 02:18:58",Oblivion,shite,green,Ar,,39449.75,https://politicsandwar.com/uploads/a8910306b92fbce80d563dd429150b593f7cc575102.jpg
4323,"2017-10-11 01:22:11",Horsemen,THM,lime,Ar,https://discord.gg/hyMZjtg,0.00,https://politicsandwar.com/uploads/3fd928c9f764b651d4719533d04ad5536ee3407e873.jpg
4397,"2017-12-10 03:25:36","Strickland Propane",Strickland,brown,Ar,https://discord.gg/SFEpZNf,23524.73,https://politicsandwar.com/uploads/91bf4ab434d303f70327ed3c8540df9ceb6154179.png
4451,"2018-01-03 04:51:53","Riad NWO",,black,Ar,,0.00,https://politicsandwar.com/img/flags/poland.jpg
4468,"2018-01-07 07:22:03","Purple Flower Garden",ðŸŒ¸,green,Ar,,6648.00,https://politicsandwar.com/uploads/2f4a9fb6069cb8356913ec360909eed4b9560c40538.png
4567,"2018-02-23 02:31:21","The Golden Horde",TGH,green,Ar,,2863.65,https://politicsandwar.com/uploads/0c2ce4037c47587bc3f2cb008800b6821f0850d7382.png
4568,"2018-02-23 08:41:56","Outer Heaven",OH,black,af,https://discord.gg/EdbQAyq,0.00,https://politicsandwar.com/img/imgur-old/2eb12dc171cecfd21d2fa45de656c0da27e45ffa683.png
4623,"2018-03-18 07:10:01","The Empire of the Moonlit Sakura",7K,blue,Ar,https://discord.gg/BHtwcHg,2648.80,https://politicsandwar.com/uploads/77a7d97093ba2365abccad3f88475c9d2769678584.jpg
4638,"2018-03-21 05:20:16","The Federation",TF,blue,Ar,https://discord.gg/DHT6kgc,106394.79,https://politicsandwar.com/uploads/bb7d4269a0b1df30032995f5d901db110a16bf73205.png
4648,"2018-03-22 22:26:01",Aurora,AUR,purple,Ar,https://discord.gg/ghbQ5QY,122572.16,https://politicsandwar.com/uploads/28ff750d34ea18ae24e57123f8a98ba72695b7a6x805.gif
4729,"2018-04-13 22:07:21","Church Of Atom",CoA,green,Ar,https://discord.gg/DCQsEuf,93200.20,https://politicsandwar.com/uploads/915b55d386db2140dc67766c3479fa468e73671b500x300449.png
4829,"2018-05-05 16:54:12","The Enterprise",e$,brown,Ar,https://discord.gg/UPuqa8s,101081.24,https://politicsandwar.com/uploads/8a61e23ce14f9c3ae1a81548a7296a640477af01x691.jpg
4878,"2018-05-18 02:10:14","The Boys",TCJ,blue,Ar,https://discord.gg/rF2Urk9,795.71,https://politicsandwar.com/uploads/9d2ff4785f3086121806003654d6b993578b26fc424.jpg
4890,"2018-05-27 15:22:47",OMERTA,(-o-),lime,Ar,,0.00,https://politicsandwar.com/uploads/4ca952cb63fbace10519da124fa76ffcd01d5ecc420.jpg
4899,"2018-06-01 03:46:32","The Covenant",COV,blue,Ar,https://discord.gg/JGKWFGm,0.00,https://politicsandwar.com/uploads/a949557a071f473afc7ad8090913edf660452c4e470.png
4937,"2018-07-13 09:44:55",Camelot,🐲,maroon,Ar,https://discord.gg/9eNvpHZ,283322.61,https://politicsandwar.com/uploads/80270c964444557a7dc382ad8412f7616d0aa924500x300867.png
5012,"2018-08-19 21:19:31","Respublica Romana",R&R,brown,Ar,https://discord.gg/rUJyB4U,87153.57,https://politicsandwar.com/uploads/858f66827adb36419a50b739978d17db8b72a9e7500x281190.jpg
5039,"2018-09-09 00:20:10","Goon Squad",GS,green,Ar,https://discord.gg/uJGwKCK,18703.62,https://politicsandwar.com/uploads/f62cf330574ddc0dbd044b54a721efcbbef2d145647.jpg
5049,"2018-09-17 19:17:51",Carthago,CTO,olive,Ar,https://discord.gg/kxM7V3V,151435.93,https://politicsandwar.com/uploads/19f7e3ca6df33432d00d54708d1cf72d1dff1405500x300792.png
5121,"2018-11-03 08:30:55","Lannister Mausoleum",,maroon,as,,0.00,https://politicsandwar.com/img/imgur-old/403b570738062b87c7e8982f6cca706324d65ff8303.jpg
5205,"2018-12-09 09:47:39","The Hanseatic League",THL,green,Ar,https://discord.gg/DuwzX8B,5732.50,https://politicsandwar.com/uploads/8e0c7242a84e46c47fb0bd454aa3a0cc3143f49f500x317963.jpg
5214,"2018-12-14 16:59:51","Code of Honor","Dr. Love",brown,Ar,,795.73,https://politicsandwar.com/uploads/39fe6365ef059ce90ad2047efa52bf9118445839497.jpg
5267,"2019-01-15 16:19:14","United Maharlika Empire",Maharlika,red,Ar,https://discord.gg/xVMW3D2,0.00,https://politicsandwar.com/uploads/8f687958bdc2d2187bb521ad7f4013a4d3146ab7844.jpg
5303,"2019-02-02 11:13:21",Peace,,green,Ar,,35.68,https://upload.wikimedia.org/wikipedia/en/thumb/b/be/Flag_of_England.svg/800px-Flag_of_England.svg.png
5326,"2019-02-16 00:24:08","The United Armies",UA,red,Ar,https://discord.gg/uwdckJs,97323.34,https://politicsandwar.com/uploads/1649d4bf8159717bb2b5590c179a68f81486809463.png
5343,"2019-02-25 01:03:00",Kazoku,KZ,yellow,Ar,https://discord.gg/HjfXc6H,806.58,https://politicsandwar.com/uploads/aa496341ce8393fa53c3e1c59e4b2586a47eecc2533.png
5432,"2019-04-10 02:14:42","Monarchist Axis of States",MAS,red,Ar,,0.00,https://politicsandwar.com/uploads/57b045c66bbedb0c897502f9d0cb3c7f6d0fe8e04.png
5436,"2019-04-12 21:37:17","The Global Union",TGU,white,Ar,https://discord.gg/q5SdUhz,2373.22,https://politicsandwar.com/uploads/3b427c9bb612872c771df027222b2b4ddd7ca5bd866.png
5453,"2019-04-21 12:40:37","un -united nations",UN,brown,Ar,,0.00,https://politicsandwar.com/uploads/de910c3e4ec346ee3ef8b79dfab9db239f5b8883581.jpg
5455,"2019-04-22 21:48:50",Vanguard,VNG,black,Ar,https://discord.gg/qkT4taP,0.00,https://politicsandwar.com/uploads/46c1e2c2ac4774864c4dbe596127f258b5109cd3392.jpg
5476,"2019-05-06 16:50:03",Weebunism,🌸,blue,Ar,https://discord.gg/VMxbrMR,119560.21,https://politicsandwar.com/uploads/5e8d264b6f93affa3a3543cf8124a14db9c661ca250x250847.png
5481,"2019-05-08 11:43:45","Schrute Farms",SF,blue,Ar,https://discord.gg/uby3uHX4vx,95251.74,https://politicsandwar.com/uploads/f0fd1998553d831c1f4117300d61798d417cbadc500x300660.png
5491,"2019-05-11 04:07:07","Si Hong",SH,red,Ar,https://discord.gg/TKJbwyJ,1210.03,https://politicsandwar.com/uploads/730a1b5c50be58d2343759c9a83863bd96059c58125.png
5556,"2019-05-31 10:14:30","The Socialist State Alliance",,black,Ar,,0.00,https://politicsandwar.com/uploads/9a82d59de04d245af8ed27a10cb5a1e7a21b921c766.png
5592,"2019-06-06 20:17:54","The Co-Prosperity Union",CPU,blue,Ar,https://discord.gg/BnzdHTb,2419.29,https://politicsandwar.com/uploads/fd796d900ca3403eef8a8ee805c3e26fd211d3df836.jpeg
5608,"2019-06-11 22:24:00","Fix The Damn Game Sheepy",FTDGS,orange,Ar,,5627.50,https://politicsandwar.com/uploads/58ca4deeb48169c11517a28b77a11c84804b37fd201.png
5618,"2019-06-16 22:46:48","The UnOriginals",UMCR,aqua,Ar,https://discord.gg/Wrk278u,701.34,https://politicsandwar.com/uploads/a02a6fcb8ba30c5a362042af0d77ba164d84dece914.png
5658,"2019-06-23 00:17:04","Unforgiven Legion",U.L.,olive,Ar,https://discord.gg/Wjek998,36631.84,https://politicsandwar.com/uploads/a7283f2853be19098de839a16b6a05fb50533a7d500x29814.jpg
5696,"2019-07-02 19:31:19","Brotherhood of Steel",BoS,lime,Ar,,0.00,https://politicsandwar.com/uploads/70ac29c208df7411d9faf8938b67b219cd5c0378688.png
5722,"2019-07-07 20:31:40","The Ampersand",&,blue,Ar,https://discord.gg/RqWDk5Q,155898.40,https://politicsandwar.com/uploads/98b9062bd7b0485118c23c69718d8baf0ae5ead8450x300347.png
5735,"2019-07-12 10:10:05",Demacia,DEM,olive,Ar,https://discord.gg/Jhw3gqF,519.52,https://politicsandwar.com/uploads/811bba955c118239571e0e95f0d0c31f079f507c328.png
5767,"2019-07-18 01:44:58",Haven,HAVN,black,Ar,https://discord.gg/vhehBpF,0.00,https://politicsandwar.com/uploads/b6e096593df78caa99c01b2ac5aa545b765b89ca986.jpg
5796,"2019-07-22 00:48:26",Atlantis,ðŸ”±,aqua,Ar,https://discord.gg/eFTs7uR,0.00,https://politicsandwar.com/uploads/cf30a6de0dc187d67c51e9074f2b6e5688260560189.jpeg
5875,"2019-08-04 19:30:43","The Immortals",IMMORTALS,yellow,Ar,https://discord.gg/8w5mHFe,384918.59,https://politicsandwar.com/uploads/f658b8d433a3e2c8835383d90f691254ecdab94dx436.png
5947,"2019-08-16 18:37:55","Major Leek Baseball",MLB,green,Ar,,0.00,https://politicsandwar.com/uploads/e94e8c256ed882c049145a19b114ccb64d9c416a102.png
5968,"2019-08-20 01:15:22","Green Protection Agency",OCTAVIA,green,Ar,,3402.03,https://politicsandwar.com/uploads/ace09ba9e6759c7f52603ca86a0903a6573b5c9e64.png
6034,"2019-08-28 13:49:40",Mehh,Mehh,white,Ar,https://discord.gg/bQbkMcw,0.00,https://politicsandwar.com/uploads/ca272453a3f9462e54e3ce56e3f65992e5b90ead763.png
6035,"2019-08-28 16:27:48","The Int Defense and Economic Alliance",IDEA,blue,Ar,https://discord.gg/BRzkEcB,0.00,https://politicsandwar.com/img/flags/europeanunion.jpg
6074,"2019-09-04 16:48:40","New Cornhusker Confederacy",,yellow,Ar,,1546.58,https://politicsandwar.com/uploads/9ce52f7889b7402cf42a0c29a652c66ee74316b7860.png
6076,"2019-09-04 21:51:01","Teutonic Order",TTO,purple,Ar,https://discord.gg/t3Wqg53,0.00,https://politicsandwar.com/uploads/ecc2a66d981528c1f31a1f9cf13f01dfce2f248d598.png
6088,"2019-09-07 22:29:58","Terminus Est",TEst,maroon,Ar,https://discord.gg/7XAqQte,93511.05,https://politicsandwar.com/uploads/07bfd4680246f1320646bb54586653ac345489fd614.gif
6126,"2019-09-14 03:39:06","The Lost Empire",TLE,aqua,Ar,https://discord.gg/2sF9rYj,186219.76,https://politicsandwar.com/uploads/0e0f8f8f22770da805b604ea65075228a2f201f9500x258310.jpg
6143,"2019-09-16 21:48:55",Morningstar,🅼🆂,black,Ar,https://discord.gg/SpxrYbq,16520.67,https://politicsandwar.com/uploads/7a954bada765b91a409d5b5ba7af95e26309facb184.png
6198,"2019-09-22 20:43:08","The Red Banner",TRB,red,Ar,https://discord.gg/GXX5PXw,447.06,https://politicsandwar.com/uploads/d1437031c04353af66f8988c1c59e5654599aa7a406.png
6215,"2019-09-24 23:02:41","Soldiers of Liberty",SoL,white,Ar,https://discord.gg/zhzw3c4,92136.46,https://politicsandwar.com/uploads/37c9ce897eb7e96cb816a5573e84104673fc22e3642.jpg
6270,"2019-10-04 23:51:33","The Warriors",TW,purple,Ar,https://discord.gg/z66rpQ7,0.00,https://politicsandwar.com/uploads/51890fe1e387b537f4ceeccc108b7bd56ea9aa98524.jpg
6285,"2019-10-07 11:55:58","Burger Union",BU,lime,Ar,https://discord.gg/nACHDj,0.00,https://politicsandwar.com/uploads/59245f947532caa37e35f0c516d4424fc362cb263.jpg
6308,"2019-10-09 20:31:44","The Ascendant",ASC,black,Ar,https://discord.gg/TxgSapc,1290.04,https://politicsandwar.com/uploads/d449d2dd15a1e90cb200aa0ed00d0cab8422bb3f74.png
6401,"2019-10-24 16:25:02","Elite Corporation",,green,Ar,,0.00,https://politicsandwar.com/img/imgur-old/bc0d4e40ed2b8f89a514c7ed0e6cb5c7660b46c3375.png
6403,"2019-10-24 22:21:50","The Originals",TO,brown,Ar,https://discord.gg/T2CqbVs,0.00,https://politicsandwar.com/uploads/8664868cbb897c78d22ab59bab9321b11b13faa2396.jpg
6474,"2019-11-02 03:24:56","The Family",,aqua,Ar,,0.00,https://politicsandwar.com/img/flags/italy.jpg
6657,"2019-12-02 01:18:19","Catholicorum Coronatus",CC,yellow,af,https://discord.gg/2fFea7J,0.00,http://i.imgur.com/DgdjiYm.png
6675,"2019-12-03 22:58:32","Bird Weed",WEEDBIRD,black,af,https://discord.gg/6ex3uY8,1203.71,https://politicsandwar.com/uploads/7cf07f3481ad1ca564687361fa89235cc30297bf674.png
6676,"2019-12-04 00:20:42","Unitarian Group Alliance",UGA,lime,af,,0.00,https://politicsandwar.com/img/imgur-old/8db42dd91d9ae113ff10f1f2070fd6e778348593716.png
6680,"2019-12-04 11:43:51","The Panzer Elite",,orange,af,,1054.54,https://politicsandwar.com/uploads/e8b30aba92019685e85af1fd3d35e3f816c1e325764.jpg
6696,"2019-12-06 07:02:25",AVENGERS,Avengers,brown,af,https://discord.gg/fAS8jH4,0.00,https://politicsandwar.com/uploads/58a76434a77202fc133e337d0f43b8f922babaa575.gif
6703,"2019-12-08 02:21:33",TheNorthWesternSouthRegionofthefarEast,NWSRFE,purple,af,https://discord.gg/D9rcD4n,41221.61,https://politicsandwar.com/uploads/bd3e8b523779389b08cd13b98e9676fe8853b8b3129.png
6718,"2019-12-11 21:45:52","Legio Christi",LC,black,af,,0.00,https://politicsandwar.com/uploads/3159c5d05bedd256f783b202f4aac7efc4ce8663144.png
6724,"2019-12-12 02:11:50","The norther hemisphere alliance",TNHA,olive,af,https://discord.gg/yqFZgub,0.00,https://politicsandwar.com/uploads/5ea15144e44eae56d6b0754c61c3ef5055a561db980.jpg
6811,"2019-12-29 00:12:47","Middle Eastern Pact",MEP,black,af,,0.00,https://politicsandwar.com/uploads/a88c47ed18fe54f8b95ceb6d951600380b77f4a7842.png
6862,"2020-01-05 07:04:46",Attrition,,black,af,,0.00,https://politicsandwar.com/img/flags/sovietunion.jpg
6877,"2020-01-07 23:40:55","Advanced Syndicalist Mechanics",ASM,red,af,https://discord.gg/meQSAmc,134878.77,https://politicsandwar.com/uploads/24da9889feff93a400b43f69b5163d5373315660500x333792.png
7000,"2020-01-19 18:26:32","Banana Stand",BS,green,af,,17720.00,https://politicsandwar.com/uploads/20044f2ddb2a320cc5b9d80229d21d4b4d4db76a500x30042.png
7025,"2020-01-23 02:21:44","The North Atlantic Empire",NAE,blue,af,https://discord.gg/vpTbANf,671.40,https://politicsandwar.com/uploads/e8b9bdbfd46c74eb20721324866f0fb33eb7c4ec403.jpeg
7032,"2020-01-24 00:51:47","UNITED NATIONS",UN,red,af,https://discord.gg/EgeT4P,179.78,https://politicsandwar.com/uploads/721b394a18bc12920ce8bcbefd37e5b4cf219771913.jpg
7053,"2020-01-27 04:33:37","The Imperium",TIm,lime,af,https://discord.gg/fdPECfF,68890.16,https://politicsandwar.com/uploads/558a7e81bf6a7165ee7851389da469441fcffd1bx249.jpg
7081,"2020-01-31 18:57:17","Islamic Republic",,white,af,,0.00,https://politicsandwar.com/img/flags/pakistan.jpg
7092,"2020-02-02 07:19:13","The Blitzers",Blitz,brown,af,https://discord.gg/XHhcYrs,0.00,https://politicsandwar.com/uploads/378df9b8d6132e83d038c4a68f9b1a6ee8dd34d8365.gif
7094,"2020-02-02 10:53:42","The Coal Mines",COAL,blue,af,https://discord.gg/hgUr36P,79395.75,https://politicsandwar.com/uploads/b4b119877410034d0a7214528a961cc2724eafbe500x280423.gif
7098,"2020-02-03 09:07:48","Jst Chilling",,aqua,af,,0.00,https://politicsandwar.com/uploads/35d9f059be4e7e76d4b53e7a4a34e916fb7abfa5350.png
7111,"2020-02-04 00:44:34",Temple,,green,af,,11642.50,https://politicsandwar.com/uploads/cb70765c1f56e7ef22481eeee2c2cdf1a205d231265.png
7160,"2020-02-08 03:28:42",dongs,,black,af,,0.00,https://politicsandwar.com/uploads/c9e528d77ac50e0c426d5de1c2366bcddbc8f899305.png
7183,"2020-02-10 04:10:44","Wizards Citadel",WC,purple,af,,0.00,https://politicsandwar.com/uploads/650dccfaf831fbb93821ba62ab0413d8affa4d84275.png
7204,"2020-02-12 17:12:01",Elysium,ðŸ·,black,af,https://discord.gg/3xQtdrf,830.00,https://politicsandwar.com/uploads/811f5f2040ae2da1c0c966c62a428a0ff2967380108.png
7234,"2020-02-17 06:25:25","Disciples of the Deathscythe",DoD,lime,af,https://discord.gg/d7vnP4u,0.00,https://politicsandwar.com/img/flags/mars.png
7237,"2020-02-17 19:12:46","The Kree Empire",TKE,brown,af,https://discord.gg/ESNsek2,0.00,https://politicsandwar.com/uploads/c1f5c778a61a5a3e84197563ae734b3f15a4fd50645.png
7249,"2020-02-19 19:32:31","The Firm",$f,green,af,,10401.25,https://politicsandwar.com/uploads/acde1ad6c273e804750867b1b278e85ffda51fb5589.jpg
7266,"2020-02-25 23:41:12",Psi,,olive,af,,0.00,https://politicsandwar.com/img/flags/americansomoa.jpg
7277,"2020-02-28 08:05:43","Bilingual Baguettes",BB,pink,af,https://discord.gg/mzsHwge,145.82,https://politicsandwar.com/uploads/d4e92bdc5f5f133a7ec4bc70dd7b79867af9f38f809.png
7283,"2020-02-29 14:58:51","The Void Touched",VT,white,af,https://discord.gg/CqyqH3X,48195.63,https://politicsandwar.com/uploads/e4bf8c80bae18ad224f90387cb8c1ec17611b5a3616.png
7306,"2020-03-05 04:32:00","Atlas Technologies",AT,lime,af,https://discord.gg/ayGZRej,88953.58,https://politicsandwar.com/uploads/76e5d28d038c02fa0c79b48dbc474be1aeee837bx107.png
7346,"2020-03-11 23:55:25","Chocolate Castle",CC,pink,af,https://discord.gg/V6Vmq96,76074.49,https://politicsandwar.com/uploads/6630b6980fe523c46c8bf91cef3c12d3d70a0543x687.gif
7354,"2020-03-13 06:12:24","Great Empires Alliance",,purple,af,https://discord.gg/fZZg4Xt,0.00,https://upload.wikimedia.org/wikipedia/en/thumb/3/3f/Australian_Aboriginal_Flag.svg/1200px-Australian_Aboriginal_Flag.svg.png
7362,"2020-03-15 11:44:19","Visual Unknown",VU,purple,af,https://discord.gg/RbdrXds,0.00,https://politicsandwar.com/uploads/2932910089cc5f29f2e3b03a55544d0cd8c4ae27630.jpg
7365,"2020-03-17 04:30:31","The Confederacy of Iron States",CIS,purple,af,https://discord.gg/d4ASPrA,0.00,https://politicsandwar.com/uploads/cc38e9f39d6d16b17602fab1099b15f642caa2a057.png
7366,"2020-03-17 17:48:08","Parisian Commune",,red,af,https://discord.gg/8gsTGb,2615.00,https://politicsandwar.com/uploads/fa09fa2eb4a67b5d4eecf899ee4aa16a9a9ddff5716.jpg
7375,"2020-03-20 19:04:15","The Roxchean Confederations",ROX,maroon,af,https://discord.gg/YVVaGbB,0.00,https://politicsandwar.com/uploads/26eaf377d29b33c070e5da7e355ff04593a33b6037.png
7380,"2020-03-23 20:55:29","The Greater Unitary Republic",TGUR,blue,af,https://discord.gg/Dm7jX7Y,58317.96,https://politicsandwar.com/uploads/3c5733d36f0052863d7b7985ea7afd9a34128451500x300135.jpeg
7381,"2020-03-24 00:06:20","Amarr Empire",AE,purple,af,https://discord.gg/SPqZnhb,58615.20,https://politicsandwar.com/uploads/5b487fd8285b20f231ea709f85c70829d51a8b78500x277840.jpg
7387,"2020-03-25 21:17:23","The World Civility Org",TWCO,blue,af,,556.86,https://politicsandwar.com/uploads/936596fb1e1c9f9109f9edba493536b848b015ec517.jpeg
7399,"2020-03-28 21:05:20","Rothschild Family",RF,olive,af,https://discord.gg/wyz4QpmzKk,35206.45,https://politicsandwar.com/uploads/2e5119a56b1da536a08241e254ee287bf853fde4643.png
7413,"2020-04-01 00:07:15","Error 404",E404,brown,af,https://discord.gg/rpmvjWr,164220.17,https://cdn.discordapp.com/attachments/724023354465714217/766532136160591892/Error_404_Flag.gif
7421,"2020-04-02 23:10:52",CIA,,lime,af,,497.05,https://politicsandwar.com/img/flags/unitedstates.jpg
7422,"2020-04-02 23:22:38",USA,,lime,af,,0.00,https://politicsandwar.com/img/imgur-old/ecae298217bb0247313e5e4d339715d9cd521c8a14.png
7427,"2020-04-04 17:24:03","The Knights of The Stratosphere",TKTS,black,af,https://discord.gg/GawApvE,42407.33,https://politicsandwar.com/uploads/e777b3d2c78740d65e73dc5948afb397ca10c8b9500x286257.jpg
7433,"2020-04-06 02:09:18","The Bushrangers",AMC,green,af,https://discord.gg/aDnRmzH,6330.00,https://politicsandwar.com/uploads/a79821e6feec043f87d6f6bd8a540a2829fa5daf172.png
7450,"2020-04-12 18:27:50",Eclipse,,blue,af,https://discord.gg/sGzXF7P,187416.50,https://politicsandwar.com/uploads/151098ac699fafde7cc908340dce3a69313ab247x837.gif
7451,"2020-04-13 16:40:40","Crusaders of the Holy Boogaloo",CHB,black,af,https://discord.gg/zYQvuzA,6845.91,https://politicsandwar.com/uploads/903d772912190ef4dfbdf573a43a6dfe2e10a15f500x312922.png
7452,"2020-04-13 19:15:17","Children of the Light",CotL,olive,af,https://discord.gg/jXYShw8,227942.93,https://politicsandwar.com/uploads/ff871c578db9337767c22626b9197efa4bae88b5500x300814.png
7461,"2020-04-18 00:16:14","Ordo Draconis",OD,red,af,https://discord.gg/BXKmMqd,0.00,https://politicsandwar.com/uploads/043dcf9b8b6d4fd83f623b120700caa79b1228c5564.png
7484,"2020-04-25 14:13:28","Global Alliance & Treaty Organization",GATO,brown,af,https://discord.gg/GyfPraT,58868.56,https://politicsandwar.com/uploads/6e87f944461e68fbf438149a47f272d7c7d8d8b7401.png
7485,"2020-04-25 23:11:09","The United Front",,aqua,af,,0.00,https://politicsandwar.com/uploads/966fb79e2b73ed85de9b0fe6685cb73ed72137ba669.png
7493,"2020-04-28 23:16:55","The Snow Knights",TSK,white,af,,1565.47,https://politicsandwar.com/uploads/6281500d6f7096cd482965f7f24ed28f73f66b4c503.png
7495,"2020-04-29 03:23:18","Sons of Anarchy",SAMCRO,black,af,https://discord.gg/fuMsa4z,0.00,https://politicsandwar.com/uploads/90877b1c796cc393823443063f6ab7bc56d61c9a510.jpg
7499,"2020-05-01 19:14:02",Agon,AGON,black,af,https://discord.gg/JGJGCFD,0.00,https://politicsandwar.com/uploads/62f35dbe4348e1f9346f577855235d96d03a35c5280.png
7514,"2020-05-08 20:27:10","House of Ologies",HoO,blue,af,https://discord.gg/REa2RA5,0.00,https://politicsandwar.com/uploads/13c9b42b8ad0d6b51f6980f9faba0db7f8271c77172.png
7515,"2020-05-08 20:44:08","The Atlantians",ATL,olive,af,https://discord.gg/G69KjEF,319.10,https://politicsandwar.com/uploads/7a9222af0ed22113d21d7d7abe414d15538f48fd490.png
7516,"2020-05-10 02:20:30",NCR,NCR,red,af,https://discord.gg/2RpxRfP,176.07,https://politicsandwar.com/uploads/d5c696356597dd7ae91eec21a0a5ed572d758d2f985.jpg
7524,"2020-05-15 05:40:43","The United Republican Party",,white,af,https://discord.gg/NyeG9hQ,1381.15,https://politicsandwar.com/uploads/4e9fc32c3fa58bfccca8a2209f3a55ac9b84ce9981.png
7527,"2020-05-15 22:04:43",Oceania,1984,red,af,https://discord.gg/TUgzQvw,68403.99,https://politicsandwar.com/uploads/f5a75ea1cc94ef77237de96bcb89ff3f29a137c9483.png
7530,"2020-05-16 17:20:32",Union,,black,af,,683.28,https://politicsandwar.com/img/flags/abkhazia.jpg
7531,"2020-05-17 03:20:14","Convent of Atom",CoA,blue,af,https://discord.gg/RT6xfB6UGb,33894.45,https://politicsandwar.com/uploads/3be8eda535bbda4aa19bcc9d957141892af7fbbf261.png
7536,"2020-05-18 22:40:16","Atlantian Council",AC,black,af,https://discord.gg/K8eawjn,59929.89,https://politicsandwar.com/uploads/2d0c3536dbc8e0143b058913c1eb82916570189d678.png
7540,"2020-05-19 20:11:02","The Rohirrim",ROHAN,orange,af,https://discord.gg/yPFMs99eMA,75713.80,https://politicsandwar.com/uploads/bfa6b249ba5fb56d50d1856deca4ca1a75bde26e500x300765.png
7543,"2020-05-19 23:43:26","Ministry of Image",MoI,white,af,https://discord.gg/34yW8YV,0.00,https://politicsandwar.com/uploads/d2499d5a0663166a9e67329863a7c346be7e9211937.jpg
7544,"2020-05-20 11:33:28","Laughing Coffin",,black,af,,0.00,https://politicsandwar.com/uploads/0a51254835cec7f9ab65b7797dbcbe4761199104256.jpg
7545,"2020-05-21 00:06:20","Refugee Farmers","JOIN OR DI",green,af,,1043.36,https://politicsandwar.com/uploads/4299bcad4d3d5f328c1bca6743cc118be192bef1641.jpg
7547,"2020-05-21 02:06:22","Komitet Gosudarstvennoy Bezopasnosti",K.G.B,red,af,,29.74,https://politicsandwar.com/uploads/0104aea3724b5f370f9eb9cac28f268bff129d1953.jpg
7548,"2020-05-21 07:40:26","The Syndication",,pink,af,,136.26,https://politicsandwar.com/img/flags/latvia.jpg
7558,"2020-05-22 18:21:28","United Nations Of Orbis",UNOO,purple,af,,0.00,https://politicsandwar.com/img/flags/yemen.jpg
7559,"2020-05-23 01:40:38","The Crimson Order",TCO,aqua,af,https://discord.gg/A4WhDwF,0.00,https://politicsandwar.com/uploads/1430059a4ebb50a21a775944ce958ba2a2641e5c960.jpeg
7560,"2020-05-23 19:19:14",Mandalore,Mando,yellow,af,https://discord.gg/MN8ndnR,32116.70,https://politicsandwar.com/uploads/5e938e34edbe467601a8b5995c6d4b654f833908371.png
7561,"2020-05-23 19:50:26","New Ridge",NR,red,af,https://discord.gg/k3rChXa,0.00,https://politicsandwar.com/uploads/c2ef1fc3d3381eb5351f9f1cf2336381b7249782431.png
7562,"2020-05-24 13:08:46",GOONS,,black,af,,0.00,https://politicsandwar.com/uploads/e36b515519edcdf514744f7e396d195d252b6606350.png
7564,"2020-05-24 21:06:55","The Livonian Confederation",TLC,black,af,https://discord.gg/uDhUnc2,1845.08,https://politicsandwar.com/uploads/f16965b4b2654eb2af4ebbbb2cd1b025995eeef9724.jpeg
7565,"2020-05-25 09:29:37","negeri johor",,orange,af,,4072.92,https://politicsandwar.com/uploads/2bf41fd1d21948a7c539d55f3b820492ccd61329676.png
7567,"2020-05-27 18:27:26",Central,,pink,af,,103.13,https://politicsandwar.com/img/imgur-old/48664f573e2391f1770adf56fc7371eba506b385277.png
7568,"2020-05-27 19:32:13",KonoSuba,CAVE,green,af,https://discord.gg/dvf7QsY,475.69,https://politicsandwar.com/img/flags/americansomoa.jpg
7570,"2020-05-28 07:09:25","Golden Phoenix Coalition",GPC,white,af,https://discord.gg/UfdVFGt,16768.87,https://politicsandwar.com/uploads/572a4f0c14e07e29808433b92e56dc9ecff36b5d87.png
7571,"2020-05-28 08:03:57","CENTRELINK AAA",AAA,brown,af,https://discord.gg/NUXk4CegQx,13098.34,https://politicsandwar.com/uploads/f7a916edbb9c2e3894c3c41f699bc79894bfa0e7500x363598.png
7580,"2020-05-31 06:19:19","The Legion",SPQR,purple,af,https://discord.gg/UCPu5B4,48600.47,https://politicsandwar.com/uploads/d84ab168ba31e54eca54bcf7d815804e75725287293.png
7581,"2020-06-01 08:30:08",monkey,,black,af,,1535.14,https://politicsandwar.com/img/flags/bolivia.jpg
7584,"2020-06-01 23:25:07","The Pow Pow squad",,aqua,af,,781.91,https://politicsandwar.com/uploads/321809fc3cf1b9fb3935249251e982652a39163e978.jpg
7587,"2020-06-03 08:56:14","Independent Allay",,aqua,af,,0.00,https://politicsandwar.com/uploads/2f903662752defb8fa9f7eaf9ba93c48e79967ef755.png
7590,"2020-06-03 21:05:08","Shark Tank 2",,aqua,af,,0.00,https://politicsandwar.com/uploads/73cdd4afc64c1d701ccc2c49f486ec25c5315fe9406.jpeg
7591,"2020-06-05 12:38:46","The hand of Atom",,aqua,af,,4584.77,https://politicsandwar.com/uploads/4e703d2e22140384bafae7470f718366a46d551a804.jpg
7594,"2020-06-06 18:38:16","The no tax alliance",,yellow,af,,828.84,https://politicsandwar.com/img/flags/unitedstates.jpg
7598,"2020-06-08 15:04:06","New Cruor Federation",NCF,olive,af,,4139.00,https://politicsandwar.com/uploads/7eb90960bb036d6f8a171fdbaf48b7c9491d5707469.png
7599,"2020-06-08 18:21:51","The Holy Frog Empire",H.F.E,aqua,af,https://discord.gg/ywSgatz,0.00,https://politicsandwar.com/uploads/8deb406d9d09628fa83953b084d56701ba29eb45336.png
7618,"2020-06-20 01:42:14","KALMAR UNION","The Union",white,af,https://discord.gg/M2yBR9R,0.00,https://politicsandwar.com/uploads/0ae70b35adf774107183da23c9426a64b89f5797405.png
7619,"2020-06-20 12:29:05","Men of Honor",,black,af,,0.00,https://politicsandwar.com/uploads/faa0fd9816429a8835a42d37e3962463362d4813408.jpg
7622,"2020-06-20 22:52:38","Northern Lights",,pink,af,,0.00,https://politicsandwar.com/img/flags/sweden.jpg
7633,"2020-06-26 03:51:03","The Air Nomads",,aqua,af,,1728.28,https://politicsandwar.com/img/imgur-old/66f83b5f82f65351dc56d657fd4da8cfdbdd6394607.png
7635,"2020-06-27 04:47:37","Black Skies",BS,black,af,https://discord.gg/YpJKyRz,74174.69,https://politicsandwar.com/uploads/5a6fb6e9e5b4045dce7b0ddb5e7d1e8dc5aab010x545.jpg
7641,"2020-06-30 06:44:08","united communist legion",U.C.L,red,af,,0.00,https://politicsandwar.com/uploads/1dec50f067681b0fee57f475ee1655007d6288f4428.png
7642,"2020-06-30 18:06:47","The Lost Legion",TLL,yellow,af,https://discord.gg/2sF9,49975.46,https://politicsandwar.com/uploads/0c2c87818c25968896ad16b08607d3837933164b925.png
7645,"2020-07-01 20:31:55","The Freedom Empire",TFE,brown,af,,0.00,https://politicsandwar.com/uploads/e7fd04d20912447c9c44a7df852123268139454513.png
7646,"2020-07-02 07:50:42",Samar,,black,af,,0.00,https://politicsandwar.com/uploads/a188827091c5c7d12752796fe4e7ed1fb872a5b7918.png
7647,"2020-07-03 02:32:24","micro pockyclypse",AYY,pink,af,https://discord.gg/Wheaevc,35115.41,https://politicsandwar.com/uploads/89622e15f55fe8b7ed38199c14f7040e0aefe81f500x29934.jpg
7648,"2020-07-03 14:57:50",Verde,,green,af,https://discord.gg/9HkKAq,0.00,https://politicsandwar.com/img/flags/italy.jpg
7651,"2020-07-06 23:09:54",Concord,CD,green,af,https://discord.gg/xxaxRTmPGk,32588.12,https://politicsandwar.com/uploads/9f1d0f8ecced342dd38e6b6cb14e9300c52c84cc500x281719.jpg
7652,"2020-07-07 01:39:11","Delian League",TDA,green,af,,0.00,https://politicsandwar.com/uploads/abdcd6f88b0c9bda6b430700e717221cc05de6a2462.png
7659,"2020-07-10 02:46:37","Federation of Soviet Republics",FSR,aqua,af,https://discord.gg/ZV9crJW,60275.65,https://politicsandwar.com/uploads/3683bd2b3100ac7dc05600c4fd8b74b1648c206e500x293814.jpg
7668,"2020-07-12 17:15:37",LINEGANG,#LINEGANG,aqua,af,https://discord.gg/5kcYxP,0.00,https://politicsandwar.com/uploads/8431583a56552c77eba8d13881059f644fbb08d1409.png
7669,"2020-07-13 10:16:08","Balkan Alliance",,aqua,af,,0.00,https://politicsandwar.com/img/flags/serbia.jpg
7674,"2020-07-15 00:11:14","The Mortals",TM,aqua,af,https://discord.gg/kHbdR6n,42407.82,https://politicsandwar.com/uploads/29391cc46b88243fb532bd7ceabe958d1a4ab9f0500x333380.jpg
7680,"2020-07-17 00:35:44",tt,,aqua,af,,0.00,https://politicsandwar.com/uploads/1d24460269d578bd3f12dafa22d894d74cc28ee627.jpeg
7681,"2020-07-17 18:34:38","Union of Passive Nations",,white,af,,0.00,https://politicsandwar.com/img/flags/mars.png
7692,"2020-07-21 17:54:46","PANDEMIC LEGION",,purple,af,https://discord.gg/ksAFJcS,0.00,https://politicsandwar.com/uploads/14ff4d0c3207272fcb23167dc20f8bc8d7850955485.png
7697,"2020-07-22 07:07:00","Wolves Den",,black,af,,0.00,https://politicsandwar.com/uploads/21374573f2c1ef2f113785256645e4368e28d7cd496.png
7698,"2020-07-24 06:27:38",NukaWorld,7K-NW,black,af,https://discord.gg/QsssfHB,15362.44,https://politicsandwar.com/uploads/534b10928653f182efc00ce8ef9cbae47e129901636.gif
7699,"2020-07-24 20:20:41","New World Order",RRLOL,aqua,af,https://discord.gg/d9yZU4c,479.25,https://politicsandwar.com/uploads/644d86d658eef1e52e4074f16c49f560cd34d755384.jpeg
7703,"2020-07-27 10:46:58","Brotherhood of the Clouds",BoC,white,af,,1839.26,https://politicsandwar.com/uploads/c68964d1a2a08c64ed7afcf40177692b60815cce640.png
7704,"2020-07-27 11:18:43",boat,,aqua,af,,0.00,https://politicsandwar.com/img/flags/cambodia.jpg
7707,"2020-07-29 02:04:53","Dragon Confederacy",DC,black,af,https://discord.gg/5BTpjEh,34751.72,https://politicsandwar.com/uploads/e691dd47c77da716db9d93c80aa539937526ed17500x300116.png
7709,"2020-07-30 15:49:26","The Kings Empire",,maroon,af,https://discord.gg/f5CuzQY,0.00,https://politicsandwar.com/img/imgur-old/12515ac83eed8e41d2349be8d57e0a8bcaa03f8c567.png
7711,"2020-07-31 02:38:45","The Padamaians",TPA,pink,af,https://discord.gg/fmtFZaN,936.44,https://politicsandwar.com/uploads/19cd7e18f48854dd63d77fd1cacdddd6f41439ef83.jpeg
7712,"2020-07-31 14:25:15","The Confederation",,aqua,af,,0.00,https://upload.wikimedia.org/wikipedia/en/thumb/b/be/Flag_of_England.svg/800px-Flag_of_England.svg.png
7714,"2020-07-31 16:25:41","The Merchants Guild",TMG,black,af,https://discord.gg/ZEq4Nxv,3674.93,https://politicsandwar.com/uploads/edd8359fa1c4a3c00f301f2e68b1059870bac983766.png
7719,"2020-08-02 04:54:57",SwingSet,Swing,white,af,https://discord.gg/eK5Cx22,10776.75,https://politicsandwar.com/uploads/328dd52f905b979b6b391ddee344f161e0aff87bx708.gif
7722,"2020-08-04 05:05:13","bright rays",,blue,af,https://discord.gg/2sq83R,2654.57,https://politicsandwar.com/uploads/b0e34fe0dbc50d3721ef7b0c9719e53b66ad28b4379.png
7728,"2020-08-05 20:52:50","The Precipice",,green,af,,3835.60,https://politicsandwar.com/uploads/059fd3aff5b5e8a7854ccad7c3acea6b4afa3d5d335.png
7729,"2020-08-06 02:43:34",Hi5,Hi5,aqua,af,https://discord.gg/kyachF,247.54,https://politicsandwar.com/uploads/1884ebe414c472c5109664db73d2fbde80549310367.png
7733,"2020-08-08 00:36:40","HORDE EMPIRE",,red,af,https://discord.gg/9mr38qn,463.29,https://politicsandwar.com/uploads/eb2acc45444968aa9dde86d831dc787ccf95a33e972.jpg
7739,"2020-08-13 00:14:11",Tsuyoi,,aqua,af,https://discord.gg/B4ehd5h,0.00,https://politicsandwar.com/img/flags/blackfeet.jpg
7740,"2020-08-13 09:25:05","Just For Fun",,black,af,,0.00,https://politicsandwar.com/img/flags/austria.jpg
7744,"2020-08-14 15:09:24","Collaboration of Socialist Entities",CSE,red,af,,0.00,https://politicsandwar.com/uploads/14bc7d6f522e947a1c0ade38ce358702a3ded63f825.png
7749,"2020-08-17 06:18:44",Worksafe,,aqua,af,,10.25,https://politicsandwar.com/uploads/472f25131f09d6bf7b2df9fff94dc5cef263570b672.jpg
7750,"2020-08-17 07:27:40","United Ummah",UU,lime,af,https://discord.gg/8Q25CyE,73153.52,https://politicsandwar.com/uploads/80c03dfb80f292bdd5e13000febb9b541552fe25x113.gif
7751,"2020-08-17 16:18:48","The United Nations of Orbis",UNO,red,af,https://discord.gg/mEHUDmU,11568.95,https://politicsandwar.com/uploads/0b6fd3371f651d5c0c426bc8e1412ea8cc4a8c78x105.jpg
7754,"2020-08-18 19:15:56","The Federal Bank Reserve",,yellow,af,https://discord.gg/vJXxcqg,2480.59,https://politicsandwar.com/uploads/918da2b0143340a8692aaaab6585151c81fc0b0c333.jpg
7756,"2020-08-19 17:36:49","The Archangels",TA,yellow,af,https://discord.gg/vKFZ3NG,2833.88,https://politicsandwar.com/uploads/c4cfa12a17f2b50b53bd1ec79c085bc43e430499890.jpeg
7757,"2020-08-19 18:32:31",Economica,,orange,af,https://discord.gg/6VZuSkn,4959.37,https://politicsandwar.com/uploads/97e584f3d126dfd19c3af8abda8a6091978b7f91622.png
7758,"2020-08-21 21:42:04","District X",DX,blue,af,https://discord.gg/YtYGC95,7773.72,https://politicsandwar.com/uploads/60c6fcc9bd540467d056f9461d15611a47c588fb760.png
7765,"2020-08-23 01:51:23","The Bounty Hunters Guild",TBHG,brown,af,,1506.36,https://politicsandwar.com/uploads/499995b12a01d027163eae0a1bc47637dbc50220651.png
7787,"2020-08-28 20:50:41","Black and white",,white,af,https://discord.gg/JbqnRF,1750.21,https://politicsandwar.com/uploads/66a6ce025e94c7231252462e5054cc69aeccb5ce422.png
7789,"2020-08-29 01:16:05","College of Winterhold",,black,af,,4860.00,https://politicsandwar.com/uploads/819117c77a5d07fe30a3f0da1f5b23e830ea6eb5296x300479.png
7797,"2020-08-30 14:18:00","Holy Roman Empire",HRE,maroon,af,https://discord.gg/mjk6rU,434.64,https://politicsandwar.com/uploads/640424b89579b62f63c28057819a4ca481ddc48f553.jpg
7800,"2020-08-31 02:05:23","Shadow Marauders",SM,yellow,af,https://discord.gg/3faDAWY,445.58,https://politicsandwar.com/uploads/4575912e15b1b80e4cf9bec90f4728cc8cc8eed3657.png
7802,"2020-09-01 17:11:37","Human Over",,black,af,https://discord.gg/4UQhnDM,15578.02,https://politicsandwar.com/uploads/fa9e221e74c4940701a321d0a33a5d946b768232796.png
7803,"2020-09-01 18:10:25","Laffeys Lair",LL,blue,af,,5414.50,https://politicsandwar.com/uploads/132c6602ea53eb7450694a69cd63e36454a86b57356.png
7804,"2020-09-02 01:57:49","Sakura Pact",TSP,maroon,af,,0.00,https://politicsandwar.com/uploads/722562787c752ab827de26d8278902bc9b241fc8927.png
7806,"2020-09-02 21:00:48","Neon Dystopia",,lime,af,https://discord.gg/CQ3b55G,6019.59,https://politicsandwar.com/uploads/a5dbad95a2446481c856407a104da68c772d872c286.jpg
7815,"2020-09-06 15:23:49","99942 Apophis",99A,black,af,https://discord.gg/yF24Mgk,11394.52,https://politicsandwar.com/uploads/0084f8a462ff540e5f8914460475c4ef75a169d8500x30058.png
7816,"2020-09-07 11:29:05","Quak Quak",,green,af,,867.65,https://politicsandwar.com/img/flags/europeanunion.jpg
7817,"2020-09-07 13:07:35","Viridian Entente",Oink,lime,af,,0.00,https://politicsandwar.com/uploads/b30d4dea71f2974ec55a609e9037c96ef15c31e1692.jpg
7818,"2020-09-08 00:36:45",Shu,Han,lime,af,https://discord.gg/pasTH6A,0.00,https://politicsandwar.com/uploads/e7b27b2289909db37e0656f3cbd2138042fd81b6177.png
7820,"2020-09-08 22:29:47","Red Skies",RS,black,af,https://discord.gg/ukJajMd,0.00,https://politicsandwar.com/uploads/061fc89df36b3c5a7e4db8af891f305e4899c9cc646.jpg
7828,"2020-09-11 06:17:47",Europa,,olive,af,,0.00,https://politicsandwar.com/uploads/a513e9fcd08d513454c5ba0783c7b182178ea922551.png
7830,"2020-09-12 23:24:18",Benediximus,BNDX,black,af,,9422.25,https://politicsandwar.com/uploads/b050a6082327880830ae411649e993781163b11856.jpg
7832,"2020-09-15 05:56:31",NATO,I,olive,af,https://discord.gg/Nc9Pek6,0.00,https://politicsandwar.com/img/flags/betsy_ross.jpg
7841,"2020-09-19 08:58:29","Nuka-Cola Bottling Company",7K-NW2,blue,af,https://discord.gg/QsssfHB,2671.53,https://politicsandwar.com/uploads/b9005a10ceb975446ddd103efeda997115891bed991.gif
7843,"2020-09-20 02:47:16","United and Prosperous",,maroon,af,https://discord.gg/2RMsG8,1775.56,https://politicsandwar.com/uploads/8d9b894411890367c1150f318b60e463d63a11ae294.png
7848,"2020-09-20 17:52:45","Vibe Squad",VS,pink,af,https://discord.gg/T3tcQH6,1458.00,https://politicsandwar.com/uploads/c36ab77141fbaa0a8505da820a57e7521dd5309a266.png
7849,"2020-09-20 20:03:31","Orbital Bank",OB,yellow,af,,0.00,https://politicsandwar.com/uploads/74f4a1666d8da26e716107557a521166e33fb93347.png
7853,"2020-09-21 14:31:08",Mythic,MILF,green,af,https://discord.gg/pFmHu2J,2930.76,https://politicsandwar.com/uploads/56e504f109c362ee75eee1ec92c3c625f73f021dx961.png
7857,"2020-09-24 02:15:12","United Federation of Canerica",UFC,white,af,https://discord.gg/c6v729a,3719.61,https://politicsandwar.com/img/flags/somalia.jpg
7866,"2020-09-28 19:38:40","Nova Roma",NR,aqua,af,https://discord.gg/eSsthwa,46982.85,https://politicsandwar.com/uploads/035d982bb45519d03e98cfe405d287a8edd85b59500x300307.png
7868,"2020-09-28 21:47:03",Vibe,VB,olive,af,https://discord.gg/RqqjUjn,16851.98,https://politicsandwar.com/uploads/b02bbf9e2a128413ad479eccbc12fccef37084ba639.gif
7870,"2020-09-29 19:21:14","The International Bloc",,green,af,,922.91,https://politicsandwar.com/img/flags/abkhazia.jpg
7875,"2020-10-02 13:18:59","Codex Security",C.O.D.E.X,blue,af,https://discord.gg/UwtUxy9nv4,164.06,https://politicsandwar.com/uploads/4aac1e544892a35c88cdb45e42d3a743b0ef2bb3804.png
7882,"2020-10-05 15:58:19","Tierra media",,olive,af,,0.00,https://politicsandwar.com/img/flags/bolivia.jpg
7890,"2020-10-10 16:09:23","The Nations",,purple,af,,10.25,https://politicsandwar.com/img/flags/poland.jpg
7891,"2020-10-10 17:40:36","PolarFreeze Warehouse 47",,blue,af,,4714.90,https://politicsandwar.com/img/imgur-old/a69030707aac568c9eb564ed58dfa6bacfa34da5165.png
7901,"2020-10-13 20:40:19","The Intercontinental",INTC,black,af,https://discord.gg/WPg5nJzkKh,1862.81,https://politicsandwar.com/uploads/f2a77362ebbe9a750624e978ffc3901de2953992500x256195.png
7902,"2020-10-14 20:02:26","Wigglytuffs Guild",WG,pink,af,,3800.75,https://politicsandwar.com/uploads/a10a4137bc22372c4ebff841c2bc43d855307dc5198.png
7903,"2020-10-15 02:04:37","The Sea Of Meow",,aqua,af,,0.00,https://politicsandwar.com/img/flags/argentina.jpg
7904,"2020-10-15 16:24:35",rucker,,aqua,af,,141.08,https://politicsandwar.com/img/flags/wyoming.jpg
7908,"2020-10-17 17:12:49",Allgangs,,brown,af,,1118.51,https://politicsandwar.com/img/flags/mexico.jpg
7915,"2020-10-19 22:22:07","Dual Suns",DS,lime,af,https://discord.gg/8gY68Xf,83398.16,https://politicsandwar.com/uploads/dfa36df4670bb497332ba2017b0ecf2b803da71f907.gif
7920,"2020-10-20 20:25:41","Prusso Roman Imperial Union",PRIU,purple,af,https://discord.gg/v262gEp,16508.48,https://politicsandwar.com/uploads/7930e7515a83fac4620713d6c8070bbe36de12b1753.png
7930,"2020-10-23 04:52:39",HYDRA,🐲,orange,af,https://discord.gg/ARdfnRY,727.39,https://politicsandwar.com/uploads/7340fd0dfecd14e1756560f9b31a63a0519adae5123.png
7931,"2020-10-23 14:48:43","The Imperial Federation",TIF,green,af,https://discord.gg/ssw9TZp,1891.96,https://politicsandwar.com/uploads/7f0d7a36c405692df53d960f5b79ebd4d8045481344.jpg
7933,"2020-10-23 17:42:58","Imperial Rome",IR,aqua,af,https://discord.gg/hQXwVQUzP2,1382.99,https://politicsandwar.com/uploads/fa1701612d20be9cf653036470cc71cc3a99643e173.png
7934,"2020-10-23 18:26:11","United Nations Marine Corps",UNMC,blue,af,https://discord.gg/FZmhCeA,17158.71,https://politicsandwar.com/uploads/986a52d0703f5b7bea2486756c166c5c7c2c8df6242.png
7937,"2020-10-24 17:19:03","Concord Dawn System",CDS,yellow,af,,314.29,https://politicsandwar.com/uploads/aa603c20747893e90fd6783e891beaa602c1b85f917.jpg
7938,"2020-10-25 08:26:19","Federal Cooperative Republic",FCR,pink,af,https://discord.gg/qzxeMvw,17361.14,https://politicsandwar.com/uploads/0d8e8ed5ef347ac28a22841d080d17f8521f6bb1632.png
7939,"2020-10-26 02:13:02",Rebels,,aqua,af,https://discord.gg/vHE37xa,1073.67,https://politicsandwar.com/img/flags/mars.png
7940,"2020-10-26 19:25:40","Bad Batch Entente",,pink,af,,631.30,https://politicsandwar.com/uploads/313c9dab1a03f8d2a027dc55bbe30befa7f8f6cb707.png
7943,"2020-10-27 01:11:03","The Camel Lot",tCL,maroon,af,https://discord.gg/wxfHngZg5t,2115.76,https://politicsandwar.com/uploads/b5fb6e7e7c50c24419b016ce9aa72d531073e38c553.png
7944,"2020-10-27 02:23:23",Acanthus,AH,yellow,af,https://discord.gg/3faDAWY,306.92,https://politicsandwar.com/uploads/f3d08320a9c158c8f8b27e89e838a22f8301f2ad276.png
7946,"2020-10-27 10:59:26","The Royal Commonwealth",,aqua,af,,865.62,https://politicsandwar.com/img/flags/little_shell.jpg
7952,"2020-10-29 10:50:34",rally,,aqua,af,,0.00,https://politicsandwar.com/img/flags/andorra.jpg
7956,"2020-10-29 17:55:10","The Federalist Union",TFU,green,af,,3705.74,https://politicsandwar.com/img/flags/americansomoa.jpg
7957,"2020-10-30 18:52:34",UCE,,aqua,af,,914.89,https://politicsandwar.com/uploads/1cef819c82628546bc382fb78a1f31bb88f41793320.jpeg
7967,"2020-10-31 20:17:34",RunItUp,,maroon,af,,4167.50,https://politicsandwar.com/uploads/ef2674969e51cb7282194e284e39ad075a6f78a9324.png
7970,"2020-10-31 23:04:49",Infamous,,red,af,https://discord.gg/gKnu6UTPgy,10.25,https://politicsandwar.com/uploads/0c5b4e343a2b1cf86868e40d747aaecd6a42b3f7509.jpg
7982,"2020-11-02 00:04:29","VanillaVault 1",CB,orange,af,,5023.75,https://politicsandwar.com/img/flags/australia.jpg
7983,"2020-11-02 02:49:41","Her Divine Imperial Majestys Throne",7K-I,blue,af,https://discord.gg/ccBd4utnEd,1501.87,https://politicsandwar.com/uploads/4e54e68be3504de20fbb142ae9e66dde6e8e0789670.jpg
7988,"2020-11-03 05:10:19","3B Group",3B,red,af,https://discord.gg/X92E4uZFWC,7252.50,https://politicsandwar.com/uploads/10a0f8eef4624fffe4dd19f0d95dc64d4813f0e6640.jpeg
7989,"2020-11-03 09:39:48","Corporate Union",CU,purple,af,https://discord.gg/Ugzp5xufEX,34053.12,https://politicsandwar.com/uploads/85997d2bac2ad4f47e8dcc486a70a76d3ee9372c851.png
7990,"2020-11-03 14:56:16","The Outhouse",,maroon,af,,6308.00,https://politicsandwar.com/img/flags/betsy_ross.jpg
7994,"2020-11-04 00:15:34","Just Taiga",JT,green,af,,3377.00,https://politicsandwar.com/uploads/c9cf1ee731b4a9836ea5e446de6747ad8b731542500x300174.png
7995,"2020-11-04 00:50:22","Niflheim Empire",,red,af,https://discord.gg/9JSsdytgB7,1418.94,https://politicsandwar.com/uploads/99e999aa720c20bdf0d04d167bf0459fd35c03da833.png
7997,"2020-11-04 02:50:41","Mothership Zeta",7K-NW3,brown,af,https://discord.gg/RVb7E3m,1503.94,https://politicsandwar.com/uploads/ad36737cfc320fafb79dbfe33848edefca2ddecf416.gif
8010,"2020-11-06 20:03:16",Asylum,,green,af,,4610.00,https://politicsandwar.com/uploads/cc16735c0b3f750a2b177d62b4bb77f824c9c7e8500x281559.gif
8027,"2020-11-10 16:36:26","The United Treaties",,blue,af,,119.52,https://politicsandwar.com/img/flags/croatia.jpg
8032,"2020-11-11 18:56:35",Gladiators,Glads,black,af,https://discord.gg/7xQPVVAsWP,8053.60,https://politicsandwar.com/uploads/fc13d455602ef8c4bf20fa16de9356bcb4018abb937.png
8033,"2020-11-11 23:56:21",Krapmussmells,,olive,af,,3712.50,https://politicsandwar.com/uploads/a559dc1c774a19d0d044a77491e24a7a6f91887c500x300892.png
8034,"2020-11-12 02:51:55","Global Peace Treaty Organization",GPTO,blue,af,https://discord.gg/ZYU85Uf5YU,179.58,https://politicsandwar.com/img/imgur-old/d63d8ea6cd409d7c6912beb629620058c261fe91171.png
8041,"2020-11-13 18:05:16","Kebab Store",,lime,af,,2552.50,https://politicsandwar.com/uploads/133f4a7d369967b6a9bb54bd024ad3c07c221290813.png
8043,"2020-11-13 19:47:07","Spank Bank",,black,af,,8440.60,https://politicsandwar.com/img/imgur-old/917568acf2b88122f2e687d5bcfe41c8db855e95744.png
8048,"2020-11-15 00:02:22","City Builders",,aqua,af,,2650.03,https://politicsandwar.com/img/flags/angola.jpg
8059,"2020-11-18 16:15:35","The Forum Cause",FC,maroon,af,,1560.82,https://politicsandwar.com/uploads/9caba92d7e6de2cf974804271788fee7a6af3ff0256.jpg
8062,"2020-11-19 12:45:15","the Rooster Enterprise",tR€,maroon,af,https://discord.gg/9ZFjxbx6fG,2893.50,https://politicsandwar.com/uploads/faab466de6898ce81abfe643475d49320d744b5d500x334111.png
8065,"2020-11-19 16:54:21",Deez,DK,pink,af,https://discord.gg/SKsmhM2p4Z,4770.62,https://politicsandwar.com/uploads/324114b495d89288bab41adef0a808e78c60d0cd103.jpeg
8069,"2020-11-20 00:06:09","Holy League of the Dawn",HLD,white,af,https://discord.gg/YkErAW2kTj,16666.56,https://politicsandwar.com/uploads/fcf982ded2f45801ab3c7f4a8dcf0fd1993e569d287.png
8072,"2020-11-20 08:55:54","MONKE HEADQUARTERS",,pink,af,,12427.50,https://politicsandwar.com/uploads/9fff6a0ce5e0a0b51b1b20b773dd5e80668bf66a311.gif
8080,"2020-11-22 17:21:55",Macedonia,,red,af,https://discord.gg/yBsUqqHQ,1826.01,https://politicsandwar.com/uploads/eb8466ed2fbf33d4a0cc7d6b768e9f1eb5cb2eb5164.jpg
8094,"2020-11-26 05:14:13","The Disunited Armies",DA,red,af,,4581.00,https://politicsandwar.com/uploads/53033ed8142d2a3ec79474825df9d54a76004c35881.jpg
8100,"2020-11-28 23:15:28","The Company",TC,green,af,https://discord.gg/hJQ8jjHe2k,86923.50,https://politicsandwar.com/uploads/04432c9e474c56258214ad9af46114e2de5d84f1500x300145.jpg
8105,"2020-11-30 15:40:59","Confederate Nations of Orbis",C.N.O.,white,af,https://discord.gg/87YN5cuCcc,1297.87,https://politicsandwar.com/uploads/cae86be0228c271173f053ac97ed15c8bb7b2461505.jpg
8111,"2020-12-03 08:13:32","Golden Dawn",GD,yellow,af,https://discord.com/invite/B28J5tzHkC,20901.97,https://politicsandwar.com/uploads/bf637f2dfe31e11e2f7fd57015e2fe495f93993d904.png
8113,"2020-12-03 17:28:04","Celtic Commonwealth",CC,lime,af,https://discord.gg/D6NeFTuD3b,4444.89,https://politicsandwar.com/uploads/a96099871a030e3ed7dce708b7a52d2beb8bcdc5276.jpg
8120,"2020-12-07 06:19:54","The Japanese Trade Bloc",,maroon,af,https://discord.gg/bxq4kCDVHD,1025.80,https://politicsandwar.com/img/flags/japan.jpg
8123,"2020-12-08 13:12:08","The Jedi Order",TJO,blue,af,https://discord.gg/RVUMNQQ,13857.91,https://politicsandwar.com/uploads/86d39389fbec31a18051cd25a3ac1e1236e8fe03x653.jpeg
8125,"2020-12-11 02:27:39","Admin Test Alliance",,aqua,af,,700.71,https://politicsandwar.com/uploads/5986b5340c23836d36bb0dcd0b3d5ec31a3b1991871.jpg
8126,"2020-12-11 02:28:27","The Grox",,white,af,,3975.00,https://politicsandwar.com/uploads/106c2c1252d26d190a27edcae65820eff2c757db264x300868.png
8136,"2020-12-14 16:52:15","United Contributes of North America",UCNA,blue,af,https://discord.gg/8mnHKSBSyc,0.00,https://politicsandwar.com/uploads/3fb80a8d6879d86958d00a7ca18dd4f0e1261fd9500x242208.png
8138,"2020-12-14 21:23:03","Imperial Treasury",,lime,af,,1768.50,https://politicsandwar.com/uploads/580d2e2722ea56f0622534a1e51041a0e73df796500x346647.png
8139,"2020-12-15 00:29:11","House Karstark",HKB,olive,af,https://discord.gg/hgtxSmETAa,9196.50,https://politicsandwar.com/uploads/d0f3e4b1cb279c250cb8ffa93e10f0e79b6d5a60x119.jpg
8142,"2020-12-15 02:45:55","Sylvain Monarchy",Sylvain,maroon,af,https://discord.gg/83NqKDUgfC,4053.68,https://politicsandwar.com/uploads/207a6a0ee6d368e15d2778216dc3b7a2dec12378x862.png
8145,"2020-12-15 21:17:54",FrenchM,,green,af,https://discord.gg/S2nX5aJ4RT,5340.00,https://politicsandwar.com/uploads/702110343372ced487018a9a12e7ba40acbdd41e500x290480.jpg
8146,"2020-12-16 13:48:13","The Squirrels",,brown,af,,3276.14,https://politicsandwar.com/uploads/8988194a742cdfa78c0514e15cda7a23be1333b4900.jpg
8148,"2020-12-16 21:26:23",Shuriken,✯,maroon,af,,6097.50,https://politicsandwar.com/uploads/59e1d2aabb6161bd5464e636d5232f0dccec5b68x107.png
8150,"2020-12-17 01:43:14",Avalanche,,white,af,,12012.84,https://politicsandwar.com/uploads/87ddc3f09bb65f619c12d5c3e49276079ea534c1x307.jpg
8154,"2020-12-17 17:22:04","Rockefeller Group",RG,olive,af,https://discord.gg/4YBPctv,6898.72,https://politicsandwar.com/uploads/3ceddaa30e82e7419e5598d68fd062f3aad7cc70250x204387.png
8158,"2020-12-18 17:14:54","No Pixel Order",NPO,maroon,af,https://discord.gg/aSmTyR53mW,3105.79,https://politicsandwar.com/uploads/cb5f6efd737b7bccdfb5718081c4fd39a7ebf11ax51.jpg
8161,"2020-12-18 20:58:18","Ethereal Gang",EG,pink,af,https://discord.gg/ctDyD8pxSe,20326.50,https://politicsandwar.com/uploads/6d7fa89abe833d7f323fbd9f9120f9086ca0ff3e500x281682.jpg
8171,"2020-12-21 13:00:37","The Black Death",TBD,black,af,,29586.86,https://politicsandwar.com/uploads/717d5a30774fe98a307d77e047e6e97685c2c077x405.png
8172,"2020-12-21 15:56:35","The Britlandish Union",TBU,purple,af,https://discord.gg/cuGnmPF2k5,2299.18,https://politicsandwar.com/uploads/9f11a7ec8fea4c123838cb292538beb06bc295dbx384.png
8173,"2020-12-21 16:16:11",Arsenal,ASNL,white,af,https://discord.gg/gJhhdQkNV3,19192.20,https://politicsandwar.com/uploads/bd30ac67a06b93b5d246da778f03fa81d3d012f0500x281743.png
8175,"2020-12-21 20:27:24",Nexus,,lime,af,,3150.00,https://politicsandwar.com/uploads/0ce53a85e55a5d3875daab0e583077b89420558fx449.gif
8177,"2020-12-21 23:04:35","The poggers playground",nou,black,af,,1295.98,https://politicsandwar.com/img/flags/somalia.jpg
8178,"2020-12-22 15:47:47","Warriors of Valhalla",WoV,white,af,https://discord.gg/tB5VdPSVmu,29705.54,https://politicsandwar.com/uploads/360636b8f49b68720e05c94fce6c5f45db80653f500x300116.jpg
8179,"2020-12-22 16:16:04","High Gods",,yellow,af,https://discord.gg/X5QJJgtr3z,28180.91,https://politicsandwar.com/uploads/3d78f74319e8aa8dcace419a5a13bffe101059bc44.png
8184,"2020-12-27 02:18:32","Wrath of Sparta",,green,af,,2789.11,https://politicsandwar.com/img/flags/piratesheep.png
8186,"2020-12-27 19:27:46","The Boreal Union",BU,purple,af,https://discord.gg/WEBjZ4zcwM,0.00,https://politicsandwar.com/uploads/57df345c3bec990d045fd7013ae9446655fbfc85x917.png
8188,"2020-12-28 11:10:01","Spanish Empire",,yellow,af,,1511.57,https://politicsandwar.com/uploads/301b59fa5790ddc4087faaa7107c9567521f8f5d83.jpg
8189,"2020-12-28 15:42:11",NCHX,,yellow,af,,3228.98,https://politicsandwar.com/uploads/fb120eb13fbcdf859f8e2629b41547ba05a0168b470.jpg
8190,"2020-12-28 18:55:10","Not Rohans Bank",,orange,af,,6385.20,https://politicsandwar.com/uploads/07dd682a7e2b39fbda67195c66a7cf043da60340398.png
8191,"2020-12-28 22:13:20",Virtue,V,green,af,,1810.93,https://politicsandwar.com/uploads/106fd0e2d55fad2515bae35fc4fdbc9d0b68e41dx431.png
8192,"2020-12-29 03:50:46","Basic Syndicalist Mechanics",,green,af,,5893.60,https://politicsandwar.com/uploads/de3435cd089fea594f33b16ff02bc76fb95e6d6d500x30041.png
8193,"2020-12-29 09:21:56","Lost Souls",,aqua,af,,3258.63,https://politicsandwar.com/uploads/2b0413091a8e33ee68af7aab4669be721745eb60182.png
8194,"2020-12-29 21:35:53",MythicC,MOO,green,af,https://discord.gg/Zh73hQ7,5745.63,https://politicsandwar.com/uploads/13d6cdc3c16337e2f764587d58f392460fbd731e500x284853.jpg
8196,"2020-12-30 01:40:38",Subspace,AME,green,af,https://discord.gg/PGqFjWr7HK,2243.56,https://politicsandwar.com/uploads/6df33b12c8cff7ac9248c8e832b0449e62b9b66e500x280662.jpeg
8197,"2020-12-30 23:16:33","altra vez",,aqua,af,,1488.27,https://politicsandwar.com/uploads/77eb9eca388c7dc2ace9ebf9e716dbbd2469097a704.png
8201,"2021-01-01 23:26:46",Ardor,Ardor,brown,af,https://discord.gg/29Dr8xzGK7,7128.09,https://politicsandwar.com/uploads/0988c5ef714fa25b75362598561128116f114f58500x329235.jpg
8202,"2021-01-02 01:09:29","Angry Horde of Steel",AHS,black,af,https://discord.gg/56PzyX6SbX,4371.90,https://politicsandwar.com/img/flags/zaire.jpg
8204,"2021-01-03 12:57:07",Offshore,,green,af,,7135.00,https://politicsandwar.com/uploads/e80ba66083b482282f94e000d9d616422b62dfce500x269529.png
8205,"2021-01-03 20:07:08",Hegemony,HM,green,af,,10988.53,https://politicsandwar.com/uploads/ef81ff17b7aecb6efa9f3112af9f910111d82676414.png
8206,"2021-01-04 02:39:03","Alpha Centauri",ACE,black,af,https://discord.gg/ev2WuPF2Hu,4754.21,https://politicsandwar.com/uploads/4bbe80285731f06993ac137bbf463fd49110241d500x309406.jpeg
8207,"2021-01-04 19:53:30","The Monarchy",TM,red,af,https://discord.gg/7t48u4gNQy,6583.29,https://politicsandwar.com/uploads/c6904dcb9b17e29768fd59113697a09393352bb9500x300999.png
8209,"2021-01-05 05:35:54","The New Covenant Empire",NCE,red,af,https://discord.gg/9M56gBKXFF,1283.72,https://politicsandwar.com/uploads/4f3e93dade7661bac82ca45ced7b61445fa03c92500x333597.jpeg
8210,"2021-01-06 21:40:45","Here There Be Monsters",HTBM,aqua,af,,3077.95,https://politicsandwar.com/uploads/2f6f1b488e4672725a4abaedbe3713b4d2a88c9e400.jpg
