﻿alliance_id,date_created,name,acronym,color,continent,discord_server,score,flag_url
615,"2014-08-05 12:32:17","Seven Kingdoms",SK,orange,Ar,https://discord.gg/3uCF26s,36091.32,https://politicsandwar.com/uploads/86bdc587ed74b9544f5c2f523bb490d6016c483a500x281478.jpg
619,"2014-08-05 19:39:15",Guardian,Guardian,orange,Ar,https://discord.gg/wFbUzM2,298142.52,https://politicsandwar.com/img/imgur-old/200afe185770407ae6a603ade7ba9bfbad379813917.png
622,"2014-08-06 13:37:26","United Purple Nations",UPN,purple,Ar,https://discord.gg/mfUxYv7CyR,119186.89,https://politicsandwar.com/uploads/7b344dbae82ec4d46732f07d75c9def0aac04391500x319696.png
623,"2014-08-07 10:12:02",Acadia,Acadia,aqua,Ar,https://discord.gg/9wKzZbU,1542.00,https://politicsandwar.com/uploads/53a996d6308d048c5ad0b73e8897545657b86834773.png
770,"2014-10-26 13:21:40",770,LO,red,Ar,https://discord.com/invite/FGS7jr7,7085.13,https://politicsandwar.com/uploads/593bdc81b8443f2807e460b2dae5ca1f133f7f5c500x300790.png
790,"2014-11-04 23:13:16",Rose,🌹,pink,Ar,https://discord.gg/Fp5Ngqg,887063.60,https://politicsandwar.com/uploads/44281a3850798414f684dd71788f77f00934c81a500x300138.png
831,"2014-11-21 17:26:29","The Syndicate",t$,green,Ar,https://discord.gg/fFRTG3dfUb,577503.50,https://politicsandwar.com/uploads/4943f976375bf77cafa3a32b9df7772dd8d5da1a500x300258.png
866,"2014-12-08 09:18:04","Guardians of the Galaxy",GoG,lime,Ar,https://discord.gg/DVGzNXM,0.00,https://politicsandwar.com/uploads/111dd01422c16de66f4d06040c7451118efd002b957.png
877,"2014-12-12 23:23:13","Black Knights",BK,black,Ar,https://discord.gg/VrJFQMBH2R,195822.55,https://politicsandwar.com/img/imgur-old/917568acf2b88122f2e687d5bcfe41c8db855e95744.png
913,"2014-12-19 14:34:25",Arrgh,Arrgh!,black,Ar,https://discord.gg/jCAQFtJ,155828.60,https://politicsandwar.com/uploads/18a9ab5a2129d6cf64b1a68236a5613ec71dead2x553.jpg
1023,"2015-01-26 15:22:05","The Fighting Pacifists",TFP,white,Ar,https://discord.gg/5yT5tWS,488257.79,https://politicsandwar.com/img/imgur-old/e615124b5ba48f1706ed7c822a749cdc89280a89711.png
1210,"2015-03-21 22:52:21","World Task Force",WTF,maroon,Ar,https://discord.gg/3AXHN5B,50932.84,https://politicsandwar.com/uploads/7f1b6b4092cde322a7209affa489041e91427225216.png
1246,"2015-03-29 20:09:40",Farkistan,FU,blue,Ar,https://discord.gg/HDjRySg,101862.87,https://politicsandwar.com/uploads/100fe13335b6c085e46e699bf8d856d1ee996207315.png
1584,"2015-06-29 17:25:50","The Knights Radiant",TKR,orange,Ar,https://discord.gg/t7dzPAV,696893.10,https://politicsandwar.com/uploads/1ab161553c17912765716fddd8da7ec96c4a93a5500x300173.png
1634,"2015-07-13 22:58:28","Nuclear Knights",NK,pink,Ar,,4021.94,https://politicsandwar.com/img/imgur-old/2789fc1020e3724279488982a02ab4a29b558dad25.png
1723,"2015-08-08 02:13:24","TRUMP 2016",TRUMP,pink,na,,120.90,https://politicsandwar.com/img/imgur-old/e7f77385327365d10712e34790c1d27b19984cb4595.jpg
1742,"2015-08-14 18:32:07","The Wei",TW,white,Ar,https://discordapp.com/invite/B7rpfvx,205403.80,https://politicsandwar.com/uploads/03e7022940009f224763303b4fb7c224401009e5500x300666.jpg
1896,"2015-10-05 16:50:32",Pantheon,🏛️,yellow,Ar,https://discord.gg/8w5mHFe,12035.00,https://politicsandwar.com/img/imgur-old/aabdb8d0f25956ba861bb1c365c404835995c5a5705.png
2082,"2015-12-01 16:15:42","New Pacific Order",NPO,brown,Ar,https://discord.gg/AQMFg2A,6110.12,https://politicsandwar.com/uploads/f6d9d9cd426226b55504e8fe7c941c10cb7eb6ba700.png
2358,"2016-02-16 19:50:46",Polaris,NpO,blue,Ar,https://discord.gg/XkymPz2,86125.33,https://politicsandwar.com/img/imgur-old/a69030707aac568c9eb564ed58dfa6bacfa34da5165.png
2510,"2016-03-20 06:51:10","Order of the White Rose",OWR,olive,Ar,https://discord.gg/NcugYxp,156108.68,https://politicsandwar.com/uploads/df37fe596437c09410b1148dfc0a23c474cb1160500x300359.png
2594,"2016-04-04 10:01:03","United Socialist Nations",USN,red,Ar,https://discord.gg/e2VvhPwnb7,91810.53,https://politicsandwar.com/uploads/b359bc0758d97a417b49d116c1e147674fdfa9b3500x3003.png
3339,"2016-09-23 00:04:24","Grumpy Old Bastards",Grumpy,green,Ar,https://discord.gg/8BZztQQ,301275.83,https://politicsandwar.com/uploads/c3c6b42d867ffd38eafedaf07cdfda4469e82998454.png
3427,"2016-10-07 17:28:42","The Commonwealth",tCW,maroon,Ar,https://discord.gg/Gv26Kzr8ZU,335989.22,https://politicsandwar.com/uploads/e22ede7678a0335b17bc4a5b099a9647af82b97c500x270970.png
3554,"2016-10-22 11:20:03","One is the loneliest number",Lonely,lime,Ar,https://discord.gg/8npsj67,1118.90,https://politicsandwar.com/uploads/1e49178196abe3b9f6411b663b515dcf2620fc5b946.jpg
3683,"2016-11-08 20:24:05","House Stark",HS,olive,Ar,https://discord.gg/qVRndGfJFc,177895.13,https://politicsandwar.com/uploads/2ca6c0f6672ee005f4b613520ad75bc63e9af00a500x333751.jpg
3940,"2016-12-20 00:38:26","The United Empire of ZahAharon",TUE,purple,Ar,https://discord.gg/yZmr9av,2190.00,https://politicsandwar.com/uploads/5ba2f1328cb1211b742c91c72d9c34db1248101b489.png
4124,"2017-02-01 17:00:43","Knights Templar",KT,green,Ar,https://discord.gg/Hkm7mMWGap,14985.00,https://politicsandwar.com/uploads/5ed63443e71713aae7819af4dd721beda896b1dd500x300832.png
4137,"2017-02-23 20:46:46","United Alliance for Freedom",UAF,olive,Ar,,526.87,http://i.imgur.com/GfV4IMw.png
4149,"2017-03-17 18:06:30","Church of Spaceology","Evil Bo",purple,Ar,https://discord.gg/7rQ5vfY,0.00,https://politicsandwar.com/uploads/319e04377bdb89d51581adcfe8401563cd82f61a651.jpg
4150,"2017-03-19 10:05:19",Yarr,GOLF,black,Ar,https://discord.gg/cbF74Dg,113551.05,https://politicsandwar.com/uploads/57056016e0494b5e9e860188582d4db5ac119883500x333979.png
4205,"2017-05-10 18:55:22","Cosa Nostra",CN,brown,Ar,,576.88,https://politicsandwar.com/uploads/157531a8ba85563bf518921e98ba9c91bf743cd3406.jpg
4221,"2017-06-11 12:22:29","Dark Brotherhood",DB,black,Ar,https://discord.gg/Uyn3m5D,196954.89,https://politicsandwar.com/uploads/3af8f5023602b9d1cd12588b7d379a0f9f896e43586.png
4271,"2017-08-09 02:18:58",Oblivion,"S H I T E",green,Ar,https://discord.gg/YRerfDpaKJ,64688.63,https://politicsandwar.com/uploads/a8910306b92fbce80d563dd429150b593f7cc575102.jpg
4397,"2017-12-10 03:25:36","Strickland Propane",Strickland,brown,Ar,https://discord.gg/SFEpZNf,36462.73,https://politicsandwar.com/uploads/a118889f96a7c98bd6c465415353aaf6452d9915500x300529.png
4468,"2018-01-07 07:22:03","Purple Flower Garden",PFG,orange,Ar,,19485.00,https://politicsandwar.com/img/imgur-old/0f4f936ea7c16e834208f05cef1a98f6c0eddb47463.png
4567,"2018-02-23 02:31:21","The Golden Horde",TGH,yellow,Ar,,0.00,https://politicsandwar.com/uploads/0c2ce4037c47587bc3f2cb008800b6821f0850d7382.png
4568,"2018-02-23 08:41:56","Outer Heaven",OH,black,af,https://discord.gg/EdbQAyq,0.00,https://politicsandwar.com/img/imgur-old/2eb12dc171cecfd21d2fa45de656c0da27e45ffa683.png
4623,"2018-03-18 07:10:01","The Empire of the Moonlit Sakura",7K,pink,Ar,https://discord.gg/Df4AsDtbXh,1690.00,https://politicsandwar.com/uploads/77a7d97093ba2365abccad3f88475c9d2769678584.jpg
4638,"2018-03-21 05:20:16","The Federation",TF,blue,Ar,https://discord.gg/DHT6kgc,79969.99,https://politicsandwar.com/uploads/bb7d4269a0b1df30032995f5d901db110a16bf73500x300919.png
4648,"2018-03-22 22:26:01",Aurora,AUR,purple,Ar,https://discord.gg/ghbQ5QY,160227.74,https://politicsandwar.com/uploads/a5b0161b04704c3a80273041a3d613807015be24500x281702.jpg
4729,"2018-04-13 22:07:21","Church Of Atom",CoA,green,Ar,https://discord.gg/DCQsEuf,114365.63,https://politicsandwar.com/uploads/a18a33770a8efb8ce21bf21468d6f7d404e73392500x333798.png
4829,"2018-05-05 16:54:12","The Enterprise",e$,lime,Ar,https://discord.gg/3nWd9yWhXj,116746.17,https://politicsandwar.com/uploads/8a61e23ce14f9c3ae1a81548a7296a640477af01x691.jpg
4937,"2018-07-13 09:44:55",Camelot,🐲,maroon,Ar,https://discord.gg/AUVakUh53a,186503.10,https://politicsandwar.com/uploads/18336703d151779287112c3a4ee0c2a4b3465d2e500x300251.png
5012,"2018-08-19 21:19:31","Respublica Romana",R&R,pink,Ar,https://discord.gg/rUJyB4U,96637.04,https://politicsandwar.com/uploads/39f0baf448344386f2e89289cf73726f6bad8891x353.jpg
5039,"2018-09-09 00:20:10","Goon Squad",GS,maroon,Ar,https://discord.gg/uJGwKCK,32971.03,https://politicsandwar.com/uploads/f62cf330574ddc0dbd044b54a721efcbbef2d145647.jpg
5049,"2018-09-17 19:17:51",Carthago,CTO,olive,Ar,https://discord.gg/WAK7FWDkf8,264791.51,https://politicsandwar.com/uploads/9a7bcddab032abc1922f8e0821535c6b83e02067x723.png
5121,"2018-11-03 08:30:55","Lannister Mausoleum",,maroon,as,,0.00,https://politicsandwar.com/img/imgur-old/403b570738062b87c7e8982f6cca706324d65ff8303.jpg
5326,"2019-02-16 00:24:08","The United Armies",UA,red,Ar,https://discord.gg/pfZNF7ER7z,41868.63,https://politicsandwar.com/uploads/7fbf58ad4ca0b235b7b7087aba6dfb53be1ca00f500x25525.png
5343,"2019-02-25 01:03:00",Kazoku,KZ,yellow,Ar,https://discord.gg/HjfXc6H,737.69,https://politicsandwar.com/uploads/aa496341ce8393fa53c3e1c59e4b2586a47eecc2533.png
5455,"2019-04-22 21:48:50",Vanguard,VNG,black,Ar,https://discord.gg/qkT4taP,539.70,https://politicsandwar.com/uploads/46c1e2c2ac4774864c4dbe596127f258b5109cd3392.jpg
5476,"2019-05-06 16:50:03",Weebunism,🌸,brown,Ar,https://discord.gg/VMxbrMR,239192.92,https://politicsandwar.com/uploads/4ab3fc36a5daf2e585c8ea6a00ac21ee8e7ec04d500x300622.png
5491,"2019-05-11 04:07:07","Si Hong",SH,red,Ar,https://discord.gg/TKJbwyJ,1210.00,https://politicsandwar.com/uploads/730a1b5c50be58d2343759c9a83863bd96059c58125.png
5592,"2019-06-06 20:17:54","The Co-Prosperity Union",CPU,blue,Ar,https://discord.gg/BnzdHTb,1539.13,https://politicsandwar.com/uploads/fd796d900ca3403eef8a8ee805c3e26fd211d3df836.jpeg
5658,"2019-06-23 00:17:04","Unforgiven Legion",U.L.,purple,Ar,https://discord.gg/Wjek998,72177.92,https://politicsandwar.com/uploads/042321cca3f71b92cf4a57e5c77e3a113dbfd298500x298636.png
5722,"2019-07-07 20:31:40","Whiskey Street",&,blue,Ar,https://discord.gg/RqWDk5Q,0.00,https://politicsandwar.com/uploads/ebe4aedb7f3996d0fd30a11f67e825c50f6192e2500x300349.png
5735,"2019-07-12 10:10:05",Demacia,DEM,olive,Ar,https://discord.gg/Jhw3gqF,510.06,https://politicsandwar.com/uploads/811bba955c118239571e0e95f0d0c31f079f507c328.png
5796,"2019-07-22 00:48:26",Atlantis,ðŸ”±,aqua,Ar,https://discord.gg/eFTs7uR,0.00,https://politicsandwar.com/uploads/cf30a6de0dc187d67c51e9074f2b6e5688260560189.jpeg
5875,"2019-08-04 19:30:43","The Immortals",IMMORTALS,yellow,Ar,https://discord.gg/8w5mHFe,524036.16,https://politicsandwar.com/uploads/116d84b394b17c1268802788270d33c81370a6ebx767.png
5968,"2019-08-20 01:15:22","Green Protection Agency",OCTAVIA,green,Ar,,1191.90,https://politicsandwar.com/uploads/ace09ba9e6759c7f52603ca86a0903a6573b5c9e64.png
6034,"2019-08-28 13:49:40",Mehh,Mehh,white,Ar,https://discord.gg/bQbkMcw,0.00,https://politicsandwar.com/uploads/ca272453a3f9462e54e3ce56e3f65992e5b90ead763.png
6076,"2019-09-04 21:51:01","Teutonic Order",NTTO,white,Ar,https://discord.gg/PJWybKapBB,0.00,https://politicsandwar.com/img/flags/sovietunion.jpg
6088,"2019-09-07 22:29:58","Terminus Est",💀,green,Ar,https://discord.gg/7xSa8WrbJA,216106.29,https://politicsandwar.com/uploads/81d8cb1c9bbc1e79a04d44c72f6012b57e95b1aa500x300926.png
6126,"2019-09-14 03:39:06","The Lost Empire",TLE,pink,Ar,https://discord.gg/VNH3FpavTh,21340.48,https://politicsandwar.com/uploads/0e0f8f8f22770da805b604ea65075228a2f201f9500x258384.jpg
6143,"2019-09-16 21:48:55",Morningstar,🅼🆂13,black,Ar,https://discord.gg/SpxrYbq,87645.69,https://politicsandwar.com/uploads/71fa2df73a9bb2972e6b93d8a865aad33d11f3dax67.gif
6215,"2019-09-24 23:02:41","Soldiers of Liberty",SoL,blue,Ar,https://discord.gg/wzakahQudM,240424.70,https://politicsandwar.com/uploads/a520e30f32650b5855bf69b878f6e22f1df9a9dc500x300480.png
6696,"2019-12-06 07:02:25",AVENGERS,Avengers,brown,af,https://discord.gg/fAS8jH4,644.73,https://politicsandwar.com/uploads/58a76434a77202fc133e337d0f43b8f922babaa575.gif
6703,"2019-12-08 02:21:33",TheNorthWesternSouthRegionofthefarEast,NWSRFE,purple,af,https://discord.gg/D9rcD4n,5930.73,https://politicsandwar.com/uploads/bd3e8b523779389b08cd13b98e9676fe8853b8b3129.png
6811,"2019-12-29 00:12:47","Middle Eastern Pact",MEP,black,af,,834.36,https://politicsandwar.com/uploads/a88c47ed18fe54f8b95ceb6d951600380b77f4a7842.png
6877,"2020-01-07 23:40:55","Advanced Syndicalist Mechanics",ASM,red,af,,129570.25,https://politicsandwar.com/uploads/991b56745dd1be8bd4ed1c4644afd1ca06d706dd500x333367.png
7000,"2020-01-19 18:26:32","Banana Stand",BS,orange,af,https://discord.gg/t7dzPAV,29568.02,https://politicsandwar.com/uploads/60091fdd06fcbf59641885517f514c3660f474a2x98.png
7094,"2020-02-02 10:53:42","The Coal Mines",TCM,blue,af,https://discord.gg/4hKVZDS,9756.22,https://politicsandwar.com/uploads/ceb80d98071ee996ea6bcb08ebba42535651035f500x26345.png
7183,"2020-02-10 04:10:44","Wizards Citadel",WC,purple,af,,2084.78,https://politicsandwar.com/uploads/650dccfaf831fbb93821ba62ab0413d8affa4d84275.png
7204,"2020-02-12 17:12:01",Elysium,ðŸ·,black,af,https://discord.gg/3xQtdrf,1404.46,https://politicsandwar.com/uploads/811f5f2040ae2da1c0c966c62a428a0ff2967380108.png
7249,"2020-02-19 19:32:31","The Firm",$f,green,af,,21577.50,https://politicsandwar.com/uploads/acde1ad6c273e804750867b1b278e85ffda51fb5589.jpg
7283,"2020-02-29 14:58:51","The Void Touched",VT,white,af,https://discord.gg/CqyqH3X,2887.51,https://politicsandwar.com/uploads/e4bf8c80bae18ad224f90387cb8c1ec17611b5a3616.png
7346,"2020-03-11 23:55:25","Chocolate Castle",CC,pink,af,https://discord.gg/V6Vmq96,14826.30,https://politicsandwar.com/uploads/ded131b45a77f67b7714b8cdd637041c914c8ba4500x333251.png
7366,"2020-03-17 17:48:08","Parisian Commune",,red,af,https://discord.gg/8gsTGb,4221.26,https://politicsandwar.com/uploads/ebb59d0ee172899e8645b6821f116314c8fa0616x419.png
7375,"2020-03-20 19:04:15","The Roxchean Confederations",ROX,maroon,af,https://discord.gg/YVVaGbB,0.00,https://politicsandwar.com/uploads/26eaf377d29b33c070e5da7e355ff04593a33b6037.png
7387,"2020-03-25 21:17:23","The World Civility Org",TWCO,blue,af,,0.00,https://politicsandwar.com/uploads/936596fb1e1c9f9109f9edba493536b848b015ec517.jpeg
7399,"2020-03-28 21:05:20","Rothschild Family",RF,green,af,https://discord.gg/zVcd5NE,62576.66,https://politicsandwar.com/uploads/2e5119a56b1da536a08241e254ee287bf853fde4643.png
7433,"2020-04-06 02:09:18","Almighty Corporation",ALMC,pink,af,https://discord.gg/aDnRmzH,10474.73,https://politicsandwar.com/uploads/f546e0e1042b03467c682e53bd214abff4fdaf5e500x3007.png
7450,"2020-04-12 18:27:50",Eclipse,,brown,af,https://discord.gg/sGzXF7P,393809.30,https://politicsandwar.com/uploads/eccfba9efe96bdb092626862cb87b615c8245c61x886.gif
7452,"2020-04-13 19:15:17",Cataclysm,CATA,olive,af,https://discord.gg/QsJKSVzTmv,416108.06,https://politicsandwar.com/uploads/f6664043f43de0a35b488e7fe515bfdd14ba0b0b500x333126.png
7484,"2020-04-25 14:13:28","Global Alliance & Treaty Organization",GATO,brown,af,https://discord.gg/E2vphryNYa,112545.21,https://politicsandwar.com/uploads/1a556a2df74d80c433750ae891e8bac0f0469fdax532.png
7515,"2020-05-08 20:44:08","The Atlantians",ATL,olive,af,https://discord.gg/G69KjEF,0.00,https://politicsandwar.com/uploads/7a9222af0ed22113d21d7d7abe414d15538f48fd490.png
7524,"2020-05-15 05:40:43","The United Republican Party",URP,olive,af,https://discord.gg/TX3ZeXqbt4,7145.98,https://politicsandwar.com/uploads/4e9fc32c3fa58bfccca8a2209f3a55ac9b84ce9981.png
7527,"2020-05-15 22:04:43",Oceania,1984,red,af,https://discord.gg/WwTKpCCeT8,7291.66,https://politicsandwar.com/uploads/7d62b113902894e7eb9e0047a2807c07666421ec500x298894.png
7530,"2020-05-16 17:20:32",Union,,black,af,,0.00,https://politicsandwar.com/img/flags/abkhazia.jpg
7531,"2020-05-17 03:20:14","Convent of Atom",CoA,blue,af,https://discord.gg/DCQsEuf,65023.58,https://politicsandwar.com/uploads/3be8eda535bbda4aa19bcc9d957141892af7fbbf500x333368.png
7536,"2020-05-18 22:40:16","Atlantian Council",AC,black,af,https://discord.gg/YpTqgmna,6380.25,https://politicsandwar.com/uploads/2d0c3536dbc8e0143b058913c1eb82916570189d678.png
7540,"2020-05-19 20:11:02","The Dead Rabbits",5P,white,af,https://discord.gg/YYFfrwSXyS,151972.33,https://politicsandwar.com/uploads/c82c8220ba1f0c69ad694f4b0c2ce28a8fba5391x908.jpg
7545,"2020-05-21 00:06:20","Refugee Farmers","JOIN OR DI",green,af,,950.01,https://politicsandwar.com/uploads/4299bcad4d3d5f328c1bca6743cc118be192bef1641.jpg
7559,"2020-05-23 01:40:38","The Crimson Order",TCO,aqua,af,https://discord.gg/A4WhDwF,1661.58,https://politicsandwar.com/uploads/1430059a4ebb50a21a775944ce958ba2a2641e5c960.jpeg
7565,"2020-05-25 09:29:37","negeri johor",,orange,af,,3662.57,https://politicsandwar.com/uploads/2bf41fd1d21948a7c539d55f3b820492ccd61329676.png
7570,"2020-05-28 07:09:25","Prima Victoria",PV,white,af,https://discord.gg/P4cJZDP,374.53,https://politicsandwar.com/uploads/cb64434078a98f2f3fb45f822722bd45b8599478500x300234.png
7571,"2020-05-28 08:03:57","CENTRELINK AAA",Yam,brown,af,https://discord.gg/s4r2xuwEY5,1787.84,https://politicsandwar.com/uploads/e83cc4fec8a3d8b02147ea2108414997f2c12a10x810.jpg
7580,"2020-05-31 06:19:19","The Legion",SPQR,purple,af,https://discord.gg/RvEAPsp,226543.74,https://politicsandwar.com/uploads/8a7c1bf4941cd42ee3ab2b2f557a18673b53e9aex871.png
7584,"2020-06-01 23:25:07","The Pow Pow squad",,aqua,af,,740.80,https://politicsandwar.com/uploads/321809fc3cf1b9fb3935249251e982652a39163e978.jpg
7590,"2020-06-03 21:05:08","Shark Tank 2",,aqua,af,,0.00,https://politicsandwar.com/uploads/73cdd4afc64c1d701ccc2c49f486ec25c5315fe9406.jpeg
7594,"2020-06-06 18:38:16","The no tax alliance",,yellow,af,,846.91,https://politicsandwar.com/img/flags/unitedstates.jpg
7622,"2020-06-20 22:52:38","Northern Lights",,pink,af,,867.40,https://politicsandwar.com/img/flags/sweden.jpg
7633,"2020-06-26 03:51:03","The Air Nomads",,black,af,,3097.70,https://politicsandwar.com/img/imgur-old/66f83b5f82f65351dc56d657fd4da8cfdbdd6394607.png
7635,"2020-06-27 04:47:37",ThunderStruck,AC/DC,black,af,https://discord.gg/ZdsvZhUzfh,106596.41,https://politicsandwar.com/uploads/d54fb5193c0663b86b921ea0665f149d750a7067x29.jpg
7642,"2020-06-30 18:06:47",Titanio,T22,lime,af,https://discord.gg/bWCxJD3WJj,32698.47,https://politicsandwar.com/uploads/fb81a440f7a2d1c304156441614bce21365e0865500x277587.jpg
7647,"2020-07-03 02:32:24","micro pockyclypse",AYY,pink,af,https://discord.gg/Wheaevc,0.00,https://politicsandwar.com/uploads/e753e8e61132b16df52cb57cb3eb5b00d43621f4500x312953.jpg
7651,"2020-07-06 23:09:54",Concord,CD,brown,af,https://discord.gg/xxaxRTmPGk,1850.01,https://politicsandwar.com/uploads/9f1d0f8ecced342dd38e6b6cb14e9300c52c84cc500x281719.jpg
7674,"2020-07-15 00:11:14","The Mortals",TM,lime,af,https://discord.gg/kHbdR6n,51013.92,https://politicsandwar.com/uploads/29391cc46b88243fb532bd7ceabe958d1a4ab9f0500x333380.jpg
7698,"2020-07-24 06:27:38",NukaWorld,7K-7G-NW,maroon,af,https://discord.gg/rB9nEf9,2721.84,https://politicsandwar.com/uploads/ad36737cfc320fafb79dbfe33848edefca2ddecfx377.gif
7699,"2020-07-24 20:20:41","New World Order",RRLOL,aqua,af,https://discord.gg/d9yZU4c,0.00,https://politicsandwar.com/uploads/644d86d658eef1e52e4074f16c49f560cd34d755384.jpeg
7704,"2020-07-27 11:18:43",boat,,aqua,af,,0.00,https://politicsandwar.com/img/flags/cambodia.jpg
7707,"2020-07-29 02:04:53","Dragon Confederacy",DC,black,af,https://discord.gg/5BTpjEh,2491.52,https://politicsandwar.com/uploads/48cc3a386eb6ae5b4b6a03a2783e8ddbbc86721f500x300674.png
7722,"2020-08-04 05:05:13","bright rays",,blue,af,https://discord.gg/2sq83R,563.47,https://politicsandwar.com/uploads/b0e34fe0dbc50d3721ef7b0c9719e53b66ad28b4379.png
7750,"2020-08-17 07:27:40","United Ummah",UU,lime,af,https://discord.gg/8Q25CyE,78208.34,https://politicsandwar.com/uploads/824aeb6f3abeeb930fe07e98128d602ada746e26500x281867.png
7756,"2020-08-19 17:36:49","The Archangels",TA,yellow,af,https://discord.gg/vKFZ3NG,0.00,https://politicsandwar.com/uploads/c4cfa12a17f2b50b53bd1ec79c085bc43e430499890.jpeg
7757,"2020-08-19 18:32:31",Economica,,orange,af,https://discord.gg/6VZuSkn,0.00,https://politicsandwar.com/uploads/97e584f3d126dfd19c3af8abda8a6091978b7f91622.png
7758,"2020-08-21 21:42:04","District X",DX,blue,af,https://discord.gg/YtYGC95,729.02,https://politicsandwar.com/uploads/60c6fcc9bd540467d056f9461d15611a47c588fb760.png
7787,"2020-08-28 20:50:41","Black and white",,white,af,https://discord.gg/pEMf7hj,743.07,https://politicsandwar.com/uploads/66a6ce025e94c7231252462e5054cc69aeccb5ce422.png
7797,"2020-08-30 14:18:00","Holy Roman Empire",HRE,maroon,af,https://discord.gg/mjk6rU,0.00,https://politicsandwar.com/uploads/640424b89579b62f63c28057819a4ca481ddc48f553.jpg
7802,"2020-09-01 17:11:37","Human Over",HO,black,af,https://discord.gg/4UQhnDM,5432.04,https://politicsandwar.com/uploads/fa9e221e74c4940701a321d0a33a5d946b768232796.png
7803,"2020-09-01 18:10:25","Laffeys Lair",LL,green,af,,10352.50,https://politicsandwar.com/uploads/132c6602ea53eb7450694a69cd63e36454a86b57356.png
7806,"2020-09-02 21:00:48","Neon Dystopia",,lime,af,https://discord.gg/CQ3b55G,2250.01,https://politicsandwar.com/uploads/a5dbad95a2446481c856407a104da68c772d872c286.jpg
7815,"2020-09-06 15:23:49","99942 Apophis",99A,black,af,https://discord.gg/yF24Mgk,28788.72,https://politicsandwar.com/uploads/d451c53bf1a6b5030083bf6f48aed590524d78dcx741.jpg
7817,"2020-09-07 13:07:35","Viridian Entente",Oink,lime,af,,0.00,https://politicsandwar.com/uploads/b30d4dea71f2974ec55a609e9037c96ef15c31e1692.jpg
7843,"2020-09-20 02:47:16","United and Prosperous",,maroon,af,https://discord.gg/2RMsG8,0.00,https://politicsandwar.com/uploads/8d9b894411890367c1150f318b60e463d63a11ae294.png
7868,"2020-09-28 21:47:03",Vibe,VB,green,af,https://discord.gg/SYKDkBufqM,2155.34,https://politicsandwar.com/uploads/63b03276120ad8da169ff74ef681ce453979f5c3x957.gif
7870,"2020-09-29 19:21:14","The International Bloc",,green,af,,853.88,https://politicsandwar.com/img/flags/abkhazia.jpg
7882,"2020-10-05 15:58:19","Tierra media",,olive,af,,0.00,https://politicsandwar.com/img/flags/bolivia.jpg
7902,"2020-10-14 20:02:26","Wigglytuffs Guild",WG,pink,af,,4261.04,https://politicsandwar.com/uploads/a10a4137bc22372c4ebff841c2bc43d855307dc5198.png
7930,"2020-10-23 04:52:39","The Eagle Federation",🦅,orange,af,https://discord.gg/nadhCMRge7,0.00,https://politicsandwar.com/uploads/668500e6f0fbafc8a5853a63e035ceab28783bb8500x300166.png
7931,"2020-10-23 14:48:43","The Imperial Federation",TIF,green,af,https://discord.gg/ssw9TZp,369.18,https://politicsandwar.com/uploads/7f0d7a36c405692df53d960f5b79ebd4d8045481344.jpg
7937,"2020-10-24 17:19:03","Concord Dawn System",CDS,yellow,af,,0.00,https://politicsandwar.com/uploads/aa603c20747893e90fd6783e891beaa602c1b85f917.jpg
7944,"2020-10-27 02:23:23",Acanthus,AH,yellow,af,https://discord.gg/3faDAWY,0.00,https://politicsandwar.com/uploads/f3d08320a9c158c8f8b27e89e838a22f8301f2ad276.png
7952,"2020-10-29 10:50:34",rally,,aqua,af,,983.61,https://politicsandwar.com/img/flags/andorra.jpg
7989,"2020-11-03 09:39:48","Corporate Union",CU,purple,af,https://discord.gg/sDpYRF8yDf,0.00,https://politicsandwar.com/uploads/85997d2bac2ad4f47e8dcc486a70a76d3ee9372c851.png
8027,"2020-11-10 16:36:26","The United Treaties",Welcome,maroon,af,https://discord.com/channels/891526189188001792/891745704765165578,534.66,https://politicsandwar.com/img/flags/croatia.jpg
8043,"2020-11-13 19:47:07","Spank Bank",SB,black,af,,11437.90,https://politicsandwar.com/img/imgur-old/917568acf2b88122f2e687d5bcfe41c8db855e95744.png
8059,"2020-11-18 16:15:35","The Forum Cause",FC,green,af,,857.24,https://politicsandwar.com/uploads/9caba92d7e6de2cf974804271788fee7a6af3ff0256.jpg
8065,"2020-11-19 16:54:21",Deez,DK,pink,af,https://discord.gg/SKsmhM2p4Z,3899.28,https://politicsandwar.com/uploads/324114b495d89288bab41adef0a808e78c60d0cd103.jpeg
8080,"2020-11-22 17:21:55",Macedonia,,red,af,https://discord.gg/yBsUqqHQ,0.00,https://politicsandwar.com/uploads/eb8466ed2fbf33d4a0cc7d6b768e9f1eb5cb2eb5164.jpg
8100,"2020-11-28 23:15:28","The Company",TC,green,af,https://discord.gg/hJQ8jjHe2k,0.00,https://politicsandwar.com/uploads/704674ae503ff04b97feedba4c57540fd09712d2500x333411.jpeg
8136,"2020-12-14 16:52:15","United Contributes of North America",UCNA,blue,af,https://discord.gg/8mnHKSBSyc,545.76,https://politicsandwar.com/uploads/3fb80a8d6879d86958d00a7ca18dd4f0e1261fd9500x242208.png
8139,"2020-12-15 00:29:11","House Karstark",HKB,green,af,https://discord.gg/hgtxSmETAa,2678.07,https://politicsandwar.com/uploads/d0f3e4b1cb279c250cb8ffa93e10f0e79b6d5a60x119.jpg
8161,"2020-12-18 20:58:18","Ethereal Gang",EG,pink,af,https://discord.gg/ctDyD8pxSe,2429.31,https://politicsandwar.com/uploads/6d7fa89abe833d7f323fbd9f9120f9086ca0ff3e500x281682.jpg
8172,"2020-12-21 15:56:35","The Britlandish Union",TBU,purple,af,https://discord.gg/cuGnmPF2k5,1822.67,https://politicsandwar.com/uploads/9f11a7ec8fea4c123838cb292538beb06bc295dbx384.png
8173,"2020-12-21 16:16:11","Divine Phoenix",DP,red,af,https://discord.gg/6JC4YB3Esz,253474.53,https://cdn.discordapp.com/attachments/925584954958696508/947369413328388176/C48C21DF-1E98-454B-A08D-D525540BEC39.png
8179,"2020-12-22 16:16:04","High Gods",,yellow,af,https://discord.gg/X5QJJgtr3z,372.92,https://politicsandwar.com/uploads/3d78f74319e8aa8dcace419a5a13bffe101059bc44.png
8206,"2021-01-04 02:39:03","Alpha Centauri",ACE,black,af,https://discord.gg/ev2WuPF2Hu,1001.31,https://politicsandwar.com/uploads/4bbe80285731f06993ac137bbf463fd49110241d500x309406.jpeg
8207,"2021-01-04 19:53:30","The Monarchy",TM,red,af,https://discord.gg/7t48u4gNQy,5279.03,https://politicsandwar.com/uploads/8cd45b985680d1512a86c8ff4bf5b3adf201e42e500x248449.jpeg
8213,"2021-01-08 22:16:29","Order of Aster",OA,black,af,https://discord.gg/4ETMJwp8ab,0.00,https://politicsandwar.com/uploads/41174a1794c6e9812bc60ffeb5e4191757a725f1500x293100.jpg
8236,"2021-01-16 16:23:43","Name Withheld",❓,orange,af,https://discord.gg/UR6xqsBnVz,158049.61,https://politicsandwar.com/uploads/20f4dc7f5468395aeb4bf85069c09f545cd267c7500x298877.png
8239,"2021-01-17 18:53:54","Federation of kaia",,pink,af,https://discord.com/channels/800499138432204820/800499138432204823,0.00,https://politicsandwar.com/uploads/cbed14b430359d2c38c621949458ef5c226f9a7dx668.png
8249,"2021-01-23 07:20:02","United Monarchies of Orbis",UMO,aqua,af,https://discord.gg/eXStc6d44y,12342.61,https://politicsandwar.com/uploads/0f785bb4da8b6168e422538b07252549cf1cdda5500x300104.png
8250,"2021-01-23 19:14:53","United Bonkers",,white,af,,663.34,https://politicsandwar.com/uploads/da41a6f974ca2cd6f05dc008129727d87525d204500x341374.jpg
8252,"2021-01-24 12:03:50","Waffle House",WH,yellow,af,https://discord.gg/qra8caMeTT,222692.40,https://politicsandwar.com/uploads/10fda9ea07518a502d841d62a0ddd1dc60d40c04500x332578.jpeg
8257,"2021-01-25 05:26:14","rose but better",,red,af,,0.00,https://politicsandwar.com/uploads/a52d1789972fedd91e8698a4b3552454736ea0fd800.jpg
8266,"2021-01-28 13:56:34","THE WORLD ORDER",,aqua,af,,1817.55,https://politicsandwar.com/uploads/c9965c63c3808a2ac74e621098a4a7fd74ee10c7500x333685.png
8274,"2021-02-02 16:55:22","Capi Hnizdo",,purple,af,,0.00,https://politicsandwar.com/uploads/13a61a00deef7f1cd170f544a8d6bb32ccc109b363.png
8280,"2021-02-10 01:00:05","Diamond City",tCW,blue,af,https://discord.gg/Gv26Kzr8ZU,13277.50,https://politicsandwar.com/uploads/06cd73c711d5a5b11c6323c9c29a4b9f2e201453x519.jpeg
8282,"2021-02-10 08:15:01","Antarctic Empire",AE,lime,af,https://discord.gg/4nAQM7RPj4,746.45,https://politicsandwar.com/img/flags/uganda.jpg
8283,"2021-02-10 10:25:47","Alcoholics Anonymous",AA,green,af,https://discord.gg/mMaT42Qv,1081.53,https://politicsandwar.com/uploads/adf2070e791ac5ad7fc5dc82698184070aae3cf3x420.jpg
8296,"2021-02-16 16:17:07","DCC nation",,pink,af,,1683.25,https://politicsandwar.com/uploads/a9d91d6fc7ea24516c9b3a105b8bb917d123e3ebx448.jpeg
8304,"2021-02-21 11:28:10",OPU,,aqua,af,,827.02,https://politicsandwar.com/img/flags/zaire.jpg
8317,"2021-02-27 14:49:28","Nations Over Seas",,purple,af,https://discord.gg/B9yCfBu,901.30,https://politicsandwar.com/uploads/dcb6db61f08c5488843b910056a71fbe0d552710500x333158.jpg
8319,"2021-03-01 05:16:27","The Republic",,maroon,af,,475.49,https://politicsandwar.com/uploads/cae86be0228c271173f053ac97ed15c8bb7b2461505.jpg
8328,"2021-03-06 17:19:31","The Greater Hirvioitan Colonial Empire",GHE,blue,af,https://discord.gg/JxENchCar6,0.00,https://politicsandwar.com/uploads/564b9172350a002bd9dd836d3cec32b83a571e4c500x333980.png
8332,"2021-03-07 21:56:41","Special Antarctic Alliance",SDMA,pink,af,https://discord.gg/BfgtCXxSWs,927.00,https://politicsandwar.com/uploads/6e9279853232f57efd3ae1488af81f5be2de0ee7500x300170.jpeg
8336,"2021-03-08 20:17:20","League of Nations",LON,green,af,https://discord.gg/VWWtcE6mxt,574.24,https://politicsandwar.com/uploads/15eb57c89e0d7104fb1a425422400e3cbc3e0144500x300409.png
8338,"2021-03-09 22:28:19","The Fascist Order",,aqua,af,,930.85,https://politicsandwar.com/uploads/637e8fe8863f19de5c523b4e9d5a33d11227a96f1000x599431.png
8340,"2021-03-12 22:38:43","Hidden Leaf Village",HLV,red,af,https://discord.gg/wnzPnwbsKg,1644.13,https://politicsandwar.com/uploads/239751dd992b1523ef7a435b09b08367f878508dx620.png
8343,"2021-03-13 12:51:59","The Armed Peacekeepers",TAP,lime,af,https://discord.gg/5yT5tWS,142268.14,https://politicsandwar.com/uploads/605a88b5dd09ad8afe646e9cbff512684dc8aa8bx511.png
8344,"2021-03-13 15:36:30","United Nations of Canerica",UNC,lime,af,,5890.46,https://politicsandwar.com/uploads/b30e5d3ece8ef5ed35ab67ad8d8b643eb3dc22ea500x300809.png
8345,"2021-03-14 02:19:03","Temple of Morningstar",,black,af,,2809.05,https://politicsandwar.com/img/flags/europeanunion.jpg
8349,"2021-03-14 23:04:25","The Aegis Alliance",TAA,purple,af,https://discord.gg/p3ArwefDJf,9830.91,https://politicsandwar.com/uploads/00781fc1786e5d3e6ecde45c3f2df4855cae554cx186.jpg
8354,"2021-03-18 06:36:50","The Unity",,black,af,,752.82,https://politicsandwar.com/img/flags/betsy_ross.jpg
8363,"2021-03-23 13:13:18","Ukrainian Team",Ukrairus,blue,af,https://discord.gg/g49fzJyX,0.00,https://politicsandwar.com/uploads/4f49d0239b05df32c783d29c55ca0fc4981236c1500x281189.png
8365,"2021-03-23 16:13:37",GudeLand,GUD,purple,af,https://discord.gg/JPUY6qryy2,0.00,https://politicsandwar.com/uploads/31a249911990a27e7059a2d4fb79f933ff66cf94500x31698.png
8366,"2021-03-24 01:34:08","Imperial Union",TIU,maroon,af,https://discord.gg/QZwTvYy27v,828.61,https://politicsandwar.com/uploads/5f289a360fbfdc6f167cfcf1338d769332c5a075x497.png
8368,"2021-03-24 06:02:08",Sanctuary,Sanct.,blue,af,https://discord.gg/kyHg9dumN8,68640.11,https://politicsandwar.com/uploads/2bd738492e3c9629ed7bfdeaa8867226fcb1754b500x263513.jpg
8375,"2021-03-26 03:29:15","Council of Nations",CoN,olive,af,https://discord.gg/AwdwjMpesb,1381.95,https://politicsandwar.com/uploads/12e647cc9e58b48a7956d14246372a5e73bab8aax173.jpg
8381,"2021-03-29 04:13:30",Sunrisers,,aqua,af,,858.05,https://politicsandwar.com/img/flags/india.jpg
8383,"2021-03-29 19:40:52","Mutual Support Nations",TMSN,lime,af,https://discord.gg/HypVNrZXub,814.10,https://politicsandwar.com/img/flags/germany.jpg
8395,"2021-04-02 00:04:35","The Winter Council",WC,purple,af,https://discord.gg/tZYUvAPzT6,636.30,https://politicsandwar.com/uploads/57df345c3bec990d045fd7013ae9446655fbfc85x92.png
8398,"2021-04-03 21:05:15","Not Only Satanic Anarchism",N.O.S.A.,black,af,https://discord.gg/z8Cf4vvgza,0.00,https://politicsandwar.com/uploads/f87c7b1fbdb97e589bee112094e90ec575799c07500x281880.gif
8399,"2021-04-03 23:18:39","Ancient Germanic Tribes",AGT,red,af,,1030.36,https://politicsandwar.com/img/flags/germany.jpg
8406,"2021-04-07 18:12:43","British Empire",,red,af,,774.51,https://politicsandwar.com/img/flags/greatbritain.png
8414,"2021-04-09 02:55:09","Socialist Union",SU,red,af,https://discord.gg/fJmU5GCB,0.00,https://politicsandwar.com/uploads/88b772377447a0c13353b13b080d7416efd6e512500x250873.png
8416,"2021-04-09 17:14:28","Christian Minecraft Server",,green,af,,0.00,https://politicsandwar.com/uploads/99e53a2266351665cf4a547188c2d02ecd25b192300x30019.jpg
8426,"2021-04-12 02:39:19","The Southern Union",SU,red,af,https://discord.gg/Gj2uGBuW9m,792.85,https://politicsandwar.com/uploads/5fc964f41f531a1624839889a2f23ec14737d883500x436800.jpg
8427,"2021-04-12 13:06:01","The Chicken Sea Horse Alliance",CSHA,white,af,,1190.94,https://politicsandwar.com/uploads/ce9890da6ec76c587cdf7a908bb6f9a758897e7a1000x599499.png
8428,"2021-04-13 04:11:07","The Bro",,red,af,,0.00,https://politicsandwar.com/uploads/dcbc71550ba44ca12c4df743ae3849937ef223691000x587421.png
8429,"2021-04-13 11:24:15","The Elites",TE,black,af,https://discord.gg/8Bu48ZPsRv,89992.01,https://politicsandwar.com/uploads/173d6f30eddebc2e9383b4eaf161fa6a9847ab6ex713.png
8439,"2021-04-16 22:04:37","House Of Tragedy",HT,brown,af,https://discord.gg/hxZrR7HCnu,17195.49,https://politicsandwar.com/uploads/b036d26275fd6c8f5d21cad0334daa241101386b500x33338.png
8442,"2021-04-18 18:00:44","The Inquisition",TIQ,green,af,https://discord.gg/apnP6SZ5Je,69623.43,https://politicsandwar.com/uploads/c78dda262478847c616fe845636d88edd9e3d28d500x300202.png
8445,"2021-04-19 22:26:49",Galaxias,gLx,lime,af,,3306.00,https://politicsandwar.com/uploads/fbe27012ddb1470c04802b102f17f875a0fe6709500x300279.jpg
8451,"2021-04-21 20:35:16","Big Brain Bureau",BBB,white,af,,3468.38,https://politicsandwar.com/uploads/71136d8179bbd31921826882fb0bafdab04b4a8b250x205248.jpeg
8459,"2021-04-23 17:20:18",Genesis,GNS,aqua,af,https://discord.gg/nVMDJE6r53,69065.58,https://politicsandwar.com/uploads/531b95cf1832b83251d1a4985445804bf5fdd816250x148181.png
8463,"2021-04-24 20:25:59","The Valyrian Freehold","DEATH TO A",red,af,https://discord.gg/gJhhdQkNV3,2113.87,https://politicsandwar.com/uploads/f7f2bd114b2498d407e6a6815f0edfd8364b9c01500x300836.jpg
8467,"2021-04-25 17:51:42","The United Order of Concordia",UOC,purple,af,https://discord.gg/akDKXyAyur,788.17,https://politicsandwar.com/uploads/65184fd813466a9aeedac0a2656e36d790b8a2d4500x281396.png
8470,"2021-04-26 12:25:32","The Elementals",T£,purple,af,https://discord.gg/uPS5ZZHs,14347.60,https://politicsandwar.com/uploads/4f293a2f03076f10121cd164eac6a80cfb994d4ex593.png
8481,"2021-04-29 18:05:18",Alliance,APP,white,af,https://discord.gg/y8nq6cCNUJ,1151.18,https://politicsandwar.com/uploads/136809f20e0f89c8d4d35ee0ff17cf69c5cc9f36500x300535.png
8488,"2021-04-30 20:44:31","United Nations of Manufacturing States",UNMS,aqua,af,,0.00,https://politicsandwar.com/uploads/cae86be0228c271173f053ac97ed15c8bb7b2461505.jpg
8498,"2021-05-02 22:40:32","Fear and Loathing",FNL,orange,af,,734.50,https://politicsandwar.com/uploads/f22518b990094f5489e0f9f02c6c5158a27dd753237.jpeg
8502,"2021-05-03 01:54:43",Paragon,Paragone,green,af,https://discord.gg/MDYdBkzFh4,0.00,https://politicsandwar.com/uploads/bac0fbb1528b844805721eaeef3607a1086eb085500x281584.jpeg
8514,"2021-05-05 04:40:42","Republic of Nassau",Nassau,black,af,,900.99,https://politicsandwar.com/uploads/d72022e51f6b9a55781d1d3134e401d3f480fa5f500x250329.gif
8519,"2021-05-05 20:20:50",Raiders,,orange,af,,1908.26,https://politicsandwar.com/uploads/7858b007e83575381cc329b7ced0b619e973e858500x497257.png
8520,"2021-05-05 22:39:08","Solaris Directorate",𝑺𝑫,red,af,https://discord.gg/NdS86sMx8Y,45256.33,https://politicsandwar.com/uploads/25878bf94f017e4bbe5d4492b4fb791acc7c965e500x298801.png
8523,"2021-05-06 11:58:58",Syndicate,,green,af,,0.00,https://politicsandwar.com/img/imgur-old/50f00358efcff087771bef75555e341d5e56b302578.jpg
8524,"2021-05-06 21:41:58","Pacific Democratic Union",,brown,af,,818.42,https://politicsandwar.com/uploads/9505251eac2fa9efe5d24b73d3a09d7ca743f361x14.jpg
8531,"2021-05-07 17:08:54","Union of Soviet Socialist Republics",USSR,red,af,https://discord.gg/8C8cSUqHaM,109223.18,https://politicsandwar.com/uploads/6bcd8aaec61fb540c5ce901185cac4b36459e8c4500x300215.png
8535,"2021-05-08 17:56:29","Minute Men",MM,maroon,af,,8272.28,https://politicsandwar.com/uploads/d2a0fb82768948f69703f10df0f7b1cfe09dda04994.png
8550,"2021-05-11 14:18:01","Regni Animalis",RA,yellow,af,https://discord.gg/y7mm9X6mzG,2876.07,https://politicsandwar.com/uploads/543006b9f45367df5349fe90b064c33c0fb1f057250x166617.jpg
8556,"2021-05-13 04:39:23","The underworld",,green,af,,758.85,https://politicsandwar.com/img/flags/newzealand.jpg
8561,"2021-05-13 18:43:32","Freaks and Geeks Alliance",F&G,blue,af,,2200.75,https://politicsandwar.com/img/flags/americansomoa.jpg
8568,"2021-05-15 18:54:20","Axis Powers",,blue,af,https://discord.gg/8VNA7943,624.72,https://politicsandwar.com/uploads/51b862379ce9450784e95ca984c8935c88bd1b5d500x333305.jpeg
8570,"2021-05-15 20:34:52","East Asian Union",MOO,lime,af,,110.04,https://politicsandwar.com/uploads/9f2daca1e262d74f3e1b673012ab6f374c4e66e0500x285836.png
8576,"2021-05-17 11:37:15","Test Dummy Incorporated",Dummy,aqua,af,,0.00,https://politicsandwar.com/uploads/
8577,"2021-05-17 12:58:42","Heung Shing Corporation",HSC,maroon,af,https://discord.gg/uGXdCrZ8Sh,33708.83,https://politicsandwar.com/uploads/47dc0f39100b21e36f84c8e16db124adebb15d35500x497903.jpg
8582,"2021-05-19 03:44:26","The Arcane",,purple,af,,0.00,https://politicsandwar.com/uploads/1ee59cffd6fb78bba29b1a903e09109309b1c4d2500x281366.jpg
8586,"2021-05-19 22:14:29","Bad Company",,green,af,,0.00,https://politicsandwar.com/uploads/e0398def67fa2dea329e74ef2e4dcfa692b4fc6d690.png
8594,"2021-05-21 15:55:19","Otaku Shougaku",OS,aqua,af,https://discord.gg/DtM8GP8kXd,62085.59,https://politicsandwar.com/uploads/2443f0b66b28ba2e1cb7e63c98225da78f98ca7ex582.jpg
8596,"2021-05-22 02:08:16",vectored,,green,af,,733.60,https://politicsandwar.com/uploads/2fe08518e757a713006eafa1d23b711a0d04c499x767.jpg
8598,"2021-05-23 06:06:53","Money Revolution",,maroon,af,https://discord.gg/AyWWgZWT65,1529.67,https://politicsandwar.com/uploads/a2a631e63f72846f8c5af619a72608a87ffc79f8300x300323.jpg
8607,"2021-05-24 19:53:41","Concordian Entente",,white,af,https://discord.gg/cZWhbMRVdh,1120.02,https://politicsandwar.com/uploads/cb3cc517ceefafd231da96440e2552f85eb960f8500x285864.png
8616,"2021-05-25 05:37:20",HedgeFund,♙HEDGE,maroon,af,https://discord.gg/nR8hk7Aj65,17550.43,https://politicsandwar.com/uploads/3a161ec7fca34d7173873eaeb4dd1901fb16e504500x333394.png
8617,"2021-05-25 08:37:16","Free Palestine",Pali,white,af,,815.54,https://politicsandwar.com/img/imgur-old/f8780813dabb760f0ac92421e737f2abb40ab1a217.png
8624,"2021-05-25 23:47:05",Wizards,Wzds,olive,af,,4997.39,https://politicsandwar.com/uploads/0944af58a43f58e06d93bbc812756294005eec2b19.png
8634,"2021-05-27 04:34:13",Argenlet,,aqua,af,,0.00,https://politicsandwar.com/img/flags/betsy_ross.jpg
8635,"2021-05-27 04:42:23","The Dark Conclave",,olive,af,,0.00,https://politicsandwar.com/img/imgur-old/b104ce060d6d84a97dece130e63d84b3a6577563971.png
8649,"2021-05-30 00:36:52","Grand Imperial Federation",GIF,lime,af,https://discord.gg/2T9EW6Gp8z,4111.78,https://politicsandwar.com/uploads/
8650,"2021-05-30 02:16:51",Wellington,WELL,blue,af,https://discord.gg/4NwpDyV3E9,441.47,https://politicsandwar.com/uploads/1bfbfd55206b6f50b1abafa09a3a1088796a1cf5500x300182.png
8651,"2021-05-30 04:06:28","United Commerce Republic",UCR,blue,af,https://discord.gg/285PzvEbqE,36397.10,https://politicsandwar.com/uploads/81c427bce43293d96cfc1e852f72c4d549312b09x947.png
8658,"2021-05-31 19:30:04","Union of Costal States",UCS,green,af,,543.61,"https://upload.wikimedia.org/wikipedia/commons/4/41/Flag_of_Orlando,_Florida.png"
8660,"2021-06-01 16:02:13","The Alexandrian Council",,black,af,https://discord.gg/vrA8EW4sB5,1754.91,https://politicsandwar.com/uploads/ec918adba721e4197e0593f6945a69ae45944cb3500x333870.png
8680,"2021-06-04 21:17:42",TARGARYEN,,black,af,https://discord.gg/PEsyV9m,0.00,https://politicsandwar.com/uploads/cc0d5960a3ef5ded64e243a8652f33d35436ff89500x281547.jpg
8696,"2021-06-07 15:24:52","The Peaceful Alliance",,green,af,,0.00,https://politicsandwar.com/img/flags/canada.jpg
8701,"2021-06-08 22:40:06",abcxyz,AZ,red,af,,810.45,https://politicsandwar.com/img/flags/default.png
8712,"2021-06-11 01:11:23","Angry Cats",Cats,olive,af,https://discord.gg/nhjQV6nZCJ,1113.91,https://politicsandwar.com/uploads/f2e0256fa1e46f58624e4766fe1d66e431463f77500x375849.jpg
8716,"2021-06-12 04:49:07","Standard Steel",Eses,red,af,https://discord.gg/Jpwc7xs3FR,3589.72,https://politicsandwar.com/uploads/fed9662a456d1d7f5a1802a2fc89d507b3984208500x460906.png
8734,"2021-06-16 08:05:45","EG 2",,pink,af,,0.00,https://politicsandwar.com/img/flags/betsy_ross.jpg
8738,"2021-06-17 17:37:33","Spetsnaz Mercenary","The METRO",red,af,https://discord.gg/HbcXwpyK,671.81,https://politicsandwar.com/uploads/9ef52b3b8e657f5178a42070073bd2a4abff06b2314x300541.jpeg
8739,"2021-06-17 20:26:02",TUF,,red,af,,975.01,https://politicsandwar.com/img/imgur-old/d8c1a874f60de1a1b993163e84152484bdec5b72262.png
8746,"2021-06-19 18:51:06",Bombardier,BOMB,white,af,https://discord.gg/RCmEGrQStU,876.26,https://politicsandwar.com/uploads/0554b6a62d4cfddaecb948d3773d9d3020cf6c0e500x300362.png
8752,"2021-06-20 22:41:26","Coalition of the Freshest",,red,af,https://discord.gg/KKjEg6bs3a,1741.45,https://politicsandwar.com/uploads/f1594427fa5dc5ca0f42fe96a88d0762d04af127500x283937.png
8755,"2021-06-22 01:11:56",Dirty_Deeds_Done_Cheap,,aqua,af,,1368.80,https://politicsandwar.com/img/flags/texas.jpg
8762,"2021-06-24 20:39:20","Confederation of Nations",,aqua,af,,1012.92,https://politicsandwar.com/img/imgur-old/d33bdef049ea1efcc72a76ba005395ead45624ae697.png
8774,"2021-06-29 15:28:59","Asian Co-Prosperity Sphere",,green,af,,778.97,https://politicsandwar.com/uploads/37a1291a58a62f55ac452b681349779351165658500x375243.jpeg
8777,"2021-06-30 23:42:37","Bourbon Street",Bourbon,blue,af,https://discord.gg/UaKrXSJEa4,333254.30,https://politicsandwar.com/uploads/a060341ddb3c7e7f7038510de31201f14295c7c5500x300534.png
8785,"2021-07-03 09:13:08","The League of Independence",,green,af,https://discord.gg/yXsErAem,382.42,https://politicsandwar.com/uploads/cae86be0228c271173f053ac97ed15c8bb7b2461505.jpg
8788,"2021-07-05 01:21:19",CANZUK,CANZUK,red,af,https://discord.gg/mVaDzhtq,379.72,https://politicsandwar.com/uploads/ef8e90011e051454da120e4d46ca29c8a67ed667500x260413.png
8791,"2021-07-06 04:26:13","Xin xi",,red,af,,776.22,https://politicsandwar.com/uploads/5b507fa1149bf15f368da0358348cb66884a8b12x910.png
8799,"2021-07-09 08:34:26",Disney18+,D,lime,af,https://discord.gg/hVQBGZT5Cs,1152.60,https://politicsandwar.com/uploads/dd87895de4da9f24c04144acd4f221b6486b7f8b500x28193.gif
8804,"2021-07-10 00:35:18",Serpentis,SERP,green,af,https://discord.gg/58BJjFdaVX,258531.83,https://politicsandwar.com/uploads/b86cddce18a6c83ca99b09eae9cd5f6c7b8d490c500x281987.jpeg
8809,"2021-07-11 23:38:35",INTERKOSMOS,,red,af,,828.05,https://politicsandwar.com/uploads/df0b06e6150cccaf53d0fa9fa672d5ba2d241af1500x250402.png
8815,"2021-07-14 22:18:06","Diamond Forces",DF,aqua,af,https://discord.gg/sst3Pvj4XD,1482.14,https://politicsandwar.com/uploads/1d51a66b15e60d689bf7e628f2f79e44e05cdd00500x333158.jpeg
8818,"2021-07-15 08:51:42","Royal Trading Company",RTC,pink,af,,0.00,https://politicsandwar.com/uploads/0968bedcabfcac5a97e0eb62ccbc8c715b70201d218x300613.jpg
8819,"2021-07-15 20:20:04","The Hive",tH,red,af,https://discord.gg/UBQsYVYDGn,106567.76,https://politicsandwar.com/uploads/9cd6b92ca39a80834de080b6475de738a811db33500x300882.png
8824,"2021-07-19 01:32:35","Western European Free Trade Alliance",WEFTA,white,af,,2200.38,https://politicsandwar.com/uploads/85c4bb2980de0042748e3b2a10c4fcae4d2e6cdc446x300508.png
8835,"2021-07-23 18:50:20","The Street",TUNE,maroon,af,https://discord.gg/TTH5VDeYMN,2744.83,https://politicsandwar.com/uploads/91a5207a3ac19a7bc703a0c5c972e983acf87ced500x281958.jpg
8838,"2021-07-24 04:17:17","Just a bank",,aqua,af,,952.57,https://cdn.discordapp.com/attachments/442900043683332096/443503770748452864/es_flag.jpg
8840,"2021-07-24 15:15:07","Kings Ransom",,black,af,,1204.20,https://politicsandwar.com/img/imgur-old/ecae298217bb0247313e5e4d339715d9cd521c8a14.png
8841,"2021-07-24 16:18:40","Gold Crown Investments",👑GCIS,olive,af,https://discord.gg/tYAQXJmJx2,3460.90,https://politicsandwar.com/uploads/0721ed5a2cdc1bfbcb4064daa616229e61410057500x300383.png
8846,"2021-07-25 05:58:11","Peace Alliance",P.E.A.C.E,white,af,https://discord.gg/gZefndyfHp,0.00,https://politicsandwar.com/uploads/869d0480b6d2e6e1e36b1ebb4bb67eec58ad83fbx952.jpg
8854,"2021-08-01 14:04:02","The Noble Federation",TNF,white,af,https://discord.gg/Ek7zv4ZxAt,0.00,https://politicsandwar.com/uploads/a32fa721727d9f16075e82629c8e1193feb888a9500x333640.png
8856,"2021-08-01 21:49:55","The allied mercenary armys",,aqua,af,,0.00,https://politicsandwar.com/uploads/cae86be0228c271173f053ac97ed15c8bb7b2461505.jpg
8861,"2021-08-02 20:43:34","Los Pollos Hermanos",Chicken,maroon,af,https://discord.gg/kkVevrhNqK,48868.02,https://politicsandwar.com/uploads/4e140a6c331f2c0bdae025b269d962ea1319a7dd500x3147.jpeg
8868,"2021-08-04 23:08:26","The Imperial Army & Aerospace Forces",IAAF7K,blue,af,https://discord.gg/PK9yK5M,699.55,https://politicsandwar.com/uploads/18244bfed7077385b7b057233194e19bebc9560e466.png
8869,"2021-08-05 23:06:13",OnionGang,,green,af,,1943.53,https://politicsandwar.com/uploads/361637cc653a0d1bca6805ac6ae41f5b59fca25ex207.png
8877,"2021-08-11 01:34:12","Special Diplomatic Alliance",SDA,pink,af,,1249.50,https://politicsandwar.com/uploads/cae86be0228c271173f053ac97ed15c8bb7b2461505.jpg
8889,"2021-08-14 02:03:59","Vanguard Alliance",VA,lime,af,https://discord.gg/t4YbYMrScY,1312.05,https://politicsandwar.com/uploads/516deca4135dbc4a114f17a46572f5637ef9e118500x300850.png
8899,"2021-08-16 18:09:58","Federated States of Orbis",FSO,blue,af,https://discord.gg/FbjJnx37ea,171488.20,https://politicsandwar.com/uploads/d31ac957e405ffd4ae2f551a5c8df955ef95d977500x300359.jpg
8900,"2021-08-17 20:31:54","Admin Alliance",,aqua,af,,496.66,https://politicsandwar.com/uploads/37ca458b5444264e04dc8d7fcd0d77e46d03eecfx3.gif
8906,"2021-08-18 05:57:37",DEFCON-5,DC5,purple,af,https://discord.gg/bVGSSCVjmg,11066.69,https://politicsandwar.com/uploads/e45f96c6bd8bf91e52b553af4019517caf44e5ec366x300895.gif
8911,"2021-08-18 20:54:29","the axsis",,purple,af,,0.00,https://politicsandwar.com/img/imgur-old/d33bdef049ea1efcc72a76ba005395ead45624ae697.png
8923,"2021-08-20 00:23:47","The Soul Society",,white,af,,0.00,https://politicsandwar.com/img/imgur-old/bc0d4e40ed2b8f89a514c7ed0e6cb5c7660b46c3375.png
8926,"2021-08-20 02:34:45",Gallowglass,,pink,af,,13526.69,https://politicsandwar.com/uploads/1879c42868e24115dfad9204c812d002bddc96ca500x331191.jpg
8934,"2021-08-22 08:51:20",Excalibur,,maroon,af,https://discord.gg/R63vEfPa2c,0.00,https://politicsandwar.com/uploads/dc16ee04d4aeb1dc00949b816e9fa49cc93a6b5c500x366912.png
8940,"2021-08-23 08:35:50","Grand Lynx Alliance",GLA,red,af,https://discord.gg/fA79jJ66yR,2412.96,https://politicsandwar.com/uploads/99256ef62c31fcc48b5450a046b25f84b433112e500x300190.png
8948,"2021-08-24 15:14:24","Farmer Warrior",,white,af,,0.00,https://politicsandwar.com/img/flags/taiwan.jpg
8972,"2021-08-29 00:02:41","Brotherhood of Flames",TBF,aqua,af,https://discord.gg/BRQ7muzmVr,262.60,https://politicsandwar.com/uploads/7185418d272ea39e5fdd5e32f97335d9f7fb75c8500x300460.png
8981,"2021-08-30 16:30:40",Amazon,AZ,white,af,https://discord.gg/hnJP8u4QJJ,0.00,https://politicsandwar.com/uploads/85f03700cbc7f0d72e6c604066ec333012e38351274x150456.png
8990,"2021-08-31 23:39:47","Pax Pacifica","PAX PAC",white,af,,3210.90,https://politicsandwar.com/uploads/34abbc460f14136af632f6a0b781a480aefb3aca1000x500673.png
9000,"2021-09-01 02:53:36","The Hand of Fate",HoF,orange,af,https://discord.gg/RyPP7hBKqs,238509.87,https://politicsandwar.com/uploads/8adb87a1e1bd64274605dd961667b439eca7565f500x300504.png
9011,"2021-09-05 03:07:18","Rio Socialist Republic",,aqua,af,https://discord.gg/YPafPQC7qy,1783.73,https://politicsandwar.com/img/imgur-old/d33bdef049ea1efcc72a76ba005395ead45624ae697.png
9024,"2021-09-08 02:55:42","Comintern of Icropolis",,red,af,,1565.91,https://politicsandwar.com/uploads/3c0380146e62fc336a8daa9f98ee6d256a4511d1500x334629.png
9027,"2021-09-08 13:30:10","A Group of Nations",,aqua,af,,0.00,https://politicsandwar.com/img/flags/texas.jpg
9032,"2021-09-09 00:57:19","NEW SITH EMPIRE",NSE,blue,af,https://discord.gg/KqBaSxSm,5478.82,https://politicsandwar.com/uploads/70e23555b0ce02be2cfae8d2ba00c9f141a1dd08x21.png
9034,"2021-09-09 10:31:21","The Firestorm Pact",,aqua,af,https://discord.gg/fpGZbNpa,0.00,https://politicsandwar.com/img/imgur-old/173d0e2fd98a1c7dadf08f244780fd7e5e29ed30406.jpg
9039,"2021-09-10 14:03:20","The Millennial Global Empire",MGE,white,af,https://discord.gg/rdDhQRSPyS,1123.23,https://politicsandwar.com/uploads/237b92ed217dd2d2b1bef209c0ae4cf1001dab761000x600719.jpg
9041,"2021-09-10 20:22:55","The Cosmic Entente",,blue,af,https://discord.gg/eXXyuYpX9y,1560.06,https://politicsandwar.com/uploads/8bc6de5858919486aa0e187697f446a3868c3138x593.png
9050,"2021-09-14 00:05:33","Diamond Space Research Alliance",D.S.R.A,white,af,https://discord.gg/9qDEsFxHD7,2407.02,https://politicsandwar.com/uploads/b02ad9d3d507296138a34bf6f4f42295ce87e1e7500x333400.jpg
9070,"2021-09-17 03:00:43",UNWD,UNWD,red,af,,688.92,https://politicsandwar.com/uploads/91213d8056774e64e47a1a32a20c4ba0f9cfc151500x260322.jpeg
9084,"2021-09-20 01:39:36","The Monastery",MONK,pink,af,https://discord.gg/nNChbpC7aT,17875.65,https://politicsandwar.com/uploads/757a5241438f72baf14253fff945bad11cfb492b500x300130.png
9093,"2021-09-23 11:01:36","The houses of Maitland",,pink,af,,1169.16,https://politicsandwar.com/img/flags/greatbritain.png
9095,"2021-09-23 21:22:04","The Cult of Raccoon",CoR,aqua,af,https://discord.gg/PGDf7QfMAh,5892.52,https://politicsandwar.com/uploads/d721d305cfdf9276a10e4fcfde51a49bbdf90abf500x279550.png
9099,"2021-09-24 19:07:32","Not Rohans Bank",,white,af,,4755.00,https://politicsandwar.com/uploads/bba1abee1101bf2d5ea5f3ce4e6ff5435638ee7d250x231683.jpeg
9104,"2021-09-26 14:10:57",AESIR,AESIR,aqua,af,https://discord.gg/FBpjMqeuvX,731.03,https://politicsandwar.com/uploads/a51274b30aec06d6f518210e61e5c2e391a0ae46x290.png
9105,"2021-09-26 21:42:07","The Brooding Brothers",TBB,blue,af,,2301.92,https://politicsandwar.com/uploads/b8139d100d73be5695fbda1e65bef69b1b0fb13a500x294692.jpeg
9110,"2021-09-28 21:10:35","Baker Street",221B,pink,af,https://discord.gg/QK3Q6kD7J7,112400.35,https://politicsandwar.com/uploads/90c06a99897f0dad6794377c9861e749f8af4d31393x300652.jpeg
9114,"2021-09-30 13:29:13","The Treefort",🌲🎃,brown,af,https://discord.gg/MQ749mPqNY,0.00,https://politicsandwar.com/uploads/1994af673dda3f57ad226d5a01c4de187d83563a500x300257.png
9119,"2021-10-02 18:02:25",Pong,Pong,blue,af,https://discord.gg/dYjHXgpShC,781.97,https://politicsandwar.com/uploads/1d8c786f709264fafdd4d116de31b7ca13b36d9ax524.jpg
9120,"2021-10-02 18:14:11","Tojo HQ",東城会,green,af,https://discord.gg/G8tqfyJduS,1383.80,https://politicsandwar.com/uploads/c4d726bee295dd75239c482031cfba754e734fd2500x332488.png
9133,"2021-10-06 23:07:19",Blaze,🔥,maroon,af,https://discord.gg/Qd3W6Cmc99,375.71,https://politicsandwar.com/uploads/8b97898d80079086ff484b451d3e6caa93225dadx951.jpg
9134,"2021-10-07 01:25:43","Partido dos Trabalhadores",,black,af,,2535.27,https://politicsandwar.com/img/flags/brazil.jpg
9137,"2021-10-08 06:10:16",Metalheads,,aqua,af,,752.29,https://politicsandwar.com/img/flags/norway.jpg
9140,"2021-10-10 04:39:54",ISAF,,aqua,af,,0.00,https://politicsandwar.com/uploads/c33d9202d925022ee485e60542164d35acdbb395x229.png
9143,"2021-10-10 15:03:39",Jacquisse,,green,af,,1051.16,"https://upload.wikimedia.org/wikipedia/commons/4/41/Flag_of_Orlando,_Florida.png"
9145,"2021-10-11 17:08:56",Kshatrias,,aqua,af,,2448.23,https://politicsandwar.com/img/flags/bahrain.jpg
9148,"2021-10-12 18:44:03","The Grand Federation",TGF,black,af,https://discord.gg/63tH2vAXZh,47064.63,https://politicsandwar.com/uploads/aae290c38eedfd0c38619bf2477304310b7146bd500x417449.png
9149,"2021-10-13 00:33:54","New California Republic",NCR,red,af,,0.00,https://politicsandwar.com/uploads/f6dcf65739dc26c843a317552b42f01b05c4f248500x292927.png
9151,"2021-10-14 21:14:10","The Grand Diamond Army",TGDA,white,af,https://discord.gg/epRNEzZXm3,1756.56,https://politicsandwar.com/uploads/75b5ece7c55f002b857a2705a5453adf02ead38dx46.jpeg
9156,"2021-10-17 11:14:00","Great Chieftan Council",GCC,blue,af,,890.83,https://politicsandwar.com/uploads/8b22f0cd3ba88ab09de53114aad5ea26ef31cf6c500x356956.png
9161,"2021-10-18 17:37:47","Mutual Protection",MP,maroon,af,https://discord.gg/ZWj8rv2BGC,470.02,https://politicsandwar.com/uploads/dafd57d90b0aac072452d04b9b9c0cdbf78816f3500x30673.png
9169,"2021-10-20 23:29:23","The Future",,aqua,af,,555.46,https://politicsandwar.com/uploads/22cb34681f4e6a56fa4ebf073d5067c54de51d09430x300464.png
9172,"2021-10-22 00:14:08",AMTO,,blue,af,,725.27,https://politicsandwar.com/img/flags/unitedstates.jpg
9173,"2021-10-22 01:06:44",NAACP,,blue,af,,1091.34,https://politicsandwar.com/img/flags/unitedstates.jpg
9177,"2021-10-23 01:26:39","Conservatives alliance",UAA,olive,af,https://discord.gg/7F7GCnzYjV,0.00,https://politicsandwar.com/uploads/66c40929af41e51e224dced8e11845972cb34d83500x333797.jpeg
9179,"2021-10-23 09:30:27",Salt,,maroon,af,,4175.00,https://politicsandwar.com/uploads/72cb4692d84920a0184715d1cf9c9ca7790fcc70x69.png
9181,"2021-10-23 13:56:05","Martian Federation",,red,af,,2039.46,https://politicsandwar.com/img/flags/mars.png
9182,"2021-10-23 14:27:18","The Corleone Family",TCF,orange,af,https://discord.gg/xQ9cyPGM4p,953.82,https://politicsandwar.com/uploads/5354f3863915e9d9e119af6e63bea7c3bd972e23500x281584.png
9190,"2021-10-26 02:05:43",AllianceForPeacefulEconomicDevelopment,A-PED,blue,af,,0.00,https://politicsandwar.com/img/flags/southkorea.jpg
9192,"2021-10-28 03:46:03",LATAM,,brown,af,https://discord.gg/46s5CuYsRq,57593.19,https://politicsandwar.com/uploads/8f0a38f0ae9806d9fbb3b641a1c051463fb4c594500x391668.png
9195,"2021-10-28 17:11:53","The Allied Nations",AN,blue,af,https://discord.gg/xN4Qdth5,250.90,https://politicsandwar.com/uploads/a0f5bce1dfdc485c495319ac284324b012783f40x140.png
9202,"2021-11-01 22:49:52","The Wright Way",,pink,af,,287.14,https://politicsandwar.com/img/flags/betsy_ross.jpg
9203,"2021-11-02 14:48:14",NoIdeaName,,aqua,af,,929.42,https://politicsandwar.com/img/flags/switzerland.jpg
9207,"2021-11-03 04:56:11",Sidera,SDA,green,af,https://discord.gg/ccWb5Ba6wQ,1150.16,https://politicsandwar.com/uploads/62903d809a15560b12cd9d422f648c24de780036500x371922.jpg
9208,"2021-11-03 05:34:31",ShroomTroopers,,green,af,,1925.63,https://politicsandwar.com/uploads/2661d6879b7b93dad5dd885e71b4780ecef070851000x666258.png
9210,"2021-11-03 19:56:31","The Worlds Republic",TWR,blue,af,,0.00,https://politicsandwar.com/uploads/d55a67d7270541d3aeab9e9281507849ecb8b250x903.png
9212,"2021-11-05 04:52:38","New commonwealth",,white,af,,1674.63,https://politicsandwar.com/img/flags/betsy_ross.jpg
9214,"2021-11-05 16:15:58","The Triad",tT,brown,af,https://discord.gg/hxAwmhqzsC,348.17,https://politicsandwar.com/uploads/b76abdd0cd7cb24ae530bd08a9fa6959d67bd752300x300382.jpg
9217,"2021-11-07 00:15:13","Steel Force",,lime,af,https://discord.gg/Ac6Edbj9Dc,1404.60,https://politicsandwar.com/uploads/427337f155d43aa20a9441b3574ff5fcfa3dad5f500x300520.png
9218,"2021-11-07 03:28:47","Committee of Nations",C.O.N.,red,af,,2025.77,https://politicsandwar.com/uploads/fcdf988b939c16441c792cda63e30ce7519dd520x670.png
9221,"2021-11-09 03:36:21","New Atlantic",,pink,af,,491.81,https://politicsandwar.com/img/flags/mars.png
9222,"2021-11-09 05:21:43","peace Together",,white,af,,2989.14,https://politicsandwar.com/img/flags/indonesia.jpg
9230,"2021-11-10 23:48:30","The Grand Imperial Army",TGIA,red,af,https://discord.gg/B3aERJUTru,26680.14,https://politicsandwar.com/uploads/e9cecc7cf868f6168e4731b30457b3bc090381a5298x300649.png
9231,"2021-11-11 02:10:34","The Yakuza",yak,red,af,https://discord.gg/M9VBFrkc9W,926.27,https://politicsandwar.com/uploads/9432d4d06e5988f45e56ec11eaad97ede2ff7f33300x300964.png
9236,"2021-11-15 10:19:18","the lords covenant",,aqua,af,,1641.68,https://politicsandwar.com/img/flags/macedonia.jpg
9239,"2021-11-16 15:37:24",Eden,,white,af,,0.00,https://politicsandwar.com/uploads/24c51e35c781fefc94f81bde811554741d09449d123.png
9241,"2021-11-17 03:56:43",ArkbooOM,,black,af,,4388.21,https://politicsandwar.com/uploads/0abaea88b53ebd9fb8e464a2706fcbea9a094fcb895.png
9247,"2021-11-18 12:42:22","United Nations",U.N.,aqua,af,https://discord.gg/YhJtWDwfzS,3007.86,https://politicsandwar.com/uploads/ae06909bc008c4343c2fce08c4b00c2b679c289ex921.png
9251,"2021-11-19 13:30:27","United Communists Nations",UCN,red,af,,0.00,https://politicsandwar.com/uploads/3f0df818f05194953f71bf9d45494c71f1d86ebdx645.jpeg
9253,"2021-11-19 21:24:18","United Americas",UA,aqua,af,,1087.44,https://politicsandwar.com/uploads/68823f0f67537e8036cd5c1bde0c38d4ef39ae9f500x25065.png
9256,"2021-11-22 15:57:55","The Wraith",TheWraith,maroon,af,https://discord.gg/6Aqqv2zSPY,24714.09,https://politicsandwar.com/uploads/d0c03276765d8408c1886a9c824ba680be82324f500x300794.jpg
9257,"2021-11-23 03:54:29",WATO,,red,af,https://discord.gg/v3sVqWC3,0.00,https://politicsandwar.com/uploads/d8a07b63a627e2ace4976853eec8f4a484e5d293500x368808.png
9267,"2021-11-29 20:10:48","The Andromedrian Pact",,aqua,af,,1592.85,https://politicsandwar.com/img/imgur-old/48664f573e2391f1770adf56fc7371eba506b385277.png
9268,"2021-11-30 07:14:37","Galactic Senate of the Republic",,red,af,https://discord.gg/6dkT9qEh3A,1022.08,https://politicsandwar.com/uploads/18da8ee678cab0b4acd04b7510478eef689d9a74x992.jpeg
9277,"2021-12-03 01:36:19","Da Club",DAC,pink,af,,1964.91,https://politicsandwar.com/uploads/9d20ef3107f88da2f7de586a3cceef5d911422a8500x333575.png
9278,"2021-12-03 17:10:58","The Mad Thieves",MAD,black,af,https://discord.gg/unE2Qq83cs,3753.80,https://politicsandwar.com/uploads/467588a2ba059a7cc8aded2a8f2dc469bcd9e753299x300997.jpeg
9279,"2021-12-04 12:02:22","The other side","The Bakery",aqua,af,https://discord.gg/R7mb63Kc,695.64,https://politicsandwar.com/uploads/5ac19b081a3b28ed62ef4c0e8276fb0e3301978b500x299401.png
9280,"2021-12-05 23:22:12","Celtic Republic",CR,lime,af,https://discord.gg/C2PDNmDdSF,42895.73,https://politicsandwar.com/uploads/69baa4550a96553c3a72639512f0d230d1a15de8500x333715.png
9281,"2021-12-06 02:18:31","The Flying Dandies",,pink,af,,705.23,https://politicsandwar.com/img/imgur-old/7fd411247afbe6dbc30ab8723e6b7331e43b5a170.png
9283,"2021-12-06 19:15:18","Thunder Road",,maroon,af,,0.00,https://politicsandwar.com/uploads/13b7040c50a0101da6ecc33fef52d3fef8e4cb70500x245917.jpg
9285,"2021-12-07 18:40:41","The Meat Men",TMM,lime,af,https://discord.gg/bJ8fpVEXZf,26535.40,https://politicsandwar.com/uploads/17e0fa412ce56bf8571a84bf21f0fb41b499312a500x230672.png
9286,"2021-12-07 21:42:12",mergk234,M234,orange,af,,0.00,https://politicsandwar.com/img/flags/chad.jpg
9288,"2021-12-08 03:39:32","The CHAD alliance of chickens",,black,af,,1503.46,https://politicsandwar.com/uploads/d8e7f696c01c5b1da1d0a9530f5e7190227d7460x300.jpeg
9289,"2021-12-08 12:52:08","Raiders Offshore",,green,af,,859.68,https://politicsandwar.com/img/flags/canada.jpg
9290,"2021-12-08 16:10:44",Resurgence,Rsg,green,af,https://discord.gg/JxF7VWNRT7,2901.29,https://politicsandwar.com/uploads/a1868805c7c7b5e7bd75ca5d2fcf241efc5504dex411.png
9292,"2021-12-10 04:42:23","Iosef Stalin alliance",JSA,red,af,,1275.00,https://politicsandwar.com/uploads/226e4d03145684bda6b11eda6b5144e6a3e237f0500x250708.jpg
9293,"2021-12-10 07:07:16","Missing In Action",MIA,black,af,https://discord.gg/npdzRkScjJ,0.00,https://politicsandwar.com/uploads/d1cfa1946a2dd44b2d3990f859af745419def022500x466762.jpg
9313,"2021-12-13 02:25:05","Ethereal Light",EL,black,af,https://discord.gg/XdCbyvg9,2540.60,https://politicsandwar.com/uploads/6d5dba0cece07f54ba702a51b91174bf9b6e4ee1500x417964.png
9320,"2021-12-13 17:23:36","The Coalition of Sheels Shrubs",CSS,red,af,,943.05,https://politicsandwar.com/uploads/cae86be0228c271173f053ac97ed15c8bb7b2461505.jpg
9322,"2021-12-14 03:42:52",Rivendell,,orange,af,,5339.13,https://politicsandwar.com/uploads/819117c77a5d07fe30a3f0da1f5b23e830ea6eb5296x300304.png
9330,"2021-12-15 17:49:50","Reunited Nations",,black,af,,2232.18,https://politicsandwar.com/img/flags/barbados.jpg
9331,"2021-12-15 18:26:44","Barber Shop",,lime,af,,3989.64,https://politicsandwar.com/uploads/615914527c2762a15515972cbf2fe3f063a53326300x3005.jpg
9332,"2021-12-16 11:51:57","the Roaldlandian Commonwealth",ROALDLAND,purple,af,,0.00,https://politicsandwar.com/uploads/f664eba13088cbda02331701bea352e56a946076500x300321.png
9335,"2021-12-18 03:22:04","The Ampersand","Amp &",blue,af,https://discord.gg/SNn26ZpWmV,2625.13,https://politicsandwar.com/uploads/26006e93e70c6a1341b733deee3d9e06991e0adc450x300411.png
9340,"2021-12-19 20:45:14",CLAN,CLAN,pink,af,,1393.28,https://politicsandwar.com/img/imgur-old/0a31900529966f483de4a2a137d8f8074909fb12171.png
9358,"2021-12-22 01:01:37",Placentica,,green,af,,0.00,https://politicsandwar.com/img/flags/vietnam.jpg
9363,"2021-12-22 11:28:35","Castle Camelot",C-KOM,maroon,af,https://discord.gg/6W2BU4aMYy,145503.79,https://politicsandwar.com/uploads/b25981c7036f5a752201aed737d991df2c447056x710.png
9364,"2021-12-22 13:40:03","The Dragons",,aqua,af,,0.00,https://politicsandwar.com/img/flags/abkhazia.jpg
9370,"2021-12-23 15:51:13","The Meat Vault",,lime,af,,357.07,https://politicsandwar.com/uploads/17e0fa412ce56bf8571a84bf21f0fb41b499312a500x230940.png
9375,"2021-12-24 08:47:26","united africa",,green,af,https://discord.com/channels/924296534512762900/924296534512762903,1197.28,https://politicsandwar.com/img/flags/egypt.jpg
9402,"2021-12-30 04:09:40","United Anti Discord Front",UADF,purple,af,,651.82,https://politicsandwar.com/uploads/5a7723b5282a70b585d639ede42bd5bee2f46cbf300x300904.png
9406,"2021-12-31 04:58:17","Crimson Dragons",CD,maroon,af,https://discord.gg/KYtxkwnzX6,47901.70,https://politicsandwar.com/uploads/67b82fc68ecb5d9b117a44124c8ef596a7e1df19500x300150.png
9407,"2021-12-31 07:37:38","The Confederation of Socialist Nations",CSN,red,af,https://discord.com/channels/946965567674384425/946965568307732492,1643.04,https://politicsandwar.com/uploads/69127736dd5c231c45e7d4af8dc5087e50c41098x679.png
9408,"2021-12-31 07:53:07",Novus,,black,af,,28674.50,https://politicsandwar.com/uploads/5efb24e0fdc0f5a4f7436fc32a5101854f17c993265.gif
9409,"2021-12-31 20:10:10","Dont Touch",,red,af,,12784.50,https://politicsandwar.com/uploads/991b56745dd1be8bd4ed1c4644afd1ca06d706dd500x333651.png
9414,"2022-01-01 21:46:35",ShubaM,,green,af,,28605.00,https://politicsandwar.com/uploads/d9d4313b17ac1740802246619963e289ea4ec12ax256.gif
9418,"2022-01-02 03:28:39","Phantom Troupe",,brown,af,https://discord.gg/tDyM9Gg6wp,2953.81,https://politicsandwar.com/uploads/8a028f9b41e9e7233a34418737e80024aad6d0a6500x31285.png
9423,"2022-01-04 14:08:41","The godly division",Smileisgod,blue,af,,1435.93,https://politicsandwar.com/uploads/d9fed8a5131e106cc8554639b69d8fb9f363d61f250x251562.jpeg
9426,"2022-01-05 03:06:21","United Confederation",,black,af,https://discord.gg/QKXmJVFD3J,1133.48,https://politicsandwar.com/uploads/d57d2784a97cdaa1756420f45a2b7ab2989c2b0ex204.png
9427,"2022-01-05 17:04:28",Apollo,,lime,af,https://discord.gg/sGzXF7P,43751.64,https://politicsandwar.com/uploads/01ff0ba8071d73f87dbec43d1ccfb5d6a9765887x916.png
9428,"2022-01-07 01:15:41","The Antarctic Drench",TAD,purple,af,,694.95,https://politicsandwar.com/uploads/8bbbb1b25b9e6ebb1b33f7819010d405fa9f24a4500x333587.png
9429,"2022-01-07 10:28:11","Divine Immortality Empire",MOVED,green,af,,633.88,https://politicsandwar.com/img/flags/betsy_ross.jpg
9431,"2022-01-07 22:51:46",ONION,O.N.l.O.N.,blue,af,,8516.08,https://politicsandwar.com/uploads/a14412397caf828140f9d163cecd6536e20700dfx457.gif
9432,"2022-01-08 00:41:52",Orchid,DtC,green,af,,9043.75,https://politicsandwar.com/uploads/3f1913b41987d7f62106fff3398ee08b7c8ac5a1500x300661.png
9433,"2022-01-08 02:23:03",UUSR,,maroon,af,,2241.32,https://politicsandwar.com/uploads/fa4d42730ca327dd5a2fd1b415bed0d69ec4daa6500x31279.png
9435,"2022-01-09 11:03:40","Imperial Army",IA,aqua,af,https://discord.gg/shX7C7H4bb,2199.67,https://politicsandwar.com/uploads/5f20c1af37dd6685e7d0ed9699304f05f91c53cbx917.png
9437,"2022-01-09 21:26:00",Lordaeron,,pink,af,,3363.62,https://politicsandwar.com/img/imgur-old/c48fcf754dc2465674253c6da89836d19de9197a751.png
9438,"2022-01-09 22:17:48","Prusso Roman Imperial Union",PRIU,purple,af,https://discord.gg/gUtnzRT8zG,33093.73,https://politicsandwar.com/uploads/a6974069630bc43884e3f448ad67719443cb3f7a500x336968.png
9440,"2022-01-10 10:06:15","The Imperium",RSS,orange,af,,359.98,https://politicsandwar.com/img/flags/india.jpg
9445,"2022-01-11 20:26:59","The Galactic Empire",,blue,af,https://discord.gg/D5JRHEEg,36360.78,https://politicsandwar.com/uploads/1925d7a4c64f243fc1158bb3cf749fe5426001c5500x281425.jpg
9446,"2022-01-11 22:04:23","Palpatines Empire",IMP,red,af,,872.60,https://politicsandwar.com/uploads/7e54aca49cc124ea1ebb95f914734ab147268eee500x300417.png
9447,"2022-01-12 11:38:59","The Libertalia Minutemen",7k-7g7a,maroon,af,https://discord.gg/Dg9kgXUgUn,0.00,https://politicsandwar.com/uploads/7a5e402903ee08d3d777b3ec82c48bbd388d8644500x300158.png
9448,"2022-01-12 15:23:46","order of the fallen angles",,pink,af,,110.50,https://politicsandwar.com/uploads/02c075e7fe46a2bc23ed5f3f37e1f9a0f720fa70500x312453.jpeg
9451,"2022-01-14 02:23:12","Mile High",MH,green,af,,6120.96,https://politicsandwar.com/uploads/76afcf746b4eecc448ff81c0b5d33eeb0a775fc2500x281593.jpeg
9452,"2022-01-14 04:47:02","North Atlantic Treaty Organization",NATO,aqua,af,https://discord.gg/fVnbuHy5hM,14980.98,https://politicsandwar.com/uploads/6c076dafdf54bfce3c886749c3576a6134cbec32500x333110.jpg
9453,"2022-01-15 16:58:27",INTERCOSMOS,INTCMS,red,af,https://discord.gg/q4CZw7GQfh,1773.14,https://politicsandwar.com/uploads/6dc46ddc7ad39f323369543757c80cf519c9808d500x243168.jpeg
9455,"2022-01-16 13:24:26",Spartans,300,aqua,af,https://discord.gg/pFEbn3XByQ,23829.89,https://politicsandwar.com/uploads/8cae1a0c5c2e1e191f267e56c359ae0c463198ca500x31577.png
9456,"2022-01-17 01:54:38","Union of Socialist Nations",,red,af,,3350.55,https://politicsandwar.com/img/flags/sovietunion.jpg
9458,"2022-01-17 11:58:56","Yorkshire Puddings United",YPU,blue,af,,978.41,https://politicsandwar.com/uploads/6fcafdf41a9ac42a8dad3787498b3cc19b41fa82365x150890.png
9459,"2022-01-17 21:00:01","The Tribes",,olive,af,https://discord.gg/dQMEW2JJFS,1904.26,https://politicsandwar.com/uploads/d4a9f74f399e9d0c1046c6cce478ab8c1e7a5c86500x301633.png
9464,"2022-01-20 01:07:03","The Grand Imperial State of Novus",GISNOV,white,af,https://discord.gg/reXmqFA2Y6,1937.16,https://politicsandwar.com/uploads/11dbb5db5d515452a380992bae702ceede83231a500x269534.png
9465,"2022-01-20 22:30:59","Section 31",SS31,blue,af,,2357.50,https://politicsandwar.com/uploads/442fc092d2ac1a1107680ac483d934e25a26321cx472.jpg
9467,"2022-01-22 14:26:47","The Royal Cardinals",RC,red,af,https://discord.gg/3kpb58KCuR,1161.41,https://politicsandwar.com/uploads/489a428c00e68c4b091241212a58b6a4aa709ad5500x306308.png
9502,"2022-01-28 19:15:55","The United Federation",TUF,black,af,Https://discord.gg/RSmq3sxq,1101.47,https://upload.wikimedia.org/wikipedia/commons/4/49/Cape_Verde_flag_-_watermark_000_percent.jpg
9504,"2022-01-29 09:26:53","World empire",WE,aqua,af,https://discord.gg/5ScbUqjwKu,4408.57,https://politicsandwar.com/uploads/5c10ed1de807948981ca14ee8777522801ccae16x10.png
9505,"2022-01-29 16:16:19","United Nations of Political Difference",UNPD,lime,af,https://discord.gg/6Tv3Y3SEK6,2936.35,https://politicsandwar.com/uploads/a8bc948a8ed82a8cc42ae008bfaffbdab6d31802x204.png
9519,"2022-01-31 01:33:16",Spetsnaz,,black,af,https://discord.gg/RvBNRHyEar,16007.56,https://politicsandwar.com/uploads/40742ebbdf2692648c3309a51bc6dc0da260b1ca500x291575.png
9521,"2022-01-31 12:21:28","The Fear",TFR,green,af,,46460.62,https://politicsandwar.com/uploads/76850f1edff3f8fa4231f70c8c401adbe3aafe35500x269288.gif
9522,"2022-01-31 14:23:16","Buckle Gang",,aqua,af,https://discord.gg/kbunCrDU,1760.34,https://politicsandwar.com/uploads/b23c65d8fdba9acff56ded7f703633ece65fba77x504.png
9523,"2022-01-31 23:42:11","deez nuts",,aqua,af,,3423.03,https://politicsandwar.com/uploads/a0812ebbbfee57c9e497e1f1813448ea91c05608x764.gif
9525,"2022-02-01 12:45:37","The Construction Cats",TCC,brown,af,https://discord.gg/axqRMtcFUV,4785.01,https://politicsandwar.com/uploads/c0fab1b052307ce7b167b262d8d5a7e1837bcb55500x333211.png
9532,"2022-02-02 08:10:30","The empire",TE,green,af,https://discord.gg/4d4aNGcemw,458.03,https://politicsandwar.com/uploads/388c8639ccc2d624a1e6f5729989da1e9fe7dc8b500x419467.jpg
9535,"2022-02-02 17:31:19","Entete of the Global Prosperity",EOGP,brown,af,https://discord.gg/595Tqza53D,17761.65,https://politicsandwar.com/uploads/1e8e9dbe20dd90a030df0b3ffed63277b4af2330x194.png
9542,"2022-02-03 15:09:26","Specyian Pact",SP,pink,af,https://discord.gg/UxqHfuGYjA,257.88,https://politicsandwar.com/uploads/c892a8d832b730c964fb792d6391bf1473442372x589.png
9543,"2022-02-03 17:53:28",X-pact,XP,red,af,https://discord.gg/u9cRNMBauR,942.61,https://politicsandwar.com/uploads/87d3e8d4d57007b9d8de2449896378bcc9d6e6f4500x333356.png
9544,"2022-02-03 21:31:08","The Albion Charity Fund",ACF,white,af,,1053.53,https://politicsandwar.com/uploads/236c156d392690f0a60574872d2eaec6f4572f5cx856.png
9551,"2022-02-06 03:28:50","House North",,green,af,,11201.25,https://politicsandwar.com/img/flags/ukraine.jpg
9554,"2022-02-06 18:12:18",Empyrea,E.M.,aqua,af,https://discord.gg/YGFcrZXxzB,363.53,https://politicsandwar.com/uploads/cf4d2e995d5998e2ff5bb0770fa3c9878deb2e8fx237.png
9557,"2022-02-07 21:13:20","El Pollo Loco",EPL,maroon,af,https://discord.gg/nNdnuztk68,17488.02,https://politicsandwar.com/uploads/962b41495bd02661cf9d0688ec28b3bf5a415528500x333303.png
9559,"2022-02-08 03:10:00","Good Bad Ugly",GBU,black,af,https://discord.gg/BfYPZ6ny7P,2533.46,https://politicsandwar.com/uploads/84ae0489543f2e339ea6e1fda9cc81a0731b92dd1000x511762.png
9564,"2022-02-09 07:44:05","Sunray Gigabyte",,aqua,af,,0.00,https://politicsandwar.com/uploads/ac60b45bb078d2791c4cab5b4ac602b7f53f9c0d1000x671834.png
9566,"2022-02-09 08:44:30","Baguette Cult",,brown,af,,3270.55,https://politicsandwar.com/uploads/d6b8dccedaf23fd1cc8fd4b496a98f3163e1fe80500x375885.jpeg
9569,"2022-02-10 00:31:52","Space invader",,green,af,https://discord.gg/Qy2mNB7xDh,693.08,https://politicsandwar.com/img/flags/piratesheep.png
9570,"2022-02-10 10:02:47","Countryball Alliance",,aqua,af,,1446.92,https://politicsandwar.com/uploads/ecc2f517518ac4a00f3b4a8327d6e821517886aa500x281331.jpg
9573,"2022-02-10 21:33:48","The Coven",🔮,black,af,https://discord.gg/pCFewNputA,33167.68,https://politicsandwar.com/uploads/6f117c023e5bebcf494c7f7f2ba393ee1110053fx495.png
9575,"2022-02-11 02:01:41",OSAT,,blue,af,,6272.36,https://politicsandwar.com/uploads/326fabd79afb6202a32cf9fb1704df42134f3bfb500x333779.png
9577,"2022-02-11 11:27:49",Empire,EPE,black,af,https://discord.com/invite/cYBjgQdH8T,4192.52,https://politicsandwar.com/uploads/e1736bd1ed3deacd6b2a7bab00ab6881917f2cd2500x308220.jpg
9582,"2022-02-12 20:25:41",Lighthouse,Light,blue,af,https://discord.gg/ZUgpyDuYHq,6998.71,https://politicsandwar.com/uploads/3c81cba72a737df35e13f8ed370f7af0d0f5fa32500x33398.png
9583,"2022-02-12 23:54:35","The Great Crimson Alliance",,maroon,af,https://discord.gg/dwQrPtN3Xt,158.36,https://politicsandwar.com/uploads/51b7643af8fdb39d385f779cb2b0c8f55776c72e1000x666802.jpg
9588,"2022-02-14 20:18:00","Ghost Division",CHICKEN,green,af,,3479.27,https://politicsandwar.com/uploads/7464b3243e7ed162ff5911a3ec53ddc96a1dc234300x300304.jpg
9595,"2022-02-17 01:54:17","Epic gamers",,aqua,af,,0.00,https://politicsandwar.com/uploads/a822b10fbd66bb7f6f13e3e84c9d586d90e9bef1310.png
9596,"2022-02-17 19:44:41","PaxingBayern Trade Federation",BTF,red,af,,2488.34,https://politicsandwar.com/img/imgur-old/5c1b77715300d803ec2b290035fbe5f045d20d1b314.png
9598,"2022-02-18 01:36:22","The Hegemony",HEMY,purple,af,https://discord.gg/a7Jra75HeH,3306.22,https://politicsandwar.com/uploads/69098abb589a9e8737add276378d1e94827fec64x146.png
9600,"2022-02-18 09:18:22","Roman Empire",SPQR,purple,af,https://discord.gg/empireofrome,80325.39,https://politicsandwar.com/uploads/3bd8e90796da31a6cbc4bd16de444265f0e6dd74500x325593.jpg
9609,"2022-02-21 19:44:06","Africa Proconsularis",,olive,af,,5552.50,https://politicsandwar.com/uploads/a11d8344c13e2f83982683bd4748b8e4a335bb9ex70.png
9611,"2022-02-22 02:10:22",Vikings,V,black,af,https://discord.gg/vdb68j3nJ3,35264.46,https://politicsandwar.com/uploads/0c4fc10730a8dd954cd02e37e16dd810496d5a3a500x281937.jpg
9615,"2022-02-23 19:08:14","The Leaf People",TLP,lime,af,,564.11,https://politicsandwar.com/uploads/b0da89f2e9111e769212fe608b4336812ad9f7df500x333674.png
9617,"2022-02-24 20:02:29","Grand Imperial Army Reserve",,aqua,af,,1474.76,https://politicsandwar.com/uploads/0846bba150274b2714213a72944d8d878ee4d1d8x43.jpg
9618,"2022-02-25 00:45:22",Temple,,green,af,,8307.00,https://politicsandwar.com/uploads/d264e39f5f7ad18d0f62525b7f33a10120fff38d500x321590.png
9620,"2022-02-25 20:16:00",Pasloe,,purple,af,,6215.84,https://politicsandwar.com/uploads/2da585aacd2d5d7e47bb924a42a894e18e26492e500x333669.png
9621,"2022-02-25 20:58:26","Couched Potatoes",CP,brown,af,https://discord.com/channels/951663914159071312/951663914159071315,1197.09,https://politicsandwar.com/uploads/642981f89b1744fb0537d00db5dc48970348d742300x300352.png
9622,"2022-02-25 21:44:10","Ayyslamic Caliphate",AYYLMAO,green,af,https://discord.gg/Nznj84BGTY,66931.42,https://politicsandwar.com/uploads/b169522c64671c4ef0eba5ee4303ed921de4f74e1000x667212.png
9624,"2022-02-26 01:43:27","The Solitude",TS,green,af,https://discord.gg/6Qq8x9DD8J,861.84,https://politicsandwar.com/uploads/2c3737ecf570cc5ffbd660340f1add5604021433300x300862.png
9627,"2022-02-28 06:13:58","United States Of Noakhali",,black,af,https://discord.gg/7RZxf7YByW,1900.85,https://politicsandwar.com/uploads/3977ed6707eacd77c618d843866b2c38566aaa11500x263425.jpg
9629,"2022-02-28 19:20:58",Lyre,UwU,purple,af,https://discord.gg/bfCAFqFhNm,1008.83,https://politicsandwar.com/uploads/6974d5912809fed3cd61cd9eda6ce17ca9006277500x374889.png
9630,"2022-02-28 19:37:12","Darkblades Jail",DJ,green,af,https://discord.gg/U8zWYBAkjX,11395.00,https://politicsandwar.com/uploads/2dd47c92c205b9c7e4f5472363b9d8156c5ae584x145.jpg
9631,"2022-02-28 21:05:33","The Chrompe Company",TCC,lime,af,,5340.93,https://politicsandwar.com/uploads/c6025947c81a88232566e1f18443d5d5df8028e1x490.gif
9634,"2022-03-01 19:28:03","De Buiz",,purple,af,,3237.80,https://politicsandwar.com/uploads/3cd418f1ce6b48bbd33dbf22b6f8233d46e68146284x300275.png
9635,"2022-03-01 20:39:16",Nibelheim,,green,af,,6382.50,https://politicsandwar.com/img/flags/iceland.jpg
9637,"2022-03-02 18:22:43","Creationist Callers",CC,lime,af,https://discord.gg/SS5XuEWyBk,936.97,https://politicsandwar.com/img/imgur-old/d33bdef049ea1efcc72a76ba005395ead45624ae697.png
9645,"2022-03-07 00:10:39","Water Drinking Fountain",,black,af,,10.03,https://politicsandwar.com/img/flags/betsy_ross.jpg
9649,"2022-03-07 16:29:02","Band of the Falcon",BotF,aqua,af,https://discord.gg/Rhtchrtf8f,23692.43,https://politicsandwar.com/uploads/3a8df2ff88570ae1321120d3466a4e672509a657500x300597.jpg
9651,"2022-03-08 14:09:47","Sunray 1-1","\[T]/",black,af,https://discord.gg/S72KrBsDkY,48840.54,https://politicsandwar.com/uploads/dcb175d5cadb17c3547fc62a20596c0b5bd3b8a4500x28172.png
9652,"2022-03-08 15:01:06","Bayern Corporative Confederation",BCC,maroon,af,,2318.41,https://politicsandwar.com/uploads/96c50e0c1195e64eedf15a97f36dfcf3e2bd2dc1500x333785.jpeg
9657,"2022-03-09 00:24:51","soy bois",,aqua,af,,2571.68,https://politicsandwar.com/img/flags/japan.jpg
9658,"2022-03-09 05:41:48","Alliance of Justice",,brown,af,https://discord.gg/yFPDnhMqyR,7775.18,https://politicsandwar.com/uploads/d3fb403912f5ffed7c800ea113a086d4c25b5345500x308955.png
9659,"2022-03-09 10:35:13","European Defensive Alliance",EDA,aqua,af,https://discord.gg/3FhAamZmQY,5359.28,https://politicsandwar.com/uploads/faca86d9847d41855740bec2a147448a2dcb24d6500x250195.png
9661,"2022-03-09 21:48:50","Pika Party",PIKA,olive,af,https://discord.gg/KVGCbWFc3K,4345.00,https://politicsandwar.com/uploads/5223b2b438ffd9fff8ce9d8c01db8789f5c779cc500x300144.png
9665,"2022-03-11 12:51:33","Union of Perthton",,aqua,af,,1210.45,https://politicsandwar.com/uploads/d6ba77453ccb2b8c4d8e56802afa8464c1298e55x632.png
9667,"2022-03-11 17:26:10","The Rolling Stoners",,yellow,af,,151.11,https://politicsandwar.com/img/imgur-old/4d010baead02b402172d5166729956428ebde385559.png
9670,"2022-03-13 12:39:47",Gibsonia,GBS,maroon,af,https://discord.gg/k6G4ukGP9B,1874.16,https://politicsandwar.com/uploads/121a7f858443c4490bf54ca510e4f7daef41b101500x333860.png
9671,"2022-03-13 20:58:43","American-British Union",,aqua,af,https://discord.gg/USZ22uk2YP,1171.34,https://politicsandwar.com/img/flags/ukraine.jpg
9676,"2022-03-14 20:30:06","The Vision",TV,olive,af,https://discord.gg/HYYHyxKB,17142.95,https://politicsandwar.com/uploads/8298917e5af6b0656abc2408b121b641df946549x265.jpeg
9680,"2022-03-15 13:05:27","The Expendables",€XP,black,af,https://discord.gg/uBuxQBs3h7,25287.14,https://politicsandwar.com/uploads/d4356f77787f6b04c939d5fa4c45b1390a2d5100x964.png
9681,"2022-03-15 14:42:07","Ping Sri Lanka 001",,brown,af,https://discord.gg/2UGTBGuh8y,28510.45,https://politicsandwar.com/uploads/0f5492f9c0fe03961513ea452edbc4e177f059731000x56294.jpg
9682,"2022-03-15 23:26:06",Yatagarasu,TSN,red,af,https://discord.gg/MktKNqBwZz,16745.27,https://politicsandwar.com/uploads/d4576632a2ff224f13db38a8cee9228e45dbe37b500x333241.png
9684,"2022-03-16 11:44:05","Shadowing Specters",,black,af,,1095.00,https://politicsandwar.com/img/imgur-old/d33bdef049ea1efcc72a76ba005395ead45624ae697.png
9685,"2022-03-16 19:43:53","WestSide Insurgency",,pink,af,,5763.50,https://politicsandwar.com/uploads/ed288acb713f510ccbdea3157e71cc2f745611b3x233.png
9687,"2022-03-17 15:59:21",Odyssey,ODY,blue,af,,1829.50,https://politicsandwar.com/uploads/88b502154ded3521f2dd80e1596198e0dbcb4805500x328592.png
9694,"2022-03-20 03:44:09",SPTO,SPTO,olive,af,https://discord.gg/6A5ntmKZ,10092.99,https://politicsandwar.com/uploads/543248cbea499a9a07d17ce5a3f14d0a10f128a0x288.png
9695,"2022-03-20 14:21:59","Star League Defense Force",,aqua,af,,0.00,https://politicsandwar.com/img/flags/mars.png
9699,"2022-03-21 03:48:02",Lovemuffin,MFFN,lime,af,https://discord.gg/pS3nBsE5KC,2259.72,https://politicsandwar.com/uploads/7c9792da62a1563c0d920f39cdcc3b766713afa7500x401103.jpg
9703,"2022-03-21 17:04:38","Global Military Coalition",G.M.C.,maroon,af,,2519.25,https://politicsandwar.com/uploads/6d6169cb8b39f18ed28ddc1f332cc8c3950dba36500x281543.png
9705,"2022-03-22 20:37:14",Partisan,,white,af,,919.71,https://politicsandwar.com/img/flags/ukraine.jpg
9706,"2022-03-22 23:34:10","Nova Riata",,black,af,,5709.14,https://politicsandwar.com/uploads/35dc84d391b46bc2500b7e3c494af92759095232x835.png
9711,"2022-03-23 12:41:46","The Mega Powers",,blue,af,,490.04,https://politicsandwar.com/uploads/53ce1415b9d39bf165e75a00c3ecdf68a36fe70a1000x729465.jpeg
9712,"2022-03-23 13:35:09",Zenith,,yellow,af,,3932.62,https://politicsandwar.com/img/imgur-old/48664f573e2391f1770adf56fc7371eba506b385277.png
9715,"2022-03-23 20:56:15","Prinsesse Ingrid Alexandra",,yellow,af,,3351.19,https://politicsandwar.com/uploads/da03d87ddccd84d7acd73d49bee8c116af526a0dx520.jpg
9717,"2022-03-24 00:49:13","Raging Hogs",RHS,aqua,af,,4232.97,https://politicsandwar.com/img/flags/betsy_ross.jpg
9721,"2022-03-24 16:14:01","No Clue",,aqua,af,,2659.99,https://politicsandwar.com/img/imgur-old/bc0d4e40ed2b8f89a514c7ed0e6cb5c7660b46c3375.png
9722,"2022-03-24 16:49:06","Polar Kingdom of the Bear",,aqua,af,,1594.86,https://politicsandwar.com/img/flags/piratesheep.png
9723,"2022-03-24 17:30:37","The knights who say ni",,aqua,af,,1544.56,https://politicsandwar.com/img/flags/betsy_ross.jpg
9729,"2022-03-25 16:59:33","Queens Society",QnS,black,af,https://discord.gg/jdQ7EadzGQ,12490.58,https://politicsandwar.com/uploads/5c2f808d31ba903b08b89852514700ebd8c36e6d300x30086.jpg
9730,"2022-03-25 16:59:44",Yakuza,Yaku,red,af,https://discord.gg/pZnvfb7VpH,9206.55,https://politicsandwar.com/uploads/210342ed86048a319f6fd106f2336ec57acd2215500x353895.png
9732,"2022-03-26 00:28:43","Republic of Peace Keepers",RPK,blue,af,,11020.97,https://politicsandwar.com/uploads/077f0545bae054901df9a35e2d41a5960510e642x617.png
9734,"2022-03-26 05:01:17","Liberty Union",L.U,aqua,af,https://discord.gg/Atj95FBrxK,1416.26,https://politicsandwar.com/uploads/f268fef6ad563c0bd01eb985b46b58359705e4e1500x332260.jpeg
9736,"2022-03-26 10:04:24","locutus playhouse",,green,af,,3498.49,https://cdn.discordapp.com/attachments/672310912090243092/957220895431213076/unknown.png
9743,"2022-03-28 06:54:16","Castle Walls",,maroon,af,,6532.50,https://politicsandwar.com/uploads/351ce63419b9fad3777ade2942f9179037b2e2a8500x303607.jpg
9745,"2022-03-28 18:30:22","Raiden Inc",🌸,brown,af,,5437.50,https://politicsandwar.com/uploads/8c72000642ce2e064cdc0f7ae0c583327c4ef271x402.png
9746,"2022-03-28 23:41:43","Temple of Ayylah and Lmaohammad",,green,af,,5441.93,https://politicsandwar.com/uploads/b169522c64671c4ef0eba5ee4303ed921de4f74e500x333553.png
9748,"2022-03-29 06:48:16","Adamcore Nation Global forces",ANGF,blue,af,https://discord.gg/udFkvaFrWZ,2430.18,https://politicsandwar.com/uploads/520dd7bedcd8540a59242324b70c7fb13c006d50x975.png
9751,"2022-03-30 21:56:35","Dumpster Diver v6",,green,af,,5646.85,https://politicsandwar.com/uploads/59f110e7f88b4b05bc533064ae600f1b5215bf7a1000x625374.png
9756,"2022-04-01 12:46:55","The Lucky Diamond Boys",💎,green,af,,261.48,https://politicsandwar.com/uploads/b41f062319edbd74fbac30211f3a2d1b1c4b371f500x300530.png
9758,"2022-04-02 01:16:21","Polaris Prevails",,blue,af,,8999.76,https://politicsandwar.com/uploads/42be9ea8860fe9204d89460a6e3efca6dd5ecc66x715.gif
9759,"2022-04-02 02:12:02","The Slavo-Bonarian Union",SBU,white,af,,115.70,https://politicsandwar.com/uploads/e9a5bbcd7898342aba2c3d81f29b24c0e54500f1500x306715.png
9761,"2022-04-02 13:19:15","Burger Empire",BE,aqua,af,https://discord.gg/ckeJy3QQed,2350.67,https://politicsandwar.com/uploads/276de0cce0f213a90d5c3dace37a7526177ddc57x550.jpg
9762,"2022-04-02 19:21:09","THE BLUE ARMY",TBA,blue,af,https://discord.gg/ztMjRTKYQg,2387.64,https://politicsandwar.com/uploads/9f8397eebec06028da3432d3630d4dcfd44d53e5500x483410.png
9764,"2022-04-03 23:03:58","United Black Sea socialist Union",,aqua,af,,1490.57,https://politicsandwar.com/uploads/b387964da396f376b69c8529797631bfee219cb01000x565767.jpeg
9766,"2022-04-04 12:06:36","Pact Of Steel",,aqua,af,,0.00,https://politicsandwar.com/uploads/4c696c8a848b59b0976517ba86206f7ad6a277f3x964.png
9767,"2022-04-05 02:00:54",Infinity,∞,green,af,https://discord.gg/gHjUhCxhef,3436.10,https://politicsandwar.com/uploads/908ab246b199c3c091ffde0fed3f902adcfa9e8b500x333890.jpg
9773,"2022-04-05 23:38:36","The Blinded",,olive,af,,2326.10,https://politicsandwar.com/uploads/fb59749fccb1cf018dd5705064b480bf8452eb44500x300942.png
9774,"2022-04-06 02:37:08","United Worlds",,green,af,,1078.02,https://politicsandwar.com/uploads/ff41ec3a2bb5d1c82c8aa1985d4caa3191d8ac7e500x250137.png
9775,"2022-04-06 13:00:38","Crimean-Kievan Teutons",CKT,green,af,,983.40,https://politicsandwar.com/uploads/6568fd2392d018c2be038b2c5e07ca07fbfe6e31500x294779.jpeg
9778,"2022-04-07 10:35:50","The Entrepreneur",TE,lime,af,,10.00,https://politicsandwar.com/uploads/ca66f8f954a683925f7e3a58ad57ad75d176bd1d500x334364.jpg
9780,"2022-04-07 15:00:06","Empire of Pakistan",,lime,af,,1756.15,https://politicsandwar.com/img/flags/pakistan.jpg
9783,"2022-04-08 00:26:22","Chung Empire",,aqua,af,https://discord.gg/gxQyXXV2C8,1818.32,https://politicsandwar.com/uploads/041290513d3a1bd593d4542cf9b364260a348de8500x333967.jpeg
9786,"2022-04-08 11:44:23","Global Authority",,purple,af,,3223.15,https://politicsandwar.com/img/imgur-old/a1e6bc7426eb12dc0ddeda1dbe41629f1db685cf760.png
9788,"2022-04-08 20:15:07","New york knights",,aqua,af,,1942.41,https://politicsandwar.com/img/flags/unitedstates.jpg
9789,"2022-04-09 02:50:08",Wakando,,maroon,af,,6294.71,https://politicsandwar.com/uploads/c8731308b9477c205896aa0300358d2045b12efax719.png
9790,"2022-04-09 12:22:21","The Armored Military Group",TAMG,black,af,,1579.14,https://politicsandwar.com/uploads/cae86be0228c271173f053ac97ed15c8bb7b2461505.jpg
9791,"2022-04-10 03:33:14","BOOT CAMP",BC,yellow,af,https://discord.gg/ZmnPkfHp69,3093.74,https://politicsandwar.com/uploads/74c9cd41a75df73539e8f4b99e89314cfc0a7d0e500x451652.jpg
9792,"2022-04-10 19:32:11",VenomVault,,green,af,,8041.25,https://politicsandwar.com/uploads/3c1bbb3aca63b428c4657d430008a5aa4e74e934x373.jpg
9793,"2022-04-11 20:40:53","Wei Wrestling Federation",WWF,green,af,,4921.25,https://politicsandwar.com/uploads/c144b2c7e7919cfbef25dffbffe011d8195afa95x315.jpg
