﻿alliance_id,date_created,name,acronym,color,continent,discord_server,score,flag_url
619,"2014-08-05 19:39:15",Guardian,Guardian,green,Ar,https://discord.gg/wFbUzM2,430842.89,https://politicsandwar.com/img/imgur-old/200afe185770407ae6a603ade7ba9bfbad379813917.png
622,"2014-08-06 13:37:26","United Purple Nations",UPN,purple,Ar,https://discord.gg/mfUxYv7CyR,271783.30,https://politicsandwar.com/img/imgur-old/3f9d76b849ff553846c11a6097af797b3b9570bf680.png
770,"2014-10-26 13:21:40",770,MH,yellow,Ar,,10483.20,https://politicsandwar.com/uploads/d3b62efe6ed65e5b5f6c01b3aee1f394ca81cc0a500x300414.png
790,"2014-11-04 23:13:16",Rose,🌹,pink,Ar,https://discord.gg/Fp5Ngqg,1267274.00,https://politicsandwar.com/uploads/ae8d1335abc5459321be931988230fe759270a1b500x300373.png
831,"2014-11-21 17:26:29","The Syndicate",t$,green,Ar,https://discord.gg/RFR6Rnq73j,872346.02,https://politicsandwar.com/uploads/f9e00900e41e4de7e86814b5bc4a0837e4e6adf0500x300747.png
877,"2014-12-12 23:23:13","Black Knights",👽,black,Ar,https://discord.gg/VrJFQMBH2R,315342.18,https://politicsandwar.com/img/imgur-old/917568acf2b88122f2e687d5bcfe41c8db855e95744.png
913,"2014-12-19 14:34:25",Arrgh,Arrgh!,black,Ar,https://discord.gg/jCAQFtJ,155516.91,https://politicsandwar.com/uploads/4c29f0ac2ca49e0918faf662c8e8381343a71e5d500x282471.png
1023,"2015-01-26 15:22:05","The Fighting Pacifists",TFP,white,Ar,https://discord.gg/5yT5tWS,701593.60,https://politicsandwar.com/uploads/9ed602e799bdcd4c50577ac749b31a3f4fada927x562.webp
1210,"2015-03-21 22:52:21","World Task Force",WTF,maroon,Ar,https://discord.gg/3AXHN5B,219513.41,https://politicsandwar.com/uploads/c8e5788c9bba2f6e5e59c2b517949a86f00fb2e4x101.png
1246,"2015-03-29 20:09:40",Farkistan,FU,white,Ar,https://discord.gg/HDjRySg,20851.35,https://politicsandwar.com/uploads/100fe13335b6c085e46e699bf8d856d1ee996207315.png
1584,"2015-06-29 17:25:50","The Knights Radiant",TKR,orange,Ar,https://discord.gg/theknightsradiant,769374.49,https://politicsandwar.com/uploads/d11ae577153b666a4d07085e7622d1fbf7d524b8500x300531.gif
1742,"2015-08-14 18:32:07","The Wei",WEI,mint,Ar,,8622.25,https://politicsandwar.com/uploads/4667fac78cbdca244f2e9cff3f1b2ca125047a80500x300904.jpg
1896,"2015-10-05 16:50:32",Pantheon,🏛️,yellow,Ar,https://discord.gg/8w5mHFe,17933.35,https://politicsandwar.com/img/imgur-old/aabdb8d0f25956ba861bb1c365c404835995c5a5705.png
2082,"2015-12-01 16:15:42","New Pacific Order",NPO,brown,Ar,https://discord.gg/g5x6UZ4,4080.00,https://politicsandwar.com/uploads/f6d9d9cd426226b55504e8fe7c941c10cb7eb6ba700.png
2358,"2016-02-16 19:50:46","New Polar Order",NpO,blue,Ar,,0.00,https://politicsandwar.com/img/imgur-old/a69030707aac568c9eb564ed58dfa6bacfa34da5165.png
2510,"2016-03-20 06:51:10","Royal Alba Charter Company",RACC,red,Ar,https://discord.gg/FJeNyKhxPt,45678.33,https://politicsandwar.com/uploads/30aa415263836ea59b74afac58c24cc2049705dc500x300345.jpg
2594,"2016-04-04 10:01:03","United Socialist Nations",USN,red,Ar,https://discord.gg/e2VvhPwnb7,142388.44,https://politicsandwar.com/uploads/af8e8e07558e73296fee85e09ab859473c8a9818500x281363.png
3339,"2016-09-23 00:04:24","Grumpy Old Bastards",Grumpy,green,Ar,https://discord.gg/8BZztQQ,453743.86,https://politicsandwar.com/uploads/0f0a84d579b3fc9c703c787302394640a4ad9b20299x300302.png
3427,"2016-10-07 17:28:42","Legion Of Dawn",LoD,white,Ar,https://discord.gg/pQwTGU2z45,9057.60,https://politicsandwar.com/uploads/4eb27a8bf1cd8a2a0823c417de0331a6844e95f4500x281391.jpg
3683,"2016-11-08 20:24:05","House Stark",HS,olive,Ar,https://discord.gg/aRhfKtBzp8,194304.48,https://politicsandwar.com/uploads/3ad6c7a08cd782cb72b449122e6c7474cd7a0002x826.png
3940,"2016-12-20 00:38:26","The United Empire of ZahAharon",TUE,purple,Ar,https://discord.gg/yZmr9av,0.00,https://politicsandwar.com/uploads/5ba2f1328cb1211b742c91c72d9c34db1248101b489.png
4124,"2017-02-01 17:00:43","Knights Templar",KT,turquoise,Ar,https://discord.gg/RyPP7hBKqs,9777.01,https://politicsandwar.com/uploads/f320184ea8dba06c802f863dab0d6e13228f72c5500x300426.jpg
4150,"2017-03-19 10:05:19",Yarr,GOLF,black,Ar,https://discord.gg/cbF74Dg,164328.20,https://politicsandwar.com/uploads/57056016e0494b5e9e860188582d4db5ac119883500x333979.png
4221,"2017-06-11 12:22:29",Spectre,SPC,maroon,Ar,https://discord.gg/Uyn3m5D,516165.46,https://politicsandwar.com/uploads/dc13766f0cc1298f1fa5303562b453ada8b15f23480x300661.png
4271,"2017-08-09 02:18:58",Oblivion,"S H I T E",green,Ar,https://discord.gg/YRerfDpaKJ,109536.26,https://politicsandwar.com/uploads/77f48785108ccfdc120abfd909836623bddd89abx511.gif
4397,"2017-12-10 03:25:36","Strickland Propane",Strickland,mint,Ar,https://discord.gg/SFEpZNf,22183.07,https://politicsandwar.com/uploads/a118889f96a7c98bd6c465415353aaf6452d9915500x300529.png
4468,"2018-01-07 07:22:03","Purple Flower Garden",PFG,orange,Ar,,6717.98,https://politicsandwar.com/img/imgur-old/0f4f936ea7c16e834208f05cef1a98f6c0eddb47463.png
4567,"2018-02-23 02:31:21","The Golden Horde",TGH,gold,Ar,https://discord.gg/T4KJ7dgDVy,165432.21,https://politicsandwar.com/uploads/277043d931e5a6613967be3bd92a787d9e95bbc4500x312177.png
4638,"2018-03-21 05:20:16","Sacrum Romanum Imperium",HRE,red,Ar,https://discord.gg/2WGKQGPPhY,15439.72,https://politicsandwar.com/uploads/7301cea65b528edb03d7f7a66a88d591b2e8d27f500x333596.png
4648,"2018-03-22 22:26:01",Aurora,AUR,green,Ar,https://discord.gg/NSvDF7GqBj,12055.00,https://images84.fotosik.pl/1023/f49d99150a877b08.jpg
4729,"2018-04-13 22:07:21","Church Of Atom",CoA,green,Ar,https://discord.gg/DCQsEuf,2010.01,https://politicsandwar.com/uploads/a18a33770a8efb8ce21bf21468d6f7d404e73392500x333798.png
4829,"2018-05-05 16:54:12","The Enterprise",e$,green,Ar,https://discord.gg/tm4aaKUGMd,242736.24,https://politicsandwar.com/uploads/acb59b63c53934d487a8d41276ddefe5cf7e9e71500x300385.png
4937,"2018-07-13 09:44:55",Camelot,🐲,maroon,Ar,https://discord.gg/camelot-465573583532589058,311192.10,https://politicsandwar.com/uploads/3795d0d9152cb39344e48134f5575e1544a660b5500x333717.jpg
5012,"2018-08-19 21:19:31","Respublica Romana",R&R,pink,Ar,https://discord.gg/rUJyB4U,0.00,https://politicsandwar.com/uploads/b67280cb2aac79d9b005553bdba50f34c1172af3x271.jpg
5039,"2018-09-09 00:20:10","Goon Squad",GS,green,Ar,https://discord.gg/uJGwKCK,13656.32,https://politicsandwar.com/uploads/f62cf330574ddc0dbd044b54a721efcbbef2d145647.jpg
5049,"2018-09-17 19:17:51",Carthago,CTO,olive,Ar,https://discord.gg/WAK7FWDkf8,4004.08,https://politicsandwar.com/uploads/c196c11b0cfca8e388e29edcc7dc1c758ab6206d500x281938.png
5476,"2019-05-06 16:50:03",Weebunism,🌸,brown,Ar,https://discord.gg/xsFQWaJPZQ,212440.11,https://politicsandwar.com/uploads/5679a40830161160b4bf9115ed4de833e29a5e17500x300879.png
5658,"2019-06-23 00:17:04","Unforgiven Legion",U.L.,green,Ar,https://discord.gg/Wjek998,2169.01,https://politicsandwar.com/uploads/6e7d1598085fc5929b0522d0b22f8078bd33e474500x250194.png
5875,"2019-08-04 19:30:43","The Immortals",IMMORTALS,yellow,Ar,https://discord.gg/8w5mHFe,497939.52,https://politicsandwar.com/uploads/e470845f6d7e7bacc7be772501666eccf16a5786500x281432.png
6088,"2019-09-07 22:29:58","Terminus Est",💀,maroon,Ar,https://discord.gg/7xSa8WrbJA,10968.40,https://politicsandwar.com/uploads/b0cac855367acc367ae4619baaa337ba8060c2a4500x300891.gif
6126,"2019-09-14 03:39:06","The Lost Empire",TLE,aqua,Ar,https://discord.gg/uJwCEs3qrJ,0.00,https://politicsandwar.com/uploads/f335d2149c46a6b1f664d32592dc2d871b7c5dcc500x258931.png
6877,"2020-01-07 23:40:55","Advanced Syndicalist Mechanics",ASM,red,af,https://discord.gg/SGgessb,0.00,https://politicsandwar.com/uploads/1c8cb8d10c2166cb00c75e5c2e047eb76ba0cc5b450x300644.png
7000,"2020-01-19 18:26:32","Banana Stand",BS,orange,af,https://discord.gg/t7dzPAV,43516.67,https://politicsandwar.com/uploads/207be35e6da41541f92e814cb2dff109bc3f332e500x299517.png
7094,"2020-02-02 10:53:42","The Coal Mines",TCM,pink,af,https://discord.gg/ybWe59czTf,4362.50,https://politicsandwar.com/uploads/364b80261d08d1750f2898abc48117eef7daa1d1x783.webp
7249,"2020-02-19 19:32:31","The Firm",$f,green,af,,24129.56,https://politicsandwar.com/uploads/acde1ad6c273e804750867b1b278e85ffda51fb5589.jpg
7346,"2020-03-11 23:55:25","Chocolate Castle",CC,pink,af,https://discord.gg/uvhaJpyKtw,0.00,https://politicsandwar.com/uploads/ded131b45a77f67b7714b8cdd637041c914c8ba4500x333251.png
7433,"2020-04-06 02:09:18","Almighty Corporation",ALMC,yellow,af,https://discord.gg/aDnRmzH,0.00,https://politicsandwar.com/uploads/f546e0e1042b03467c682e53bd214abff4fdaf5e500x3007.png
7450,"2020-04-12 18:27:50",Eclipse,☾,lavender,af,https://discord.gg/sGzXF7P,1303607.84,https://politicsandwar.com/uploads/ba68bbecc6a5bd266eb44b123c3b5988c8c756a2500x28118.webp
7484,"2020-04-25 14:13:28","Global Alliance & Treaty Organization",GATO,brown,af,https://discord.gg/B6pTkZGP9U,328201.65,https://politicsandwar.com/uploads/9419d83d753df54bb4fb336b8d4f0030817d688e500x27928.jpeg
7580,"2020-05-31 06:19:19","The Legion",SPQR,purple,af,https://discord.gg/RvEAPsp,320428.66,https://politicsandwar.com/uploads/c21513383ba1a74909a984a4c4c2ffeac24dd8d7500x300409.png
7674,"2020-07-15 00:11:14","The Mortals",TM,yellow,af,https://discord.gg/8w5mHFe,34318.59,https://politicsandwar.com/uploads/f2f9456f4c707d1d3b21f28563b930d20ee36fa5500x30039.png
7750,"2020-08-17 07:27:40","United Ummah",UU,lime,af,https://discord.gg/8Q25CyE,184192.68,https://politicsandwar.com/uploads/b895e2e5ff32be5bdb5436edf9788d5f8100da03500x298871.webp
7815,"2020-09-06 15:23:49","99942 Apophis",99A,black,af,https://discord.gg/yF24Mgk,48987.84,https://politicsandwar.com/uploads/d451c53bf1a6b5030083bf6f48aed590524d78dcx741.jpg
8236,"2021-01-16 16:23:43","Name Withheld",❓,orange,af,https://discord.com/invite/89fsQSCUHM,336995.84,https://politicsandwar.com/uploads/0f8cc105aaa4b86634074cd38733de411a7bfefc500x297281.png
8343,"2021-03-13 12:51:59","The Armed Peacekeepers",TAP,white,af,https://discord.gg/5yT5tWS,0.00,https://politicsandwar.com/uploads/96fb005856f5eac25d479449ecc3183e70115d86x725.png
8442,"2021-04-18 18:00:44","Antifa Super Soldiers",🍑,green,af,https://discord.gg/pN8XRSR,142.00,https://politicsandwar.com/uploads/5509b91d1778658795615ecf5c79b4f6cf44d6a0x648.png
8577,"2021-05-17 12:58:42","Heung Shing Corporation",HSC,purple,af,https://discord.gg/uGXdCrZ8Sh,13408.32,https://politicsandwar.com/uploads/47dc0f39100b21e36f84c8e16db124adebb15d35500x497903.jpg
8651,"2021-05-30 04:06:28","United Commerce Republic",UCR,blue,af,https://discord.gg/PZcawYZHqh,2334.75,https://politicsandwar.com/uploads/81c427bce43293d96cfc1e852f72c4d549312b09x947.png
8819,"2021-07-15 20:20:04","The Hive",tH,purple,af,https://discord.gg/uszcTxr,0.00,https://politicsandwar.com/uploads/1d5a2ce435813eed65b5b3bfd6179dd2277be98c500x30074.png
8899,"2021-08-16 18:09:58","Federated States of Orbis",FSO,purple,af,https://discord.gg/FbjJnx37ea,212596.71,https://politicsandwar.com/uploads/57296f06ab13abcb96008d74fcaa9d1d46baaa8e500x300946.jpg
8900,"2021-08-17 20:31:54","Admin Alliance",,aqua,af,,516.00,https://politicsandwar.com/uploads/37ca458b5444264e04dc8d7fcd0d77e46d03eecfx3.gif
8926,"2021-08-20 02:34:45",Gallowglass,,yellow,af,https://discord.gg/E6nun29KNC,90931.00,https://politicsandwar.com/uploads/d76d758be9b1ed55da9a3139e537ef0f0669e044500x296404.jpg
9000,"2021-09-01 02:53:36","The Hand of Fate",HoF,turquoise,af,https://discord.gg/RyPP7hBKqs,39798.74,https://politicsandwar.com/uploads/edcab00901317bd2b386ea4dd4ddd6d4958b58bf500x300991.png
9192,"2021-10-28 03:46:03","United Nations of LATAM",USL,red,af,https://discord.com/invite/46s5CuYsRq,0.00,https://politicsandwar.com/uploads/9fa73f4f909cdfcc0da247b8a134b1d4f1b9cda0500x333301.png
9432,"2022-01-08 00:41:52",Orchid,DtC,pink,af,,23694.90,https://politicsandwar.com/uploads/e6ad7a78ab0dbbfade4e6d37572aee9774785a0b500x335769.jpg
9445,"2022-01-11 20:26:59",Cybertr0n,CYB,lime,af,https://discord.gg/JSAEGjmUQG,111232.25,https://politicsandwar.com/uploads/3709a74b65f7f0f138ec182ea6c04e673c589795295x300127.jpg
9600,"2022-02-18 09:18:22","Imperium of Man",IoM,purple,af,https://discord.gg/5NskGyXGCS,0.00,https://politicsandwar.com/uploads/78014ee92448e05b82b0d2835d4d8fca71b88980x798.png
9661,"2022-03-09 21:48:50","Pika Party",PIKA,olive,af,https://discord.gg/KVGCbWFc3K,0.00,https://politicsandwar.com/uploads/15302522dc76fc1b962a4750520b866209154160500x300614.png
9712,"2022-03-23 13:35:09",Zenith,,orange,af,,0.00,https://politicsandwar.com/img/imgur-old/48664f573e2391f1770adf56fc7371eba506b385277.png
9745,"2022-03-28 18:30:22","GUND-ARM Inc",🤖,purple,af,,0.00,https://politicsandwar.com/uploads/3ac541b549065f5f806cac780beb23280c749fb6300x300843.jpg
9801,"2022-04-14 01:12:24","The LordStrum Vanity Project",LordStrum,black,af,,0.00,https://politicsandwar.com/uploads/3a375b9b86ad87cc69b86649104b73eeb49095a4500x281277.png
9862,"2022-04-29 19:52:05","The Key",TK,aqua,af,,2852.25,https://politicsandwar.com/uploads/b8c7b37b25726bfa5262792c961ade2a36aed2a1x402.png
9999,"2022-06-01 15:22:21","Rainy Days",🌧️,white,af,,9886.40,https://politicsandwar.com/uploads/7c9a705331f60fbf50ac38b09cd2524a4c76e649500x300878.png
10000,"2022-06-01 15:22:34",Shuba10KM,,lavender,af,,22621.25,https://politicsandwar.com/uploads/852342d97e42a6c6698cf0147b01be1c30ff7585250x140895.gif
10075,"2022-06-16 16:03:00","Paddys Pub",Pub,mint,af,https://discord.gg/m9uqBVKpST,239793.71,https://politicsandwar.com/uploads/53bd021883522b45c2b292f407b699a20f2bc418500x33387.png
10117,"2022-06-26 05:05:42","Crusaders of the Holy Boogaloo",CHB,black,af,https://discord.gg/zYQvuzA,1690.00,https://politicsandwar.com/uploads/51a720571643c9d050f7e6d1f4fd0558e45c0664500x281662.png
10177,"2022-07-05 12:25:54","Man I Love Frogs",MILF,olive,af,https://discord.gg/Q4jnernCut,151080.55,https://politicsandwar.com/uploads/4a7e248258fef1fc4efda49df529590e0e96479c500x314872.png
10198,"2022-07-08 11:58:44","Damn I love Frogs",DILF,green,af,https://discord.gg/3ZekYnkf3H,0.00,https://politicsandwar.com/uploads/dc37d4ce8462b10d3091c298d6c62c4905ddc353500x481862.png
10259,"2022-07-22 11:36:16",Darkstar,DS,maroon,af,https://discord.gg/wYM6w3dzcc,203811.59,https://i.ibb.co/7xDKB9sL/dsnew.png
10269,"2022-07-24 01:54:18",Mayhem,MYM,yellow,af,https://discord.gg/ZMBdUkMngp,193249.23,https://politicsandwar.com/uploads/7f3fec3135b8a0840c212b2f799572dd375fb41a500x279594.png
10304,"2022-08-01 06:07:04",Samurai,Sam,red,af,https://discord.gg/9naupWFEbJ,294819.17,https://politicsandwar.com/uploads/2efb2d02042a0817b3831e9716761aeaf0c645f1500x300267.png
10334,"2022-08-08 16:27:36","Arkham Asylum",AKA,pink,af,https://discord.com/invite/N5txHQTPPz,25517.75,https://politicsandwar.com/uploads/6a56d1f1339bdf9116fe9c0e6a1d5195c6d9a82e450x300798.webp
10377,"2022-08-17 20:30:49",-Glasgow-,GLA,lime,af,https://discord.gg/XU59nVMRHv,83160.77,https://politicsandwar.com/uploads/8cbc167f0cf24e3d282ae015a7c12750f80b49f3x270.webp
10382,"2022-08-19 20:19:11",Fumo,ᗜˬᗜ,brown,af,,14592.20,https://politicsandwar.com/uploads/2188de438a2c0b8ae4f5eced378e00b3ac74774f300x300887.png
10384,"2022-08-20 02:25:11","GASH LOYAL",GL,lime,af,,1102.24,https://politicsandwar.com/uploads/115be7a0f87fa7ef5b515f72583b61412033d6f6250x250916.jpg
10455,"2022-09-04 07:21:12","Anti-Horridism Obocchama Kun",AHOK,blue,af,https://discord.gg/YEbNwtGk,410.00,https://politicsandwar.com/uploads/498d9e44335edc06e65a95abbd900242aef3ba65x737.jpeg
10498,"2022-09-13 20:51:42","The Witcher Order",TWO,blue,af,https://discord.gg/yFBZweHpBv,3234.20,https://politicsandwar.com/uploads/22b259db667f1843341e060a0ce015602e5bf449500x31210.png
10523,"2022-09-19 09:12:10",Valinor,,pink,af,,31816.42,https://politicsandwar.com/uploads/9d193f3cad4c1e3ff36604b47fafe11729176837500x300774.png
10555,"2022-09-28 01:40:36",Akatsuki,Aka,maroon,af,https://discord.gg/fzWJ3pXmyY,0.00,https://politicsandwar.com/uploads/a5c7b99d360c0cacddac83f7915243e164d7514a500x312411.png
10613,"2022-10-15 09:46:32","Union of Socialist Soviet Republicz",USSRz,red,af,https://discord.gg/c4We74sTet,2436.19,https://politicsandwar.com/uploads/f74e4f70619a7a504d3b4b641c311931b2055a75x28.png
10629,"2022-10-21 07:04:53","Momento Mori",MM,blue,af,https://discord.gg/nAbW2mgYsm,0.00,https://politicsandwar.com/uploads/b4854d440082d5c0e851545e50ec6b8dfb5dc83d500x373612.jpeg
10659,"2022-10-30 17:02:51",Panem,PN,red,af,https://discord.gg/ar4XgnU327,72867.58,https://politicsandwar.com/uploads/940229cea60fcfbc6a9bab582bf8c08dfc74c120500x30019.png
10664,"2022-10-31 20:57:15","Cult of Canyon",CoC,white,af,,0.00,https://politicsandwar.com/uploads/c92f8133dd74d13ebd1059e8646d7b128ab741a8500x300269.jpg
10970,"2023-01-15 03:28:27","Presidential Republic of Igua-sul",,white,af,,1520.01,https://politicsandwar.com/uploads/107d056966633bfd674b497ef8a4ad75d3406d93500x337901.jpg
10983,"2023-01-16 18:01:51","Brothers in Christ",BiC,white,af,https://discord.gg/9a6mqwat2c,0.00,https://politicsandwar.com/uploads/55637f80517488c68811e423a2d3066a4277d90c500x30040.png
11009,"2023-01-23 02:08:31","The Republic of Libertas",RoL,red,af,https://discord.gg/YKsVJGfCsS,242588.02,https://politicsandwar.com/uploads/3d26302a31dc637107d3b1a7b13295a648173884450x300451.jpg
11032,"2023-01-29 00:52:26","SFR Yugoslavia",SFR,mint,af,https://discord.gg/AxpsZQvQzq,104455.82,https://politicsandwar.com/uploads/71535eb0faf8159c30d8b3698eb7ab09fa210788500x250902.jpg
11046,"2023-01-31 22:51:22","Magnum Opus",MO,black,af,https://discord.gg/T2kWfdYFzf,22278.43,https://politicsandwar.com/uploads/9cc16f4059eaef42d525e68f5295f848c3de6110192x300720.png
11048,"2023-02-01 09:25:35","Empire of the Romans",SPQR,purple,af,https://discord.gg/eotr,170699.48,https://politicsandwar.com/uploads/5470b39aab4aee612b492a0808ee331e0376f3b8500x291878.jpeg
11062,"2023-02-05 15:00:08","Antarctica Alliance",AA,aqua,af,,135397.10,https://politicsandwar.com/uploads/e59049052b780f665b5f2b1e0fd59d661d0d8ef2x600.png
11189,"2023-03-07 22:06:23","Weaponized Assault Penguins",WAP,turquoise,af,https://discord.gg/GVufsd7Kac,0.00,https://politicsandwar.com/uploads/94ddf31997566c7ec5e7a91ff5a79823c62cef7b500x30040.png
11202,"2023-03-10 17:24:54",Arrkboom,,aqua,af,,4298.77,https://politicsandwar.com/uploads/0abaea88b53ebd9fb8e464a2706fcbea9a094fcb895.png
11279,"2023-04-04 07:19:30","HOUSE OF LORDS",HOL,green,af,,0.00,https://politicsandwar.com/uploads/43d1ada8360b844bc69c81dad7c27c92210cb5e01000x969597.png
11281,"2023-04-04 13:31:49",Britonnia,,brown,af,https://discord.gg/2FfHbNEk2w,0.00,https://politicsandwar.com/uploads/66a8161bf61ebce6f4f7f19346d4373e8be2bef7500x290236.jpg
11330,"2023-04-18 08:21:52","Men In Black",MiB,turquoise,af,,4702.80,https://politicsandwar.com/uploads/89e96946736d32b8f0ac8d2212d22b59440e5150x485.gif
11331,"2023-04-18 12:07:05","BROTHERHOOD FAMILY",BroFam,red,af,https://discord.gg/VMjAzncRAF,0.00,https://politicsandwar.com/uploads/b019abe7ce91fc98863e590000236faba320a848x861.png
11339,"2023-04-21 07:30:05","The High Table",THT,red,af,https://discord.gg/77w5x8rrXY,91841.75,https://politicsandwar.com/uploads/b6d6ba2f77db12455f7556c129d50b2eeaec457e500x281449.png
11349,"2023-04-24 07:56:09",Shamballa,"UGF S",aqua,af,,0.00,https://politicsandwar.com/uploads/f1806bc24257dcf95a92f8cf261754dbe06743d4x925.png
11504,"2023-05-24 12:41:04",H0D0R,,purple,af,,0.00,https://politicsandwar.com/uploads/cb309b07947e0c1884f6342503f71b253d2f68701000x584484.png
11553,"2023-06-06 00:35:35","Globglogabgalab Inc",GLOB,lavender,af,https://discord.gg/92ckmSJrvK,25900.91,https://politicsandwar.com/uploads/e89b1db990b21ac57bcd373086913b85cf081441500x334333.jpg
11622,"2023-07-03 00:59:18","Communist Republic",,green,af,,0.00,https://politicsandwar.com/img/flags/russia.jpg
11657,"2023-07-14 12:14:08",Singularity,SIN,blue,af,https://discord.com/invite/uxCm7YkEcF,816073.62,https://politicsandwar.com/uploads/e4bf00522a0f9cee67e5151c416797f79104a478500x333585.webp
11660,"2023-07-14 22:42:19",Pokimans,PKM,yellow,af,https://discord.gg/fNAkhQPrPK,91777.55,https://politicsandwar.com/uploads/8eda6f576a6d9c93a414f9ff58f852b21796d04c500x31287.jpg
11668,"2023-07-16 01:42:13","Alliance Name",,white,af,,0.00,https://politicsandwar.com/img/imgur-old/0a31900529966f483de4a2a137d8f8074909fb12171.png
11674,"2023-07-18 13:00:00",Hovel,H,green,af,,0.00,https://politicsandwar.com/img/flags/canada.jpg
11875,"2023-08-25 04:38:44","THE FOUR HORSEMEN",T4H,olive,af,https://discord.gg/gEtzWsgmGN,0.00,https://politicsandwar.com/uploads/07d6b075bb0f30366588c17deaff8f2e08bc14d2x542.jpg
11881,"2023-08-26 02:02:36","Cream 2",,white,af,,2400.01,https://politicsandwar.com/uploads/7840b2223d5f059fc1e93cc5d5fcd1eb4c66e19c1000x562645.png
11915,"2023-09-01 01:14:56","Cool Cobras",Cobras,green,af,,1035.00,https://politicsandwar.com/uploads/d31211410fe0340bd5db811e8c8357e87970027f500x253352.jpg
11973,"2023-09-16 07:28:30","Requiem Project",,orange,af,,0.00,https://politicsandwar.com/uploads/8052f7bddb68a4136a7d9033d69d3672ad744851x281.png
12097,"2023-10-19 04:11:19","Dark Brotherhood",DB,blue,af,,8562.67,https://politicsandwar.com/uploads/efa7794077667d86bd7887bcd44ff25bdb0283ec480x300221.webp
12149,"2023-10-30 15:47:35","The Empire Of Avalon",TEA,white,af,,965.98,https://politicsandwar.com/uploads/1ce3f68d54ef63f38808987702f017d912e7d9a6500x333445.png
12234,"2023-11-28 19:36:42","Crimson Corp",,purple,af,,0.00,https://politicsandwar.com/uploads/378de65ceecaaab8aca48212b05696a263bf4d42300x300702.webp
12251,"2023-12-04 19:19:13","Movimento Referencista",PMR,black,af,,0.00,https://politicsandwar.com/uploads/5055356b91b9b394d2903d5c1f36ebbf9e0b82c9500x41748.png
12263,"2023-12-08 10:24:36","Llama Alliance",LLAMA,aqua,af,,850.00,https://politicsandwar.com/img/flags/netherlands.jpg
12281,"2023-12-12 05:23:00","The Sword Coast",TSC,olive,af,https://discord.gg/PNbYkyukv9,304890.96,https://politicsandwar.com/uploads/c755c02b82184f00c026862dd2f0df2bcc350771500x30026.png
12298,"2023-12-19 20:28:18","Color Trade Union",CTU,purple,af,,4545.00,https://politicsandwar.com/uploads/687cb3943be8ce534f7a46525a932da8491e0a1dx499.png
12314,"2023-12-23 17:23:41","Genesis of Light",GoL,lime,af,https://discord.gg/nmPbGdk7Kh,1770.26,https://politicsandwar.com/uploads/57ef4f90e79ca8b824e9a1d3c13edb1d81dff330500x333792.jpg
12345,"2024-01-03 03:43:57","Planet Fitness",12345,yellow,af,,9882.25,https://politicsandwar.com/uploads/fec5ae3e65cc17c97cde1fdb02831f0bf03d7ca0500x300220.png
12419,"2024-01-20 23:08:31","Delicious Wine",,purple,af,,0.00,https://politicsandwar.com/uploads/f27d84f8409e1b743db091350e52eaabfee68ae2600x600744.gif
12437,"2024-01-25 21:09:10","The Imperial Republic",TIR,red,af,https://discord.gg/mfUV3u7B,440.00,https://politicsandwar.com/uploads/a87d882d428606bf7c57de7ac5089872df4663cax791.png
12453,"2024-01-30 15:36:07","Gamblers Anonymous",GAMBA,gold,af,,4650.43,https://politicsandwar.com/uploads/1a98e18d7585e530ae520266e46f039be6b48c2b500x281194.jpg
12479,"2024-02-04 15:04:53","The Exiled",TE,white,af,https://discord.gg/feGEvSECdR,703.17,https://politicsandwar.com/uploads/1d1e05a59856310962e2fd3a7dd34a6ae59956e7500x281658.jpg
12480,"2024-02-04 15:56:19","Event Horizon",EVH,gold,af,https://discord.gg/t2uQ9NPQj9,993801.31,https://politicsandwar.com/uploads/caf1659448bbeafc90921634adde9964369ff9c1500x281631.png
12481,"2024-02-04 21:43:27",Paragon,,green,af,,15192.50,https://politicsandwar.com/uploads/4b7d68c8463fc8dd98a1fe4f7a101b0ecb074dc4x581.jpeg
12482,"2024-02-04 22:14:13","Los Homoerectus",,yellow,af,,0.00,https://politicsandwar.com/img/flags/uruguay.jpg
12497,"2024-02-08 08:52:50","Matshaas Big Girthy Specimens",BGS,green,af,https://discord.gg/ss8dHzFcKC,0.00,https://politicsandwar.com/uploads/d0cbfd46c1c9df0958f169018237067d08051471250x312423.gif
12500,"2024-02-08 18:12:30","Atlas Technologies",,pink,af,,16627.00,https://politicsandwar.com/uploads/ca62db84ea0cb4060d32177a9ce7cd6322099373500x302938.png
12507,"2024-02-11 14:49:16","Proxy Treaty Organization",PTO,green,af,,0.00,https://politicsandwar.com/uploads/dac3a0e18b56014d42f3235ec67e784dcab1d25a500x333868.png
12532,"2024-02-19 04:55:08","Cherry Blossom",,black,af,,750.01,https://politicsandwar.com/uploads/cc8e0fec5af25a3da16c724729005c4b69ff3d3bx893.gif
12545,"2024-02-25 01:58:39","The Fremen",FRE,black,af,https://discord.gg/9ametppmfS,123778.64,https://politicsandwar.com/uploads/357b00dce78f1395ff446cb11a1a8e669708feef500x30061.jpeg
12578,"2024-03-14 11:33:30",aNiMaLz,,pink,af,,665.36,https://politicsandwar.com/uploads/4fe0c2746c8ac9829e6657bc53b6413f54c82b41500x349603.png
12591,"2024-03-19 11:24:26","The Convenience Store",24/7,aqua,af,,2244.41,https://politicsandwar.com/uploads/97f7db3df2e3e6c4166ffca8992d4af80a283dd3400x30057.jpeg
12611,"2024-03-24 14:46:14",defunct,defc,black,af,https://discord.gg/6TUnZrhVSA,428.50,https://politicsandwar.com/uploads/6bc6607c3cfc6ceb641266983ab980a1df1379fa500x250566.png
12615,"2024-03-26 01:47:18","The Lost Mines",TLM,aqua,af,https://discord.gg/p5xdzSvGT5,123777.78,https://politicsandwar.com/uploads/0de30bc6cbef7cd49c2e3debf7055f9fbe89dbd6500x298196.jpg
12621,"2024-03-28 14:48:51","Indore East India Company",EIC,black,af,https://discord.gg/Kz4cDcYKsB,0.00,https://politicsandwar.com/uploads/1fb2961411a6bf7211c0d2b89e7a1280d47d22df299x300262.png
12622,"2024-03-28 18:25:19","Lol idk",,aqua,af,,1277.06,https://politicsandwar.com/uploads/8164829dc4f79daddb7dee35d9cceb05d8e82179x372.png
12684,"2024-04-28 12:16:21",UkkoCouncilOfOrbis,U.C.O,aqua,af,https://discord.com/invite/KsRjYrbgHb,450.00,https://politicsandwar.com/uploads/a686f7b60798855ae3294523fbcbf9e022204233500x281300.png
12693,"2024-05-01 12:28:33",Starry,STAR,aqua,af,https://discord.gg/Ds6DWePe,0.00,https://politicsandwar.com/uploads/88d25f327524db75f94235093c80e52338adb5ee500x333865.png
12705,"2024-05-04 12:28:22",Agora,JUSTICE!!!,green,af,https://discord.gg/hGE64AMHcY,10788.81,https://politicsandwar.com/uploads/cea434ec024a9782125402a62d744e2a90c08327500x338640.png
12740,"2024-05-13 19:38:49",CULTure,CULTure,purple,af,https://discord.gg/9tcNZXXWZH,0.00,https://politicsandwar.com/uploads/d275b4389ba196f7f0c15c00e78c61fa68f115c5500x28176.png
12774,"2024-05-20 21:58:42","Pacific Pirates",PP,green,af,https://discord.gg/QtYbwBHa2f,20094.87,https://politicsandwar.com/uploads/d6865c83537575539db9eeda0b7e59bc6798fb28500x303469.png
12872,"2024-06-13 18:56:26","North Star Federation",NSF,brown,af,,0.00,https://politicsandwar.com/uploads/6572a681852fa3088e65c003c63631d41c4ac046500x258109.png
12902,"2024-06-22 02:20:46",Bellanostra,BELLA,blue,af,https://discord.gg/eRGf7wjpDM,5879.83,https://politicsandwar.com/uploads/58ecf6ff9fd8e9b397a4132ad1631a97bc71ba91500x300120.jpeg
12919,"2024-06-28 23:06:36","Liberty Corp",LLC,red,af,https://discord.gg/T5epzjdbAv,43407.03,https://politicsandwar.com/uploads/739e5eed3142e2d4eb354c02eeb6ad156e47cb73500x284345.jpeg
12923,"2024-06-30 13:25:12",GORGON,,black,af,,0.00,https://politicsandwar.com/uploads/4352b93f6cdbaaa80d3908fff4f1ceb1b08f3a9b500x300952.png
12948,"2024-07-10 13:13:03","Ad Astra",,black,af,,0.00,https://politicsandwar.com/uploads/6bc8ee604870b62029f68752e2fe7756fe749c91450x300270.jpg
12972,"2024-07-21 16:08:43","Shadow Valley",SV,purple,af,https://discord.gg/VNBZcqKn5n,120116.28,https://politicsandwar.com/uploads/2ebd564221f197f45f4bd98890b2815f7a55c27b500x250848.png
12985,"2024-07-24 06:43:22","The Imperial Grand House",TIGH,black,af,https://discord.gg/H6nEUVXy,47296.11,https://politicsandwar.com/uploads/2dc816c29eb48ad5e98ca32d6b24fec8400e67f5x485.jpg
12994,"2024-07-26 22:41:15","Cult of Raccoon",CoR,black,af,https://discord.gg/msyE7DqQMC,49750.97,https://politicsandwar.com/uploads/ad29f92a22244ccdc2c90489f9c4ff7610730dd8226x300755.jpg
13033,"2024-08-08 17:26:51",Evera,EVR,purple,af,https://discord.gg/SJKrErfcdd,123974.22,https://politicsandwar.com/uploads/2bd98772298f0e6829bfe655a2804ae133f4265d500x300435.jpg
13043,"2024-08-12 23:46:11","Rubikon Alliance Defensive",,black,af,,1162.15,https://politicsandwar.com/uploads/8957abed1d6424f56055c89e4542e35802f9c8cb399x300422.gif
13048,"2024-08-14 23:46:16","Prusso Roman Imperial Union",PRIU,aqua,af,https://discord.gg/vf4uGxX3Us,20472.26,https://politicsandwar.com/uploads/85c56a7647244bf574431ba9e8e4d051a2291477450x300380.png
13128,"2024-09-02 21:37:00","United nations of the orbis",U.N.,blue,af,https://discord.gg/FCrENTcx9a,1422.62,https://politicsandwar.com/uploads/745c9d28412b61d3feb86b437f058cd349b096c1x392.png
13133,"2024-09-04 14:10:13","Moroccan Alliance",MA,blue,af,,0.00,https://politicsandwar.com/img/imgur-old/8612b07bfc759823a1a90906a7964fb00849591a42.png
13175,"2024-09-12 01:22:26","Novus Junior",NOVUS,black,af,https://discord.gg/SRFAVWuEu2,0.00,https://politicsandwar.com/uploads/75deff3379edac42fe186538431153b12fa4f2e8250x149197.png
13218,"2024-09-22 04:49:30",Mordor,,black,af,https://discord.gg/tbNMmvm2Fr,0.00,https://politicsandwar.com/uploads/3346575bf78bd372df691ff1a9eb81487540d748500x300225.png
13288,"2024-10-13 04:59:48","North Atlantic Treaty Organization",NATO,blue,af,https://discord.gg/e3EHAeXBsH,1070.75,https://politicsandwar.com/uploads/2a8caec6829e6bf6af90422a2a2c3a3db01976e1250x185339.jpeg
13290,"2024-10-13 18:21:55",Spaghetti,SGI,black,af,https://discord.gg/qD3Dqraqhc,0.00,https://politicsandwar.com/uploads/9a250b72cee3056dbf009825538b1718773a20e2300x300159.jpg
13294,"2024-10-14 17:52:44","Port Alba",PA,pink,af,https://discord.gg/vpYHQJ3NV7,20886.58,https://politicsandwar.com/uploads/c34a00f6132a3fed19b986ce8e0efecbfeb34822x291.jpeg
13295,"2024-10-16 01:10:25",Myrmidons,MYR,turquoise,af,https://discord.gg/U7hTU4bXjc,62941.41,https://politicsandwar.com/uploads/f2e4aee13ad27c0e1133639aea02206097f70896x431.jpg
13331,"2024-10-30 23:06:26","The Red Knights",,red,af,,0.00,https://politicsandwar.com/uploads/29a490edb3e1c39676103a930de33281042db776x573.png
13351,"2024-11-06 19:24:30",Morningstar,MS13,purple,af,,0.00,https://politicsandwar.com/uploads/11095fdbce01c6bb704c8d212dd064c0d0391332500x439560.gif
13356,"2024-11-08 13:31:40",Uppsala,UP⚔️,brown,af,https://discord.gg/UxSD8WcjYS,50387.71,https://politicsandwar.com/uploads/b4e4d31460627088daad11acffb349088384c1d0x225.png
13359,"2024-11-10 01:59:06","Anarchist Alliance",AA,black,af,,0.00,https://politicsandwar.com/uploads/19d2fc688e4cd9c5e7560b8a8f8f4f8e6a839dd9500x306731.png
13371,"2024-11-15 18:46:39","pink chicken animations",PCA,green,af,,1500.83,https://politicsandwar.com/uploads/5868daf63113fe70adfae78c548bbd7b8d482628500x484605.png
13404,"2024-11-28 08:46:30","The Republic of free nations",R.F.N.,black,af,https://discord.gg/7Ws8kaR47X,0.00,https://politicsandwar.com/uploads/0edb5c5cd65a68ddba5fce18e7811ee6e99c84c0500x300352.png
13410,"2024-12-01 19:23:00","Vought International",VI,mint,af,https://discord.gg/nHhaHhw4Nq,171569.98,https://politicsandwar.com/uploads/f5443a023ac88802d9e9d0391337c1ba4353e702500x333488.jpg
13424,"2024-12-08 17:58:15","Fallen Knights",FK,black,af,https://discord.gg/dcRcKMeBmw,0.00,https://politicsandwar.com/uploads/f41c57921178a10606a97c252bc9508fe36a5aef500x278494.png
13426,"2024-12-08 21:29:33","The British Commonwealth",CON,lime,af,,339.78,https://politicsandwar.com/img/flags/greatbritain.png
13440,"2024-12-14 07:28:43",Avalanche,,green,af,,20809.75,https://politicsandwar.com/uploads/87ddc3f09bb65f619c12d5c3e49276079ea534c1x780.jpg
13463,"2024-12-19 06:09:20","Wakanda Forever",WF,black,af,https://discord.gg/8RJsZFu6s8,2785.13,https://politicsandwar.com/uploads/0b22dbae6e71b227c87969865307bc7ae431e33fx292.png
13475,"2024-12-22 01:05:22","The Northern Alliance",TNA,blue,af,https://discord.gg/h9qEy5qZ,1811.77,https://politicsandwar.com/img/flags/europeanunion.jpg
13484,"2024-12-24 00:32:10","Makos Cat Cafe",MAKO,pink,af,,15557.09,https://politicsandwar.com/uploads/b5651e518144eed1bd795f30720630e0e7edc651500x300766.png
13498,"2024-12-29 19:07:40","The Aequitas Union",TAU,aqua,af,,2147.33,https://politicsandwar.com/uploads/202e2f3f81b392a177eafc7fc31eeea61a21c52bx350.png
13518,"2025-01-04 11:00:21","Derby Gangsters",DG🏇,white,af,https://discord.gg/3NxQAtFPV6,2072.09,https://politicsandwar.com/uploads/fe93bf67ff9b3648949ccf96249234d024fac781x564.png
13524,"2025-01-06 14:51:41","The Patriots",TP,lime,af,,0.00,https://politicsandwar.com/img/flags/antiguaandbarbuda.jpg
13525,"2025-01-06 17:34:13","The Astral Order",AO,black,af,https://discord.gg/rnYeUZrwea,557.83,https://politicsandwar.com/uploads/5a14c4f7b910c8eac08dad73b08c409970a8c400500x333933.png
13537,"2025-01-11 02:15:34",Cerberus,3HD,white,af,https://discord.gg/Ax66RMDezp,1227.17,https://politicsandwar.com/uploads/df21b964a56ffb83fa9b27fd908d336112d9419c500x374272.jpg
13547,"2025-01-15 02:30:26","Chiss Ascendancy",,yellow,af,,3786.68,https://politicsandwar.com/img/imgur-old/e615124b5ba48f1706ed7c822a749cdc89280a89711.png
13551,"2025-01-15 17:23:49","Really dont Join",,aqua,af,,0.00,https://politicsandwar.com/img/flags/betsy_ross.jpg
13552,"2025-01-16 12:11:26","The Hanseatic League",tHL,red,af,https://discord.gg/3ds2SQr6rk,0.00,https://politicsandwar.com/uploads/fe694fac5921d733ea80214e265a7a87b77e9707500x300831.png
13555,"2025-01-16 21:42:05","Aurelia Dominion Accord",ADA,gold,af,,441.07,https://politicsandwar.com/uploads/292b49c56efc973421f0436180e1008cc8b929fd500x306867.png
13569,"2025-01-20 17:18:40","The Republic of the Natural order",,aqua,af,,0.00,https://politicsandwar.com/uploads/241dce5939a23aa758e208ed294b2f4b6ccc7d12600x600327.jpeg
13572,"2025-01-21 08:07:52","The Rookie Alliance",,orange,af,,1397.06,https://politicsandwar.com/uploads/6fb269a249d6937bfabcfca25270c6676c9061d8500x333816.png
13600,"2025-01-29 13:18:22","Bund der deutschen Sozialisten",BddS,red,af,,4002.05,https://politicsandwar.com/uploads/a36f6becb8b97854ed1cf057248670daf8278ba4275x300751.jpeg
13603,"2025-01-30 02:53:26","The great communist alliance",TGCA,blue,af,https://discord.gg/YxQ6ZZnpXb,1902.03,https://politicsandwar.com/uploads/7780aafb56cf6cff96c28fe36396bf2b277372b8500x312891.png
13609,"2025-02-01 01:02:46","Santas Crypt",,black,af,,29083.21,https://politicsandwar.com/img/flags/canada.jpg
13612,"2025-02-01 14:26:47","The Foundation",FND,black,af,https://discord.gg/rjkma4s6rr,137559.53,https://politicsandwar.com/uploads/3446a14b338afdc3579fd9f73ef19cb276ed31d7500x333224.jpg
13622,"2025-02-03 13:54:57","The Crimson Tribunal",TCT,black,af,https://discord.gg/w3Q487ZDce,0.00,https://politicsandwar.com/uploads/f290e51ede544dc0d07fa3d2476f9bb7e1ebefb6300x30023.png
13626,"2025-02-04 16:27:10","laughing dead",,maroon,af,,1007.72,https://politicsandwar.com/img/flags/mars.png
13633,"2025-02-07 21:27:34","Baltic Sea Pirates",Arrgh!,black,af,,3051.16,https://politicsandwar.com/uploads/0408228ac035265de5fec71bfd82bb6ae50b4a80500x331641.jpg
13638,"2025-02-08 04:21:40","Tea Bois Schizo Raft",TBSR,green,af,https://www.youtube.com/watch?v=dQw4w9WgXcQ,0.00,https://politicsandwar.com/uploads/891531d1a66d23b1283bf921c50ac97b6c80af2e250x446785.png
13639,"2025-02-08 12:41:20",Coalition,,lime,af,,0.00,https://upload.wikimedia.org/wikipedia/commons/4/49/Cape_Verde_flag_-_watermark_000_percent.jpg
13658,"2025-02-15 01:43:47","The Laboratory",Lab,gold,af,https://discord.gg/2pvABdDMt4,37193.84,https://politicsandwar.com/uploads/f102600e108307d7742e48d33bd3ecddd3ae8abd500x274456.png
13668,"2025-02-17 15:02:11","Unga Bunga",UNGA,black,af,https://discord.gg/JDAwAKBSUV,2303.54,https://politicsandwar.com/uploads/8a7fe5ec2c403ac83c7aa86e7db43e7485773aab400x300276.gif
13670,"2025-02-17 19:36:08","Shark Tank",ST,white,af,https://discord.gg/Ndu6NZYeu9,45494.48,https://politicsandwar.com/uploads/a608f3a9a7b70b1daf4d07b71cf359f55b40260d500x333939.jpg
13680,"2025-02-25 02:18:58","The Anvil Of War",,white,af,https://discord.gg/x7D6FT8PjZ,1984.85,https://politicsandwar.com/uploads/6153adac8ddba0927951372875497f2f3b4ab80d500x300198.png
13685,"2025-03-01 00:58:14",Imperialis,IPS,black,af,https://discord.gg/xXPNdrxBCk,0.00,https://politicsandwar.com/uploads/99d4fef3c088c314a47b8d15ee678c7366ce2185500x312760.png
13689,"2025-03-04 03:10:22","Highborn Society",,aqua,af,,0.00,https://upload.wikimedia.org/wikipedia/commons/thumb/0/0c/Navajo_flag.svg/700px-Navajo_flag.svg.png
13690,"2025-03-04 13:45:42","LCS - Lower Class Supply",Quicheman,brown,af,,0.00,https://politicsandwar.com/uploads/fefcbf0205d0e80eba02f00202a8a025b3c037cb500x332474.png
13701,"2025-03-10 12:57:05","World Order",,green,af,,0.00,https://politicsandwar.com/img/flags/americansomoa.jpg
13703,"2025-03-10 22:14:18","United of Free States",UoFS,black,af,,0.00,https://politicsandwar.com/uploads/0aadc7b76485933d270e4a64975b3ba3a6d04144300x30073.webp
13711,"2025-03-12 17:48:03","Brigade North",BN,black,af,https://discord.gg/mz56qy3VYW,0.00,https://politicsandwar.com/uploads/61fde5a0a18c6a343b0015c3d570e20fa651dd47500x264195.png
13713,"2025-03-13 15:04:21","The Crow Lords",CROW,white,af,,833.04,https://politicsandwar.com/uploads/b95637a2fdb452cae0a536958152453d5e46a803600x600852.png
13721,"2025-03-16 17:05:11","The Warborn",TW,green,af,https://discord.gg/rbZWdGsDmR,1563.81,https://politicsandwar.com/uploads/0d3ef397c5de96c4b684e2156a81c152d85e8046500x281457.jpg
13723,"2025-03-17 14:50:25","Black Sheep",BS,yellow,af,https://discord.gg/ACusGHwgcE,0.00,https://politicsandwar.com/uploads/72776900a87d075da00b024ceb7f60a508bfd301300x300945.png
13743,"2025-03-26 01:45:49","The Seas",TS,green,af,,0.00,https://politicsandwar.com/img/flags/nunavut.jpg
13746,"2025-03-26 23:56:35",Gothac,Goth,red,af,,2768.25,https://politicsandwar.com/img/flags/bahamas.jpg
13756,"2025-03-29 17:14:24","THE SOVEREIGN SYNDICATE",C.A.S.H,pink,af,https://discord.gg/RNUFyWkrhm,6881.31,https://politicsandwar.com/uploads/6f82a9c33456b980f17de49c3ed27cf5673b3741500x375621.png
13759,"2025-03-31 00:41:06","The Expanse",TE,black,af,https://discord.gg/FEWrQrm6yn,0.00,https://politicsandwar.com/uploads/eee0981e4af0eaca61ca51a36e29dea07a6f05c7500x305878.jpeg
13760,"2025-03-31 03:55:01",ASEC,,white,af,,0.00,https://politicsandwar.com/uploads/1fbd1dca1a65c190635e55902cf984c56d60694c500x333236.png
13784,"2025-04-03 15:36:23","United Nations of Earth",UNE,aqua,af,,0.00,https://politicsandwar.com/uploads/f485adde5f71e5d81f0a8e84bb25618a84dd54dbx257.png
13785,"2025-04-03 17:37:01",Chimera,🤑,green,af,https://discord.gg/4rskMsbMtY,10566.90,https://politicsandwar.com/uploads/a827ac2da5b28ee7f67837b7a441d09ce44fdcbcx480.png
13798,"2025-04-05 21:18:06","Vesperian Union",VU,white,af,,0.00,https://politicsandwar.com/uploads/52884c5e731d21eefb6f670e1d9302f2dc54c887500x33266.png
13809,"2025-04-08 01:27:59","Borgs Cat Cafe",,pink,af,,7740.25,https://media1.tenor.com/m/ixhqLaFwke4AAAAd/eating-cats.gif
13816,"2025-04-09 12:07:03","Protectorate Alliance of Verenthia",P.A.V,aqua,af,https://discord.gg/P8UYuN3JKp,518.90,https://politicsandwar.com/uploads/625944b3ee1f3f1f0443061005b870dc6c7256c9x800.png
13822,"2025-04-10 20:12:57","Grand Empire of Publicaebelli",GEPB,maroon,af,,0.00,https://politicsandwar.com/uploads/854e1f42a0222279071e46a117f20739b5778a85500x331896.png
13824,"2025-04-11 18:12:11","Army Without Borders",M.S.F,black,af,,0.00,https://politicsandwar.com/uploads/29483739a10a2dd618742578cfe723c994551437500x281527.png
13825,"2025-04-11 18:59:58","The Baba Yaga",YAGA,gold,af,,3468.06,https://politicsandwar.com/uploads/f578473ac6bf5d63d44109e3b6c8f062f3955e5fx731.png
13828,"2025-04-12 08:09:20","Registered Infra Offenders",,black,af,,37745.20,https://politicsandwar.com/uploads/0b22dbae6e71b227c87969865307bc7ae431e33fx531.png
13832,"2025-04-13 10:58:26","Landball Nations Alliance",LNA,blue,af,,1221.19,https://politicsandwar.com/uploads/72d8e071e42362817eb7de667a3bcb2fe3994bb1x354.png
13836,"2025-04-13 20:10:18","Only Nippe",,black,af,,1701.35,https://politicsandwar.com/uploads/21d7aaf3846d616c7391ddddce93db1d07fffc3fx960.jpg
13839,"2025-04-14 12:36:35","Wolf Union",🐺,black,af,https://discord.gg/UXTC2Nz5,851.47,https://politicsandwar.com/uploads/7d056540b6234a6f8c6e3ad2b83bc993f5d74705276x300840.png
13841,"2025-04-15 00:35:34","The United Alliance of Nations",,blue,af,,0.00,https://politicsandwar.com/uploads/ed38c94880c9912165de323b58130ece401ae10c600x600519.png
13843,"2025-04-15 09:13:31",Miedzymorze,MDZ,green,af,,0.00,https://politicsandwar.com/uploads/8e0542ff144596f7519c33f3367f4d1d3bd8bfb8500x312975.jpg
13844,"2025-04-15 21:07:04","Brotherhood of Spartans",TBOS,aqua,af,https://discord.gg/XY2A6ggK2U,2993.66,https://politicsandwar.com/uploads/01352435e2121242ebc92ed5a0bb1176c7c3955c1000x571645.png
13849,"2025-04-17 02:04:25","IS Phobia Divided States",,black,af,,0.00,https://politicsandwar.com/uploads/cae86be0228c271173f053ac97ed15c8bb7b2461505.jpg
13854,"2025-04-19 10:56:01",JESEmpire,,aqua,af,,0.00,https://politicsandwar.com/img/flags/france.jpg
13855,"2025-04-20 03:12:04",epicaa,EPIC,black,af,,5498.75,https://politicsandwar.com/img/flags/sovietunion.jpg
13858,"2025-04-20 16:45:30","The League Of Unity",LOU,pink,af,,0.00,https://politicsandwar.com/uploads/7f52d0ca55db1a356ffae7bcc04eca520fd8b3d31000x600531.png
13859,"2025-04-20 23:13:37",Aquilon,AQN,mint,af,https://discord.gg/cHUKed5Sm2,7429.45,https://politicsandwar.com/uploads/31661147a78fca0d42bb1ddcf1225cdb9cc08205500x305100.jpeg
13860,"2025-04-21 14:40:41","TAPs Angels",,pink,af,,0.00,https://politicsandwar.com/uploads/35b7ef1a5838849b332de522cd209d4be5fb1e79500x299372.png
13868,"2025-04-25 10:23:39",Goldbier,,green,af,https://discord.gg/xU7s2A9x,0.00,https://politicsandwar.com/img/flags/piratesheep.png
13874,"2025-04-26 08:42:31",Lilac,,green,af,,10888.50,https://politicsandwar.com/uploads/21ae50696df42d307521c3a8d4ecfdbd7e451b42500x156797.jpg
13880,"2025-04-26 23:50:16",Leviathan,LEVI,aqua,af,https://discord.gg/2UsxjNXjK4,179188.35,https://politicsandwar.com/uploads/98136531bd23dfb1af4935006228e5c45d7db667500x333721.png
13884,"2025-04-28 14:11:17","Central Bank of Egypt",CBE,gold,af,,18879.98,https://politicsandwar.com/uploads/4608f8823d18c57186156052ee79baa7df1f1313x476.gif
13890,"2025-04-29 15:47:41","Eastern Bloc",EAST,red,af,https://discord.gg/gCv567JNS8,0.00,https://politicsandwar.com/uploads/22e1e2f0413004cdfa02a2e707ce8af514958b8e500x299359.jpeg
13891,"2025-04-29 16:33:15","Shanghai Commune",,red,af,,8033.75,https://politicsandwar.com/uploads/4036ec63dd4a1ebdcc2b6635bc2b712891b2cd2c500x300427.png
13893,"2025-04-29 18:48:16","The Triumvirate",TT,aqua,af,https://discord.gg/tkRJPABdtp,18601.66,https://politicsandwar.com/uploads/424fd4537db6d9de513a44c1868f3d02accc7704500x330812.jpeg
13896,"2025-04-30 18:02:28","Ayyslamic Britannian Empire",,black,af,,11578.25,https://politicsandwar.com/img/imgur-old/804815bc2864eaba8233eedeff7ef75433b9a6df856.png
13899,"2025-05-01 02:11:18",Abby,,blue,af,,0.00,https://politicsandwar.com/img/flags/unitedstates.jpg
13901,"2025-05-01 19:04:54","The Capitol",,red,af,https://discord.gg/dvvzJNEP3w,12141.50,https://politicsandwar.com/uploads/893583e8408b9e4ae1da552ee78ad1306305447b300x300980.png
13912,"2025-05-07 15:36:44","Battle Tendency",,turquoise,af,,9679.40,https://politicsandwar.com/uploads/ba8065630117e8a14b4ecf55e93d015d7da5037c500x281526.png
13914,"2025-05-08 23:39:19","Anti-coalition of the Emporor",Anticoals,lime,af,,0.00,https://politicsandwar.com/uploads/d531dd30914f44c7be9b287c61e77f356c5de2af500x274392.png
13966,"2025-05-20 00:18:07","The Slow And Steady",SlSt,pink,af,https://discord.gg/hBJrMpunMc,14404.09,https://politicsandwar.com/uploads/548ea0cc1bba7568991715dba9eea83405943199500x300684.png
13967,"2025-05-20 03:32:33","Burdia Pact",,aqua,af,,2011.75,https://politicsandwar.com/uploads/f0933d41ab07a5c54301d247a5e28577ecc7bc57x601.png
13972,"2025-05-21 19:51:32",OTAN,OTAN,maroon,af,https://discord.gg/b2RCjZCa,1426.49,https://politicsandwar.com/uploads/ccd528e3dacfd5e93c33e96c4d03d6053a077a6c500x333207.jpeg
13981,"2025-05-23 14:04:48","Imperium Invictum",,black,af,,0.00,https://politicsandwar.com/uploads/95f3328b3898eeea741c154e181850b5cead3926500x333813.png
13984,"2025-05-24 07:27:32","The Underworld",,black,af,https://discord.gg/NcyxUdAWF6,0.00,https://politicsandwar.com/img/flags/piratesheep.png
13986,"2025-05-24 19:14:48","UNITED SINDH INTERNATIONAL",,red,af,,1403.50,https://politicsandwar.com/uploads/99b27444700969c624b13f3ef0aed19e175d906d300x300815.jpg
13987,"2025-05-24 21:48:37","The Apothecary",TA,yellow,af,,1324.82,https://politicsandwar.com/uploads/812583194e507b38e0a35f13fc23212db57d7ee5500x342217.png
14000,"2025-05-25 22:02:22",Citadel,CI,turquoise,af,https://discord.gg/QmSuzqz4xt,886474.94,https://politicsandwar.com/uploads/cefb707874005f466c1282ed9e769bf7dd7a8d74500x299443.png
14008,"2025-05-27 20:50:02","Australian Confederation",,white,af,,2203.77,https://politicsandwar.com/img/flags/australia.jpg
14013,"2025-05-29 00:41:56","Eaten by Nanami",EAT,white,af,,0.00,https://politicsandwar.com/uploads/dc11ed0f5160fc86d71de6173d26a7b3e1685d85500x282110.png
14020,"2025-05-30 17:28:18",FRIENDS,,black,af,,851.12,https://politicsandwar.com/uploads/a11191458b26ff62fffa06cde3337b8119f45f06x985.webp
14035,"2025-06-03 14:53:09","The Iron Order",TIO,aqua,af,https://discord.gg/EFHHwEVpYn,282.23,https://politicsandwar.com/uploads/fec074d3bc7ac80e4e2d4ea5a68626ee997e51d6x227.png
14036,"2025-06-03 18:29:21","The Commonwealth of orbis",TCO,turquoise,af,https://discord.gg/mrfvcVzNzY,109229.61,https://politicsandwar.com/uploads/cedc5cc2eb600cc38ca4709c42dc04c4167cc380500x333803.png
14040,"2025-06-04 03:24:48",Lunthree,,aqua,af,,0.00,https://politicsandwar.com/img/flags/zaire.jpg
14041,"2025-06-04 06:43:34","The Isolationists",,aqua,af,,1428.28,https://politicsandwar.com/img/flags/piratesheep.png
14043,"2025-06-05 06:23:46","Egrishian Church of God Almighty",,aqua,af,,0.00,https://politicsandwar.com/uploads/0713a8932e251d99ec5a9fac08a28b69928e03941000x666403.png
14044,"2025-06-05 07:36:32","United Dorset",,orange,af,,0.00,https://politicsandwar.com/uploads/d65e641c6b7677b003c2a51346ad2415b9420156500x300434.png
14047,"2025-06-06 03:08:09","The Revelation",Rev,red,af,,324.53,https://politicsandwar.com/img/imgur-old/de489300ead9dec29b40b24131e663d0228649eb81.png
14048,"2025-06-06 04:31:00","The Friendship Pact of Orbis",FPO,lime,af,,0.00,https://politicsandwar.com/uploads/a89c786cfe72675539b39c9fc94186b5cdefec07500x328507.jpeg
14049,"2025-06-06 11:24:51","Ten Toes Crew",TTC,pink,af,,0.00,https://politicsandwar.com/uploads/44ae22b008b207a72d897aa49402b3c9c62034aa250x250763.png
14051,"2025-06-06 20:22:22","Muslim world",MSWD,green,af,,0.00,https://politicsandwar.com/uploads/56e76867c1bd7d37d84e02704854d27bbf5fb24c300x300894.jpg
14055,"2025-06-09 01:56:41","Pirates Palace",,aqua,af,,751.57,https://politicsandwar.com/uploads/3616ea4916dc0e102e31fe37989f6d822b7ee1d7500x333767.png
14056,"2025-06-09 07:15:29",Nuka-World,"7K - Nuka",black,af,https://discord.gg/qUEbnSGvTF,0.00,https://politicsandwar.com/uploads/9ee27d9ee47ce5c85d13a9b09b871bee1751f705x127.png
14058,"2025-06-10 07:50:38","Gulpin Monarchy",GULP,lime,af,,5657.85,https://politicsandwar.com/uploads/dd4b1a8c992b507ce46f9e4e9bc77286232bba85500x300962.png
14061,"2025-06-11 05:57:01",Wealth,,aqua,af,,3704.90,https://politicsandwar.com/img/flags/unitedstates.jpg
14064,"2025-06-12 15:20:40","Union of Small Socialist States",USSS,aqua,af,,0.00,https://politicsandwar.com/uploads/d857838b3949fda789a6162aa3d6ef65a0bb2d92500x333537.png
14067,"2025-06-14 05:29:29","Asteria Group",,pink,af,,2794.42,https://politicsandwar.com/uploads/cae86be0228c271173f053ac97ed15c8bb7b2461505.jpg
14068,"2025-06-15 21:30:52","Global Partnership/Security Union",GPSU,green,af,,0.00,https://politicsandwar.com/uploads/b4450b99df1c9f3f476973f8df7aec6f894faeaa500x350291.png
14076,"2025-06-19 16:20:24","The Diamond Imperium",T.D.I,red,af,,1175.63,https://politicsandwar.com/img/flags/russia.jpg
14079,"2025-06-20 16:45:13","Defensive Treaty Organization",DTO,green,af,,2157.67,https://politicsandwar.com/uploads/799808c391f8d1e4ab3f3579c99a319399b336c2500x376789.png
14080,"2025-06-20 19:03:39",Non-discordians,,blue,af,,0.00,https://politicsandwar.com/img/flags/finland.jpg
14082,"2025-06-22 12:50:44","House of Tharros",TRS,white,af,https://discord.gg/eYt9MseAzT,21512.93,https://politicsandwar.com/uploads/1fda662ab1d198ff0005cb33f2026e9961f5c830300x300184.png
14083,"2025-06-22 13:38:23","UNITED AFRICAN NATIONS",,green,af,,0.00,https://politicsandwar.com/img/flags/africanunion.jpg
14091,"2025-06-26 10:14:18","Alliance of the weak",Aotw,green,af,,3321.20,https://politicsandwar.com/uploads/eac617b2fa99dfbbda7af4859b65e2ea29528bd3500x333574.png
14093,"2025-06-26 23:01:18","Heart of Gold",HoG,olive,af,https://discord.gg/wYM6w3dzcc,7259.38,https://politicsandwar.com/uploads/cd61f0be5768fff9a0ff6dfe1befb6b04b774f71500x37597.jpg
14096,"2025-06-27 07:28:31","Crimson Legion",CLGN,purple,af,https://discord.gg/geDAHdvG2N,0.00,https://politicsandwar.com/uploads/4cb656208292c4b3f8f7c58c99b3342218e7280a300x300135.png
14099,"2025-06-27 23:02:41","Orbis Alliance Banking Service",OABS,maroon,af,,1667.12,https://politicsandwar.com/uploads/57da11f80a6f33caf554ad68c10f5131d5925dae500x328651.png
14100,"2025-06-28 06:38:58","Death Watch",DW,black,af,https://discord.gg/PgDE6qeKkc,27341.53,https://politicsandwar.com/uploads/53e8d38b319e5cc3ca206eb2ea26f6ce8f217dfe500x250394.png
14101,"2025-06-28 08:17:07","Greater House Atreides",GHA,black,af,,0.00,https://politicsandwar.com/uploads/fbe5017bad6bf16af043e1004c1c146ce9dd62cb500x333904.jpg
14103,"2025-06-28 19:19:56","Bugs holy land",,orange,af,,8273.75,https://politicsandwar.com/uploads/04e8c7741e700bba0f0ceac292119e04d8bb549a1000x500899.png
14106,"2025-06-29 11:14:09","Teto Defense Alliance",TDA,maroon,af,,0.00,https://politicsandwar.com/uploads/8a4849df3463375ca9e618a7fbdc20e70378c99f500x333789.png
14110,"2025-07-01 17:27:10","Prime Banking",PB,green,af,https://discord.gg/JCtEwC6RkG,2300.02,https://politicsandwar.com/uploads/368c9d28d2daa6fe8c37aac224120800e188c4ef500x421691.png
14112,"2025-07-03 16:05:40",Alliance,,aqua,af,,0.00,https://politicsandwar.com/img/flags/japan.jpg
14113,"2025-07-04 12:30:22","Echelon Capital",,black,af,,0.00,https://politicsandwar.com/uploads/bf172e5ec238f5752bff00c864037f15f4b7c852500x225365.jpeg
14123,"2025-07-08 23:12:55","Sesom States of America",,aqua,af,,1062.94,https://politicsandwar.com/img/flags/betsy_ross.jpg
14124,"2025-07-09 10:01:11","The Union of Nations",TUN,green,af,https://discord.gg/ErDzhrBgjf,127254.70,https://politicsandwar.com/uploads/279b588fb99627958bbf77c19bbc0be0a5dbf805500x243468.jpeg
14127,"2025-07-10 22:48:18","Novus Victorium",NJV,black,af,https://discord.gg/sXxk7yxkK9,0.00,https://politicsandwar.com/uploads/25cfc8dbe439e459419064d6e4b96ef37ce45f89500x333183.png
14129,"2025-07-11 23:07:41","The Republic of Orbis",T.R.O,turquoise,af,https://discord.gg/ZGxscuUrNA,620.82,https://politicsandwar.com/uploads/26f715a97dcaa84f090c5220197f5af0a0e742ce450x300243.png
14136,"2025-07-15 19:00:01","Beta Quadrant Coalition",BQC,aqua,af,,0.00,https://politicsandwar.com/uploads/b574e23b9f50bae073c57ae1ccbb2346068c3189500x333217.jpg
14137,"2025-07-15 23:40:12","The Grand Communist Alliance",TGCA,green,af,https://discord.gg/79h49Ugpvr,10065.05,https://politicsandwar.com/uploads/1417a6f40216a870f05e58d88ca1ad3016fa4c6f500x312758.png
14147,"2025-07-19 06:34:27","Eternal Phoenix",EP,lime,af,https://discord.gg/SbutQyfhhZ,135766.83,https://politicsandwar.com/uploads/de0047c1fdd829f89e7631d0fcc62ed50cd65211500x300920.png
14151,"2025-07-21 06:01:33","Independence Alliance",,aqua,af,,8018.61,https://politicsandwar.com/uploads/69b1013f1e5780c52c2736dc41367ee83376cccbx693.png
14152,"2025-07-21 14:35:31","Penguin Logistics",P.L.,maroon,af,,0.00,https://politicsandwar.com/uploads/1f50cab26d1fdc39ea0579db69958ef1fea7bf3d300x300877.png
14156,"2025-07-22 15:12:49","Royal Orbis Aluminium Company",ROAC,lime,af,https://discord.gg/WPStwVFEzg,0.00,https://politicsandwar.com/uploads/3e5724c3f17d193f2ffa840e8e94d696acd9d44b500x400785.jpg
14168,"2025-07-28 15:46:15","The Cool Beans",,turquoise,af,,0.00,https://politicsandwar.com/uploads/7d3e39d0a3ccb52dd15851fd1f8ffa3c283c7b74500x282641.jpeg
14173,"2025-07-31 07:01:50",SputnikZ,,aqua,af,,1051.94,https://politicsandwar.com/img/flags/betsy_ross.jpg
14175,"2025-08-01 02:20:07","Dominion Accord",,aqua,af,,0.00,"https://upload.wikimedia.org/wikipedia/commons/4/41/Flag_of_Orlando,_Florida.png"
14177,"2025-08-01 07:01:31","Eternal Vikings",EV,turquoise,af,https://discord.gg/MW2hyDKDnY,133022.23,https://politicsandwar.com/uploads/f8cd665e7bd32136d0e4180ba4b8ffab0adeded5300x300177.png
14179,"2025-08-01 13:37:25","Dumbledores Army",,blue,af,,0.00,https://politicsandwar.com/uploads/022b4bee2bcdfa159862259dc3bc632e90497c23214x300354.jpg
14190,"2025-08-08 00:25:58","Nameless Treasure",,brown,af,,0.00,https://politicsandwar.com/img/flags/poland.jpg
14194,"2025-08-09 13:06:07","The European Pact Of Unity",EPUA,gold,af,https://discord.gg/PQdhYkMR,0.00,https://politicsandwar.com/uploads/8f175bb0ce194d4e5f96f247d3f5f647fc5b6edf299x300947.jpg
14196,"2025-08-09 22:17:42",xX_ALL14NC3_Xx,Y2K,purple,af,https://discord.gg/eKm3dRW6rH,45895.79,https://politicsandwar.com/uploads/674adad185647529f36eeb7896b956a7ef919ae7x186.jpg
14198,"2025-08-10 04:15:11","The SecondGalactic Empire",,gold,af,,3168.57,https://politicsandwar.com/uploads/debc9f5d4f6673d0ade227dd328e5a3600d3e9281000x600167.png
14200,"2025-08-10 13:48:36",Empiria,,green,af,,0.00,https://upload.wikimedia.org/wikipedia/commons/thumb/f/fc/Flag_of_Seychelles.svg/512px-Flag_of_Seychelles.svg.png
14201,"2025-08-10 22:05:03","The Elemental 4",T-E-4,blue,af,https://discord.gg/UWTVQTzA,0.00,https://politicsandwar.com/uploads/f0f2b76b37912b6b731d36e3a02490ed26867afc500x287349.jpeg
14203,"2025-08-11 04:22:58","BRICS UNION",BRICSU,black,af,,0.00,https://politicsandwar.com/uploads/c5f60380fea661790c97d641657e31bd562fb954500x333686.webp
14205,"2025-08-11 21:40:16","Cali Cartel",CC,black,af,https://discord.gg/r9pRYWrbeJ,72263.42,https://politicsandwar.com/uploads/64c9b748730db1f044a7967a1f85b31090003505229x30093.png
14207,"2025-08-11 23:39:43",INTRA,INT,purple,af,https://discord.gg/37MAfenruR,5259.02,https://politicsandwar.com/uploads/431f984d50c02e0fe0c936f322d40d09e2619a2c300x300144.png
14209,"2025-08-12 14:15:52","Caribbean Community",,lime,af,,1692.39,https://politicsandwar.com/uploads/c8cccac458644b4cdba5f49632e88d3d5c408bd21000x635778.png
14211,"2025-08-13 07:19:51","Castle Camelot",CcKOM,maroon,af,https://discord.gg/camelot-465573583532589058,14605.75,https://politicsandwar.com/uploads/fb611762607d24122d7bb2bdf8407df6af740324x324.png
14214,"2025-08-14 09:10:19","Revolutionary Indigenous committee",RIC,red,af,,2441.49,https://politicsandwar.com/uploads/9c2526247a509aa4b177a8ef5a961116769bc0be500x335713.png
14217,"2025-08-14 21:48:52","Santa Alianza Global",SAG,blue,af,,0.00,https://politicsandwar.com/uploads/75ebe70a036eb3861d2409c50f65065a6526c07b500x471883.jpg
14221,"2025-08-15 04:39:07","The Rising Coast",,brown,af,,0.00,https://politicsandwar.com/img/flags/mali.jpg
14223,"2025-08-16 00:18:08",Haikyu,,green,af,,0.00,https://politicsandwar.com/img/flags/japan.jpg
14225,"2025-08-17 11:23:21","Nights Watch",Crows,pink,af,https://discord.gg/S7wZR5uRjw,133509.92,https://politicsandwar.com/uploads/3b9b56eab4b5c93c59cd5ffbc77d09ab2116f41a500x333249.png
14229,"2025-08-20 12:11:17","Socialist International",,red,af,,2977.83,https://politicsandwar.com/img/flags/sovietunion.jpg
14230,"2025-08-20 16:44:14","The Reclaimed Flame",T.R.F,black,af,,25453.07,https://politicsandwar.com/uploads/fc63146eb8abb8968a4fe4868cecb1014b3a1faf500x375246.png
14231,"2025-08-20 19:30:18","Codex Vault",,white,af,,4091.06,https://politicsandwar.com/img/flags/bangladesh.jpg
14234,"2025-08-21 01:43:13","The Eternal Accords",TEA,turquoise,af,https://discord.gg/Vhwgkx5uUK,2707.77,https://politicsandwar.com/uploads/697b31daeba85cc55fd66b923d20e554a50fe965500x332265.png
14235,"2025-08-21 05:37:43",MUSTAAAAAAAAAAAAAAAAAAAARD,,gold,af,,2252.13,https://politicsandwar.com/img/flags/austria.jpg
14237,"2025-08-21 22:14:46","Liberty Legion",LL,red,af,https://discord.gg/KCnPJPaj4M,1702.10,https://politicsandwar.com/uploads/91a71ce2016d4d338bdcf6b8f239e762772913b8200x300521.jpeg
14240,"2025-08-22 04:07:31","Eternal Sunshine",,yellow,af,,0.00,https://politicsandwar.com/img/flags/macedonia.jpg
14242,"2025-08-22 14:13:38",Infinity,∞,pink,af,https://discord.gg/4FjEyRf69H,177487.55,https://politicsandwar.com/uploads/5e7e0fe2916eac9285a012e4efa6bca70877ee10500x312779.jpg
14244,"2025-08-22 17:35:56",Raytastic,,mint,af,,0.00,https://politicsandwar.com/img/flags/lebanon.jpg
14245,"2025-08-22 23:20:43","The Godfathers",TGF,red,af,https://discord.gg/AWs5UPtHP7,7853.53,https://politicsandwar.com/uploads/a726cecfdeff57e1d61cca8dec7795c25870241b500x325932.jpeg
14246,"2025-08-23 01:45:46","malaysia kingdom",,aqua,af,,1172.11,https://politicsandwar.com/img/flags/malaysia.jpg
14247,"2025-08-23 03:09:10",Ireland,,white,af,,0.00,https://politicsandwar.com/img/imgur-old/d703212086bd7651d61127b0516878e10dd76e3f417.png
14248,"2025-08-23 06:19:55","The Iron Vault",,red,af,,2223.29,https://politicsandwar.com/uploads/4547496f8eaf0c9ac090b6525a05fc7b8acc2ff2500x353741.jpeg
14251,"2025-08-24 16:36:36","Secret Sauce",,olive,af,,0.00,https://politicsandwar.com/img/flags/mars.png
14254,"2025-08-24 19:26:17","Elastic Bands",,black,af,,0.00,https://politicsandwar.com/img/imgur-old/f133cd8aa5df781e48234dcc623138d234acb5d4822.png
14256,"2025-08-25 10:31:08","One Big Blank",OB2,mint,af,,1045.17,https://politicsandwar.com/img/imgur-old/d703212086bd7651d61127b0516878e10dd76e3f417.png
14257,"2025-08-25 12:11:55","The Paradise Alliance",TPA,green,af,https://discord.gg/7JVgJSHCQd,0.00,https://politicsandwar.com/uploads/94db80890078828ac2b6d5d4a1ea533086a51330500x333350.png
14258,"2025-08-25 13:16:55","Your Moms House",YMH,turquoise,af,,10324.00,https://politicsandwar.com/uploads/3496fa0b09f01fdc94fd1c6509edbdb05d245e5f500x33784.gif
14259,"2025-08-25 15:35:00",Otoko,,gold,af,,0.00,https://politicsandwar.com/img/flags/betsy_ross.jpg
14260,"2025-08-25 16:25:37",Freetopia,,turquoise,af,,0.00,https://politicsandwar.com/img/imgur-old/f8780813dabb760f0ac92421e737f2abb40ab1a217.png
14261,"2025-08-25 17:46:40",Starborne,,turquoise,af,,3960.66,https://politicsandwar.com/uploads/f7a5c5a1279e3f7cf82d4dbaec41f2f62aaf188cx534.png
14262,"2025-08-25 21:52:57","Holy Empire",,orange,af,,0.00,https://politicsandwar.com/img/flags/americansomoa.jpg
14263,"2025-08-26 01:38:39","Tollo Alliance",TLA,blue,af,,0.00,https://politicsandwar.com/uploads/0e3430a9d63dc5e84b9c28bb2119bb1ccb7e7aa4500x333131.png
14265,"2025-08-26 02:01:10","Union of Socialist Imperialist States",USIS,turquoise,af,https://discord.gg/sQqmK8q6rw,2446.80,https://politicsandwar.com/uploads/dcd221596fb9317abda051ade69748b108e30b26500x267631.jpeg
14267,"2025-08-26 02:21:03","Internal Peace",,aqua,af,,0.00,https://politicsandwar.com/img/flags/sweden.jpg
14271,"2025-08-26 19:44:04",Batroom,,yellow,af,,2397.26,https://politicsandwar.com/uploads/2b0413091a8e33ee68af7aab4669be721745eb60182.png
14272,"2025-08-26 19:52:21",Zhong,,purple,af,,0.00,https://politicsandwar.com/img/flags/switzerland.jpg
14274,"2025-08-26 21:53:43","United Alliances of Orbis",,aqua,af,,0.00,https://politicsandwar.com/img/flags/mexico.jpg
14278,"2025-08-27 21:24:30",Hangover,,green,af,,28373.25,https://politicsandwar.com/uploads/7260024641675ad1fb504fe9875e7332d4b379e3x515.jpg
14282,"2025-08-28 16:37:17","The High Council Of Coin",HCC,blue,af,https://discord.gg/ZXvHpzU7Bt,0.00,https://politicsandwar.com/uploads/118ba690b04504f4380b87aecb47033478af18d0300x300947.png
14283,"2025-08-29 04:45:29",CMT8-1945,,red,af,https://discord.gg/YqnJsj7b,0.00,https://politicsandwar.com/uploads/0998452ac7e898da5e78c8bb3d3176b480b8dc6d500x375690.png
14285,"2025-08-30 10:52:09","Weyland Yutani Corporation",Wey-Yu,black,af,https://discord.gg/sfNVgZBNZX,19969.13,https://politicsandwar.com/uploads/043092525922d2ed339c2c3b042bd56df66f958cx188.png
14286,"2025-08-30 17:58:35","Cryo Alliance",,gold,af,,2184.65,https://politicsandwar.com/img/flags/mars.png
14288,"2025-08-30 22:11:38","Wayneville Enterprises",W.E,red,af,https://discord.gg/Yv8Pg2mbDu,0.00,https://politicsandwar.com/uploads/4231eb4240553da792170fce5658d17b44016727500x301136.webp
14289,"2025-08-31 09:33:28",EEUUCOALITION,EEUU,aqua,af,https://discord.gg/R62QR28G,1076.95,https://politicsandwar.com/uploads/c3f607676f4d96cafc28a8cfb482d2348248ba7e568x600855.png
14291,"2025-08-31 15:51:48","GOAT Alliance",,pink,af,,0.00,https://politicsandwar.com/img/flags/sovietunion.jpg
14299,"2025-09-03 06:50:29",Yihh,,turquoise,af,,2249.58,https://politicsandwar.com/img/flags/russia.jpg
14301,"2025-09-03 17:33:34","The A Team",,black,af,,0.00,https://politicsandwar.com/img/imgur-old/7a6fc15b6be2d18a1d5528857d160584fa4172b3325.png
14304,"2025-09-04 21:38:20","Mariners Apartment Complex",MAC,green,af,,15374.94,https://politicsandwar.com/uploads/2a1b748e948104f9ddd749fd7a2908103c64f9f8500x488583.jpg
14305,"2025-09-04 21:47:41","The Crown Corporation",TCC,red,af,https://discord.gg/kV6KaSRBeZ,10451.13,https://politicsandwar.com/uploads/9ef4928ad5fb732dd186b94c720e96948b729f4c500x300363.png
14307,"2025-09-06 19:45:26","Africa Proconsularis",SPQR,purple,af,,15029.85,https://politicsandwar.com/uploads/ef923c8922ed13ffce77e7e7fd8c2677ce96ebf8x970.jpeg
14310,"2025-09-07 15:08:21","The Sovereign Bastions",SoB,blue,af,https://discord.gg/4WsMYggZRn,2844.25,https://politicsandwar.com/uploads/3cbda6ed5e8c32b09d8bf547dd2f83ee80837cfa300x300896.png
14315,"2025-09-09 21:21:54","klop operazioni",KLOP,green,af,,7377.39,https://politicsandwar.com/img/imgur-old/173d0e2fd98a1c7dadf08f244780fd7e5e29ed30406.jpg
14317,"2025-09-10 19:17:11","Treaty of Independence",TOFI,green,af,https://discord.gg/frje392q35,461.58,https://politicsandwar.com/uploads/6e3f11d978509b201d1ef48136d46bfea685cbc4x78.png
14319,"2025-09-11 19:32:43",Kivaf,,pink,af,,2339.69,https://flagspot.net/images/a/az-artsa.gif
14323,"2025-09-12 18:51:50","Platypuses of the world",,aqua,af,,0.00,https://politicsandwar.com/uploads/1599b91eee4191d4b62be54cbf4a31b70c3d3148500x395639.jpeg
14325,"2025-09-13 12:54:59","Buccaneers of Carnation",BoC,green,af,,0.00,https://politicsandwar.com/uploads/dd86d541334a0915ba40c57354d5c8c8f41d7615x774.png
14326,"2025-09-13 19:42:32","Union of Soviet Socialist Republics",USSR,black,af,https://discord.gg/SumvGUfmhg,46094.63,https://politicsandwar.com/uploads/310a75c3148e4bcba5b8c68a4b1bf0f56f1e4dd4x49.png
14327,"2025-09-13 21:09:06",WCC,,turquoise,af,,2345.99,https://politicsandwar.com/img/flags/mars.png
14331,"2025-09-15 08:01:56","The Arras",,green,af,https://discord.gg/FFXjTEE4GN,1344.30,https://politicsandwar.com/uploads/58a5ddd01f0f555c2c95e790378f174ee07f886d250x148234.png
14332,"2025-09-15 19:38:58",Caesers,,green,af,,2495.44,https://politicsandwar.com/uploads/6ec63fda71dc21a8f6f26c35da6b1ec222835ff2x491.jpg
14334,"2025-09-16 01:19:02","The Golden Circle Entente",GCE,gold,af,https://discord.gg/NzaQR9WBkh,3831.07,https://politicsandwar.com/uploads/419fe2e8fd9b1b6315fa274920eb7f9d7a17c81e500x300289.png
14336,"2025-09-17 12:26:42","Sovereign Union",SU,maroon,af,https://discord.gg/mfvqNgctr6,6536.78,https://politicsandwar.com/uploads/3d34e8b75163604aa6bfa192d00e44afb095f120500x300236.png
14340,"2025-09-19 13:57:01","Uzbekistan rules",,pink,af,,2735.34,https://politicsandwar.com/img/flags/kyrgyzstan.jpg
14341,"2025-09-20 04:05:01","La Cosa Nostra",LCN,black,af,https://discord.gg/g5dcpKZsum,92068.40,https://politicsandwar.com/uploads/a6816aab9cfd2a6bf5afe41b9d32cb81727d233dx727.png
14343,"2025-09-20 17:22:25",wagwag,,blue,af,,2451.24,https://politicsandwar.com/img/flags/iceland.jpg
14346,"2025-09-21 01:22:34","Organization of American States",OAS,purple,af,,2831.23,https://politicsandwar.com/uploads/0fd7e0d70b996917e52b57c0c06621d039582a9f500x283900.png
14348,"2025-09-21 19:12:24",Elysian,ELS,green,af,,2191.25,https://politicsandwar.com/uploads/9e49a5de8c0050295398aa6a1554a2654447bc44500x265282.jpg
14349,"2025-09-21 20:10:43","The Union",T.U,turquoise,af,,141.09,https://politicsandwar.com/uploads/778b8d9c5f07150c11adf3064219bf3a1cd37942500x333793.png
14351,"2025-09-22 18:11:56",Freexd,,maroon,af,,2595.75,https://politicsandwar.com/img/flags/bahrain.jpg
14352,"2025-09-23 11:38:19","Blood Eclipse",BEC,lime,af,,763.64,https://politicsandwar.com/uploads/7849693cf00393d941bc128a6a35d84e863ccf05500x333411.png
14354,"2025-09-23 15:37:15","Commonwealth Defense Force",CDF,turquoise,af,https://discord.gg/8m98hUUakR,6713.92,https://politicsandwar.com/uploads/cf40dfff9d408b116d689e4fd617ab789bd1bd5b500x333582.png
14356,"2025-09-23 19:33:32","Imperial Treaty Organization",ITO,green,af,,3521.78,https://politicsandwar.com/uploads/6a123db65169bbf7f36bbc2b1340cd905926f10e500x333380.png
14357,"2025-09-24 00:15:05","United Emirates of Orb",ORB,aqua,af,,0.00,https://politicsandwar.com/uploads/5cc98089959b0480e2a2b4bab609c6875fc053efx706.jpg
14358,"2025-09-24 05:57:21","New Hanseatic League",NHL,blue,af,https://discord.gg/ZWYDqycv6e,2477.41,https://politicsandwar.com/uploads/2927eeb420afc27b921557a37622afac18f937fc500x359904.png
14359,"2025-09-25 03:47:50","The true Alliance",,aqua,af,,5300.15,https://politicsandwar.com/uploads/8320950036a168fc8cc667c70adf86e1d1208bc2x233.jpg
14363,"2025-09-26 05:59:07",VPCat,,olive,af,,2217.78,https://politicsandwar.com/uploads/7eea5d2fa22390eb677427c0cdb39935ca81786f668.jpg
14366,"2025-09-27 06:44:15",Asas,,turquoise,af,,2677.32,https://upload.wikimedia.org/wikipedia/commons/thumb/f/fd/Flag_of_Senegal.svg/900px-Flag_of_Senegal.svg.png
14367,"2025-09-27 18:19:45",Deterrent,,gold,af,,1171.26,https://politicsandwar.com/uploads/4fcaeafb2e6c6107355a5060d219a2a4ec72c5a5500x250116.png
14368,"2025-09-27 18:26:12",Zhou,,yellow,af,,2534.01,https://politicsandwar.com/img/flags/denmark.jpg
14371,"2025-09-28 18:48:20",Watch,,black,af,,3829.47,https://politicsandwar.com/uploads/b8981e4f8d7a7383dbfd8d75b998be599888fb4a1000x665396.png
14374,"2025-09-29 02:18:38","Federation of America",FOA,aqua,af,,2094.02,https://politicsandwar.com/uploads/40d92fa56d3ec962c48507e7a5ef7714bd188e03500x333822.png
14377,"2025-09-30 17:45:28",Spamericx,,mint,af,,2751.18,https://politicsandwar.com/img/imgur-old/a1e6bc7426eb12dc0ddeda1dbe41629f1db685cf760.png
14380,"2025-10-01 06:15:05","Bear Republics",,turquoise,af,,2280.85,https://politicsandwar.com/img/flags/california.jpg
14381,"2025-10-01 16:45:48","Sentinel Coalition",SentiCOAL,yellow,af,https://discord.gg/xHZ4YthUJp,5054.94,https://politicsandwar.com/uploads/8e40802f02abe0138bad5c28789aeb72cfc5a46b500x340210.jpg
14383,"2025-10-02 07:41:01","Neoterra economic council",NEC,green,af,https://discord.gg/862krrgxR,302.09,https://politicsandwar.com/uploads/a967c52aa9d5127a67384c4a5d67b3bc7df60577500x333620.png
14385,"2025-10-03 01:16:51","The Onyx Consortium",TOC,black,af,,3714.62,https://politicsandwar.com/uploads/1ffdaef1919a3ed9d68ab1fbfc2e69780e013973300x300538.jpeg
14392,"2025-10-05 05:24:49",Bufflao,,white,af,,2638.17,https://politicsandwar.com/img/flags/little_shell.jpg
14393,"2025-10-05 10:46:46","States of the Holy Land",Vatican,purple,af,,845.65,https://politicsandwar.com/uploads/7eea5d2fa22390eb677427c0cdb39935ca81786f668.jpg
14394,"2025-10-05 13:31:19","Alberta Alliance",,aqua,af,,1109.17,https://politicsandwar.com/uploads/e551bab61b6624528a3270daf6aa527b98313e5fx226.png
14398,"2025-10-06 05:32:43",Minton,,white,af,,2651.57,https://politicsandwar.com/img/flags/iran.jpg
14400,"2025-10-06 14:37:40",Bonapartistes,,blue,af,,2401.60,https://politicsandwar.com/img/flags/france.jpg
14401,"2025-10-06 19:52:48","Finance Industries",25FI,black,af,,2647.83,https://politicsandwar.com/img/flags/greatbritain.png
14406,"2025-10-07 05:36:35",Lip,,lavender,af,,2579.09,https://politicsandwar.com/img/flags/panama.jpg
14408,"2025-10-08 00:19:11","Wutasan Communist Alliance",W.C.A,purple,af,,438.25,https://politicsandwar.com/uploads/8920064ffdabe5f37692459bd6d73a7501add26b500x300520.png
14410,"2025-10-08 20:12:42","Gold Kingdoms",,gold,af,,2666.11,https://politicsandwar.com/img/flags/yemen.jpg
14411,"2025-10-09 17:00:56",OSD,OSD,green,af,https://discord.com/channels/1426938415416606762/1426938955965923469,4518.44,https://politicsandwar.com/uploads/e64ab0f86bbc638baf439a3770393f2684d65b32500x457590.jpg
14415,"2025-10-11 03:12:17","Barakah Islamic Trust",,green,af,,2124.07,https://politicsandwar.com/uploads/f852849a4fec89ac647f9079af4eeeac11b180f2500x497896.jpeg
14417,"2025-10-11 09:56:33",BlackRock,BLK,black,af,https://discord.gg/BSkwt4PxE9,107.46,https://politicsandwar.com/uploads/7b1f5da9080dd8449bbf589bc9675597e97f8810302x300820.png
14419,"2025-10-12 05:56:52","Virgin Islands Depository",VID,green,af,https://discord.gg/5DBsggDS,2308.13,https://politicsandwar.com/uploads/6f9034754d120e333e46eb913f55bf221723624e176x300210.jpeg
14420,"2025-10-13 18:59:47",SAPTO,,aqua,af,,0.00,https://politicsandwar.com/img/flags/fiji.jpg
14421,"2025-10-14 11:19:13","Global Union",GU,turquoise,af,https://discord.gg/CquyH7GTCP,5749.25,https://politicsandwar.com/uploads/c65e0750e2df06fa29dec4856bc29110e4e71a741000x666293.png
14423,"2025-10-15 20:50:55","The Parallel",TPL,aqua,af,,4033.29,https://politicsandwar.com/uploads/cdc8f04dd35e23eedf738d4b23131b872df71921300x300573.jpg
14428,"2025-10-18 23:38:02","The Exchange",NY$E,green,af,,15974.25,https://politicsandwar.com/uploads/646b4037af01fbad6fdc6fbbd3091a21ca68ef3c500x375798.jpg
14431,"2025-10-19 02:39:23",SimAnt,,purple,af,,19628.14,https://politicsandwar.com/img/flags/unitedstates.jpg
14433,"2025-10-19 20:33:43","United Worlds",U.W.,lavender,af,,1127.05,https://politicsandwar.com/uploads/ca7a7e88f7751a21f1aaf4876babdfcac1c7bd001000x666154.png
14440,"2025-10-20 16:30:22","House Karstark",HK,olive,af,,8053.50,https://politicsandwar.com/uploads/5831eab85995b52c7ce9f02ebf5d02f2a8a4ab2d272x300415.png
14445,"2025-10-21 01:23:31","Mensa HQ",,green,af,,24019.60,https://politicsandwar.com/uploads/69eda5d999a0b014131f3083f1b710233580bb08x204.jpg
14449,"2025-10-22 00:16:59","Coast of Swords",⚔️CS,olive,af,,9886.75,https://politicsandwar.com/uploads/313decf24bddeb4374e5e959f43e3b893326fa95500x333843.png
14464,"2025-10-25 19:38:35","The Company",,white,af,https://discord.gg/syw3XmbGZD,2178.00,https://politicsandwar.com/uploads/69b1013f1e5780c52c2736dc41367ee83376cccbx693.png
14468,"2025-10-27 05:50:44","Order of Santiago",OoS,turquoise,af,,4158.99,https://politicsandwar.com/uploads/b516e2c08e819169d86afbe5acf6ac1cbf54d83f500x300225.png
14469,"2025-10-27 12:20:42",Alliantica,,green,af,,2676.87,https://politicsandwar.com/img/flags/vietnam.jpg
14470,"2025-10-27 13:08:18","United Orbis Train Alliance",UOTA,black,af,,8623.77,https://politicsandwar.com/uploads/53db8e09e72abecdb44254c31a50c1f9f2b78387500x280971.png
14474,"2025-10-27 18:54:02",VUN,V.U.N,maroon,af,https://discord.gg/aH2t93PXnf,0.00,https://politicsandwar.com/uploads/74ee4040aa83e188088dfac98d0984260623435b500x333130.jpg
14475,"2025-10-28 04:47:49","Grand Eden Monarchal Servants Alliance",GEMSA,purple,af,,2120.15,https://politicsandwar.com/uploads/46fcc095a3f96536e33ff3d1c6c65ff4e701cfd5450x600904.jpg
14477,"2025-10-28 19:07:25","The Twilight",,purple,af,,7362.44,https://politicsandwar.com/uploads/3f1075cc938e28814cd0de32c80c7ff08c31da7e500x300198.jpg
14481,"2025-10-29 15:10:46","Knights Hospitallers",KH,black,af,https://discord.gg/CGzj67nvmZ,539.77,https://politicsandwar.com/uploads/818b368a89270fb22b95202435d6f14f4d709ae8500x333950.jpg
14483,"2025-10-29 19:04:40","Yacht Fund",,aqua,af,,7599.68,https://politicsandwar.com/uploads/da8e8727d3868ff913bf154a2c751892ccd01bca1000x500885.png
14485,"2025-10-30 11:50:47","The University of Orbis",UO,green,af,https://discord.gg/zgPgwTcxY8,11973.66,https://politicsandwar.com/uploads/fe9bea59f5363c66e9f268c75bc64e80b385e654500x368675.png
14488,"2025-10-31 05:49:16","The chill guys alliance",TCGA,blue,af,,1729.00,https://politicsandwar.com/img/flags/betsy_ross.jpg
14489,"2025-10-31 05:57:54","Royal Peacock",RP,turquoise,af,https://discord.gg/aYMsh7cfD,3532.29,https://politicsandwar.com/uploads/705f33d4ff1100b40b1154dc14bb2a252496ff64500x333414.jpg
14492,"2025-10-31 16:21:37","United Countries",,aqua,af,,2348.10,https://politicsandwar.com/uploads/f9fb5cd7de64d893608a7c22b4dd34c5b1bfb6b0500x300678.png
14494,"2025-11-01 14:31:09","Balkan League",TBL,brown,af,,1483.86,https://politicsandwar.com/uploads/ab768072e57dfcea62db7a703152e01090a65159500x37388.jpg
14501,"2025-11-03 15:54:03",Sector7,S7,turquoise,af,https://discord.gg/hFsC5gxU8y,553.73,https://politicsandwar.com/uploads/f7d0bec3b716cae7fb41854fa5feb7c3726f375a500x300562.jpg
14504,"2025-11-03 20:37:46","Left wing pacifists",LWP,aqua,af,,6107.93,https://politicsandwar.com/uploads/4597e797c5fd9cd418c3312da03c316e4276ca03x193.jpeg
14509,"2025-11-05 10:48:02",Yakuza,YAK,black,af,https://discord.gg/fEcajcKR7v,70721.07,https://politicsandwar.com/uploads/0de9cd68093d9102efa02f00cc2e719af9156ecd500x277634.png
14510,"2025-11-06 09:03:31","Aquila Concordia",,aqua,af,,5217.85,https://politicsandwar.com/uploads/3e3718ca0b17f2f2c1ea61503ced4658c89f71c2x816.jpg
14512,"2025-11-09 03:15:30",Ajmies,,maroon,af,,4190.83,https://politicsandwar.com/uploads/34d38ee167f7ee9db83348b6859ee44cbc42b075x802.jpeg
14513,"2025-11-10 02:15:49","Black Templars",BT,black,af,,0.00,https://politicsandwar.com/uploads/5c60fc1711f2880fb2768416dbc8fd8fe867e879500x2801.png
14514,"2025-11-10 02:53:39","Cat Club",CC,white,af,https://discord.gg/ukpdGnCV4K,108819.49,https://politicsandwar.com/uploads/43c37a1a23a0e80a0a93ca36455bb041ae1b84fax383.webp
14515,"2025-11-10 14:23:15",OSHA,,blue,af,,6063.43,https://politicsandwar.com/uploads/2127800dc39edb95b2ee475c2b79caf762262d40x207.webp
14516,"2025-11-10 21:57:35",Canterbury,,red,af,https://discord.gg/2QS3VEjVRt,7736.75,https://politicsandwar.com/uploads/147b38f89a92e206cefa691b73bf627a09ae25a4500x289407.webp
14517,"2025-11-11 08:30:32","The void",,red,af,,604.43,https://politicsandwar.com/uploads/34c3067a110d7cf697727ecde6f6466bc6a639a6x881.png
14524,"2025-11-12 11:41:02","The Great Monekeyan Alliance",,aqua,af,,999.83,https://politicsandwar.com/img/flags/venezeula.jpg
14526,"2025-11-12 22:24:52","Matshaa matshaa",,aqua,af,,3733.20,https://politicsandwar.com/uploads/52ea169519feafe633bf5cc9d3a9b73b6126eb56x887.png
14533,"2025-11-13 16:42:52","Caribbean Armies",CARAMBA,pink,af,,2757.94,https://politicsandwar.com/uploads/fc6e503e10effa499ce2bb5da25c959435971fc9300x300348.png
14534,"2025-11-13 23:57:23","North Atlantic Federated States",NAFS,aqua,af,,0.00,https://politicsandwar.com/uploads/85eb4de7c2eecb9160b851d09e543287929df826487x300592.png
14535,"2025-11-14 09:43:10","Lupine Soda",,mint,af,,7136.16,https://politicsandwar.com/uploads/687cb3943be8ce534f7a46525a932da8491e0a1dx499.png
14536,"2025-11-14 18:33:06",lmao,,aqua,af,,3633.96,https://politicsandwar.com/img/flags/piratesheep.png
14537,"2025-11-14 18:51:46","Ender Order",EO,purple,af,,3555.15,https://politicsandwar.com/uploads/b0e84fad9304dc6e059bf68f2974538379c45af5500x300681.png
14539,"2025-11-15 12:40:45","Upside Earth Union",,pink,af,,880.11,https://politicsandwar.com/img/flags/europeanunion.jpg
14540,"2025-11-15 12:44:30","Republic of African states",R.A.S,red,af,https://discord.gg/SPszfzHYe,3519.96,https://politicsandwar.com/uploads/57d1297e1ef4b5397c01ce8aec1063db740a9ee0500x333460.png
14544,"2025-11-16 22:23:45","CAPSLOCK COALITION",CAPSLOCK,mint,af,,3435.09,https://politicsandwar.com/uploads/42451035a189f57982d40f8fe00ced53daa45394300x300997.png
14546,"2025-11-17 03:35:59",Grapx,,white,af,,2686.53,https://politicsandwar.com/img/flags/algeria.jpg
14547,"2025-11-17 10:14:52","Leylines & Circuits",,black,af,,5780.24,https://politicsandwar.com/img/flags/ukraine.jpg
14548,"2025-11-17 10:33:47","Orbis Technologies",,pink,af,,10.00,https://politicsandwar.com/img/flags/barbados.jpg
14549,"2025-11-17 12:05:12","Vijayanagar Empire",VJNE,red,af,,0.00,https://politicsandwar.com/uploads/16563a026bba32081be7d27e3fb32d40469d8c40500x333775.png
14551,"2025-11-17 18:19:51","Communist pact",,lime,af,,1154.66,https://politicsandwar.com/img/flags/sovietunion.jpg
14554,"2025-11-18 01:56:12","Confederacy of Christian Nations",,aqua,af,,1913.04,https://politicsandwar.com/uploads/7eea5d2fa22390eb677427c0cdb39935ca81786f668.jpg
14556,"2025-11-18 03:08:36","Munich Communist Alliance",,aqua,af,,1315.68,https://politicsandwar.com/uploads/fb1d5d1abff5ade63c4716c5374211c643ba70a9x603.png
14558,"2025-11-18 04:16:06","Diamond Dogs",DD,blue,af,https://dd-pw.straw.page,3885.85,https://politicsandwar.com/uploads/e7bc525edba5dc5d2a41c39ec3977b07cf88a73b500x2924.png
14559,"2025-11-18 18:11:07","Carston Gold",,gold,af,,2918.21,https://politicsandwar.com/img/imgur-old/66f83b5f82f65351dc56d657fd4da8cfdbdd6394607.png
14561,"2025-11-19 18:57:13","Financial disagreements",,maroon,af,https://discord.gg/9MUrNtHvGV,1728.99,https://politicsandwar.com/uploads/1c8c2e950684cbc20dfde5645bae746f7e6d8824500x297607.jpg
14569,"2025-11-21 15:59:15","The Prime Council",TPC,green,af,,1305.56,https://politicsandwar.com/uploads/5e0b9cf81b6727e682290478901837589d78767f500x300707.png
14570,"2025-11-21 18:38:29",Bleuf,,yellow,af,,2731.39,https://upload.wikimedia.org/wikipedia/commons/7/72/Bandera_Crow.png
14573,"2025-11-22 05:02:00","Sneaky Golem",,maroon,af,,7489.97,https://politicsandwar.com/uploads/bcd8d7b47f15c9bf68d469cb7952673dd253313dx687.png
14574,"2025-11-22 12:04:04","The great communist legion",,red,af,,925.61,https://politicsandwar.com/uploads/676c942918f464a69ea7189c560a21e48c46ad031000x666788.jpg
14578,"2025-11-24 04:21:22","General Area of Three Ostritches",,brown,af,,8801.57,https://politicsandwar.com/img/flags/latvia.jpg
14580,"2025-11-24 19:05:37","Arc Ravers",,turquoise,af,,1242.75,https://politicsandwar.com/uploads/7eea5d2fa22390eb677427c0cdb39935ca81786f668.jpg
14581,"2025-11-24 20:25:06","Kings Accord",KA,gold,af,,3196.25,https://politicsandwar.com/uploads/9e717b91ff13de67a3ad5037ae55d6972ccdb2b0500x333252.png
14584,"2025-11-25 11:41:26","The Pact Of Logical Defence",PLD,blue,af,,1478.75,https://politicsandwar.com/uploads/cae86be0228c271173f053ac97ed15c8bb7b2461505.jpg
14586,"2025-11-25 17:25:44",Nightshade,NS,mint,af,https://discord.gg/9kwnmFMBzg,2144.45,https://politicsandwar.com/uploads/686bbf36feb0630b2b9e183946733a5af6186e4d500x348410.png
14589,"2025-11-26 03:47:05","Freedom Federation of Amirica",FFA,blue,af,,1112.75,https://politicsandwar.com/uploads/7da0fa690e6733ae6567cbba06b583e58fd162e6500x250827.png
14591,"2025-11-26 12:39:36","Fish Band",FIB,aqua,af,,2822.89,https://politicsandwar.com/uploads/8e569ede269ac047da588f289f3346dc65291018500x333711.png
14593,"2025-11-27 01:29:33","Lemon Lime Alliance",LEMON,lime,af,,1182.86,https://politicsandwar.com/uploads/6f38c4a315af11ff2210f2774ec77e8d5ccd5853500x233441.jpeg
14594,"2025-11-27 01:59:28","International Dominion of Nations",IDN,white,af,,3819.64,https://politicsandwar.com/uploads/608a2e5b68877471ae32c920e60a426edc7c967a500x312305.jpg
14596,"2025-11-27 05:02:41",bobbia,,green,af,,1133.84,https://politicsandwar.com/img/flags/haiti.jpg
14597,"2025-11-27 08:35:16",ALLAYAT,ALLAYAT,aqua,af,,2631.88,https://politicsandwar.com/uploads/2b30d2edbdc863000e7966931beaf40b7742180d1000x562892.jpg
14600,"2025-11-27 23:12:20","The Meridian",TMR,lime,af,,12478.20,https://politicsandwar.com/uploads/b15d6107e8df8d429010d3eba4ca015581789501500x299321.png
14607,"2025-11-30 01:48:38","Fight Club",,pink,af,,0.00,https://politicsandwar.com/uploads/a99b19645332ebf125ed9876777cc21dd7a76663500x323103.jpg
14608,"2025-11-30 08:05:59","La Forte Alliance",,aqua,af,,1545.78,https://politicsandwar.com/uploads/cae86be0228c271173f053ac97ed15c8bb7b2461505.jpg
14609,"2025-11-30 13:20:15","Chilling Nations",,green,af,,0.00,https://politicsandwar.com/img/flags/poland.jpg
14610,"2025-12-01 04:17:39","The global Industrium Pact",G.I.P,orange,af,,1723.00,https://politicsandwar.com/uploads/505592a39c5c1ddc1e5de1ce904b5c367be280dd1000x577783.png
14612,"2025-12-01 15:13:20","Mercury Corporation",MC,black,af,,10250.50,https://politicsandwar.com/uploads/48c94e2d9d7217a1a7fe9085765916df71b7738c300x300102.jpg
14614,"2025-12-02 01:12:30","Starfleet Command",SFC,mint,af,https://discord.gg/NV2aRtrV,7126.45,https://politicsandwar.com/uploads/69cbc4721b42b7f87ae879b617eaad7f3e5f3c9b500x300488.png
14620,"2025-12-04 14:16:14","The Great Republic Defenders",,blue,af,,3834.94,https://politicsandwar.com/uploads/45a24e4ad72dd06a22278c5dbfd5f4f7adef7e43x219.webp
14625,"2025-12-07 17:59:10","TP Center 4 Those Who Cant BeigeCycle",,green,af,https://youtu.be/NQ-8IuUkJJc?si=HnHfyB7vU48nJCAn,5016.04,https://politicsandwar.com/uploads/019f3d45356d4294c95bc30a823b65d6d7e580bb271x30019.jpeg
14629,"2025-12-08 11:17:51","States of Union",,turquoise,af,,11503.44,https://politicsandwar.com/uploads/fc0c2ea8a252c04d07a9ebac446edf068346f3fd500x330658.png
14630,"2025-12-08 15:05:36","the High Bank",HB,maroon,af,https://discord.gg/mwbxutyNHH,2916.10,https://politicsandwar.com/uploads/89ed5ff1263c2a29c196915ae289a34d47433192500x300664.png
14631,"2025-12-08 19:05:30","Asian Supermecy",,black,af,,2019.81,https://politicsandwar.com/uploads/c82f9f13cd7bf4908a87a4823bc4d934100f6020x825.jpg
14635,"2025-12-09 10:03:43","Death Before Dishonor",DB4D,turquoise,af,,2099.51,https://politicsandwar.com/uploads/49ec1e29bce9b62b47f0b6e476b34d3c3783bbcc500x280779.jpg
14636,"2025-12-09 10:09:22","The Goofy Goobers",G.U.N,black,af,,2275.98,https://politicsandwar.com/uploads/640e72803634e7cadec69635d5817740690f9d18250x250319.gif
14638,"2025-12-09 19:41:39",byes,,aqua,af,,1465.78,https://politicsandwar.com/img/flags/betsy_ross.jpg
14642,"2025-12-10 18:38:33","United pirates of the seas",UPTS,maroon,af,,3626.84,https://politicsandwar.com/uploads/b890039e5702728d8ad0ec68ec5e01761db38125500x250337.png
14643,"2025-12-10 20:27:20","The Athenian Confederacy",AC,aqua,af,https://discord.gg/AaqMS3BC,1491.92,https://politicsandwar.com/uploads/4bdfc7ce96fb7bdc00d4148c44f1e23703da75ba402x600804.jpeg
14645,"2025-12-11 10:47:18","SRPSKI VUKOVI",SRB,black,af,,3257.27,https://politicsandwar.com/img/flags/serbia.jpg
14649,"2025-12-12 03:29:34","Longest War",,green,af,,4659.20,https://politicsandwar.com/uploads/c1edf24ffb668b8113b0085405406aea50bdebbf1000x625468.png
14652,"2025-12-13 19:28:55","Sweden enjoyers",,blue,af,,1173.59,https://flagspot.net/images/a/az-artsa.gif
14654,"2025-12-14 03:07:14",Australias,,mint,af,,1922.56,https://politicsandwar.com/img/flags/australia.jpg
14657,"2025-12-15 07:50:52","Loyal Council",L.C.A,green,af,https://discord.com/channels/1445218989209817291/1449931652464775382,1165.44,https://politicsandwar.com/uploads/a9b207ca3894ffbc3f2e51b95c106c4761de641e1000x666624.png
14660,"2025-12-16 11:17:24",CCCP1941,,black,af,,2510.52,https://politicsandwar.com/uploads/262fa0341074df9da84349b188df1a03c20fb5361000x562387.jpg
14662,"2025-12-17 10:58:49","Hololife Alliance",HAEx,aqua,af,https://discord.gg/QnrhcVZ62m,2016.24,https://politicsandwar.com/uploads/517da68773f5c14f19426f2c9b95b3d5f064aa5f500x281134.jpeg
14663,"2025-12-17 12:29:11","Socialist Industry pact",SIP,green,af,,5105.99,https://politicsandwar.com/uploads/bf7d9d974e9240cc5499f8e2aaa6a7cfc9221e33500x33360.png
14665,"2025-12-18 02:36:56","TCO Casino",TCOC,turquoise,af,https://discord.gg/jwxhKf2unA,3079.74,https://politicsandwar.com/uploads/7b7dbb70581606f91a6a7b6e937a1800effe3448500x396283.png
14666,"2025-12-19 03:00:41","chings bank of all banks",,aqua,af,,486.04,https://politicsandwar.com/img/flags/wyoming.jpg
14668,"2025-12-20 07:54:58","Truly I Love Frogs",,olive,af,,4632.93,https://politicsandwar.com/uploads/2fb7a77808f4ba0b9da6f444b85856022a375998x482.png
14670,"2025-12-21 04:47:26",Ashlandia,,aqua,af,,2454.33,https://politicsandwar.com/img/imgur-old/554f40b4fb8e5648c728ed3ece44c237781b052b376.png
14671,"2025-12-21 14:36:17","the tree house is teal",,aqua,af,,5298.41,https://politicsandwar.com/uploads/1b9d61d309eef47e27310ad321d4fa9f9ffc5e38x534.jpg
14673,"2025-12-21 23:38:21","The Empire of the Moonlit Sakura",7K,black,af,https://discord.gg/sDJtejcUyb,8102.13,https://politicsandwar.com/uploads/5720bc3f4a9125cca528cda91f773fe4991737bbx585.webp
14674,"2025-12-22 13:02:26","United Nations of TFL",UN-TFL,maroon,af,,11817.61,https://politicsandwar.com/uploads/c00a68649293fc2ccdddc2da0ae00617c4636e1b500x306538.png
14675,"2025-12-22 21:53:13","Shadow blade syndicate",SBS,lime,af,https://discord.gg/wrpC46tAWE,4291.32,https://politicsandwar.com/uploads/1b916a9b817c0e264f5e335b4b9a6d84698cc477500x33563.jpg
14676,"2025-12-23 04:07:04","Mughaliya Sultanate",SM,green,af,https://discord.gg/9B2UdnPRuD,19617.74,https://politicsandwar.com/uploads/29c17a5209146a346e6ff17d01afeb365f147869500x333438.jpg
14679,"2025-12-24 21:01:55","Front Yard Ballas",,purple,af,,1552.94,https://politicsandwar.com/uploads/717add47f47c89e326644ab869cb1afdd4a51253500x281450.jpg
14681,"2025-12-25 23:51:55",TheNato,,pink,af,,6900.82,https://politicsandwar.com/uploads/c391a80bc2e8880ab1069579a2705f443ae7a6e31000x668675.jpeg
14683,"2025-12-26 16:30:53","Animal Pharm",,olive,af,,5592.50,https://politicsandwar.com/img/imgur-old/554f40b4fb8e5648c728ed3ece44c237781b052b376.png
14685,"2025-12-28 16:03:16","christ power",,aqua,af,,1948.92,https://politicsandwar.com/uploads/a600c58aba593a2bb8c059e1a2eaf510225eb406600x600372.png
14686,"2025-12-29 17:32:41",Metallicats,,black,af,,1938.39,https://politicsandwar.com/uploads/7a48326b1f2ecef01622cb384a9ac6a642cd8172250x140190.jpeg
14687,"2025-12-29 18:51:18","Nuking Under The Mistletoe",,green,af,,4107.19,https://politicsandwar.com/uploads/d3f6db4e97fd7e8275dd489a2ff33ec036e5d1e0500x312622.png
14688,"2025-12-29 18:58:15","The Iron Coalition",,gold,af,,1912.79,https://politicsandwar.com/uploads/44bd6a4e35d41013353c40269d1342306634d6b8500x333595.png
14689,"2025-12-29 22:23:36",Placeholder,,black,af,,25382.64,https://politicsandwar.com/uploads/1d4c6124692d7f9878b6f897acb04bde1ac5157e500x333116.jpg
