﻿alliance_id,date_created,name,acronym,color,continent,discord_server,score,flag_url
615,"2014-08-05 12:32:17","Seven Kingdoms",SK,orange,Ar,https://discord.gg/3uCF26s,0.00,https://politicsandwar.com/uploads/86bdc587ed74b9544f5c2f523bb490d6016c483a500x281478.jpg
619,"2014-08-05 19:39:15",Guardian,Guardian,orange,Ar,https://discord.gg/wFbUzM2,367161.21,https://politicsandwar.com/img/imgur-old/200afe185770407ae6a603ade7ba9bfbad379813917.png
622,"2014-08-06 13:37:26","United Purple Nations",UPN,purple,Ar,https://discord.gg/mfUxYv7CyR,224358.73,https://politicsandwar.com/img/imgur-old/3f9d76b849ff553846c11a6097af797b3b9570bf680.png
770,"2014-10-26 13:21:40",770,LC,yellow,Ar,,8192.17,https://politicsandwar.com/uploads/5f51cbbdf2e2e9e8f7087f683f8292e8f96948e5500x300422.png
790,"2014-11-04 23:13:16",Rose,🌹,pink,Ar,https://discord.gg/Fp5Ngqg,1151966.75,https://politicsandwar.com/uploads/e97004b1d95820ca14e0284c44208ed0cadb3a26500x300962.png
831,"2014-11-21 17:26:29","The Syndicate",t$,green,Ar,https://discord.gg/qGPezMbPNw,718462.78,https://politicsandwar.com/uploads/4943f976375bf77cafa3a32b9df7772dd8d5da1a500x300258.png
866,"2014-12-08 09:18:04","Guardians of the Galaxy",GoG,lime,Ar,https://discord.gg/DVGzNXM,0.00,https://politicsandwar.com/uploads/111dd01422c16de66f4d06040c7451118efd002b957.png
877,"2014-12-12 23:23:13","Black Knights",👽,black,Ar,https://discord.gg/VrJFQMBH2R,156064.82,https://politicsandwar.com/img/imgur-old/917568acf2b88122f2e687d5bcfe41c8db855e95744.png
913,"2014-12-19 14:34:25",Arrgh,Arrgh!,black,Ar,https://discord.gg/jCAQFtJ,199259.17,https://politicsandwar.com/img/imgur-old/c4ad8a85a57d1fedc2df54ac0d34bc882a83b441644.png
1023,"2015-01-26 15:22:05","The Fighting Pacifists",TFP,white,Ar,https://discord.gg/5yT5tWS,569555.96,https://politicsandwar.com/uploads/f616086a82c48bed05ca541831228a4704984185500x29933.webp
1210,"2015-03-21 22:52:21","World Task Force",WTF,maroon,Ar,https://discord.gg/3AXHN5B,161211.99,https://politicsandwar.com/uploads/7f1b6b4092cde322a7209affa489041e91427225216.png
1246,"2015-03-29 20:09:40",Farkistan,FU,white,Ar,https://discord.gg/HDjRySg,19169.22,https://politicsandwar.com/uploads/100fe13335b6c085e46e699bf8d856d1ee996207315.png
1584,"2015-06-29 17:25:50","The Knights Radiant",TKR,orange,Ar,https://discord.gg/t7dzPAV,866957.63,https://politicsandwar.com/uploads/dd591ec853545bb030a9e9f674a8045570024897468.png
1723,"2015-08-08 02:13:24","TRUMP 2016",TRUMP,orange,na,,11.25,https://politicsandwar.com/img/imgur-old/e7f77385327365d10712e34790c1d27b19984cb4595.jpg
1742,"2015-08-14 18:32:07","The Cypher",CYPH,pink,Ar,https://discord.gg/QdnxTV7BZ8,291688.04,https://politicsandwar.com/uploads/f541a7acdc0a33d73ab88ba8c8ac73934a37119e500x263699.gif
1896,"2015-10-05 16:50:32",Pantheon,🏛️,yellow,Ar,https://discord.gg/8w5mHFe,17556.95,https://politicsandwar.com/img/imgur-old/aabdb8d0f25956ba861bb1c365c404835995c5a5705.png
2082,"2015-12-01 16:15:42","New Pacific Order",NPO,brown,Ar,https://discord.gg/g5x6UZ4,6110.00,https://politicsandwar.com/uploads/f6d9d9cd426226b55504e8fe7c941c10cb7eb6ba700.png
2358,"2016-02-16 19:50:46","New Polar Order",NpO,blue,Ar,,12542.59,https://politicsandwar.com/img/imgur-old/a69030707aac568c9eb564ed58dfa6bacfa34da5165.png
2510,"2016-03-20 06:51:10","Royal Alba Charter Company",RACC,green,Ar,https://discord.gg/FJeNyKhxPt,70169.15,https://politicsandwar.com/uploads/30aa415263836ea59b74afac58c24cc2049705dc500x300345.jpg
2594,"2016-04-04 10:01:03","United Socialist Nations",USN,red,Ar,https://discord.gg/e2VvhPwnb7,131202.55,https://politicsandwar.com/uploads/90485012606693dfe5d2407d9142e3e34f4c0699500x281849.png
3339,"2016-09-23 00:04:24","Grumpy Old Bastards",Grumpy,green,Ar,https://discord.gg/8BZztQQ,422525.69,https://politicsandwar.com/img/imgur-old/5dd661b245f116d7220762458df6eb9df784822a390.jpg
3427,"2016-10-07 17:28:42","Legion Of Dawn",LoD,white,Ar,https://discord.gg/Gv26Kzr8ZU,303476.06,https://politicsandwar.com/uploads/eee2967dd685ba344b7b28410118d76e2ddf3f10500x281242.png
3683,"2016-11-08 20:24:05","House Stark",HS,olive,Ar,https://discord.gg/aRhfKtBzp8,206457.98,https://politicsandwar.com/uploads/5e0837fabc6c9d0ad6187bec8a2d2af446af2951450x300120.jpg
3940,"2016-12-20 00:38:26","The United Empire of ZahAharon",TUE,purple,Ar,https://discord.gg/yZmr9av,2190.00,https://politicsandwar.com/uploads/5ba2f1328cb1211b742c91c72d9c34db1248101b489.png
4124,"2017-02-01 17:00:43","Knights Templar",KT,orange,Ar,https://discord.gg/RyPP7hBKqs,329091.95,https://politicsandwar.com/uploads/de6d7c7d0d6b72c435f660558a06c986b099c9d6x605.png
4150,"2017-03-19 10:05:19",Yarr,GOLF,black,Ar,https://discord.gg/cbF74Dg,112541.80,https://politicsandwar.com/uploads/57056016e0494b5e9e860188582d4db5ac119883500x333979.png
4221,"2017-06-11 12:22:29","Dark Brotherhood",DB,black,Ar,https://discord.gg/Uyn3m5D,216217.23,https://politicsandwar.com/uploads/658d160838d37343a2825e529d673bb24a79d2d7500x312968.webp
4271,"2017-08-09 02:18:58",Oblivion,"S H I T E",green,Ar,https://discord.gg/YRerfDpaKJ,93490.44,https://politicsandwar.com/uploads/77f48785108ccfdc120abfd909836623bddd89abx511.gif
4397,"2017-12-10 03:25:36","Strickland Propane",Strickland,maroon,Ar,https://discord.gg/SFEpZNf,25953.82,https://politicsandwar.com/uploads/a118889f96a7c98bd6c465415353aaf6452d9915500x300529.png
4468,"2018-01-07 07:22:03","Purple Flower Garden",PFG,orange,Ar,,7870.60,https://politicsandwar.com/img/imgur-old/0f4f936ea7c16e834208f05cef1a98f6c0eddb47463.png
4567,"2018-02-23 02:31:21","The Golden Horde",TGH,yellow,Ar,https://discord.gg/nUGFqj4,94527.84,https://politicsandwar.com/img/imgur-old/712fee14d4ec9d50caf2c83ee623c0767f04ea41757.png
4623,"2018-03-18 07:10:01","The Empire of the Moonlit Sakura",7K,pink,Ar,https://discord.gg/Df4AsDtbXh,0.00,https://politicsandwar.com/uploads/77a7d97093ba2365abccad3f88475c9d2769678584.jpg
4638,"2018-03-21 05:20:16","Sacrum Romanum Imperium",HRE,maroon,Ar,https://discord.gg/2WGKQGPPhY,21845.96,https://politicsandwar.com/uploads/7301cea65b528edb03d7f7a66a88d591b2e8d27f500x333596.png
4648,"2018-03-22 22:26:01",Aurora,AUR,green,Ar,https://discord.gg/NSvDF7GqBj,518094.62,https://images84.fotosik.pl/1023/f49d99150a877b08.jpg
4729,"2018-04-13 22:07:21","Church Of Atom",CoA,green,Ar,https://discord.gg/DCQsEuf,166417.22,https://politicsandwar.com/uploads/a18a33770a8efb8ce21bf21468d6f7d404e73392500x333798.png
4829,"2018-05-05 16:54:12","The Enterprise",e$,lime,Ar,https://discord.gg/B5QBJe6ZCZ,118301.93,https://politicsandwar.com/uploads/acb59b63c53934d487a8d41276ddefe5cf7e9e71500x300385.png
4937,"2018-07-13 09:44:55",Camelot,🐲,maroon,Ar,https://discord.gg/camelot-465573583532589058,280258.08,https://politicsandwar.com/uploads/4cf79cef5c53867919c065fb5660e253fb96e295500x300520.png
5012,"2018-08-19 21:19:31","Respublica Romana",R&R,pink,Ar,https://discord.gg/rUJyB4U,0.00,https://politicsandwar.com/uploads/b67280cb2aac79d9b005553bdba50f34c1172af3x271.jpg
5039,"2018-09-09 00:20:10","Goon Squad",GS,green,Ar,https://discord.gg/uJGwKCK,18456.00,https://politicsandwar.com/uploads/f62cf330574ddc0dbd044b54a721efcbbef2d145647.jpg
5049,"2018-09-17 19:17:51",Carthago,CTO,olive,Ar,https://discord.gg/WAK7FWDkf8,412749.02,https://politicsandwar.com/uploads/c196c11b0cfca8e388e29edcc7dc1c758ab6206d500x281938.png
5121,"2018-11-03 08:30:55","Lannister Mausoleum",,maroon,as,,0.00,https://politicsandwar.com/img/imgur-old/403b570738062b87c7e8982f6cca706324d65ff8303.jpg
5326,"2019-02-16 00:24:08","The United Armies",UA,red,Ar,https://discord.gg/pfZNF7ER7z,0.00,https://politicsandwar.com/uploads/9d68d184f546ee1673c8d6185affe0b14f554fdfx152.png
5476,"2019-05-06 16:50:03",Weebunism,🌸,brown,Ar,https://discord.gg/VMxbrMR,271016.68,https://politicsandwar.com/uploads/5679a40830161160b4bf9115ed4de833e29a5e17500x300893.png
5658,"2019-06-23 00:17:04","Unforgiven Legion",U.L.,purple,Ar,https://discord.gg/Wjek998,80408.31,https://politicsandwar.com/uploads/9ca36e363b8f42a3d77c353247060e4fc48e0c26500x281712.png
5796,"2019-07-22 00:48:26",Atlantis,ðŸ”±,aqua,Ar,https://discord.gg/eFTs7uR,0.00,https://politicsandwar.com/uploads/cf30a6de0dc187d67c51e9074f2b6e5688260560189.jpeg
5875,"2019-08-04 19:30:43","The Immortals",IMMORTALS,yellow,Ar,https://discord.gg/8w5mHFe,887933.88,https://politicsandwar.com/uploads/f658b8d433a3e2c8835383d90f691254ecdab94dx203.png
6088,"2019-09-07 22:29:58","Terminus Est",💀,maroon,Ar,https://discord.gg/7xSa8WrbJA,16416.25,https://politicsandwar.com/uploads/b0cac855367acc367ae4619baaa337ba8060c2a4500x300891.gif
6126,"2019-09-14 03:39:06","The Lost Empire",TLE,aqua,Ar,https://discord.gg/nAe4GgBvN7,104358.30,https://politicsandwar.com/uploads/f335d2149c46a6b1f664d32592dc2d871b7c5dcc500x258931.png
6143,"2019-09-16 21:48:55",Morningstar,🅼🆂13,black,Ar,https://discord.gg/SpxrYbq,0.00,https://politicsandwar.com/uploads/71fa2df73a9bb2972e6b93d8a865aad33d11f3dax152.gif
6215,"2019-09-24 23:02:41","The MinuteMen",MM,green,Ar,https://discord.gg/VkZQAUJQ9y,0.00,https://politicsandwar.com/uploads/de8e12c9059c297b08d9fa428684fd43cc898c94500x298264.png
6877,"2020-01-07 23:40:55","Advanced Syndicalist Mechanics",ASM,red,af,https://discord.gg/SGgessb,0.00,https://politicsandwar.com/uploads/1c8cb8d10c2166cb00c75e5c2e047eb76ba0cc5b450x300644.png
7000,"2020-01-19 18:26:32","Banana Stand",BS,orange,af,https://discord.gg/t7dzPAV,26290.00,https://cdn.discordapp.com/attachments/377184598184165377/1174099471576088656/adrienne_flag.png
7094,"2020-02-02 10:53:42","The Coal Mines",TCM,aqua,af,https://discord.gg/ybWe59czTf,193374.58,https://politicsandwar.com/uploads/4c2e948ace4b81f444a9ba6febcaf4f6394b4c9ex510.png
7204,"2020-02-12 17:12:01",Elysium,ðŸ·,black,af,https://discord.gg/3xQtdrf,830.00,https://politicsandwar.com/uploads/811f5f2040ae2da1c0c966c62a428a0ff2967380108.png
7249,"2020-02-19 19:32:31","The Firm",$f,green,af,,18243.75,https://politicsandwar.com/uploads/acde1ad6c273e804750867b1b278e85ffda51fb5589.jpg
7346,"2020-03-11 23:55:25","Chocolate Castle",CC,pink,af,https://discord.gg/V6Vmq96,12766.50,https://politicsandwar.com/uploads/ded131b45a77f67b7714b8cdd637041c914c8ba4500x333251.png
7366,"2020-03-17 17:48:08","Parisian Commune",,red,af,https://discord.gg/8gsTGb,0.00,https://politicsandwar.com/uploads/ebb2052df6d96b2f1ef7e3fa3fc7502eb2ecffb2x243.png
7433,"2020-04-06 02:09:18","Almighty Corporation",ALMC,yellow,af,https://discord.gg/aDnRmzH,4312.33,https://politicsandwar.com/uploads/f546e0e1042b03467c682e53bd214abff4fdaf5e500x3007.png
7450,"2020-04-12 18:27:50",Eclipse,☾,brown,af,https://discord.gg/sGzXF7P,1016808.36,https://politicsandwar.com/uploads/64c45acf7b258e6671f32addc4debb7d007e3fed500x300833.png
7452,"2020-04-13 19:15:17",Cataclysm,CATA,white,af,https://discord.gg/QsJKSVzTmv,0.00,https://cdn.discordapp.com/attachments/868735629108846592/993322927481167892/CATA_Flag.png
7484,"2020-04-25 14:13:28","Global Alliance & Treaty Organization",GATO,brown,af,https://discord.gg/B6pTkZGP9U,274668.74,https://politicsandwar.com/uploads/b1b89ff432373d17e71a39ad0f16bcd7416b8d31500x30056.png
7580,"2020-05-31 06:19:19","The Legion",SPQR,purple,af,https://discord.gg/RvEAPsp,274173.99,https://politicsandwar.com/uploads/e254b002f149b41dd2357a3a8628cbb096231ed1x459.png
7647,"2020-07-03 02:32:24","micro pockyclypse","AYY BANK",green,af,https://discord.gg/Wheaevc,14715.10,https://politicsandwar.com/uploads/11d1ce3354c6801c8cd4cc2e9b55a81e62b3051b500x299825.jpg
7674,"2020-07-15 00:11:14","The Mortals",TM,lime,af,https://discord.gg/8w5mHFe,44369.78,https://politicsandwar.com/uploads/29391cc46b88243fb532bd7ceabe958d1a4ab9f0500x333380.jpg
7698,"2020-07-24 06:27:38",NukaWorld,7K-7G-NW,maroon,af,https://discord.gg/rB9nEf9,4919.08,https://politicsandwar.com/uploads/ad36737cfc320fafb79dbfe33848edefca2ddecfx377.gif
7707,"2020-07-29 02:04:53","Dragon Confederacy",DC,black,af,https://discord.gg/5BTpjEh,0.00,https://politicsandwar.com/uploads/c6b8abfd1bb2cf9f9db3992f79d50db28ba4aa76272x300860.png
7750,"2020-08-17 07:27:40","United Ummah",UU,lime,af,https://discord.gg/8Q25CyE,234201.02,https://politicsandwar.com/uploads/da8e37e9e8c605667cc604ca9e8f11314b5361e4x145.png
7803,"2020-09-01 18:10:25","Laffeys Lair",MAO,green,af,,0.00,https://politicsandwar.com/uploads/5e2b74db3fb27b33bd1348984a43a2fd4919bf9ax898.png
7806,"2020-09-02 21:00:48","Neon Dystopia",,lime,af,https://discord.gg/CQ3b55G,0.00,https://politicsandwar.com/uploads/a5dbad95a2446481c856407a104da68c772d872c286.jpg
7815,"2020-09-06 15:23:49","99942 Apophis",99A,black,af,https://discord.gg/yF24Mgk,31658.20,https://politicsandwar.com/uploads/d451c53bf1a6b5030083bf6f48aed590524d78dcx741.jpg
7868,"2020-09-28 21:47:03",Vibe,VB,blue,af,https://youtu.be/dQw4w9WgXcQ,54.16,https://politicsandwar.com/uploads/a3b242b9a263a7af7da65ac0cbe19cb939b8f054500x35754.jpeg
8100,"2020-11-28 23:15:28","The Company",TC,green,af,https://discord.gg/hJQ8jjHe2k,0.00,https://politicsandwar.com/uploads/704674ae503ff04b97feedba4c57540fd09712d2500x333411.jpeg
8173,"2020-12-21 16:16:11",Daedalus,DD,red,af,https://discord.gg/QsJKSVzTmv,0.00,https://politicsandwar.com/uploads/84c124c04ff2a94ef8e8d22c21645c9ca5703124x676.jpg
8236,"2021-01-16 16:23:43","Name Withheld",❓,orange,af,https://discord.gg/UR6xqsBnVz,146922.73,https://politicsandwar.com/uploads/ae4ef92d1c90d097fe44670dd8c14a662e8997e3500x298223.png
8257,"2021-01-25 05:26:14","rose but better",,red,af,,0.00,https://politicsandwar.com/uploads/a52d1789972fedd91e8698a4b3552454736ea0fd800.jpg
8343,"2021-03-13 12:51:59","The Armed Peacekeepers",TAP,lime,af,https://discord.gg/5yT5tWS,71150.44,https://politicsandwar.com/uploads/96fb005856f5eac25d479449ecc3183e70115d86x725.png
8442,"2021-04-18 18:00:44","Antifa Super Soldiers",🍑,white,af,https://discord.gg/pN8XRSR,1903.87,https://politicsandwar.com/uploads/5509b91d1778658795615ecf5c79b4f6cf44d6a0x648.png
8459,"2021-04-23 17:20:18",Genesis,GNS,aqua,af,https://discord.gg/Yhv73hftkU,1358.72,https://politicsandwar.com/uploads/fe518f7402c90c78b5aa5f22bf4fce2225649cf1x161.gif
8470,"2021-04-26 12:25:32","The Elementals",TE,green,af,https://discord.gg/gRtTkACyBv,0.00,https://politicsandwar.com/uploads/9f88cef368bf97997988c96971fed4edc144fc3c500x280658.jpg
8577,"2021-05-17 12:58:42","Heung Shing Corporation",HSC,black,af,https://discord.gg/uGXdCrZ8Sh,33356.61,https://politicsandwar.com/uploads/47dc0f39100b21e36f84c8e16db124adebb15d35500x497903.jpg
8616,"2021-05-25 05:37:20",HedgeFund,♙HEDGE,olive,af,https://discord.gg/AcCBa5KYTn,0.00,https://politicsandwar.com/uploads/3a161ec7fca34d7173873eaeb4dd1901fb16e504500x333394.png
8651,"2021-05-30 04:06:28","United Commerce Republic",UCR,blue,af,https://discord.gg/PZcawYZHqh,3323.85,https://politicsandwar.com/uploads/81c427bce43293d96cfc1e852f72c4d549312b09x947.png
8712,"2021-06-11 01:11:23","Angry Cats",Cats,olive,af,https://discord.gg/nhjQV6nZCJ,0.00,https://politicsandwar.com/uploads/f2e0256fa1e46f58624e4766fe1d66e431463f77500x375849.jpg
8777,"2021-06-30 23:42:37","Bourbon Street",Bourbon,blue,af,https://discord.gg/UaKrXSJEa4,0.00,https://politicsandwar.com/uploads/8957a8151bc2c2ef358a5dde93b7d902a2a7a476500x300952.png
8804,"2021-07-10 00:35:18",Borealis,Burora,purple,af,https://discord.gg/5vqwk7nA5C,89268.41,https://politicsandwar.com/uploads/c8f0434505116bcd3adfc0e9573be719c1b212a3500x281804.png
8819,"2021-07-15 20:20:04","The Hive",tH,purple,af,https://discord.gg/uszcTxr,29597.62,https://politicsandwar.com/uploads/1d5a2ce435813eed65b5b3bfd6179dd2277be98c500x30074.png
8899,"2021-08-16 18:09:58","Federated States of Orbis",FSO,purple,af,https://discord.gg/FbjJnx37ea,167709.30,https://politicsandwar.com/uploads/d31ac957e405ffd4ae2f551a5c8df955ef95d977500x30023.jpg
8900,"2021-08-17 20:31:54","Admin Alliance",,aqua,af,,520.00,https://politicsandwar.com/uploads/37ca458b5444264e04dc8d7fcd0d77e46d03eecfx3.gif
8926,"2021-08-20 02:34:45",Gallowglass,,yellow,af,,56616.69,https://politicsandwar.com/uploads/d76d758be9b1ed55da9a3139e537ef0f0669e044500x296404.jpg
8948,"2021-08-24 15:14:24","Farmer Warrior",,aqua,af,,1616.46,https://politicsandwar.com/img/flags/taiwan.jpg
9000,"2021-09-01 02:53:36","The Hand of Fate",HoF,orange,af,https://discord.gg/RyPP7hBKqs,32752.50,https://politicsandwar.com/uploads/edcab00901317bd2b386ea4dd4ddd6d4958b58bf500x300991.png
9145,"2021-10-11 17:08:56",Kshatrias,,aqua,af,,2765.52,https://politicsandwar.com/img/flags/bahrain.jpg
9148,"2021-10-12 18:44:03","The Grand Federation",TGF,black,af,https://discord.gg/CYfVbbJJJg,39830.94,https://politicsandwar.com/uploads/74add2f2b240a8c0d6ade012e9901ea15c93ffa2500x333814.webp
9192,"2021-10-28 03:46:03",LATAM,LATAM,red,af,https://discord.com/invite/46s5CuYsRq,33822.69,https://politicsandwar.com/uploads/9fa73f4f909cdfcc0da247b8a134b1d4f1b9cda0500x333301.png
9256,"2021-11-22 15:57:55","Moms Friendly Robot Company",MFR,purple,af,https://discord.gg/aVpJPPgZY5,115487.83,https://politicsandwar.com/uploads/6e195852bd8034c749a76a5416f937f8297f61fa393x30091.png
9292,"2021-12-10 04:42:23","Iosef Stalin alliance",JSA,red,af,,1275.00,https://politicsandwar.com/uploads/226e4d03145684bda6b11eda6b5144e6a3e237f0500x250708.jpg
9331,"2021-12-15 18:26:44","Barber Shop",,lime,af,,3805.44,https://politicsandwar.com/uploads/99834a5b45417fe1349a4d08d1b9c37d51a71393250x250916.jpg
9363,"2021-12-22 11:28:35","Castle Camelot",C-KOM,red,af,https://discord.gg/9eNvpHZ,81260.09,https://politicsandwar.com/uploads/a5b77c979e049acb180bfe3cbff19ea5f20d5d7bx269.png
9418,"2022-01-02 03:28:39","Phantom Troupe",,brown,af,https://discord.gg/tDyM9Gg6wp,0.00,https://politicsandwar.com/uploads/8a028f9b41e9e7233a34418737e80024aad6d0a6500x31285.png
9432,"2022-01-08 00:41:52",Orchid,DtC,green,af,,11370.00,https://politicsandwar.com/uploads/3f1913b41987d7f62106fff3398ee08b7c8ac5a1500x300661.png
9445,"2022-01-11 20:26:59","Atlas Corporation",Atlas,red,af,https://discord.gg/Z4QrzbyAdmhttps://discord.gg/Z4QrzbyAdmhttps://discord.gg/Z4QrzbyAdm,150224.26,https://politicsandwar.com/uploads/d2785305f96e3e6126b0dd2682ad1ce04112a599500x291125.png
9573,"2022-02-10 21:33:48","Black Skies",⚓,black,af,https://discord.gg/yRSYgCEGSb,63684.31,https://politicsandwar.com/uploads/5a6fb6e9e5b4045dce7b0ddb5e7d1e8dc5aab010x743.jpg
9588,"2022-02-14 20:18:00","Ghost Division",CHICKEN,green,af,,0.00,https://politicsandwar.com/uploads/7464b3243e7ed162ff5911a3ec53ddc96a1dc234300x300304.jpg
9600,"2022-02-18 09:18:22","Imperium of Man",IoM,purple,af,https://discord.gg/5NskGyXGCS,57204.17,https://politicsandwar.com/uploads/78014ee92448e05b82b0d2835d4d8fca71b88980x798.png
9611,"2022-02-22 02:10:22",Vikings,"RED VIKING",red,af,https://discord.gg/M5cH3wEu,0.00,https://politicsandwar.com/uploads/a44d034aa574f63102bf160d00b46341a7bc395c500x300873.png
9629,"2022-02-28 19:20:58",Lyre,Lyr,lime,af,https://discord.gg/rFzSZ9jVaj,3413.83,https://politicsandwar.com/uploads/6c4599d3e2d7b3f758c44d955f9294fe44cb9b51500x280335.png
9657,"2022-03-09 00:24:51","soy bois",blight,aqua,af,,0.00,https://politicsandwar.com/uploads/95cdd44e0fa66a81a6ba214dceaed100d4e1bebax738.png
9659,"2022-03-09 10:35:13","European Defensive Alliance",EDA,aqua,af,https://discord.gg/3FhAamZmQY,0.00,https://politicsandwar.com/uploads/faca86d9847d41855740bec2a147448a2dcb24d6500x250195.png
9661,"2022-03-09 21:48:50","Pika Party",PIKA,olive,af,https://discord.gg/KVGCbWFc3K,5986.31,https://politicsandwar.com/uploads/a71b31f95c8b9a542849d2a1678a688967a9a7c4500x300795.png
9665,"2022-03-11 12:51:33","Union of Perthton",,green,af,,860.78,https://politicsandwar.com/uploads/d6ba77453ccb2b8c4d8e56802afa8464c1298e55x632.png
9681,"2022-03-15 14:42:07","Ping Sri Lanka 001",,brown,af,https://discord.gg/2UGTBGuh8y,0.00,https://politicsandwar.com/uploads/63d1a72db75f964593f347ac3d0e93aeb974d06a500x281328.png
9712,"2022-03-23 13:35:09",Zenith,,orange,af,,3278.17,https://politicsandwar.com/img/imgur-old/48664f573e2391f1770adf56fc7371eba506b385277.png
9722,"2022-03-24 16:49:06","Polar Kingdom of the Bear",,aqua,af,,0.00,https://politicsandwar.com/img/flags/piratesheep.png
9745,"2022-03-28 18:30:22","Raiden Inc",🌸,purple,af,,7088.13,https://politicsandwar.com/uploads/eed5bc6be82872dc20114c7c7005791f035c96e6500x279144.jpg
9801,"2022-04-14 01:12:24","The LordStrum Vanity Project",LordStrum,black,af,,0.00,https://politicsandwar.com/uploads/3a375b9b86ad87cc69b86649104b73eeb49095a4500x281277.png
9825,"2022-04-20 11:14:36","North-Arctic Alliance",,green,af,,1215.00,https://politicsandwar.com/uploads/41e845ceab117d59df26ab5e9acb8420a05df75a250x167599.png
9862,"2022-04-29 19:52:05","The Key",TK,purple,af,https://discord.gg/XBXkA6K7pk,3010.87,https://politicsandwar.com/uploads/b8c7b37b25726bfa5262792c961ade2a36aed2a1x402.png
9882,"2022-05-06 03:48:08",OMAIN,OMAIN,maroon,af,https://discord.gg/csmRZNKeHw,0.00,https://politicsandwar.com/uploads/f381efea650a3d4dcf584cb0853d85556d01a7f6500x309141.png
9927,"2022-05-19 21:55:00","The Wei",Wei,pink,af,https://discord.gg/wUDqRUv8,5258.03,https://politicsandwar.com/uploads/584cdddeaf66070e5ad67c2f47e3fa192733844d500x30030.png
9932,"2022-05-21 08:48:06","Union of Communists Republics",UCR,red,af,,0.00,https://politicsandwar.com/uploads/91836c204bae957b1b625fcc3129d8775dc92b2e448x300534.png
9948,"2022-05-23 18:07:05","Bring Back Uncle Bens",,green,af,,0.00,https://politicsandwar.com/uploads/011856fc5ec2da0d5a9df9c5223054686af259ba165.png
9950,"2022-05-24 09:43:39","Dr Pepper Vault",DPV,green,af,https://discord.gg/UBQsYVYDGn,0.00,https://politicsandwar.com/uploads/10abdd0be69c2ab8d7f5e860ff82a6a76aadffacx688.png
9999,"2022-06-01 15:22:21",Rain,🌧️,white,af,,8647.15,https://politicsandwar.com/uploads/1139e132342cc1f171bae28a7e5bd183d11ac856225x300581.jpg
10000,"2022-06-01 15:22:34",Shuba10KM,,brown,af,,20680.00,https://politicsandwar.com/uploads/852342d97e42a6c6698cf0147b01be1c30ff7585250x140895.gif
10022,"2022-06-06 16:23:43","Organisation of Free Nations",OFN,blue,af,https://discord.gg/uteC5mUxQm,0.00,https://politicsandwar.com/uploads/cd74c239bd92d50c9274bbec794c8ad8a04fbf78500x325461.jpeg
10075,"2022-06-16 16:03:00",Vault-Tec,VTC,maroon,af,https://discord.gg/bGZ4mM9Pc9,95590.82,https://politicsandwar.com/uploads/78152fa9a87803ab13749e3a24cac4e248b19a32500x281678.png
10078,"2022-06-17 00:53:45",Voulez-Vous,,black,af,,0.00,https://politicsandwar.com/img/imgur-old/de9827a319b0955769c504378684330540ce1d8c634.png
10117,"2022-06-26 05:05:42","Crusaders of the Holy Boogaloo",CHB,black,af,https://discord.gg/zYQvuzA,1690.00,https://politicsandwar.com/uploads/51a720571643c9d050f7e6d1f4fd0558e45c0664500x281662.png
10128,"2022-06-28 18:51:19","BROWNIE EUROPEAN ALLIANCE",BEA,aqua,af,,1265.85,https://politicsandwar.com/uploads/c39e211f60e3e2c0210e9b055bec80c9249979f3225x300912.jpg
10137,"2022-06-30 15:13:37","Holy League",HL,purple,af,https://discord.gg/vX5FgJTYpt,0.00,https://politicsandwar.com/uploads/db1d244760c6c6b96e5d3b8846838aa3da426c1ex794.jpg
10177,"2022-07-05 12:25:54","Man I Love Frogs",MILF,olive,af,https://discord.gg/3ZekYnkf3H,82336.70,https://politicsandwar.com/uploads/4509258c1093f2b98f273c3f21c82d5942033fd3500x375809.jpg
10198,"2022-07-08 11:58:44","Damn I love Frogs",DILF,olive,af,https://discord.gg/3ZekYnkf3H,12252.50,https://politicsandwar.com/uploads/b78fb1664cf745f18cbba264032b0c5511ad0b38182x30032.png
10250,"2022-07-19 10:06:17","Communist Commonwealth Nations",CCN,black,af,https://discord.gg/TZGyM7mZM5,0.00,https://politicsandwar.com/uploads/5bfb705d6db0d4f04caed86e06c48d91d95c6b28x142.png
10252,"2022-07-19 18:08:29","The Orion Project",TOP,blue,af,https://discord.gg/DcjYkYnSMk,1074.75,https://politicsandwar.com/uploads/88e44fe76f740334c313c779e6dba6c7aeeb8d2c500x331448.png
10259,"2022-07-22 11:36:16",Blackwater,BW,red,af,https://discord.gg/wYM6w3dzcc,23924.99,https://politicsandwar.com/uploads/e6eca86d8b785ca310fd7bf627cf8a8b50831636500x333390.png
10269,"2022-07-24 01:54:18",Mayhem,MYM,yellow,af,https://discord.gg/ZMBdUkMngp,137351.06,https://politicsandwar.com/uploads/be7e21958bda6cce4117b23e2ecb8f8ce7681232500x279699.png
10279,"2022-07-26 17:16:37","Arctic Ocean",,black,af,,15260.25,https://politicsandwar.com/uploads/5efb24e0fdc0f5a4f7436fc32a5101854f17c993265.gif
10301,"2022-07-31 16:17:42","Dont Touch",,white,af,,0.00,https://politicsandwar.com/img/flags/venezeula.jpg
10304,"2022-08-01 06:07:04",Samurai,Sam,maroon,af,,52118.68,https://politicsandwar.com/uploads/8110fd5ca6520b867dec457a234755359adf23bd500x300173.png
10334,"2022-08-08 16:27:36","Arkham Asylum",AKA,pink,af,https://discord.gg/mv5gV7fFtD,166723.12,https://politicsandwar.com/uploads/88e66e54da056d036dd61be43242dc23e952ea8dx26.png
10377,"2022-08-17 20:30:49",-Yorkshire-,,lime,af,https://discord.gg/XU59nVMRHv,43575.12,https://politicsandwar.com/uploads/0e20043de5aeb8a457a5cd0264d13d90026acedd500x300547.jpg
10379,"2022-08-19 04:34:33","The Union of the Phoenix",,blue,af,,0.00,https://politicsandwar.com/uploads/121ec5b4496857dbd08831a83e30bcef8a116e89500x333814.jpeg
10382,"2022-08-19 20:19:11",Fumo,ᗜˬᗜ,brown,af,,6586.25,https://politicsandwar.com/uploads/9e17980d2a930f678af7a26785da8231ba667564271x300970.png
10384,"2022-08-20 02:25:11","GASH LOYAL",GL,lime,af,,1476.35,https://politicsandwar.com/uploads/d94c7f967457812a265630385fe98f26c55a5141362x300840.jpg
10402,"2022-08-25 00:26:54","The Cessation",TC,blue,af,https://discord.gg/YSutffZ8,0.00,https://politicsandwar.com/uploads/961500632eb62acedeb15db8704f04fd4d06fb52500x291797.png
10455,"2022-09-04 07:21:12","Anti-Horridism Obocchama Kun",AHOK,aqua,af,https://discord.gg/YEbNwtGk,1872.94,https://politicsandwar.com/uploads/498d9e44335edc06e65a95abbd900242aef3ba65x737.jpeg
10470,"2022-09-07 14:08:26",Requiem,REQ,green,af,,9730.00,https://politicsandwar.com/uploads/7eda10630882af34a3e50baa1830054b4d42f0ee500x300752.png
10497,"2022-09-13 20:28:31","Freehold of the Wolves Offshore",FTW,orange,af,https://discord.gg/2yYEjbH5Gd,0.00,https://politicsandwar.com/uploads/ea0b6910e200bfd1900d5b554da1625cbcb8d818500x283844.png
10498,"2022-09-13 20:51:42","The Forgotten Realms",TFR,maroon,af,https://discord.gg/yFBZweHpBv,103798.95,https://politicsandwar.com/uploads/1a7698943116ac63f1c5bf0c1a4f78bb9e927fb3500x297396.webp
10523,"2022-09-19 09:12:10",Valinor,,pink,af,,17799.00,https://politicsandwar.com/uploads/a42b30cd6e05a9b61cc17f457b1824dd8ebce81d500x300655.png
10533,"2022-09-22 23:58:25","The Horde",TWD,black,af,https://discord.gg/ZBuWFbPBFg,731.36,https://politicsandwar.com/uploads/6e35272ed878b6925161c181960cc7095dbe394cx898.png
10555,"2022-09-28 01:40:36",Akatsuki,Aka,maroon,af,https://discord.gg/fzWJ3pXmyY,31220.21,https://politicsandwar.com/uploads/a5c7b99d360c0cacddac83f7915243e164d7514a500x312411.png
10563,"2022-09-29 14:36:41","Federated Syndicalists of Orbis",🔴,black,af,,0.00,https://politicsandwar.com/uploads/32b01015d82ecc7bd2e1608cff9c51d026f8740d500x280316.png
10590,"2022-10-05 07:38:51","The Curse Of The Damned",,purple,af,,0.00,https://politicsandwar.com/uploads/b1c4333befc91cda619f2197e05552f7a4b885b8x249.png
10604,"2022-10-10 19:01:59","Holy Roman Imperium",HRE,white,af,https://discord.gg/p93Tzk5zcX,336.52,https://politicsandwar.com/uploads/f2b46def94052ad90adf2f56a3e2f48504b3c719500x333606.png
10607,"2022-10-11 02:20:24","Kiln Of The First Flame",KFF,blue,af,https://discord.gg/MQhsVYwRCa,0.00,https://politicsandwar.com/uploads/409b06b46d9f4e775086912cd05c0c30e9fb2ef5500x280148.png
10613,"2022-10-15 09:46:32","Union of Socialist Soviet Republicz",USSRz,red,af,https://discord.gg/c4We74sTet,18472.00,https://politicsandwar.com/uploads/cde5d470112f379c8ac2f93df10554eae47edb6dx895.png
10615,"2022-10-15 14:38:41","The Liberty",,white,af,,1154.45,https://politicsandwar.com/uploads/c44a3680475c1cfb92583c2c47de4d8fefb7ade6500x307157.jpg
10617,"2022-10-16 22:18:06","2nd Pedatstanpedople Accord",2PA,blue,af,,1583.10,https://politicsandwar.com/uploads/0e9d44341d5e017a48365c14a4e12f9b7a9bc508500x300408.png
10619,"2022-10-17 14:24:37","Back In Black",BIB,blue,af,https://discord.gg/jtHs3cmZx7,0.00,https://politicsandwar.com/img/flags/unitedstates.jpg
10629,"2022-10-21 07:04:53","Momento Mori",MM,orange,af,https://discord.gg/nAbW2mgYsm,6023.20,https://politicsandwar.com/uploads/1cc101c17195f374e265607d070c0ff50494facf300x300372.jpeg
10659,"2022-10-30 17:02:51",Panem,PN,red,af,https://discord.gg/4dsJNucJew,36540.63,https://politicsandwar.com/uploads/a74e4186493fb9ee5c48410a22b2e4a13cfea0f6500x285254.png
10664,"2022-10-31 20:57:15","Cult of Canyon",CoC,white,af,https://discord.com/invite/eKCssTNJhG,27934.99,https://politicsandwar.com/uploads/c92f8133dd74d13ebd1059e8646d7b128ab741a8500x300269.jpg
10670,"2022-11-05 07:17:30","The Historians",THS,blue,af,,0.00,https://politicsandwar.com/uploads/dd74823d4619bf5f686680a5e0dd5eba985c7c21500x312893.png
10675,"2022-11-06 07:42:12","Chemical X",Fratricide,purple,af,,844.37,https://politicsandwar.com/uploads/591d81ea0f395f2820bfa68be56ea4930b709431250x250651.png
10752,"2022-11-22 21:16:49","The Peoples Union",,brown,af,,1438.24,https://politicsandwar.com/uploads/ba9a3e737f24e03a1fde799949bdb55f0c1a1206500x248845.png
10776,"2022-11-28 19:04:53","The House of the Dragon",,green,af,,12236.83,https://politicsandwar.com/img/imgur-old/498183c2cca81725326494f28ec07669b2df4888985.png
10788,"2022-11-30 21:54:31","The Aequitas International",TAI,black,af,https://discord.gg/ZfvDwxCJHh,91358.42,https://politicsandwar.com/uploads/20a59b275382c03eb84a067b591da03bd0736a4e500x272955.png
10853,"2022-12-17 21:32:44","Allied Forces of the Galactic Republic",,aqua,af,,0.00,https://politicsandwar.com/uploads/e88759f2c3f4cc94f29df2fb4057c15ba729c084200x300540.jpg
10930,"2023-01-04 04:39:34","Macao Reserve Group",M.,yellow,af,,582.26,https://politicsandwar.com/uploads/791be9a45f9e3af97c4a1e3fa009753d9cc9100d500x39212.jpg
10939,"2023-01-05 19:12:02","International Grand Prix Alliance",IGPA,pink,af,,0.00,https://politicsandwar.com/img/flags/unitedstates.jpg
10948,"2023-01-06 23:43:30","North Atlantic Treaty Organization",NATO,blue,af,https://discord.gg/shR7hmddb4,0.00,https://politicsandwar.com/uploads/5f7a3248dece268721573d6461e7027277725a4c500x333391.png
10958,"2023-01-10 15:27:55","Citadel Financial Services",CFS,black,af,https://discord.gg/peRUBP2XdB,0.00,https://politicsandwar.com/uploads/1a20985ead2d5a6ff459088d5bfb0b9fd7ba731cx783.png
10970,"2023-01-15 03:28:27","Presidential Republic of Igua-sul",,orange,af,,1385.58,https://politicsandwar.com/uploads/107d056966633bfd674b497ef8a4ad75d3406d93500x337901.jpg
10976,"2023-01-15 21:25:42","Doom Legion",NDL,purple,af,https://discord.gg/7k22EF9P8Q,1571.92,https://politicsandwar.com/uploads/cae3ea17c1dee50ed655b2fd27b4afeab01215c7500x272807.jpg
10982,"2023-01-16 17:03:28","Iron Curtain Coalition",ICC,aqua,af,https://discord.gg/N8uubtwvEP,0.00,https://politicsandwar.com/uploads/b0a01828dbeaabfacabc8bf05d19f8981a10a060x4.jpeg
10983,"2023-01-16 18:01:51","Brothers in Christ",BiC,white,af,https://discord.gg/9a6mqwat2c,0.00,https://politicsandwar.com/uploads/55637f80517488c68811e423a2d3066a4277d90c500x30040.png
10993,"2023-01-19 11:26:34","Hermit Island",HERMIT,green,af,,0.00,https://politicsandwar.com/img/flags/bahamas.jpg
11001,"2023-01-21 01:14:14","Rashidune Caliphate",,yellow,af,,0.00,https://politicsandwar.com/uploads/a7550b408142f10d7992c8773336db8a9f881608500x251908.png
11003,"2023-01-21 12:24:09","Arkans Safe House",AS,aqua,af,,0.00,https://politicsandwar.com/uploads/7db8a1c7f1edecd9444801c8a2e2080a6e6f9859500x300332.jpg
11009,"2023-01-23 02:08:31","The Republic of Libertas",RoL,red,af,https://discord.gg/YKsVJGfCsS,67034.18,https://politicsandwar.com/uploads/6f1e56bc3288c9333e5abfadd4619bfbdc526d9a500x333888.png
11012,"2023-01-24 01:34:08","United Federation of Cridneyan Nations",,aqua,af,,960.05,https://flagspot.net/images/a/az-artsa.gif
11020,"2023-01-26 09:23:14","The Commonwealth",Tcw,purple,af,https://discord.gg/eC9Tx4ehpW,143929.75,https://politicsandwar.com/uploads/3060f432ccb134c9c8777e428f47b5b964e31111x367.png
11026,"2023-01-28 01:14:54","Nomad Rebels",,aqua,af,,0.00,https://politicsandwar.com/uploads/94aad9f73cf1ffab7d40e71aa4363628e878e281241x300950.jpeg
11032,"2023-01-29 00:52:26","SFR Yugoslavia",SFR,aqua,af,https://discord.gg/AxpsZQvQzq,110630.86,https://politicsandwar.com/uploads/ec8585a84ca2eb9e5a47782a44ce308f827a8c27500x340595.jpg
11033,"2023-01-29 05:14:07","Confederation of Socialist Nations",CSN,red,af,,0.00,https://politicsandwar.com/img/imgur-old/ad13cb7d06558eb3997694f21a471ca4bf42df74912.png
11041,"2023-01-30 10:29:13","The Union of Russian States",UORS,brown,af,,2816.42,https://politicsandwar.com/uploads/44a2e3923c8309819be5f36aeaf6527d519de16b250x167998.jpeg
11046,"2023-01-31 22:51:22","Antarctic Pirates",AP,orange,af,https://discord.gg/uyUsXRp5HW,17015.00,https://politicsandwar.com/uploads/6470bdff4506f83f9604d9a8a85786261695e4c8500x300596.png
11048,"2023-02-01 09:25:35","Empire of the Romans",SPQR,purple,af,https://discord.com/invite/rVN83AZByr,145093.69,https://politicsandwar.com/uploads/0d221e4b005b20620795b98187df2540da7c55e2500x3335.jpeg
11056,"2023-02-03 03:39:10","THE LOTUS TREATY",,orange,af,https://discord.gg/UerNypea,1036.13,https://politicsandwar.com/img/flags/india.jpg
11062,"2023-02-05 15:00:08","Antarctica Alliance",AA,purple,af,,140068.82,https://politicsandwar.com/uploads/e59049052b780f665b5f2b1e0fd59d661d0d8ef2x600.png
11081,"2023-02-10 14:24:33","British Spy Divison",SFA,brown,af,https://discord.gg/EEqgxQe3,1023.37,https://politicsandwar.com/uploads/5cc11e78ba1039a2dd10337b12abcca213acaa29x721.jpg
11085,"2023-02-10 22:40:22","Radio X",RX,black,af,https://discord.gg/MtQKga6nu9,0.00,https://politicsandwar.com/uploads/e1adf90b3f1651c006a9160931d7d24e868a82d9500x284911.jpg
11140,"2023-02-25 22:42:59","Big Apple Bank",BAB,orange,af,https://discord.gg/QuTHeFgEKD,3226.19,https://politicsandwar.com/uploads/00cdcd2c25673fcd6bd13c07d11e7af7972df5f6500x375423.png
11149,"2023-02-28 21:19:33","Nevermore Academy",🪄,black,af,https://discord.gg/dszYFF96N9,1135.37,https://politicsandwar.com/uploads/0a314a3e49495105d09829b639862ebc69fbd779500x312606.png
11159,"2023-03-03 03:56:50","Clash Cartel",,aqua,af,,0.00,https://politicsandwar.com/uploads/9c16178221b2c1496e80d98ec4a50611061264a7500x285493.png
11160,"2023-03-03 14:36:21",SilaNil,SN,white,af,,0.00,https://politicsandwar.com/img/imgur-old/0a31900529966f483de4a2a137d8f8074909fb12171.png
11186,"2023-03-06 16:48:43","The Republic Senate",TRS,black,af,https://discord.gg/qehZCnUghx,834.45,https://politicsandwar.com/uploads/d709c2fbd6ece679451a3884972fdba1d5d40fb9x187.jpg
11189,"2023-03-07 22:06:23","Weaponized Assault Penguins",WAP,yellow,af,https://discord.gg/GVufsd7Kac,221803.52,https://politicsandwar.com/uploads/94ddf31997566c7ec5e7a91ff5a79823c62cef7b500x300657.png
11192,"2023-03-08 18:11:59","The Monkey Council",TMC,brown,af,,1791.97,https://politicsandwar.com/uploads/b2627020ad933cec37f6f250ff4af9d593808e46x596.jpeg
11199,"2023-03-10 07:16:09",N00B,N00B,pink,af,https://discord.gg/5Pv6RpBy,1847.96,https://politicsandwar.com/uploads/f430866582945c91d2ee398c89dffa1212911ed2x795.png
11201,"2023-03-10 16:52:35","League of Coastal Nations",LCN,orange,af,,0.00,https://politicsandwar.com/uploads/cae86be0228c271173f053ac97ed15c8bb7b2461505.jpg
11202,"2023-03-10 17:24:54",Arrkboom,,aqua,af,,3862.01,https://politicsandwar.com/uploads/0abaea88b53ebd9fb8e464a2706fcbea9a094fcb895.png
11216,"2023-03-14 08:20:54","Who do",,green,af,,1010.62,https://upload.wikimedia.org/wikipedia/en/thumb/b/be/Flag_of_England.svg/800px-Flag_of_England.svg.png
11221,"2023-03-17 00:20:49","The United Weapon Wielders",U.W.W.,black,af,https://discord.gg/6AupzKHG,566.56,https://politicsandwar.com/uploads/6d558a8b03e19d0848c0452b5c487f5fa3481dc9500x333525.jpg
11234,"2023-03-20 14:37:57","The World Safety Commission",,aqua,af,,1045.59,https://politicsandwar.com/uploads/76f2b142e36edea1dcdab79b3a0fc5f99c6b4cc5500x28114.png
11255,"2023-03-27 04:10:26","The Ring of Fire",RoF,olive,af,https://discord.gg/ewUTyAU8jW,0.00,https://politicsandwar.com/uploads/5026089793efa93fe41dc11616e9b509c3301a02300x300525.png
11256,"2023-03-27 07:50:16","Kingdom O War Crimes",K.O.WAR.C.,red,af,https://discord.gg/NWPpAhfZ4k,825.13,https://politicsandwar.com/uploads/2dbda3635577914b62cd55d51b86de17a8a19cf0500x306248.png
11273,"2023-04-02 07:53:55","Maurya Empire",ME,purple,af,https://discord.gg/Xjbu2PKbxk,57873.03,https://politicsandwar.com/uploads/19265be23d547ef1eb5eaaec36b42f7ff239ead4500x311427.png
11278,"2023-04-03 03:08:57",DLCFD,,aqua,af,,0.00,https://politicsandwar.com/img/flags/wyoming.jpg
11279,"2023-04-04 07:19:30","HOUSE OF LORDS",HOL,black,af,https://discord.gg/yFJUmWJk6,0.00,https://politicsandwar.com/uploads/43d1ada8360b844bc69c81dad7c27c92210cb5e01000x969597.png
11281,"2023-04-04 13:31:49",Britonnia,,brown,af,https://discord.gg/2FfHbNEk2w,1382.03,https://politicsandwar.com/uploads/66a8161bf61ebce6f4f7f19346d4373e8be2bef7500x290236.jpg
11293,"2023-04-09 01:20:01","Thug Shakers United",TSU,white,af,,0.00,https://politicsandwar.com/uploads/0c3588301505b9c4698058097df74911b997fb5d250x195979.jpg
11322,"2023-04-16 20:54:23","No Taxes",,black,af,,3662.10,https://politicsandwar.com/uploads/9d67eebd69f26ef195b958898feb2e5078c41731x446.png
11327,"2023-04-17 19:03:24","Greater Realm of the Legate",GRotL,blue,af,,475.57,https://politicsandwar.com/uploads/13d3392b1774a8c918e1ea57893383d212309167x683.png
11330,"2023-04-18 08:21:52","Men In Black",MiB,green,af,,4205.41,https://politicsandwar.com/uploads/89e96946736d32b8f0ac8d2212d22b59440e5150x485.gif
11331,"2023-04-18 12:07:05","BROTHERHOOD FAMILY",BroFam,red,af,https://discord.gg/bpdygqGkKs,80597.82,https://politicsandwar.com/uploads/b019abe7ce91fc98863e590000236faba320a848x281.png
11339,"2023-04-21 07:30:05","The High Table",THT,red,af,https://discord.gg/3jJ52gcJg2,122563.37,https://politicsandwar.com/uploads/9139573409e22251120349fb334597eb98bbe887500x299606.png
11340,"2023-04-21 12:59:41","Orbis Peace Organization",OPO,purple,af,https://discord.gg/bVQVypVfa6,26090.56,https://politicsandwar.com/uploads/7e50851e9d8b35332e61ae255f9a9da001fcf5bf500x306814.png
11344,"2023-04-23 01:59:25","Alliance of Nations",AN,aqua,af,https://discord.gg/MjHytmWdXG,0.00,https://politicsandwar.com/uploads/62a88f7821f3f3342a81c73cd8ca4d7e88bd2385500x333620.png
11349,"2023-04-24 07:56:09",Shamballa,"UGF S",aqua,af,,2378.40,https://politicsandwar.com/uploads/f1806bc24257dcf95a92f8cf261754dbe06743d4x925.png
11357,"2023-04-26 12:15:46","One Night Stand",ONS,black,af,,10335.58,https://politicsandwar.com/img/flags/mongolia.jpg
11363,"2023-04-26 21:42:44","Band of the Bread",BOTB,lime,af,https://discord.gg/TWUfptW7,0.00,https://politicsandwar.com/uploads/bdace3b4c8b4b914411e1662dc253502d056e210500x332411.png
11418,"2023-05-05 12:31:10","Antarctic Communist Commonwealth",ACC,olive,af,https://discord.gg/8m3tCBabrD,0.00,https://politicsandwar.com/uploads/22de241a8bf2e47822c209da61c69ae365a800e2500x375145.png
11427,"2023-05-07 17:28:45","Free Democratic Alliance Afrika",,orange,af,,1216.92,https://politicsandwar.com/img/flags/africanunion.jpg
11455,"2023-05-13 01:21:50","Penguin Party",,yellow,af,,6387.50,https://politicsandwar.com/uploads/2475e31869405a6bb5365bd930fb8696fc546d93x535.png
11458,"2023-05-13 11:54:33","North Atlantic Treaty Organisation",NATO,red,af,,0.00,https://politicsandwar.com/uploads/f440a800de3fd4d78ea7ef7718e9825e319ccd94250x187935.png
11466,"2023-05-15 16:36:08","reddemers of man alliance",,red,af,,1481.98,https://politicsandwar.com/uploads/3f57acbac193101046623a37652377d9152b0766x285.png
11476,"2023-05-17 15:12:21","United Republic countries",,aqua,af,https://discord.gg/fr3aJzHUQU,698.37,https://politicsandwar.com/uploads/4e193fa3c2b93cead443261a0ce10d93ec212bccx66.png
11503,"2023-05-24 12:34:38","The Tosovian Brethren",TTB,blue,af,https://discord.gg/n2fXGABykw,0.00,https://politicsandwar.com/uploads/f21a5ec086ebfb75cf85e1623db9d0df33038e94400x600101.jpeg
11504,"2023-05-24 12:41:04",H0D0R,,purple,af,,0.00,https://politicsandwar.com/uploads/cb309b07947e0c1884f6342503f71b253d2f68701000x584484.png
11505,"2023-05-24 17:36:18","Evergreen Pact",EGP,blue,af,https://discord.gg/sdk29T4pqt,1865.08,https://politicsandwar.com/uploads/934750e626d23db39287d1a192d7dbbcc22ae0c7x298.png
11513,"2023-05-26 00:48:16","Magister Mortalis",M&M’s,black,af,https://discord.gg/HunsjyyxU4,169304.40,https://politicsandwar.com/uploads/12c955f6b73b93f101cb3f5419d0528b7aaf615c480x300605.jpg
11527,"2023-05-29 20:42:03","The NATO",NATO,aqua,af,,0.00,https://politicsandwar.com/img/flags/europeanunion.jpg
11535,"2023-06-02 00:27:41","King Raiders",,pink,af,,5666.58,https://politicsandwar.com/uploads/acc793152c641cc6c17959ff32d52354e81d6da5x487.jpg
11553,"2023-06-06 00:35:35","Globglogabgalab Inc",GIN,purple,af,https://discord.gg/92ckmSJrvK,4620.18,https://politicsandwar.com/uploads/e89b1db990b21ac57bcd373086913b85cf081441500x334651.jpg
11555,"2023-06-06 08:19:34","Space Engineers",SE,blue,af,https://discord.gg/URuyTuFNxn,31003.93,https://politicsandwar.com/uploads/69cbc4721b42b7f87ae879b617eaad7f3e5f3c9b500x30099.png
11568,"2023-06-11 14:31:16","The Paladin",,aqua,af,,2221.52,https://politicsandwar.com/img/flags/europeanunion.jpg
11569,"2023-06-12 13:34:26","The Privateers",,green,af,,0.00,https://politicsandwar.com/uploads/b7a302a1ec78d1ab2fd9ffec8563ca06c9174f8bx929.png
11572,"2023-06-15 10:08:18","Hope of Heart",None,red,af,,1314.06,https://politicsandwar.com/img/flags/americansomoa.jpg
11577,"2023-06-18 14:36:01",Beno,,aqua,af,,0.00,https://politicsandwar.com/img/flags/greatbritain.png
11581,"2023-06-19 21:23:07","Hanka Robotics",HaRo,brown,af,,160.60,https://politicsandwar.com/uploads/99c264e3071cdcab736f143a5d9296df70e7302a500x292671.jpeg
11594,"2023-06-22 16:21:58","The Fallen Knights",TFK,black,af,https://discord.gg/2veWvxmzYg,1147.96,https://politicsandwar.com/uploads/6d29b8453a17c4d98e432b77862d8fed64a459ba500x306860.png
11607,"2023-06-28 04:27:43","Triggered Vanguard",,black,af,https://discord.gg/wNTQcHgZe3,0.00,https://politicsandwar.com/uploads/0da260e53fc622a9c1919793165c865759307af0500x281665.png
11608,"2023-06-28 06:28:31","The Jura Tempest Federation",,white,af,,795.65,https://politicsandwar.com/uploads/5537734886f384189d1f200fe362add32c6c0ad4500x246158.png
11609,"2023-06-28 20:28:17","Petrograd Soviet",,red,af,,4999.65,https://politicsandwar.com/uploads/c440dd74be0958760791169c8e5d8d3386581b77500x333761.png
11610,"2023-06-28 23:57:54",Nuka-Town,7K-7G-2A,maroon,af,https://discord.gg/W9kb72gbcD,1633.09,https://politicsandwar.com/uploads/903f6d0500f5eefb33e4563a4e3069bb14f60208x482.gif
11621,"2023-07-02 00:17:36","United Corportist Front",,aqua,af,,668.37,https://politicsandwar.com/img/flags/portugal.jpg
11622,"2023-07-03 00:59:18","Communist Republic",,green,af,,1327.30,https://politicsandwar.com/img/flags/russia.jpg
11627,"2023-07-04 07:22:56","The empires",,red,af,,0.00,https://politicsandwar.com/uploads/df9ed9e267741bb58715a8f091874c50aea22eb5300x300536.png
11628,"2023-07-04 07:24:17","The SweetBabyGang",,olive,af,,2154.63,https://politicsandwar.com/img/flags/unitedstates.jpg
11629,"2023-07-04 13:10:20","A PO Box in Delaware",📭,brown,af,,0.00,https://politicsandwar.com/uploads/2d748671a8313e0f98fa278c4b3fe274785d7b19500x333143.png
11634,"2023-07-07 02:42:52","The Awakening",AwA,maroon,af,https://discord.gg/PKTSr2P7Gy,7250.33,https://politicsandwar.com/uploads/145e0d61adb8d3acfc00135cba592c1270ea0bca500x30034.png
11640,"2023-07-08 15:58:30","BRICS ALLIANCE",,lime,af,,1485.76,https://politicsandwar.com/uploads/4cb8784627c3b47f8aef9a6ad18a8ab203451110500x290937.jpg
11641,"2023-07-08 20:07:43","The National Allied Confederation",NAC,black,af,https://discord.gg/BPvv7xA3,1421.15,https://politicsandwar.com/uploads/a3d81a466ee5bc6947533e09c629e1e0f4c6e6ef500x306335.png
11644,"2023-07-09 14:42:03","Double Cross Ranch",DCR,brown,af,,461.10,https://politicsandwar.com/uploads/342ff7517540dc4b35668b5102e6ec467fbfae36199x300735.jpeg
11651,"2023-07-11 08:54:29","Barbary Corsairs",CS,olive,af,https://discord.gg/Y3ge6ZeKP,448.05,https://politicsandwar.com/uploads/52a2b84b29f4a26ae4b619989465a752026018c3300x300226.jpg
11657,"2023-07-14 12:14:08",Singularity,SIN,blue,af,https://discord.com/invite/uxCm7YkEcF,623719.50,https://politicsandwar.com/uploads/e652941039f4c2f89ae8789ae93745747260b227500x3334.png
11659,"2023-07-14 14:47:43","North Atlantis Treaty Organization",NAT0,pink,af,,147.25,https://politicsandwar.com/uploads/982165000314166a8426fc2d6b2c699558a65644500x375219.jpeg
11660,"2023-07-14 22:42:19",Pokimans,PKM,yellow,af,https://discord.gg/wqa4GfHTSE,69145.42,https://politicsandwar.com/uploads/8eda6f576a6d9c93a414f9ff58f852b21796d04c500x312278.jpg
11665,"2023-07-15 15:55:27","Mutual Defense Pact",MDP,green,af,https://discord.gg/Nah59MpgDc,0.00,https://politicsandwar.com/img/flags/tibet.jpg
11668,"2023-07-16 01:42:13","Alliance Name",,white,af,,27509.75,https://politicsandwar.com/img/imgur-old/0a31900529966f483de4a2a137d8f8074909fb12171.png
11671,"2023-07-17 02:12:05","Pravda Bloc",UwU,red,af,https://discord.gg/X8krFdPDs5,1550.52,https://politicsandwar.com/uploads/2612d836a4b8ee849be090511e1397cb3ccb294c500x281195.png
11674,"2023-07-18 13:00:00",Hovel,H,green,af,,0.00,https://politicsandwar.com/img/flags/canada.jpg
11677,"2023-07-19 14:48:47","Cargill Incorporated",CRG,pink,af,,4169.73,https://politicsandwar.com/uploads/94e55a882ecd7470bf13ec61d08245ccaeda6b68500x236123.jpeg
11678,"2023-07-20 04:49:39",Tootenfarties,,green,af,,0.00,https://politicsandwar.com/img/imgur-old/7f05a9ee05509e8a40e653ed33ca1da102ba30ee417.png
11680,"2023-07-20 09:54:41","Holy British Empire",,red,af,,0.00,https://politicsandwar.com/img/flags/greatbritain.png
11682,"2023-07-20 23:32:01",Miski,,black,af,,1167.31,https://politicsandwar.com/img/flags/guyana.jpg
11683,"2023-07-21 10:18:50","Coallition of the forrest demons",,blue,af,,0.00,https://politicsandwar.com/uploads/b474b973488c58717d273d1f5d7d1214722434671000x687930.jpg
11684,"2023-07-21 16:41:32","The Stalitler Coalition",,pink,af,,0.00,https://politicsandwar.com/uploads/9bf33ed54650a9fbdedc4a9906b754aa7a1190b21000x618278.jpg
11692,"2023-07-23 01:51:34","The Intergalactic Union",,aqua,af,https://discord.gg/H6TXBTnN,0.00,https://politicsandwar.com/uploads/3b0b41a2fc853070e2a2846c2f616042e04a94731000x727617.png
11701,"2023-07-25 04:11:34","Nations of Neutrality",,purple,af,,3542.99,https://politicsandwar.com/uploads/99a05fde87887844e29cd07564ca8c17ce188c6b500x281101.png
11703,"2023-07-25 12:22:27","Equality-Democracy Pact",EDP,purple,af,,0.00,https://politicsandwar.com/uploads/6d1c92691085a3ca7793c88d7a12c5f9ac3bf830500x25027.png
11705,"2023-07-25 18:41:14","The Krieg Brigade",TKB,red,af,https://discord.gg/9mRxXkqu,2328.15,https://politicsandwar.com/uploads/ff7ff02264c1c7ef218584ff238933e5a01cf2c6500x353177.jpg
11713,"2023-07-26 01:35:02","Ignis Aternum",IGN,purple,af,https://discord.gg/Gb7nQrF6BM,5154.84,https://politicsandwar.com/uploads/8c5543199619f1222ecbe2652de57ff797ba456e500x375921.png
11717,"2023-07-26 06:27:40","Union of Russian Speakers",,aqua,af,,0.00,https://politicsandwar.com/uploads/342766dc3163e622d980e6fa380fd225c416a2d0500x347719.png
11726,"2023-07-27 06:30:43","Clearwater Combine",CCC,aqua,af,https://discord.gg/CFX4RMRk5U,0.00,https://politicsandwar.com/uploads/ae37429fab7f2f3948a27a45146e211da7ed80bc500x320710.jpeg
11734,"2023-07-28 08:47:06","The Warsaw Pact",WP,red,af,,0.00,https://politicsandwar.com/uploads/62833427f09faed40be5dbce6ea67051f67967d3250x250286.png
11735,"2023-07-28 14:01:27","Javskarian Socalist Alliance",,red,af,,466.79,https://politicsandwar.com/img/flags/sovietunion.jpg
11736,"2023-07-28 16:35:42","United Eastern Canada",UEC,red,af,https://discord.gg/AHCFAcEVjW,0.00,https://politicsandwar.com/img/flags/canada.jpg
11748,"2023-07-30 18:01:14","Holy Hell Bringers",,aqua,af,,0.00,https://politicsandwar.com/img/flags/dominicanrepublic.jpg
11756,"2023-08-01 08:55:37","United Orbis Federation",UOF,maroon,af,,0.00,https://politicsandwar.com/uploads/cae86be0228c271173f053ac97ed15c8bb7b2461505.jpg
11758,"2023-08-01 13:36:53","Mercenaries of Orbis",Liberty,black,af,https://discord.com/invite/ZPae8haAM,7935.43,https://politicsandwar.com/img/flags/betsy_ross.jpg
11759,"2023-08-01 14:05:31",ENTO,,aqua,af,,0.00,https://politicsandwar.com/uploads/29e01e9d77674e764678b86f5e8a01f254b4ea1b1000x727705.png
11762,"2023-08-01 16:05:07","The War Bound Peacemakers",,brown,af,,2323.47,https://politicsandwar.com/uploads/34be79c14eb653893610e9ad3df541bfa00cc894500x452256.png
11775,"2023-08-03 11:47:06","Indians unite",,lime,af,,1028.36,https://politicsandwar.com/img/flags/abkhazia.jpg
11778,"2023-08-04 20:26:17","Val Taro",AT,yellow,af,,784.87,https://politicsandwar.com/uploads/823fbd70612494a30424e5932b1e4da33a8a0446300x300809.jpg
11786,"2023-08-06 15:40:01",Charleston,HOC,red,af,https://discord.gg/ZZGGmbegeX,3697.63,https://politicsandwar.com/uploads/02d284c60480dfa0afb93f0f17951ae5146df74b500x333857.png
11789,"2023-08-07 06:12:40","Federated Commonwealth of Free States",(FCOFS),black,af,,0.00,https://politicsandwar.com/uploads/b6e9f23304b98be05133f23c0dc5eba7efec6555454x300807.jpg
11791,"2023-08-07 19:01:21","National Alliance Of Communist Nations",NAOCN,green,af,https://discord.gg/e4Xsgtyyx7,1683.88,https://politicsandwar.com/uploads/7c71921461cbf7b7b9e4ed0e46f29dc4ff18b6f91000x559345.png
11807,"2023-08-10 09:40:13","Balkan Defender Pact",,aqua,af,,0.00,https://politicsandwar.com/uploads/145e81abe90bb2a6940d4e130c04a8c7d68f4290x947.jpg
11809,"2023-08-10 17:17:55","Divine Egypt Peacekeepers",TDEP,black,af,https://discord.gg/gYBMKpUg9N,1910.42,https://politicsandwar.com/uploads/ff6da811d5c3f9059e54de0117046bf8b398f1c1x570.webp
11819,"2023-08-12 14:14:10","The Knights Have Risen",,black,af,,0.00,https://politicsandwar.com/img/imgur-old/aa40381ad961527eb1970e8eba144a78bb929775854.png
11824,"2023-08-14 02:31:16","Pride and Prejudice",,aqua,af,,0.00,https://upload.wikimedia.org/wikipedia/en/thumb/b/be/Flag_of_England.svg/800px-Flag_of_England.svg.png
11827,"2023-08-14 23:46:36","Domination Araga",,red,af,,0.00,https://politicsandwar.com/uploads/5b03f1df108d5ed803f69080f17c6c3c90665e0d500x306126.png
11832,"2023-08-16 18:24:04","Descretion Advised",,aqua,af,,526.58,https://politicsandwar.com/uploads/7eea5d2fa22390eb677427c0cdb39935ca81786f668.jpg
11840,"2023-08-19 14:40:34","United World Alliance",UWA,blue,af,https://discord.gg/wYDRxUGKNW,1583.26,https://politicsandwar.com/uploads/9d67eebd69f26ef195b958898feb2e5078c41731x446.png
11849,"2023-08-21 01:40:03","Super Axis",CUCKINGDWE,black,af,,1362.29,https://politicsandwar.com/uploads/70d94114e66a82fa68f2357f4b69739173cde3bbx989.webp
11853,"2023-08-21 18:55:50",ShadowSteel,ShSt,blue,af,https://discord.gg/YFDqESC4sK,0.00,https://politicsandwar.com/uploads/4505a722dde1b7d9a4e70817fb1224907e8ee6e5300x300212.jpg
11863,"2023-08-23 05:32:43",TPANS,,purple,af,,0.00,https://politicsandwar.com/uploads/6d52de3ea879f4001a10515fdbf100d3949cb311500x306340.png
11869,"2023-08-24 15:24:11","The Varakianios Empire","The VKE",aqua,af,https://discord.gg/GG4dYKpjrS,0.00,https://politicsandwar.com/uploads/51548524c57a76302b473656ebb1a90820aae016500x300689.jpg
11870,"2023-08-24 15:34:01","To Unity",,green,af,,1374.18,https://politicsandwar.com/uploads/8439a6634de341d83c829d911990156c020705681000x666935.jpg
11871,"2023-08-24 19:15:37","Khanador Concord Commonwealth Expo",KCC,blue,af,https://discord.gg/S7aMWfS5cf,1297.31,https://politicsandwar.com/uploads/243bfbb063557f4163c9a4bc69ebc588684b18c0500x334136.jpeg
11873,"2023-08-24 20:48:05",BRATVA,BRATVA,black,af,https://discord.gg/R3ERQBxQ5h,6139.99,https://politicsandwar.com/uploads/66e4c001516fbbd26fb4bf2775f1c2e4bc43e50bx296.png
11874,"2023-08-25 00:45:16","INTERNATIONAL JUSTICE ASSEMBLY",IJA,black,af,https://discord.gg/68D7y5mZ66,2971.37,https://politicsandwar.com/uploads/5177a5da71835f56037f19c9d422b9eece1e6af0500x300522.jpg
11875,"2023-08-25 04:38:44","THE FOUR HORSEMEN",T4H,olive,af,https://discord.gg/gEtzWsgmGN,3386.23,https://politicsandwar.com/uploads/07d6b075bb0f30366588c17deaff8f2e08bc14d2x542.jpg
11879,"2023-08-25 21:20:38","New Californian Union",,purple,af,,2433.68,https://politicsandwar.com/img/flags/california.jpg
11880,"2023-08-26 00:45:03","The First Order",FO,red,af,https://discord.gg/5p5t94E4wV,511.05,https://politicsandwar.com/uploads/b96ad307b266fd0d3b58ca5ee9217900ed58cec3500x281752.jpeg
11881,"2023-08-26 02:02:36","Cream 2",,white,af,,2604.94,https://politicsandwar.com/uploads/7840b2223d5f059fc1e93cc5d5fcd1eb4c66e19c1000x562645.png
11885,"2023-08-27 06:38:11","United World of Orbis",,black,af,,0.00,https://politicsandwar.com/uploads/844478a6e8df1d668503f068b69dab555d7d9659500x276174.jpg
11887,"2023-08-27 17:53:37",Brustrav,,orange,af,,1040.37,https://politicsandwar.com/img/flags/germany.jpg
11892,"2023-08-28 03:49:42","Radiant Equites Hegemony",RE,black,af,,0.00,https://politicsandwar.com/uploads/99d75bc27cb13b44341a840f0ce0ea811b415e11x629.jpg
11893,"2023-08-28 10:14:36","Sand-War Politica",,aqua,af,,593.81,https://politicsandwar.com/uploads/c0495e7500204160316038b9cf34f6883a64bbac500x35721.png
11903,"2023-08-30 07:50:32",Octopus,,aqua,af,,0.00,https://politicsandwar.com/img/flags/betsy_ross.jpg
11907,"2023-08-30 22:25:42","McGregor Family",MCF,olive,af,https://discord.gg/K8aeWz3wBq,0.00,https://politicsandwar.com/uploads/00daaf9b09637ef203355872971e7911cd07be12500x295177.jpeg
11913,"2023-08-31 21:58:59",Acropolis,Acrop,maroon,af,https://discord.gg/wFWbHuag8x,1007.57,https://politicsandwar.com/uploads/0f2b09a664aa8feeb57c99aa5dba773afb5b79c3500x333146.png
11914,"2023-09-01 01:08:22","Seven Star",,white,af,,14660.00,https://politicsandwar.com/uploads/9f5c3481d215cf3121c2a6cbdbc1acc7afe240f11000x562401.jpg
11915,"2023-09-01 01:14:56","Cool Cobras",Cobras,green,af,,1171.58,https://politicsandwar.com/uploads/d31211410fe0340bd5db811e8c8357e87970027f500x253352.jpg
11919,"2023-09-01 10:54:49","Mr Matshaas tomb",ded,pink,af,,0.00,https://politicsandwar.com/uploads/52ea169519feafe633bf5cc9d3a9b73b6126eb56x887.png
11920,"2023-09-02 02:16:44","Rainbow Over The Hedge",ROH,aqua,af,https://discord.gg/kyjJdSP9X8,10645.86,https://politicsandwar.com/uploads/7d3a6db20a98857f3659e78e07202f242403e425450x300607.png
11923,"2023-09-03 01:16:01",Aculon,ABF,blue,af,https://discord.gg/vB8BUPtZMp,291.03,https://politicsandwar.com/uploads/500fcb32327c9c22fd5d8d93af9020e7ff8c9841500x300612.png
11926,"2023-09-04 13:05:46","United Nations Of World",UNOW,lime,af,,4499.91,https://politicsandwar.com/uploads/f63ee6efa633af31285db185d813d704ac7602b2500x312244.png
11937,"2023-09-07 07:24:07","FPN Defensive Alliance",,aqua,af,,0.00,https://politicsandwar.com/img/flags/new_york.jpg
11938,"2023-09-07 15:40:34","Federated Slavic Diaspora",FSD,aqua,af,,2131.50,https://politicsandwar.com/uploads/5aea01b67d1f895ae783bea259d41b0bf493db28500x333433.png
11942,"2023-09-08 18:37:03","Federation of the Motherland",FotM,aqua,af,https://discord.gg/3cXtjGQMKg,1940.68,https://politicsandwar.com/uploads/e6a74215aaf17c513548cdd6f44a1fb5757d1387500x333202.jpeg
11945,"2023-09-09 15:06:53","Chowder Bangers",,purple,af,,4864.70,https://politicsandwar.com/uploads/95e57d90df56fc005c3be6a8de6b572c37811051500x463838.png
11947,"2023-09-10 04:09:29","The Supernova INC",REDOT,olive,af,https://discord.gg/gUswJPptun,0.00,https://politicsandwar.com/uploads/c10bc84bdb0e0d797a2d891d7beb7e20d66189b9500x333350.png
11948,"2023-09-10 04:39:27","Space Legion",,brown,af,,4709.01,https://politicsandwar.com/img/flags/europeanunion.jpg
11951,"2023-09-11 01:58:55","International Peace Alliance",IPA,blue,af,https://discord.gg/TWU5vdTJ,0.00,https://politicsandwar.com/img/flags/zaire.jpg
11956,"2023-09-11 20:26:53","Fill in",,red,af,,0.00,https://politicsandwar.com/uploads/cae86be0228c271173f053ac97ed15c8bb7b2461505.jpg
11961,"2023-09-13 06:35:00","The Peoples Nations",TPN,red,af,https://discord.gg/NNYTnrNrUy,0.00,https://politicsandwar.com/uploads/b85a9077d208bba73bb44505d9128ba2e31425f0500x300474.png
11965,"2023-09-14 15:57:58",Nemesys,Nem,purple,af,https://discord.gg/tkDKztteXJ,125890.20,https://politicsandwar.com/uploads/c1f6c5264817434808581f5a0ca72f329a7ba25c500x312434.jpg
11967,"2023-09-14 21:36:22",Norsefire,NRF,black,af,https://discord.gg/Rm8Th7ur7y,1116.29,https://politicsandwar.com/uploads/be1896c9e39cdea54314e3c968ca91096afd44a6500x250618.png
11969,"2023-09-15 19:44:02","Great Union of Monarchist States",GUMS,purple,af,,0.00,https://politicsandwar.com/uploads/72ece5c339f66e9d4c8a2f320423f392c852db2e500x300464.png
11971,"2023-09-15 23:50:28","Galactic Order",TGO,black,af,https://discord.gg/WpUBMs4Q,0.00,https://politicsandwar.com/uploads/2dc8ed93ce14b1efd0622458e95409e585220fcc500x299444.webp
11972,"2023-09-16 02:24:11","Vidal Castle",,yellow,af,,1320.10,https://politicsandwar.com/uploads/4aeb3f9c5b4ff6706827191e0d524bc4fdf442c4x273.png
11973,"2023-09-16 07:28:30","Requiem Project",,orange,af,,1876.04,https://politicsandwar.com/uploads/8052f7bddb68a4136a7d9033d69d3672ad744851x281.png
11977,"2023-09-17 19:26:40","Order In The Court",OTC,green,af,,9696.54,https://politicsandwar.com/uploads/c0a5921126b3052a02a4af38b9fc634e0c9635b3300x300630.jpg
11978,"2023-09-18 00:51:47","Pacific Union",,aqua,af,,838.09,https://politicsandwar.com/img/flags/australia.jpg
11982,"2023-09-18 20:24:51","S21 Confederation",,aqua,af,,0.00,https://politicsandwar.com/uploads/32942e77c0079ce4663275627a82e044227b1ba7500x309853.jpg
11990,"2023-09-21 12:54:04","Swsian Protection Pact",S.P.P.,aqua,af,,0.00,https://politicsandwar.com/uploads/30e17c72396e4d7067019fed7e095246b4bb66a41000x500295.png
11991,"2023-09-21 15:11:28","CONFEDERETION of PLANETARY NATION",C.P.N.,aqua,af,,848.51,https://politicsandwar.com/uploads/8cedabf4b48f65e7e8724b3d37c9e0649f4c2823500x333571.png
11992,"2023-09-21 19:03:21",Pleiad,,olive,af,,1325.96,https://politicsandwar.com/uploads/b8378a76742a412d7ecef0aa7c988c10b45e0c87500x379373.webp
11998,"2023-09-23 19:00:52","accords of the free nations",,red,af,,1605.83,https://politicsandwar.com/uploads/1f08df3d2bc726ee6c6122b43af095e9cfee3bd3265x300170.jpeg
12002,"2023-09-24 09:22:58","Democratic Socialist Union of Eurasia",,red,af,,0.00,https://politicsandwar.com/img/flags/sovietunion.jpg
12010,"2023-09-25 17:17:24","The Kingdom of New Lamplight",7K-7G-4A,black,af,https://discord.gg/CTPxkmfuXP,0.00,https://politicsandwar.com/uploads/903f6d0500f5eefb33e4563a4e3069bb14f60208x935.gif
12012,"2023-09-26 20:30:57","The State Conglomerate",T.S.C.,black,af,,0.00,https://politicsandwar.com/uploads/e4ca305d08f15313bec753614d36156743f9dae2x633.png
12016,"2023-09-27 16:40:50","Biggest Cheese",,aqua,af,https://www.youtube.com/watch?v=pZ-oEuWMszs,2003.95,https://politicsandwar.com/uploads/a2d2a468eb169ab39590bba019dff7650fe0240a250x251635.jpeg
12019,"2023-09-28 16:53:11",Daisy,,olive,af,,868.54,https://politicsandwar.com/uploads/d92f6cd0aab7c978921d292df1f101e160c1c89d311x30017.png
12038,"2023-10-04 00:18:31","The AOC Pact",AOC,lime,af,https://discord.gg/CqxpmbgFCz,11223.76,https://politicsandwar.com/uploads/6674bb407358ee3af724ccf0c9ef3f8718d73ec6x654.png
12039,"2023-10-04 00:26:23","The Fusion",,black,af,,1519.40,https://politicsandwar.com/uploads/bf3558d03de3578b0233b776940609076bd4f4651000x526933.png
12051,"2023-10-06 00:32:58","General Area of Three Ostritches",,lime,af,,6204.45,https://politicsandwar.com/uploads/d2f19b742f1c7112041a7b127faf2530dbea3e13500x250578.png
12056,"2023-10-08 10:50:21","Organisation of democratic states",ODS,aqua,af,https://discord.gg/K62zXPDHyj,1590.72,https://politicsandwar.com/uploads/3082c4b6bc3c48db51feda7b63371e6177d980cd500x300133.png
12060,"2023-10-08 23:45:19","Brethren of Moose",BoM,green,af,,856.00,https://politicsandwar.com/uploads/671a5ff5f0689a27482200fd75044ae536257f1cx469.png
12061,"2023-10-09 12:55:52","The meme empire",TME,aqua,af,,0.00,https://politicsandwar.com/uploads/aa22aa48d34df9e920d9e646ed9136b6c0311129500x39276.jpeg
12063,"2023-10-09 16:24:42","Union of Communist Republics",UCR,green,af,,0.00,https://politicsandwar.com/uploads/c40e754f87e4d36b6b217d85fc9728d8624271751000x666770.jpeg
12065,"2023-10-10 09:53:28","Deer Island",Deer,aqua,af,,0.00,https://politicsandwar.com/img/imgur-old/e615124b5ba48f1706ed7c822a749cdc89280a89711.png
12070,"2023-10-11 13:19:40",Goatism,,aqua,af,,1071.28,https://politicsandwar.com/uploads/36287ba6a6abde502a1442b56df85ed08eb310f0250x427977.jpeg
12075,"2023-10-12 17:31:44","The Red Wolves",,white,af,,989.66,https://politicsandwar.com/uploads/59e488114ed15927a1116f5eb821b59f8d1fbb8c500x31396.jpg
12078,"2023-10-13 03:12:35","Akanda Bharatam",,aqua,af,,3527.22,https://politicsandwar.com/img/flags/india.jpg
12081,"2023-10-13 15:14:49","Kax Pirates",KP,black,af,https://discord.gg/Q4mKUEEA,2216.03,https://politicsandwar.com/uploads/e426f6eacac33b4dd915f864c83fa873c141adb3x990.jpg
12083,"2023-10-14 01:11:02","The Acre Street Apostles",ASA,olive,af,https://discord.gg/m7e7jBxtjm,0.00,https://politicsandwar.com/uploads/2e0e8d00567c43a7832c3196da639c7f87a0b8f6500x333371.jpg
12086,"2023-10-14 21:41:11",-Unity-,UNI,black,af,https://discord.gg/QWf6QqUwDK,70993.03,https://politicsandwar.com/uploads/646c252aafe5dc21cc9af85b9dd930956236eaab500x312243.png
12092,"2023-10-17 04:43:35","The Islamic League Of Power",🇵🇸,lime,af,,31651.33,https://politicsandwar.com/uploads/8632c119f948ce69109dd834aad322d53ef27582500x251236.jpeg
12097,"2023-10-19 04:11:19",Dawnstar,,orange,af,,7725.00,https://politicsandwar.com/uploads/9d67eebd69f26ef195b958898feb2e5078c41731x446.png
12099,"2023-10-19 07:04:50","United Arms Against Tyrrany",UAAT,maroon,af,,2141.85,https://politicsandwar.com/img/flags/europeanunion.jpg
12105,"2023-10-20 11:55:50","Anti-furry coalition",,black,af,,1438.98,https://politicsandwar.com/uploads/fe29c24e9f6840a925bea8608e69605581ec812d1000x56220.webp
12110,"2023-10-22 03:03:31","Enforcers of the mask",,black,af,,5393.00,https://politicsandwar.com/img/flags/betsy_ross.jpg
12111,"2023-10-22 06:05:58",Hispanidad,,olive,af,,865.66,https://politicsandwar.com/uploads/4268876e23c6e61ee5482cd32632a315bbd6d15a379x30030.png
12112,"2023-10-22 16:36:22","AFRICAN WARIORS",,green,af,,1138.76,https://politicsandwar.com/img/flags/africanunion.jpg
12120,"2023-10-25 12:27:25","Alience of the independant nations",Ain,purple,af,,605.33,https://politicsandwar.com/uploads/cae86be0228c271173f053ac97ed15c8bb7b2461505.jpg
12122,"2023-10-25 20:26:11","Queen Anne Revenge",,black,af,,5162.57,https://politicsandwar.com/uploads/1052ae09e163f869caf5301408172f3a02192056271.jpg
12124,"2023-10-26 01:43:12","Alliance of the United States",A.U.S,green,af,,964.16,https://politicsandwar.com/uploads/d0866a1d237744c87f950107d4d1eb4416ae779bx997.jpeg
12127,"2023-10-26 06:42:52","Intercontinental Treaty of Trade",ITT,aqua,af,,2121.41,https://politicsandwar.com/uploads/fb2e2dcd78b158b36fb9f3e48a039ae987daf0991000x562863.png
12131,"2023-10-27 21:04:19","Peace army",,red,af,,1385.65,https://politicsandwar.com/uploads/e6f4fc77cc27cad5e76f639b6689633371fd2e6f300x3006.jpg
12137,"2023-10-28 14:43:12","Europen United Allies",,blue,af,,983.21,https://politicsandwar.com/img/flags/europeanunion.jpg
12139,"2023-10-29 01:17:33","The Middle Eastern Union",MEU,yellow,af,https://discord.gg/hXRRWvzFAF,5376.68,https://politicsandwar.com/uploads/c4c0ce8d964e947a03623545cc8512c7043730ba500x281316.png
12140,"2023-10-29 15:52:17","United States of Alberto Unions",U.S.A.U.,red,af,,808.56,https://politicsandwar.com/uploads/b2984aaca414914978a698da5acb4b105dfff0ed500x286643.png
12142,"2023-10-29 17:20:19","The Rocks",TR,maroon,af,https://discord.gg/3fwcgZKb,0.00,https://politicsandwar.com/uploads/f86276784790eefd97a04d91c1b2741e8ca03a0a500x29977.png
12145,"2023-10-29 19:29:36","Celtic warriors",,aqua,af,,1034.21,https://politicsandwar.com/uploads/a9ebc7cbc4900dfce4230ba4a57a232574cae8de925.jpg
12146,"2023-10-30 06:49:23","Spork Bork",,black,af,,8108.20,https://politicsandwar.com/uploads/9d67eebd69f26ef195b958898feb2e5078c41731x446.png
12149,"2023-10-30 15:47:35","The Empire Of Avalon",TEA,lime,af,,2543.94,https://politicsandwar.com/uploads/e132094d3760ef9870d182fd5a77bfb6c1d4b011500x306614.png
12162,"2023-11-03 20:34:52","Alliance Of Duantless",,red,af,,1946.07,https://politicsandwar.com/uploads/46619d5dc28606a294b5a56179256bfbeb232fef1000x564626.jpeg
12163,"2023-11-03 20:53:51","Placeholder Name",PHN,aqua,af,,1050.65,https://politicsandwar.com/uploads/b27555590f09e18680e830714c7e92e35b89a0011000x666644.png
12164,"2023-11-04 08:01:46","The Checkmate Crusaders",TCC,black,af,https://discord.gg/4ustB94H,2681.96,https://politicsandwar.com/uploads/80df99b486363184269402149854228cbf9f8b48500x300276.png
12165,"2023-11-04 20:43:01","Arctic Underground",AU,aqua,af,,1063.58,https://politicsandwar.com/uploads/80512babb9510288f75b35f8883a026ee04afca4500x307295.png
12168,"2023-11-06 02:47:05","Court Of Titanica",COT,red,af,,916.10,https://politicsandwar.com/img/flags/betsy_ross.jpg
12175,"2023-11-07 14:30:38",VETO,VETO,aqua,af,https://discord.gg/GstSYHCQ,1666.92,https://politicsandwar.com/uploads/23aaf9b0d55ed7731d34852611536f1f35f92b43500x307778.png
12177,"2023-11-08 11:35:06",LegaApula,LAP,aqua,af,,1663.26,https://politicsandwar.com/uploads/d4eb31bbee375ec122c9cae413f6865817584881500x28124.jpg
12179,"2023-11-08 13:01:24","League of Nations",L.O.N,green,af,,657.90,https://politicsandwar.com/uploads/0235a823e29779a090ec95dec26d59d4f51afc63500x250193.jpg
12180,"2023-11-09 02:41:46","The Free Trade Association",FTA,red,af,https://discord.gg/nQnZjfue,4148.54,https://politicsandwar.com/uploads/a80a9a7458a3f389ba7edb43d54cd3d712f1b434500x28517.jpg
12182,"2023-11-09 15:56:05",Rashidun,,aqua,af,,1058.14,https://politicsandwar.com/img/flags/saudiarabia.jpg
12187,"2023-11-11 06:10:42","they get weaker we get stronger",,green,af,,2978.86,https://politicsandwar.com/img/flags/sovietunion.jpg
12192,"2023-11-14 04:03:05",Orbix,"⌀ vs $",maroon,af,https://discord.gg/29YdDUHSrb,763.35,https://politicsandwar.com/uploads/8dcd1e0476f2166e02f9151b53ea3277931b0306500x30043.gif
12195,"2023-11-15 01:34:58","Iron Fist Coalition",,black,af,,1556.96,https://politicsandwar.com/uploads/4bae9998322212bfb8a92619b8cef6cd7a63c092500x306180.png
12196,"2023-11-15 02:17:32",RetrieverAT,Slaughter,black,af,https://discord.gg/ggex7tq6pq,325.37,https://politicsandwar.com/uploads/718677b8f60a316cc2f21a2047f719cc5e78bd75500x333944.jpeg
12198,"2023-11-15 13:12:09","Alliance of The Republic and States",A.R.S,lime,af,https://discord.gg/C2uM33mS,4229.79,https://politicsandwar.com/uploads/5ef17764110cf8991cda3a1bdfbc961f3d7815ddx935.webp
12200,"2023-11-15 16:50:57","alliance 101",A101,yellow,af,,1113.96,https://politicsandwar.com/uploads/98ae42046e7c8147b6ce13caf255d868c7ee5cec500x385302.png
12202,"2023-11-16 01:22:04","The Western Alliance",,aqua,af,,1576.16,https://politicsandwar.com/uploads/cae86be0228c271173f053ac97ed15c8bb7b2461505.jpg
12203,"2023-11-16 15:01:32","The World Wide Furry Friendly Alliance",,aqua,af,,2278.32,https://politicsandwar.com/uploads/0ddc66dad6c3c86172f1c9b316727d18fbf6eb23450x600730.jpg
12212,"2023-11-20 01:33:56","The Q-Alliance",TQA,purple,af,,1261.52,https://politicsandwar.com/img/flags/qatar.jpg
12213,"2023-11-20 02:57:52","DeVito Union",DeVito,orange,af,,2081.44,https://politicsandwar.com/uploads/ed40fc55e33d19fba5019b0bec9b39368ebbc761500x292708.jpg
12216,"2023-11-20 23:09:54","Communist Propaganda",CNC,black,af,https://discord.com/invite/8fuYZNbhYk,4810.33,https://politicsandwar.com/uploads/1a2d025cae71260f1dd786efa5926d5706f26ef8500x263269.jpg
12229,"2023-11-26 03:08:27",vageenus,,green,af,,1072.93,https://politicsandwar.com/uploads/cae86be0228c271173f053ac97ed15c8bb7b2461505.jpg
12231,"2023-11-27 10:22:13",Sangri-La,,maroon,af,,1109.06,https://politicsandwar.com/uploads/009470f81fa96e09be1a8b4662905f2c2ed57709x672.jpg
12234,"2023-11-28 19:36:42","Crimson Corp",,aqua,af,,4658.75,https://politicsandwar.com/uploads/378de65ceecaaab8aca48212b05696a263bf4d42300x300702.webp
12235,"2023-11-29 02:02:49","Democratic Communal Confederation",DCC,black,af,,1039.16,https://politicsandwar.com/uploads/a72cd609826094472a52738024595a827eaa72dc500x301380.jpg
12238,"2023-11-29 13:37:30","Heavens equal",,maroon,af,,1084.79,https://politicsandwar.com/img/flags/belgium.jpg
12239,"2023-11-29 19:57:38",Robloxian,,black,af,,1106.87,https://politicsandwar.com/uploads/000eec494ca5be0dccd8604afb3ce04ec644e4bc500x33977.jpg
12240,"2023-11-30 08:15:51","Mutual Nations",,yellow,af,,263.22,https://politicsandwar.com/img/flags/swaziland.png
12242,"2023-11-30 17:06:49","The Vklod",,black,af,,1150.92,https://politicsandwar.com/uploads/0edbd5efd5dc15f7f8b278210931ee98a26e760b1000x66664.jpeg
12251,"2023-12-04 19:19:13","Movimento Referencista",AMR,blue,af,,1297.96,https://politicsandwar.com/uploads/5055356b91b9b394d2903d5c1f36ebbf9e0b82c9500x41748.png
12260,"2023-12-07 12:30:01","Warsaw Pact",WP,lime,af,,1241.36,https://politicsandwar.com/uploads/a9ebc7cbc4900dfce4230ba4a57a232574cae8de925.jpg
12263,"2023-12-08 10:24:36","Llama Alliance",LLAMA,aqua,af,,1411.89,https://politicsandwar.com/img/flags/netherlands.jpg
12267,"2023-12-09 19:16:30","Left Wing Capitalists",LWC,brown,af,,4504.48,https://politicsandwar.com/uploads/631d9b45a606c6b8444051b72606200d58b470e2500x305581.png
12268,"2023-12-10 01:29:27",Union,,black,af,,1807.82,https://politicsandwar.com/img/flags/switzerland.jpg
12273,"2023-12-10 15:58:48","International Democratic Union",I.D.U,lime,af,,8274.51,https://politicsandwar.com/uploads/aad5dcf3ea7ff8c494bd1d3fed819636ccea8af0500x250880.png
12276,"2023-12-11 10:25:01",Delta0,Δ0,lime,af,,294.98,https://politicsandwar.com/uploads/3d16bd739410342bfa9df666f76891f596660418x368.jpeg
12278,"2023-12-11 17:39:06","United Communes of Orbis",,red,af,,1017.98,https://politicsandwar.com/uploads/3a3432f07a9d078ee3490ec9b111be4414b9907f1000x59655.png
12281,"2023-12-12 05:23:00","The Sword Coast",TSC,olive,af,https://discord.gg/PNbYkyukv9,174614.58,https://politicsandwar.com/uploads/04e6ed62994034c11876650c06ead4c999d4a146500x312293.png
12286,"2023-12-14 18:28:14",MoOR,,red,af,,1102.20,https://politicsandwar.com/uploads/4a7c565a13e71f487985f33aa06512f3d0af8bad500x306928.png
12287,"2023-12-14 19:06:36","Rabid Kitten Apocalypse",MEOW,green,af,,8020.00,https://politicsandwar.com/uploads/06e582c2782d1d63cf689339f9e85b55e0840920500x262738.jpg
12289,"2023-12-15 01:11:40","United World Union",UWU,aqua,af,,1190.43,https://politicsandwar.com/uploads/9d206cf5536433647bb3ba4c6b0e61c90940bd3e296x300414.jpeg
12292,"2023-12-16 18:38:00","Mission Advance",M.A,purple,af,,1281.92,https://politicsandwar.com/uploads/3cfc03e00b5024d44a538bd58257b81e6ff2597ex516.jpg
12293,"2023-12-17 05:19:39","Neutral Peace Treaty Organisation",NPTO,black,af,https://discord.gg/q2uUduxS,5286.88,https://politicsandwar.com/uploads/f05985a23d05003a12855cc01a474550af76e455250x13895.png
12295,"2023-12-19 11:31:23","The Subject",,green,af,,1769.50,https://politicsandwar.com/img/flags/china.jpg
12298,"2023-12-19 20:28:18","Color Trade Union",CTU,purple,af,,3047.50,https://politicsandwar.com/uploads/687cb3943be8ce534f7a46525a932da8491e0a1dx499.png
12304,"2023-12-20 20:53:34","ONLY THE FAMILY",O.T.F,black,af,https://discord.gg/SW3CaFqNBd,3165.24,https://politicsandwar.com/uploads/0d3065335eba498037c976544ee0d27ceec814a0500x345492.jpeg
12306,"2023-12-21 00:55:46","The Contraceptives","No bb",yellow,af,,2375.02,https://politicsandwar.com/img/flags/bahamas.jpg
12307,"2023-12-21 08:45:24","League of legends",,aqua,af,,1062.14,https://politicsandwar.com/img/imgur-old/173d0e2fd98a1c7dadf08f244780fd7e5e29ed30406.jpg
12309,"2023-12-21 18:02:17","Neutral and Economic Help Alliance",NDB,blue,af,,2647.60,https://politicsandwar.com/uploads/ed94edad086f720a83996b5039d489bc0c5078b7500x333717.png
12311,"2023-12-22 12:33:53","Melbourne Commune",,red,af,,5481.75,https://politicsandwar.com/uploads/c4b254ec1f7143638f295302d362213c99cfbdb5327.png
12312,"2023-12-23 01:01:03","United Republics Alliance",URA,red,af,https://discord.com/invite/G2W9KgWjSp,1148.20,https://politicsandwar.com/uploads/ab8bd8772349506091433a8df57efc7337e4c3bdx972.jpg
12313,"2023-12-23 03:48:10",Baritona,,aqua,af,,3038.67,https://politicsandwar.com/uploads/2b0413091a8e33ee68af7aab4669be721745eb60182.png
12314,"2023-12-23 17:23:41","Genesis of Light",GOL,lime,af,https://discord.gg/p4FKN6CH,23176.95,https://politicsandwar.com/uploads/57ef4f90e79ca8b824e9a1d3c13edb1d81dff330500x333792.jpg
12319,"2023-12-24 16:30:41","Sanctum divinum Foedus Gentium",Dei,black,af,,2149.38,https://politicsandwar.com/uploads/31d9d41d079fe1003eadb7b92efc0fe524f2a937500x281714.jpg
12320,"2023-12-24 23:28:13","The Pirates",,black,af,,250.00,https://politicsandwar.com/uploads/d3b4016d52bd16940ea251000a2f8c91c58b4583x158.png
12321,"2023-12-25 05:03:48","Nations of Unity & Peace",NoUP,red,af,https://discord.gg/DAJXzpJs6f,26090.65,https://politicsandwar.com/uploads/c18665bbfda6ad097cd0c2a6d8430ab1731707f3500x281769.png
12327,"2023-12-27 21:11:57","The Communists",,red,af,,1966.65,https://politicsandwar.com/uploads/f4b1b8885178ea4529c82ad54e7342aa487b5267x230.jpeg
12329,"2023-12-28 15:48:39","Warm Toasty Frogs",,maroon,af,,15516.40,https://politicsandwar.com/img/imgur-old/b4eaf10320c602980b3ae09b968f6be1241eff7e714.png
12331,"2023-12-29 06:32:35","The Grand Kap Council",,lime,af,,1109.65,https://politicsandwar.com/uploads/91a5c0cc3b07baa9306793f088915b9a04f46e8e1000x61292.png
12335,"2023-12-31 12:19:41","Knights of Death",KOD,blue,af,https://discord.gg/q76vR46bJH,711.25,https://politicsandwar.com/uploads/a3927c24cc9597d3f131c12e5752c6d7f1f39d39500x33347.jpg
12337,"2024-01-01 01:02:48","The Bound Forces of Junior",JUNIOR,maroon,af,,4634.90,https://politicsandwar.com/uploads/83ffb625737d40a2170de909162b0a3df7eb6fe6500x298937.png
12338,"2024-01-01 04:35:55","union ibe",,aqua,af,,1115.18,https://politicsandwar.com/img/flags/germany.jpg
12339,"2024-01-01 17:17:17","Tempest Knights",TK,aqua,af,https://discord.gg/XTyeJFAzk3,2937.92,https://politicsandwar.com/uploads/a99176d7ad8092165050c6c6a231abe31a1d8e8a500x306985.png
12345,"2024-01-03 03:43:57","Planet Fitness",12345,purple,af,,7330.00,https://politicsandwar.com/uploads/2dabd43f4f6832769931d456dd05d406fcbe445f500x292310.png
12346,"2024-01-03 06:41:11","Rift Valley Alliance",RV-A,red,af,,2698.38,https://politicsandwar.com/img/flags/africanunion.jpg
12351,"2024-01-03 19:56:39","Bears Beats Battlestar Galactica",,green,af,,8398.70,https://politicsandwar.com/uploads/0ba95df6937b8520d82c4faefafa49a464ca7c4f800x600703.jpg
12353,"2024-01-03 23:04:02","Rapid Response Pact",,black,af,,1477.86,https://politicsandwar.com/uploads/28eae8e13d1f73cd186514de5a51d2e5d7062477500x330371.jpeg
12358,"2024-01-04 13:52:18",Koinotita,,white,af,,682.90,https://politicsandwar.com/img/flags/wyoming.jpg
12360,"2024-01-05 00:14:07","City Skylines 2",,purple,af,,15775.62,https://politicsandwar.com/img/flags/unitedstates.jpg
12365,"2024-01-06 12:58:53","Empire Of The Greek",EOG,maroon,af,https://discord.com/invite/ZzU7ZTMMvV,12666.36,https://politicsandwar.com/uploads/10be2fac8990c8d99c24a66587901b33bc6df551500x281431.jpg
12366,"2024-01-06 15:09:26",SlaughterHouse,,aqua,af,https://discord.gg/jMYRKCccB9,1058.41,https://politicsandwar.com/uploads/a3be575d6f18245ee18dfc3aa4b5e370224ce475500x353291.jpeg
12371,"2024-01-07 17:58:35","Rwanda Removal Scheme",RRS,purple,af,,6744.00,https://politicsandwar.com/uploads/07d2c992969774d3956c3043c8ecab77de4c771fx825.jpg
12372,"2024-01-08 12:31:05","Caesars Furry Jock Legion",,green,af,,7054.00,https://politicsandwar.com/uploads/863cb4e7d96c8ff4d20861ff21c3b21489d9f411x963.png
12378,"2024-01-09 18:56:56","Politics & War Illuminati Foundation",Illuminati,purple,af,https://discord.gg/K66zCm4F,860.76,https://politicsandwar.com/uploads/01b926b89a7de3981aabfcc10f8cc0ac9542d39f500x281960.png
12379,"2024-01-10 02:23:28","Testing Departure",,aqua,af,,1010.00,https://politicsandwar.com/uploads/17de02526af88d2c883dc1655b791709dbcb29d01000x666848.jpg
12381,"2024-01-11 12:24:48",TypeScript,,orange,af,,1179.54,https://politicsandwar.com/uploads/fc205747474139d41e6c852e4ed588333b1a76d3x269.png
12384,"2024-01-12 07:03:10",Gothac,Go,white,af,,3119.87,https://politicsandwar.com/img/imgur-old/b4eaf10320c602980b3ae09b968f6be1241eff7e714.png
12385,"2024-01-12 12:04:58","Storage Vault",,purple,af,,4677.40,https://politicsandwar.com/uploads/bcc2a5124826775fb7676e50ddff7775cf120ddc500x281264.jpg
12388,"2024-01-13 14:54:08","Alliance of Advanced Sciences",,black,af,,1425.10,https://politicsandwar.com/uploads/cb8566044435fc4bfc0fe8cd56114b97e32d51d5600x600939.jpg
12390,"2024-01-14 08:31:48","Union of socialist republics",,aqua,af,,959.35,https://politicsandwar.com/uploads/cd72b5175933da5132d088d4347eb10259026e6dx248.jpg
12393,"2024-01-15 00:15:41","Gods Children",,blue,af,https://discord.gg/quZNy4uH,2076.48,https://politicsandwar.com/uploads/040fac487ca3743b866e7786d1291ae77426c1f0215x300310.jpeg
12396,"2024-01-15 21:42:24",PMDB,,aqua,af,,2059.06,https://politicsandwar.com/img/flags/paraguay.jpg
12397,"2024-01-16 02:05:38","Anti anime Cartel",,red,af,,0.00,https://politicsandwar.com/uploads/226d67e4e0c15762a0ec5571ae4f9406f5195ffd500x349501.jpg
12403,"2024-01-18 10:56:15",Lexus,LX,brown,af,,709.71,https://politicsandwar.com/uploads/1fe9660ecff20005a8461b10f3388dad010ec904300x300938.jpg
12405,"2024-01-18 23:22:13","Commerce-Economic Alliance",CEA,yellow,af,,3708.90,https://upload.wikimedia.org/wikipedia/commons/thumb/f/fc/Flag_of_Seychelles.svg/512px-Flag_of_Seychelles.svg.png
12407,"2024-01-19 06:10:30","The Lucky 38",TL38,white,af,https://discord.gg/ufP64uAP67,6062.51,https://politicsandwar.com/uploads/4985ec0a1b6f6d3a66cb081607958b55a02474a5300x300851.jpg
12409,"2024-01-19 13:13:57","Containment Site 453",,orange,af,,7319.18,https://politicsandwar.com/uploads/1beb91d1b0684065ae9b8d092e437491c08a0d9fx365.jpeg
12410,"2024-01-19 14:17:02",Afri-niaro,,green,af,https://cnn.it/48GC3oo,2009.15,https://politicsandwar.com/uploads/cae86be0228c271173f053ac97ed15c8bb7b2461505.jpg
12412,"2024-01-19 20:58:11","far go",,purple,af,,8249.27,https://politicsandwar.com/img/flags/bahamas.jpg
12413,"2024-01-19 22:15:22","Valorian Order",V.O,purple,af,https://discord.gg/c8W2bEbyNC,18359.72,https://politicsandwar.com/uploads/bb7f9203994d86c75f5a5850cf5bba4237fa3cd7500x280602.png
12418,"2024-01-20 18:29:45","Black Sheep",BS,maroon,af,https://discord.gg/D8sdMTBdXz,4895.61,https://politicsandwar.com/uploads/f43077b6a3ea3663f6feab96d8c8ff358fb862b9500x331967.png
12419,"2024-01-20 23:08:31","Delicious Wine",,red,af,,5952.50,https://politicsandwar.com/uploads/f27d84f8409e1b743db091350e52eaabfee68ae2600x600744.gif
12422,"2024-01-22 15:24:26","Tomato Farm",TPK,red,af,https://discord.com/invite/9YcE5J4S2E,20674.99,https://politicsandwar.com/uploads/05cea2f11e21d93f4212a9e0414fa7dcb60a36cc500x302439.png
12423,"2024-01-22 16:28:04","Generations of Supremacy",,black,af,,2045.24,https://politicsandwar.com/img/flags/latvia.jpg
12424,"2024-01-22 19:02:31","Freedom Fighters",,aqua,af,,598.07,https://politicsandwar.com/uploads/4bf42000ad06c778d4dfd66999c9985e81014fac1000x666274.png
12425,"2024-01-22 20:37:07","Long John Silvers",LJS,white,af,https://discord.gg/V45CsXUrBZ,2071.26,https://politicsandwar.com/uploads/94639aac2aa0d91ffdae4875e1c104a96ad035ae300x300219.png
12427,"2024-01-23 02:02:08","The Raiders",☠️,blue,af,https://discord.com/invite/4yDSuDzEsr,3506.46,https://politicsandwar.com/uploads/7b98c0166c7f62fbe1fe0e789ac4a5e13f0a95e5500x31266.png
12428,"2024-01-23 11:02:33","Communist Global Alliance",CBA,aqua,af,,1069.39,https://politicsandwar.com/uploads/10d16577110f99b634de7628a9175f9293edfad0x170.jpeg
12435,"2024-01-24 22:12:22",Caelid,,aqua,af,,0.00,https://politicsandwar.com/uploads/710a3ab36aab6e4693753636d33b5fca1a3ec05ax228.png
12437,"2024-01-25 21:09:10","The Imperial Republic",TIR,red,af,https://discord.gg/mfUV3u7B,2078.61,https://politicsandwar.com/uploads/a87d882d428606bf7c57de7ac5089872df4663cax791.png
12439,"2024-01-26 12:35:28","Polzeiche Defense Pakt",PDP,lime,af,,1086.59,https://politicsandwar.com/uploads/ea0e721502639e643780afd7dab3dd187016df8b500x309863.png
12441,"2024-01-28 04:09:48","Melior Potentia",SPQO,black,af,,1077.75,https://politicsandwar.com/uploads/a606a43d6ebf5d9843fbd10ef21b964a0e0e78fb300x300984.png
12442,"2024-01-28 08:19:32","International Peace Organisation",IPO,white,af,,0.00,https://politicsandwar.com/uploads/5e91f11d3e2ceea88ee614135267e2a881c2eb9d500x312326.png
12443,"2024-01-28 09:40:05","Vikings of Anarchy",VIKING,green,af,https://discord.gg/WVbaSdwFZW,9932.75,https://politicsandwar.com/uploads/efaf06722bdab8c0970a0c364346388bd214a3ff500x300572.jpg
12444,"2024-01-28 19:28:03",Silvia,,red,af,https://discord.gg/4Fzj2jsAaR,2156.58,https://politicsandwar.com/uploads/842c0e262b654c44f44a70b434eb67ca5c244a5d500x353695.png
12447,"2024-01-29 21:27:05","The Council of Nations",,black,af,,3229.13,https://politicsandwar.com/uploads/3f93131ce9e9e7b94c78ff7e73e6f55e6aca11d4500x328257.jpg
12452,"2024-01-30 10:59:55","No wei jose",,pink,af,,6440.32,https://politicsandwar.com/uploads/7ff4cb091698206d81df8362b0fca0ead84ac97ax690.jpg
12453,"2024-01-30 15:36:07","Gamblers Anonymous",,yellow,af,,12538.80,https://politicsandwar.com/uploads/1a98e18d7585e530ae520266e46f039be6b48c2b500x281194.jpg
12454,"2024-01-30 23:48:02","united arabic and african comacion",,brown,af,,1188.65,https://politicsandwar.com/img/flags/jordan.jpg
12455,"2024-01-31 00:43:46","Orbis Tranquility Alliance",OTA,blue,af,https://discord.gg/M95QeNsx,3623.27,https://politicsandwar.com/uploads/ecad1ef7b497980f45d5591dd05d991efc50ab20x61.png
12457,"2024-01-31 09:37:30","The Hockey Army",THA,black,af,,1103.75,https://politicsandwar.com/uploads/e67e03ed7f17c5686c41119990190abcf50b263fx70.png
12458,"2024-01-31 14:06:47","Republic of Republics",,maroon,af,,1318.15,https://politicsandwar.com/img/imgur-old/ddc4c56d313a0640e3801641e75dedd3d3c1adaa54.png
12460,"2024-01-31 22:54:57","Shepherds conglomerate",Kurvaz,olive,af,,4055.59,https://politicsandwar.com/img/imgur-old/0a31900529966f483de4a2a137d8f8074909fb12171.png
12461,"2024-02-01 00:39:29","Sail Loves Singularity",,green,af,,5780.00,https://cdn.discordapp.com/attachments/672310912090243092/1202413992207982692/OIP.png
12465,"2024-02-01 17:11:17",Stigma,,pink,af,,21222.81,https://politicsandwar.com/uploads/5ed3e8e52b17af6e4f4e8d13bd2c525db56d36ad1000x625691.png
12472,"2024-02-02 09:12:48","McCoppin Scrapyard",MCS,olive,af,https://discord.gg/WAK7FWDkf8,7262.50,https://politicsandwar.com/uploads/a89f06db7e278630ace7215c78154a991eab0179x979.gif
12473,"2024-02-02 16:43:41",M&M,M&M,white,af,,5107.50,https://politicsandwar.com/uploads/ad5110d243c8f708f277d858e9716595c0d2ecdd500x281826.jpg
12475,"2024-02-03 20:59:45","The Lucky 38 Security Division",TL38,white,af,https://discord.gg/dtcaHxr5ja,4431.31,https://politicsandwar.com/uploads/a68302c7ac4fa1355987e38feaa5b457466725d3278x300481.png
12476,"2024-02-03 23:31:37","The Republic Socialist",,aqua,af,,384.91,https://politicsandwar.com/uploads/71e3696bbaecfbd31e60f31d7ecca7efe743f8ea500x333888.png
12478,"2024-02-04 07:23:45",Boomer,,maroon,af,,5011.11,https://politicsandwar.com/uploads/72cb4692d84920a0184715d1cf9c9ca7790fcc70x69.png
12479,"2024-02-04 15:04:53",86,86,brown,af,,10567.26,https://politicsandwar.com/uploads/a6288a3664800725b4e232eca8248776b42844afx952.jpeg
12480,"2024-02-04 15:56:19","Event Horizon",EVH,green,af,,10939.55,https://politicsandwar.com/uploads/1cb9b93db92bbaf0fd3f1958f568195e3a7b132c500x281113.webp
12481,"2024-02-04 21:43:27",Paragon,,green,af,,7815.00,https://politicsandwar.com/uploads/4b7d68c8463fc8dd98a1fe4f7a101b0ecb074dc4x581.jpeg
12482,"2024-02-04 22:14:13","Los Homoerectus",,aqua,af,,2589.67,https://politicsandwar.com/img/flags/uruguay.jpg
12483,"2024-02-05 01:32:46",Monka,,orange,af,,1937.83,https://politicsandwar.com/uploads/a32d6b851ecd1bc56780762ca152e09a22e79f7f250x240664.gif
12484,"2024-02-05 17:45:25",MAC&CHEESE,,maroon,af,,1199.09,https://politicsandwar.com/uploads/a1cdf396518585ea1dd83bba60c3f0717f5b66f6x373.jpg
12485,"2024-02-05 18:13:13","Carthagi Empire",,lime,af,,1061.16,https://politicsandwar.com/uploads/b8a1d9c25fe3011c7e5f572e1a7494ab18a15cff500x300915.png
12486,"2024-02-05 18:19:52","Serene Majesty",SM,pink,af,,1031.56,https://politicsandwar.com/img/flags/papaunewguinea.jpg
12487,"2024-02-05 19:11:35","Aculon Bank Federation",ABF,purple,af,,548.78,https://politicsandwar.com/uploads/10cabc4afcdfbec205f7b1ac2e2a353f375b022a500x299654.webp
12488,"2024-02-05 20:38:51","One Love","One stand",green,af,,1576.86,https://politicsandwar.com/img/flags/betsy_ross.jpg
12489,"2024-02-06 02:11:02","FOR THE PEOPLE",USA,yellow,af,,1160.24,https://politicsandwar.com/img/flags/betsy_ross.jpg
12490,"2024-02-06 02:58:45","Bottom feeders",,pink,af,,340.50,https://politicsandwar.com/uploads/7cf0b595ffbf3fc4607208db40efc3427c0aef12300x300525.png
12492,"2024-02-06 14:24:05","League of Arab States",,yellow,af,,3652.59,https://politicsandwar.com/uploads/b2b1a1d76ac2b593159816ef5d7b15982dd99db4500x333890.png
12493,"2024-02-06 18:45:32","RISE OF IRON",ROI,yellow,af,,5033.32,https://politicsandwar.com/uploads/dba6b49155778e78ffbc384173305cf43b25a694500x297186.jpg
12494,"2024-02-07 01:03:33","Mouseleys Bar and Grill",,maroon,af,,5083.10,https://politicsandwar.com/uploads/f4e0c05ae348e1abc3e2f52df9addee6e9c692b8x271.jpg
12495,"2024-02-07 01:07:26","African Union",AU,aqua,af,,1131.53,https://politicsandwar.com/img/flags/africanunion.jpg
12496,"2024-02-07 18:41:39",Comecon,,aqua,af,,1488.05,https://politicsandwar.com/uploads/710a5bccac2f1c2a7835cbbffa0e653bd37d8b70250x175334.jpg
12497,"2024-02-08 08:52:50","Matshaas Big Girthy Specimens",BGS,green,af,https://discord.gg/ss8dHzFcKC,6415.39,https://politicsandwar.com/uploads/d0cbfd46c1c9df0958f169018237067d08051471250x312423.gif
12498,"2024-02-08 13:12:22","Teos Hefty Member",,aqua,af,,10.25,https://politicsandwar.com/img/imgur-old/ddc4c56d313a0640e3801641e75dedd3d3c1adaa54.png
12499,"2024-02-08 13:39:50","The Union of Free Republican States",TUOFRS,pink,af,,1136.75,https://politicsandwar.com/uploads/195b0033484a74db26e05a189fa2c5309738a006500x330785.jpeg
12500,"2024-02-08 18:12:30","Atlas Technologies",,pink,af,,18480.80,https://politicsandwar.com/uploads/ca62db84ea0cb4060d32177a9ce7cd6322099373500x302938.png
12501,"2024-02-08 22:35:17","Forgotten Knights",FK,red,af,https://discord.gg/yFBZweHpBv,6728.25,https://politicsandwar.com/uploads/d36ea084601e7958e2286ef83dd82efa7990737f500x281493.jpg
12503,"2024-02-09 15:53:33","Uosoba Alliance",,blue,af,,2454.52,https://politicsandwar.com/img/imgur-old/0a31900529966f483de4a2a137d8f8074909fb12171.png
