﻿alliance_id,date_created,name,acronym,color,continent,discord_server,score,flag_url
615,"2014-08-05 12:32:17","Seven Kingdoms",SK,orange,Ar,https://discord.gg/3uCF26s,23145.74,https://politicsandwar.com/uploads/86bdc587ed74b9544f5c2f523bb490d6016c483a500x281478.jpg
619,"2014-08-05 19:39:15",Guardian,Guardian,orange,Ar,https://discord.gg/wFbUzM2,162517.24,https://politicsandwar.com/img/imgur-old/4ec297228f2995b3e5b9d7930411397051baa3e1895.jpg
622,"2014-08-06 13:37:26","United Purple Nations",UPN,purple,Ar,https://discord.gg/mfUxYv7CyR,164697.50,https://politicsandwar.com/img/imgur-old/3f9d76b849ff553846c11a6097af797b3b9570bf680.png
623,"2014-08-07 10:12:02",Acadia,Acadia,aqua,Ar,https://discord.gg/9wKzZbU,0.00,https://politicsandwar.com/uploads/53a996d6308d048c5ad0b73e8897545657b86834773.png
770,"2014-10-26 13:21:40",770,LO,red,Ar,https://discord.com/invite/FGS7jr7,86191.05,https://politicsandwar.com/uploads/593bdc81b8443f2807e460b2dae5ca1f133f7f5c500x300790.png
790,"2014-11-04 23:13:16",Rose,🌹,pink,Ar,https://discord.gg/Fp5Ngqg,874682.83,https://politicsandwar.com/uploads/d4b2da02c4d59caa097c585e0d0860ffce9b83ec500x300617.png
831,"2014-11-21 17:26:29","The Syndicate",t$,green,Ar,https://discord.gg/fFRTG3dfUb,602748.61,https://politicsandwar.com/uploads/4943f976375bf77cafa3a32b9df7772dd8d5da1a500x300138.png
866,"2014-12-08 09:18:04","Guardians of the Galaxy",GoG,lime,Ar,https://discord.gg/DVGzNXM,0.00,https://politicsandwar.com/uploads/111dd01422c16de66f4d06040c7451118efd002b957.png
877,"2014-12-12 23:23:13","Black Knights",BK,black,Ar,https://discord.gg/9h2XQjb,106624.61,https://politicsandwar.com/uploads/c0a55f62b37d335926fd88c796eb55eaee367215500x281779.jpg
913,"2014-12-19 14:34:25",Arrgh,Arrgh!,black,Ar,https://discord.gg/jCAQFtJ,114851.96,https://politicsandwar.com/img/imgur-old/c4ad8a85a57d1fedc2df54ac0d34bc882a83b441644.png
1023,"2015-01-26 15:22:05","The Fighting Pacifists",TFP,white,Ar,https://discord.gg/5yT5tWS,406859.32,https://politicsandwar.com/img/imgur-old/e615124b5ba48f1706ed7c822a749cdc89280a89711.png
1210,"2015-03-21 22:52:21","World Task Force",WTF,maroon,Ar,https://discord.gg/3AXHN5B,91457.01,https://politicsandwar.com/uploads/83bda883c18624c32cdec8cddacd32a09be8ee3fx863.png
1246,"2015-03-29 20:09:40",Farkistan,FU,blue,Ar,https://discord.gg/HDjRySg,173742.08,https://politicsandwar.com/uploads/100fe13335b6c085e46e699bf8d856d1ee996207315.png
1280,"2015-04-08 19:16:27",Alpha,Alpha,green,Ar,https://discord.gg/keUvfs9,137821.03,https://politicsandwar.com/img/imgur-old/28d88aaeecfbedd069c51f453160deb017b64ad7565.jpg
1584,"2015-06-29 17:25:50","The Knights Radiant",TKR,orange,Ar,https://discord.gg/t7dzPAV,332110.08,https://politicsandwar.com/uploads/1638d0632ae76bfb5d49c1f27836e58be26b366d425.png
1634,"2015-07-13 22:58:28","Nuclear Knights",NK,pink,Ar,,0.00,https://politicsandwar.com/img/imgur-old/2789fc1020e3724279488982a02ab4a29b558dad25.png
1723,"2015-08-08 02:13:24","TRUMP 2016",TRUMP,pink,na,,79.43,https://politicsandwar.com/img/imgur-old/e7f77385327365d10712e34790c1d27b19984cb4595.jpg
1742,"2015-08-14 18:32:07","The Wei",TW,white,Ar,https://discordapp.com/invite/B7rpfvx,171333.14,https://politicsandwar.com/uploads/03e7022940009f224763303b4fb7c224401009e5500x300545.jpg
1896,"2015-10-05 16:50:32",Pantheon,🏛️,yellow,Ar,https://discord.gg/JH3XZ4HHDx,2374.30,https://politicsandwar.com/img/imgur-old/aabdb8d0f25956ba861bb1c365c404835995c5a5705.png
2082,"2015-12-01 16:15:42","New Pacific Order",NPO,brown,Ar,https://discord.gg/AQMFg2A,6538.36,https://politicsandwar.com/uploads/f6d9d9cd426226b55504e8fe7c941c10cb7eb6ba700.png
2358,"2016-02-16 19:50:46",Polaris,,blue,Ar,https://discord.gg/XkymPz2,111580.23,https://politicsandwar.com/img/imgur-old/a69030707aac568c9eb564ed58dfa6bacfa34da5165.png
2510,"2016-03-20 06:51:10","Order of the White Rose",OWR,olive,Ar,https://discord.gg/NcugYxp,155314.13,https://politicsandwar.com/img/imgur-old/8dc7a6507cf64b9adcc879036b6e4886e83825e0638.png
2594,"2016-04-04 10:01:03","United Socialist Nations",USN,red,Ar,https://discord.gg/3TV8wejWQY,130723.40,https://politicsandwar.com/uploads/b359bc0758d97a417b49d116c1e147674fdfa9b3500x300617.png
3339,"2016-09-23 00:04:24","Grumpy Old Bastards",Grumpy,green,Ar,https://discord.gg/8BZztQQ,157099.87,https://politicsandwar.com/uploads/c3c6b42d867ffd38eafedaf07cdfda4469e82998454.png
3427,"2016-10-07 17:28:42","The Commonwealth",tCW,maroon,Ar,https://discord.gg/Gv26Kzr8ZU,293661.14,https://politicsandwar.com/uploads/6e89cbde0de89214178780268f41a2de1063b2b4500x270815.jpg
3554,"2016-10-22 11:20:03","One is the loneliest number",Lonely,lime,Ar,https://discord.gg/8npsj67,569.68,https://politicsandwar.com/uploads/1e49178196abe3b9f6411b663b515dcf2620fc5b946.jpg
3683,"2016-11-08 20:24:05","House Stark",HS,olive,Ar,https://discord.gg/qVRndGfJFc,187984.22,https://politicsandwar.com/uploads/9119be484affc3a1adf976a87bf995ded2f3bb19500x333652.jpg
3940,"2016-12-20 00:38:26","The United Empire of ZahAharon",TUE,purple,Ar,https://discord.gg/yZmr9av,2190.00,https://politicsandwar.com/uploads/5ba2f1328cb1211b742c91c72d9c34db1248101b489.png
4124,"2017-02-01 17:00:43","Knights Templar",KT,maroon,Ar,https://discord.gg/Hkm7mMWGap,91479.88,https://politicsandwar.com/uploads/5ed63443e71713aae7819af4dd721beda896b1dd500x300832.png
4137,"2017-02-23 20:46:46","United Alliance for Freedom",UAF,olive,Ar,,0.00,http://i.imgur.com/GfV4IMw.png
4149,"2017-03-17 18:06:30","Church of Spaceology","Evil Bo",purple,Ar,https://discord.gg/7rQ5vfY,0.00,https://politicsandwar.com/uploads/319e04377bdb89d51581adcfe8401563cd82f61a651.jpg
4150,"2017-03-19 10:05:19",Yarr,GOLF,black,Ar,https://discord.gg/cbF74Dg,119213.30,https://politicsandwar.com/uploads/27b263414c1138cbe1ffcc942dd2bf15345bde5579.jpg
4205,"2017-05-10 18:55:22","Cosa Nostra",CN,brown,Ar,,1180.38,https://politicsandwar.com/uploads/157531a8ba85563bf518921e98ba9c91bf743cd3406.jpg
4221,"2017-06-11 12:22:29","Dark Brotherhood",DB,black,Ar,https://discord.gg/Uyn3m5D,157299.46,https://politicsandwar.com/uploads/3af8f5023602b9d1cd12588b7d379a0f9f896e43586.png
4271,"2017-08-09 02:18:58",Oblivion,shite,green,Ar,https://discord.gg/YRerfDpaKJ,38394.92,https://politicsandwar.com/uploads/a8910306b92fbce80d563dd429150b593f7cc575102.jpg
4397,"2017-12-10 03:25:36","Strickland Propane",Strickland,brown,Ar,https://discord.gg/SFEpZNf,31477.14,https://politicsandwar.com/uploads/a118889f96a7c98bd6c465415353aaf6452d9915500x30046.png
4468,"2018-01-07 07:22:03","Purple Flower Garden",PFG,pink,Ar,,4298.79,https://politicsandwar.com/img/imgur-old/98a8b298739254e20ae0ce0e6c101a90dd78b76d238.png
4567,"2018-02-23 02:31:21","The Golden Horde",TGH,green,Ar,,0.00,https://politicsandwar.com/uploads/0c2ce4037c47587bc3f2cb008800b6821f0850d7382.png
4568,"2018-02-23 08:41:56","Outer Heaven",OH,black,af,https://discord.gg/EdbQAyq,0.00,https://politicsandwar.com/img/imgur-old/2eb12dc171cecfd21d2fa45de656c0da27e45ffa683.png
4623,"2018-03-18 07:10:01","The Empire of the Moonlit Sakura",7K,blue,Ar,https://discord.gg/Df4AsDtbXh,2530.30,https://politicsandwar.com/uploads/77a7d97093ba2365abccad3f88475c9d2769678584.jpg
4638,"2018-03-21 05:20:16","The Federation",TF,blue,Ar,https://discord.gg/DHT6kgc,100505.24,https://politicsandwar.com/uploads/bb7d4269a0b1df30032995f5d901db110a16bf73205.png
4648,"2018-03-22 22:26:01",Aurora,AUR,purple,Ar,https://discord.gg/ghbQ5QY,204865.87,https://politicsandwar.com/uploads/c161f937eb45a6c3a1dfdcb765bc09e9290328fax922.jpg
4729,"2018-04-13 22:07:21","Church Of Atom",CoA,green,Ar,https://discord.gg/DCQsEuf,124527.89,https://politicsandwar.com/uploads/7b6058ffb1f7235921f5d968d10ae63c4b9df6fa500x279296.jpg
4829,"2018-05-05 16:54:12","The Enterprise",e$,lime,Ar,https://discord.gg/UPuqa8s,110740.80,https://politicsandwar.com/uploads/8a61e23ce14f9c3ae1a81548a7296a640477af01x691.jpg
4937,"2018-07-13 09:44:55",Camelot,🐲,maroon,Ar,https://discord.gg/AUVakUh53a,163015.11,https://politicsandwar.com/uploads/80270c964444557a7dc382ad8412f7616d0aa924500x300677.png
5012,"2018-08-19 21:19:31","Respublica Romana",R&R,pink,Ar,https://discord.gg/rUJyB4U,87409.40,https://politicsandwar.com/uploads/169410914ee5c1a937762b494e6388739d3481b1x76.jpeg
5039,"2018-09-09 00:20:10","Goon Squad",GS,maroon,Ar,https://discord.gg/uJGwKCK,29980.30,https://politicsandwar.com/uploads/f62cf330574ddc0dbd044b54a721efcbbef2d145647.jpg
5049,"2018-09-17 19:17:51",Carthago,CTO,olive,Ar,https://discord.gg/kxM7V3V,248086.72,https://politicsandwar.com/uploads/9a7bcddab032abc1922f8e0821535c6b83e02067x590.png
5121,"2018-11-03 08:30:55","Lannister Mausoleum",,maroon,as,,0.00,https://politicsandwar.com/img/imgur-old/403b570738062b87c7e8982f6cca706324d65ff8303.jpg
5205,"2018-12-09 09:47:39","The Hanseatic League",THL,green,Ar,,5605.00,https://politicsandwar.com/uploads/8cf06bb1ef30bcdc5557c492d1dbe73e6e6edebd500x281822.png
5303,"2019-02-02 11:13:21",Peace,,green,Ar,,34.33,https://upload.wikimedia.org/wikipedia/en/thumb/b/be/Flag_of_England.svg/800px-Flag_of_England.svg.png
5326,"2019-02-16 00:24:08","The United Armies",UA,red,Ar,https://discord.gg/pfZNF7ER7z,93530.92,https://politicsandwar.com/uploads/1649d4bf8159717bb2b5590c179a68f81486809463.png
5343,"2019-02-25 01:03:00",Kazoku,KZ,yellow,Ar,https://discord.gg/HjfXc6H,0.00,https://politicsandwar.com/uploads/aa496341ce8393fa53c3e1c59e4b2586a47eecc2533.png
5436,"2019-04-12 21:37:17","The Global Union",TGU,white,Ar,https://discord.gg/q5SdUhz,1470.17,https://politicsandwar.com/uploads/3b427c9bb612872c771df027222b2b4ddd7ca5bd866.png
5455,"2019-04-22 21:48:50",Vanguard,VNG,black,Ar,https://discord.gg/qkT4taP,0.00,https://politicsandwar.com/uploads/46c1e2c2ac4774864c4dbe596127f258b5109cd3392.jpg
5476,"2019-05-06 16:50:03",Weebunism,🌸,blue,Ar,https://discord.gg/VMxbrMR,173014.73,https://politicsandwar.com/uploads/dbaee09dae5ca490f38314faecd5c09a352de7de500x300352.png
5481,"2019-05-08 11:43:45","Schrute Farms",SF,green,Ar,https://discord.gg/wraTrkJ5VF,2309.18,https://politicsandwar.com/uploads/32c20a1543b632b85109f3c51f8f6833bf65a3f7500x300290.png
5491,"2019-05-11 04:07:07","Si Hong",SH,red,Ar,https://discord.gg/TKJbwyJ,0.00,https://politicsandwar.com/uploads/730a1b5c50be58d2343759c9a83863bd96059c58125.png
5592,"2019-06-06 20:17:54","The Co-Prosperity Union",CPU,blue,Ar,https://discord.gg/BnzdHTb,870.00,https://politicsandwar.com/uploads/fd796d900ca3403eef8a8ee805c3e26fd211d3df836.jpeg
5658,"2019-06-23 00:17:04","Unforgiven Legion",U.L.,olive,Ar,https://discord.gg/Wjek998,53518.98,https://politicsandwar.com/uploads/042321cca3f71b92cf4a57e5c77e3a113dbfd298500x298969.png
5722,"2019-07-07 20:31:40","The Ampersand",&,blue,Ar,https://discord.gg/RqWDk5Q,148248.76,https://politicsandwar.com/uploads/ebe4aedb7f3996d0fd30a11f67e825c50f6192e2500x300138.png
5735,"2019-07-12 10:10:05",Demacia,DEM,olive,Ar,https://discord.gg/Jhw3gqF,0.00,https://politicsandwar.com/uploads/811bba955c118239571e0e95f0d0c31f079f507c328.png
5796,"2019-07-22 00:48:26",Atlantis,ðŸ”±,aqua,Ar,https://discord.gg/eFTs7uR,919.85,https://politicsandwar.com/uploads/cf30a6de0dc187d67c51e9074f2b6e5688260560189.jpeg
5875,"2019-08-04 19:30:43","The Immortals",IMMORTALS,yellow,Ar,https://discord.gg/8w5mHFe,533621.51,https://politicsandwar.com/uploads/f658b8d433a3e2c8835383d90f691254ecdab94dx800.png
5968,"2019-08-20 01:15:22","Green Protection Agency",OCTAVIA,green,Ar,,0.00,https://politicsandwar.com/uploads/ace09ba9e6759c7f52603ca86a0903a6573b5c9e64.png
6034,"2019-08-28 13:49:40",Mehh,Mehh,white,Ar,https://discord.gg/bQbkMcw,0.00,https://politicsandwar.com/uploads/ca272453a3f9462e54e3ce56e3f65992e5b90ead763.png
6074,"2019-09-04 16:48:40","New Cornhusker Confederacy",,yellow,Ar,,0.00,https://politicsandwar.com/uploads/9ce52f7889b7402cf42a0c29a652c66ee74316b7860.png
6076,"2019-09-04 21:51:01","Teutonic Order",NTTO,white,Ar,https://discord.gg/PJWybKapBB,0.00,https://politicsandwar.com/img/flags/sovietunion.jpg
6088,"2019-09-07 22:29:58","Terminus Est",TEst,maroon,Ar,https://discord.gg/7XAqQte,0.00,https://politicsandwar.com/uploads/07bfd4680246f1320646bb54586653ac345489fd614.gif
6126,"2019-09-14 03:39:06","The Lost Empire",TLE,aqua,Ar,https://discord.gg/2sF9rYj,167680.59,https://politicsandwar.com/uploads/1438f3f218d4b870448906300149f38089dd26ab500x258566.jpg
6143,"2019-09-16 21:48:55",Morningstar,🅼🆂13,black,Ar,https://discord.gg/SpxrYbq,8077.00,https://politicsandwar.com/uploads/7a954bada765b91a409d5b5ba7af95e26309facb184.png
6215,"2019-09-24 23:02:41","Soldiers of Liberty",SoL,white,Ar,https://discord.gg/zhzw3c4,94837.08,https://politicsandwar.com/uploads/95ae706213be4237c3b9db7a3965e30df86b8697500x373811.jpg
6474,"2019-11-02 03:24:56","The Family",,aqua,Ar,,950.96,https://politicsandwar.com/img/flags/italy.jpg
6675,"2019-12-03 22:58:32","Bird Weed",WEEDBIRD,black,af,https://discord.gg/6ex3uY8,0.00,https://politicsandwar.com/uploads/7cf07f3481ad1ca564687361fa89235cc30297bf674.png
6696,"2019-12-06 07:02:25",AVENGERS,Avengers,brown,af,https://discord.gg/fAS8jH4,0.00,https://politicsandwar.com/uploads/58a76434a77202fc133e337d0f43b8f922babaa575.gif
6703,"2019-12-08 02:21:33",TheNorthWesternSouthRegionofthefarEast,NWSRFE,purple,af,https://discord.gg/D9rcD4n,5616.23,https://politicsandwar.com/uploads/bd3e8b523779389b08cd13b98e9676fe8853b8b3129.png
6718,"2019-12-11 21:45:52","Legio Christi",LC,black,af,,0.00,https://politicsandwar.com/uploads/3159c5d05bedd256f783b202f4aac7efc4ce8663144.png
6811,"2019-12-29 00:12:47","Middle Eastern Pact",MEP,black,af,,852.54,https://politicsandwar.com/uploads/a88c47ed18fe54f8b95ceb6d951600380b77f4a7842.png
6877,"2020-01-07 23:40:55","Advanced Syndicalist Mechanics",ASM,red,af,https://discord.gg/meQSAmc,116852.33,https://politicsandwar.com/uploads/031516dd49aebcd3b509b787faa159316713bbbf500x333543.png
7000,"2020-01-19 18:26:32","Banana Stand",BS,green,af,https://discord.gg/t7dzPAV,0.00,https://politicsandwar.com/uploads/60091fdd06fcbf59641885517f514c3660f474a2x98.png
7025,"2020-01-23 02:21:44","The North Atlantic Empire",NAE,blue,af,https://discord.gg/vpTbANf,0.00,https://politicsandwar.com/uploads/e8b9bdbfd46c74eb20721324866f0fb33eb7c4ec403.jpeg
7053,"2020-01-27 04:33:37","The Imperium",TIm,lime,af,https://discord.gg/fdPECfF,0.00,https://politicsandwar.com/uploads/558a7e81bf6a7165ee7851389da469441fcffd1bx249.jpg
7094,"2020-02-02 10:53:42","The Coal Mines",TCM,blue,af,https://discord.gg/4hKVZDS,7916.58,https://politicsandwar.com/uploads/ceb80d98071ee996ea6bcb08ebba42535651035f500x26345.png
7183,"2020-02-10 04:10:44","Wizards Citadel",WC,purple,af,,0.00,https://politicsandwar.com/uploads/650dccfaf831fbb93821ba62ab0413d8affa4d84275.png
7204,"2020-02-12 17:12:01",Elysium,ðŸ·,black,af,https://discord.gg/3xQtdrf,830.00,https://politicsandwar.com/uploads/811f5f2040ae2da1c0c966c62a428a0ff2967380108.png
7249,"2020-02-19 19:32:31","The Firm",$f,green,af,,14890.72,https://politicsandwar.com/uploads/acde1ad6c273e804750867b1b278e85ffda51fb5589.jpg
7283,"2020-02-29 14:58:51","The Void Touched",VT,white,af,https://discord.gg/CqyqH3X,9976.44,https://politicsandwar.com/uploads/e4bf8c80bae18ad224f90387cb8c1ec17611b5a3616.png
7306,"2020-03-05 04:32:00","Atlas Technologies",AT,red,af,,1213.22,https://politicsandwar.com/uploads/5feab19209151203571056cad2cea0fa20ba446e500x299561.png
7346,"2020-03-11 23:55:25","Chocolate Castle",CC,pink,af,https://discord.gg/V6Vmq96,50689.16,https://politicsandwar.com/uploads/ded131b45a77f67b7714b8cdd637041c914c8ba4500x333251.png
7366,"2020-03-17 17:48:08","Parisian Commune",,red,af,https://discord.gg/8gsTGb,3666.75,https://politicsandwar.com/uploads/ebb59d0ee172899e8645b6821f116314c8fa0616x419.png
7375,"2020-03-20 19:04:15","The Roxchean Confederations",ROX,maroon,af,https://discord.gg/YVVaGbB,0.00,https://politicsandwar.com/uploads/26eaf377d29b33c070e5da7e355ff04593a33b6037.png
7387,"2020-03-25 21:17:23","The World Civility Org",TWCO,blue,af,,0.00,https://politicsandwar.com/uploads/936596fb1e1c9f9109f9edba493536b848b015ec517.jpeg
7399,"2020-03-28 21:05:20","Rothschild Family",RF,green,af,https://discord.gg/zVcd5NE,54805.35,https://politicsandwar.com/uploads/2e5119a56b1da536a08241e254ee287bf853fde4643.png
7413,"2020-04-01 00:07:15","Error 404",E404,purple,af,https://discord.gg/rpmvjWr,9147.37,https://politicsandwar.com/uploads/629e35d5d1f24ad8e7198a0ab8b49e258798cddd500x281746.gif
7433,"2020-04-06 02:09:18","Almighty Corporation",ALMC,maroon,af,https://discord.gg/aDnRmzH,13237.61,https://politicsandwar.com/uploads/d48bc97f09032f95f8be67e3e1ea0024b184ff13500x300708.png
7450,"2020-04-12 18:27:50",Eclipse,,blue,af,https://discord.gg/sGzXF7P,367101.03,https://politicsandwar.com/uploads/9696cf78165310abf75062fad50f46e2609103d1500x300200.jpeg
7451,"2020-04-13 16:40:40","Crusaders of the Holy Boogaloo",CHB,black,af,https://discord.gg/zYQvuzA,2439.52,https://politicsandwar.com/uploads/a9b468509f6abf5485ce70a896eb3bbf2da6d4b4500x472158.jpg
7452,"2020-04-13 19:15:17",Cataclysm,CATA,olive,af,https://discord.gg/QsJKSVzTmv,317387.28,https://politicsandwar.com/uploads/360c2af3275d99537c510d2285230f5fe6ccf9cc500x333274.jpg
7484,"2020-04-25 14:13:28","Global Alliance & Treaty Organization",GATO,brown,af,https://discord.gg/E2vphryNYa,99311.99,https://politicsandwar.com/uploads/502e1d49e0a78976ab81892b87b21d182a6dcb8fx773.png
7485,"2020-04-25 23:11:09","The United Front",UF,black,af,https://discord.gg/7GPQSnK5KY,6295.15,https://politicsandwar.com/uploads/966fb79e2b73ed85de9b0fe6685cb73ed72137ba669.png
7493,"2020-04-28 23:16:55","The Snow Knights",TSK,white,af,,0.00,https://politicsandwar.com/uploads/6281500d6f7096cd482965f7f24ed28f73f66b4c503.png
7515,"2020-05-08 20:44:08","The Atlantians",ATL,olive,af,https://discord.gg/G69KjEF,0.00,https://politicsandwar.com/uploads/7a9222af0ed22113d21d7d7abe414d15538f48fd490.png
7524,"2020-05-15 05:40:43","The United Republican Party",URP,white,af,,1756.52,https://politicsandwar.com/uploads/4e9fc32c3fa58bfccca8a2209f3a55ac9b84ce9981.png
7527,"2020-05-15 22:04:43",Oceania,1984,red,af,https://discord.gg/WwTKpCCeT8,7393.16,https://politicsandwar.com/uploads/7d62b113902894e7eb9e0047a2807c07666421ec500x298894.png
7530,"2020-05-16 17:20:32",Union,,black,af,,705.59,https://politicsandwar.com/img/flags/abkhazia.jpg
7531,"2020-05-17 03:20:14","Convent of Atom",CoA,blue,af,https://discord.gg/DCQsEuf,65206.71,https://politicsandwar.com/uploads/3be8eda535bbda4aa19bcc9d957141892af7fbbf500x333368.png
7536,"2020-05-18 22:40:16","Atlantian Council",AC,black,af,https://discord.gg/Cd7eUgxnT7,6373.05,https://politicsandwar.com/uploads/2d0c3536dbc8e0143b058913c1eb82916570189d678.png
7540,"2020-05-19 20:11:02","The Rohirrim",ROHAN,orange,af,https://discord.gg/yPFMs99eMA,95336.94,https://politicsandwar.com/uploads/1763b8f5f6e1224dcab1386fb7990af70bcce92f500x312280.png
7545,"2020-05-21 00:06:20","Refugee Farmers","JOIN OR DI",green,af,,950.01,https://politicsandwar.com/uploads/4299bcad4d3d5f328c1bca6743cc118be192bef1641.jpg
7548,"2020-05-21 07:40:26","The Syndication",,green,af,,115.46,https://politicsandwar.com/img/flags/israel.jpg
7559,"2020-05-23 01:40:38","The Crimson Order",TCO,aqua,af,https://discord.gg/A4WhDwF,0.00,https://politicsandwar.com/uploads/1430059a4ebb50a21a775944ce958ba2a2641e5c960.jpeg
7565,"2020-05-25 09:29:37","negeri johor",,orange,af,,4285.86,https://politicsandwar.com/uploads/2bf41fd1d21948a7c539d55f3b820492ccd61329676.png
7567,"2020-05-27 18:27:26",Central,,green,af,,85.20,https://politicsandwar.com/img/imgur-old/48664f573e2391f1770adf56fc7371eba506b385277.png
7570,"2020-05-28 07:09:25","Prima Victoria",PV,white,af,https://discord.gg/P4cJZDP,37335.84,https://politicsandwar.com/uploads/cb64434078a98f2f3fb45f822722bd45b8599478500x300102.png
7571,"2020-05-28 08:03:57","CENTRELINK AAA",Yam,brown,af,https://discord.gg/s4r2xuwEY5,910.53,https://politicsandwar.com/uploads/e83cc4fec8a3d8b02147ea2108414997f2c12a10x810.jpg
7580,"2020-05-31 06:19:19","The Legion",SPQR,purple,af,https://discord.gg/RvEAPsp,221443.19,https://politicsandwar.com/uploads/45288956b59693c4073648eb77f965fccc643bba500x292189.png
7584,"2020-06-01 23:25:07","The Pow Pow squad",,aqua,af,,744.97,https://politicsandwar.com/uploads/321809fc3cf1b9fb3935249251e982652a39163e978.jpg
7590,"2020-06-03 21:05:08","Shark Tank 2",,aqua,af,,0.00,https://politicsandwar.com/uploads/73cdd4afc64c1d701ccc2c49f486ec25c5315fe9406.jpeg
7594,"2020-06-06 18:38:16","The no tax alliance",,yellow,af,,931.86,https://politicsandwar.com/img/flags/unitedstates.jpg
7622,"2020-06-20 22:52:38","Northern Lights",,pink,af,,910.68,https://politicsandwar.com/img/flags/sweden.jpg
7633,"2020-06-26 03:51:03","The Air Nomads",,aqua,af,,2596.85,https://politicsandwar.com/img/imgur-old/66f83b5f82f65351dc56d657fd4da8cfdbdd6394607.png
7635,"2020-06-27 04:47:37","Black Skies",BS,black,af,https://discord.gg/RDNazAgNg3,94391.26,https://politicsandwar.com/uploads/496133dadea8506c6e0fc8a0d301c1282a50df53x643.jpg
7642,"2020-06-30 18:06:47","The Lost Legion",TLL,lime,af,https://discord.gg/2sF9rYj,18041.69,https://politicsandwar.com/uploads/6a80632f3d93fc1fff41b243866bba0a96757b63500x281474.jpg
7647,"2020-07-03 02:32:24","micro pockyclypse",AYY,pink,af,https://discord.gg/Wheaevc,0.00,https://politicsandwar.com/uploads/e753e8e61132b16df52cb57cb3eb5b00d43621f4500x312953.jpg
7651,"2020-07-06 23:09:54",Concord,CD,brown,af,https://discord.gg/xxaxRTmPGk,1895.44,https://politicsandwar.com/uploads/9f1d0f8ecced342dd38e6b6cb14e9300c52c84cc500x281719.jpg
7674,"2020-07-15 00:11:14","The Mortals",TM,lime,af,https://discord.gg/kHbdR6n,60789.41,https://politicsandwar.com/uploads/29391cc46b88243fb532bd7ceabe958d1a4ab9f0500x333380.jpg
7698,"2020-07-24 06:27:38",Morrowind,7K-MW,maroon,af,https://discord.gg/g7myC5vPfX,5919.95,https://politicsandwar.com/uploads/42302bbfb4f0d3f92079762b6f703a6217e9c7f0420x300350.jpg
7699,"2020-07-24 20:20:41","New World Order",RRLOL,aqua,af,https://discord.gg/d9yZU4c,0.00,https://politicsandwar.com/uploads/644d86d658eef1e52e4074f16c49f560cd34d755384.jpeg
7703,"2020-07-27 10:46:58","Brotherhood of the Clouds",BoC,white,af,,0.00,https://politicsandwar.com/uploads/c68964d1a2a08c64ed7afcf40177692b60815cce640.png
7704,"2020-07-27 11:18:43",boat,,aqua,af,,0.00,https://politicsandwar.com/img/flags/cambodia.jpg
7707,"2020-07-29 02:04:53","Dragon Confederacy",DC,black,af,https://discord.gg/5BTpjEh,2532.70,https://politicsandwar.com/uploads/48cc3a386eb6ae5b4b6a03a2783e8ddbbc86721f500x300674.png
7714,"2020-07-31 16:25:41","The Merchants Guild",TMG,black,af,https://discord.gg/ZEq4Nxv,0.00,https://politicsandwar.com/uploads/edd8359fa1c4a3c00f301f2e68b1059870bac983766.png
7722,"2020-08-04 05:05:13","bright rays",,blue,af,https://discord.gg/2sq83R,0.00,https://politicsandwar.com/uploads/b0e34fe0dbc50d3721ef7b0c9719e53b66ad28b4379.png
7750,"2020-08-17 07:27:40","United Ummah",UU,lime,af,https://discord.gg/8Q25CyE,84173.67,https://politicsandwar.com/uploads/3f4674355ce2216d23f2b4cd68f0aa4130eb6e0dx942.gif
7756,"2020-08-19 17:36:49","The Archangels",TA,yellow,af,https://discord.gg/vKFZ3NG,0.00,https://politicsandwar.com/uploads/c4cfa12a17f2b50b53bd1ec79c085bc43e430499890.jpeg
7757,"2020-08-19 18:32:31",Economica,,orange,af,https://discord.gg/6VZuSkn,260.03,https://politicsandwar.com/uploads/97e584f3d126dfd19c3af8abda8a6091978b7f91622.png
7758,"2020-08-21 21:42:04","District X",DX,blue,af,https://discord.gg/YtYGC95,0.00,https://politicsandwar.com/uploads/60c6fcc9bd540467d056f9461d15611a47c588fb760.png
7765,"2020-08-23 01:51:23","The Bounty Hunters Guild",TBHG,brown,af,,0.00,https://politicsandwar.com/uploads/499995b12a01d027163eae0a1bc47637dbc50220651.png
7787,"2020-08-28 20:50:41","Black and white",,white,af,https://discord.gg/pEMf7hj,0.00,https://politicsandwar.com/uploads/66a6ce025e94c7231252462e5054cc69aeccb5ce422.png
7797,"2020-08-30 14:18:00","Holy Roman Empire",HRE,maroon,af,https://discord.gg/mjk6rU,0.00,https://politicsandwar.com/uploads/640424b89579b62f63c28057819a4ca481ddc48f553.jpg
7802,"2020-09-01 17:11:37","Human Over",,black,af,https://discord.gg/4UQhnDM,12642.07,https://politicsandwar.com/uploads/fa9e221e74c4940701a321d0a33a5d946b768232796.png
7803,"2020-09-01 18:10:25","Laffeys Lair",LL,green,af,,3835.00,https://politicsandwar.com/uploads/132c6602ea53eb7450694a69cd63e36454a86b57356.png
7806,"2020-09-02 21:00:48","Neon Dystopia",,lime,af,https://discord.gg/CQ3b55G,2250.11,https://politicsandwar.com/uploads/a5dbad95a2446481c856407a104da68c772d872c286.jpg
7815,"2020-09-06 15:23:49","99942 Apophis",99A,black,af,https://discord.gg/yF24Mgk,30267.26,https://politicsandwar.com/uploads/0084f8a462ff540e5f8914460475c4ef75a169d8500x300525.png
7817,"2020-09-07 13:07:35","Viridian Entente",Oink,lime,af,,3085.54,https://politicsandwar.com/uploads/b30d4dea71f2974ec55a609e9037c96ef15c31e1692.jpg
7828,"2020-09-11 06:17:47",Europa,,olive,af,,0.00,https://politicsandwar.com/uploads/a513e9fcd08d513454c5ba0783c7b182178ea922551.png
7843,"2020-09-20 02:47:16","United and Prosperous",,maroon,af,https://discord.gg/2RMsG8,0.00,https://politicsandwar.com/uploads/8d9b894411890367c1150f318b60e463d63a11ae294.png
7868,"2020-09-28 21:47:03",Vibe,VB,pink,af,https://discord.gg/RqqjUjn,742.35,https://politicsandwar.com/uploads/b02bbf9e2a128413ad479eccbc12fccef37084ba639.gif
7870,"2020-09-29 19:21:14","The International Bloc",,green,af,,0.00,https://politicsandwar.com/img/flags/abkhazia.jpg
7875,"2020-10-02 13:18:59","Codex Security",C.O.D.E.X,blue,af,https://discord.gg/UwtUxy9nv4,0.00,https://politicsandwar.com/uploads/4aac1e544892a35c88cdb45e42d3a743b0ef2bb3804.png
7882,"2020-10-05 15:58:19","Tierra media",,olive,af,,0.00,https://politicsandwar.com/img/flags/bolivia.jpg
7902,"2020-10-14 20:02:26","Wigglytuffs Guild",WG,pink,af,,0.00,https://politicsandwar.com/uploads/a10a4137bc22372c4ebff841c2bc43d855307dc5198.png
7904,"2020-10-15 16:24:35",rucker,,aqua,af,,0.00,https://politicsandwar.com/img/flags/wyoming.jpg
7930,"2020-10-23 04:52:39","The Eagle Federation",🦅,orange,af,https://discord.gg/nadhCMRge7,0.00,https://politicsandwar.com/uploads/668500e6f0fbafc8a5853a63e035ceab28783bb8500x300166.png
7931,"2020-10-23 14:48:43","The Imperial Federation",TIF,green,af,https://discord.gg/ssw9TZp,0.00,https://politicsandwar.com/uploads/7f0d7a36c405692df53d960f5b79ebd4d8045481344.jpg
7937,"2020-10-24 17:19:03","Concord Dawn System",CDS,yellow,af,,0.00,https://politicsandwar.com/uploads/aa603c20747893e90fd6783e891beaa602c1b85f917.jpg
7944,"2020-10-27 02:23:23",Acanthus,AH,yellow,af,https://discord.gg/3faDAWY,0.00,https://politicsandwar.com/uploads/f3d08320a9c158c8f8b27e89e838a22f8301f2ad276.png
7952,"2020-10-29 10:50:34",rally,,aqua,af,,0.00,https://politicsandwar.com/img/flags/andorra.jpg
7989,"2020-11-03 09:39:48","Corporate Union",CU,purple,af,https://discord.gg/sDpYRF8yDf,0.00,https://politicsandwar.com/uploads/85997d2bac2ad4f47e8dcc486a70a76d3ee9372c851.png
7994,"2020-11-04 00:15:34","Just Taiga",JT,olive,af,https://discord.gg/x2ZRRV7rr6,16870.21,https://politicsandwar.com/uploads/46fbb88f56747144b382654dfd19f524405613fd500x300553.png
8027,"2020-11-10 16:36:26","The United Treaties",,blue,af,,119.21,https://politicsandwar.com/img/flags/croatia.jpg
8041,"2020-11-13 18:05:16","Kebab Store",,lime,af,,3305.00,https://politicsandwar.com/uploads/133f4a7d369967b6a9bb54bd024ad3c07c221290813.png
8043,"2020-11-13 19:47:07","Spank Bank",SB,black,af,,2828.94,https://politicsandwar.com/img/imgur-old/917568acf2b88122f2e687d5bcfe41c8db855e95744.png
8059,"2020-11-18 16:15:35","The Forum Cause",FC,green,af,,0.00,https://politicsandwar.com/uploads/9caba92d7e6de2cf974804271788fee7a6af3ff0256.jpg
8062,"2020-11-19 12:45:15","The Rooster",tR€,black,af,,0.00,https://politicsandwar.com/uploads/396606fd718da0c07322f1846a015134def1a762449x300434.png
8065,"2020-11-19 16:54:21",Deez,DK,pink,af,https://discord.gg/SKsmhM2p4Z,665.62,https://politicsandwar.com/uploads/324114b495d89288bab41adef0a808e78c60d0cd103.jpeg
8080,"2020-11-22 17:21:55",Macedonia,,red,af,https://discord.gg/yBsUqqHQ,0.00,https://politicsandwar.com/uploads/eb8466ed2fbf33d4a0cc7d6b768e9f1eb5cb2eb5164.jpg
8100,"2020-11-28 23:15:28","The Company",TC,green,af,https://discord.gg/hJQ8jjHe2k,111202.45,https://politicsandwar.com/uploads/704674ae503ff04b97feedba4c57540fd09712d2500x333411.jpeg
8105,"2020-11-30 15:40:59","Confederate Nations of Orbis",C.N.O.,white,af,https://discord.gg/MxDASpVF,930.19,https://politicsandwar.com/uploads/d43fb00ab60bcf6f937178843c6fdf1d24f7fab5500x262840.png
8113,"2020-12-03 17:28:04","Celtic Commonwealth",CCW,lime,af,https://discord.gg/D6NeFTuD3b,24082.23,https://politicsandwar.com/uploads/be85e376a07e1a570c052c1ffbcda096f632ec78450x300237.png
8120,"2020-12-07 06:19:54","The Japanese Trade Bloc",,maroon,af,https://discord.gg/bxq4kCDVHD,0.00,https://politicsandwar.com/img/flags/japan.jpg
8136,"2020-12-14 16:52:15","United Contributes of North America",UCNA,blue,af,https://discord.gg/8mnHKSBSyc,0.00,https://politicsandwar.com/uploads/3fb80a8d6879d86958d00a7ca18dd4f0e1261fd9500x242208.png
8139,"2020-12-15 00:29:11","House Karstark",HKB,green,af,https://discord.gg/hgtxSmETAa,0.00,https://politicsandwar.com/uploads/d0f3e4b1cb279c250cb8ffa93e10f0e79b6d5a60x119.jpg
8161,"2020-12-18 20:58:18","Ethereal Gang",EG,pink,af,https://discord.gg/ctDyD8pxSe,0.00,https://politicsandwar.com/uploads/6d7fa89abe833d7f323fbd9f9120f9086ca0ff3e500x281682.jpg
8172,"2020-12-21 15:56:35","The Britlandish Union",TBU,purple,af,https://discord.gg/cuGnmPF2k5,0.00,https://politicsandwar.com/uploads/9f11a7ec8fea4c123838cb292538beb06bc295dbx384.png
8173,"2020-12-21 16:16:11","Swords of Sanghelios",SoS,orange,af,https://discord.gg/gJhhdQkNV3,272276.30,https://cdn.discordapp.com/attachments/790274071471718410/853569756418670592/image0.jpg
8177,"2020-12-21 23:04:35","The poggers playground",nou,blue,af,,1267.96,https://politicsandwar.com/img/flags/somalia.jpg
8179,"2020-12-22 16:16:04","High Gods",,yellow,af,https://discord.gg/X5QJJgtr3z,989.08,https://politicsandwar.com/uploads/3d78f74319e8aa8dcace419a5a13bffe101059bc44.png
8197,"2020-12-30 23:16:33","altra vez",,aqua,af,,0.00,https://politicsandwar.com/uploads/77eb9eca388c7dc2ace9ebf9e716dbbd2469097a704.png
8206,"2021-01-04 02:39:03","Alpha Centauri",ACE,black,af,https://discord.gg/ev2WuPF2Hu,0.00,https://politicsandwar.com/uploads/4bbe80285731f06993ac137bbf463fd49110241d500x309406.jpeg
8207,"2021-01-04 19:53:30","The Monarchy",TM,red,af,https://discord.gg/7t48u4gNQy,17156.61,https://politicsandwar.com/uploads/8cd45b985680d1512a86c8ff4bf5b3adf201e42e500x248449.jpeg
8213,"2021-01-08 22:16:29","Order of Aster",OA,black,af,https://discord.gg/4ETMJwp8ab,491.54,https://politicsandwar.com/uploads/41174a1794c6e9812bc60ffeb5e4191757a725f1500x293100.jpg
8215,"2021-01-09 21:41:18","Planetary Nations",,blue,af,https://discord.gg/Wyvk8RmHF2,15577.57,https://politicsandwar.com/uploads/26d2be85c0795dfbd27569c801aa0ffe0a85ecff273x30066.jpg
8236,"2021-01-16 16:23:43","Name Withheld",❓,orange,af,https://discord.gg/UR6xqsBnVz,39599.53,https://politicsandwar.com/uploads/0f16043b1e46b1cc7c5c977e79ec7e308a6766f9500x298207.png
8239,"2021-01-17 18:53:54","Federation of kaia",,pink,af,https://discord.com/channels/800499138432204820/800499138432204823,0.00,https://politicsandwar.com/uploads/cbed14b430359d2c38c621949458ef5c226f9a7dx668.png
8243,"2021-01-20 18:40:38","The Order",TO,maroon,af,https://discord.gg/3FYkKfn3ra,124415.54,https://politicsandwar.com/uploads/02ed86a9562081afff321f8e921a0019e3616787500x279130.png
8249,"2021-01-23 07:20:02","United Monarchies of Orbis",UMO,purple,af,https://discord.gg/VZQApmDfgR,8105.29,https://politicsandwar.com/uploads/0f785bb4da8b6168e422538b07252549cf1cdda5500x300104.png
8250,"2021-01-23 19:14:53","United Bonkers",,white,af,,0.00,https://politicsandwar.com/uploads/da41a6f974ca2cd6f05dc008129727d87525d204500x341374.jpg
8252,"2021-01-24 12:03:50","Waffle House",WH,yellow,af,https://discord.gg/qra8caMeTT,176708.88,https://politicsandwar.com/uploads/640f08754deae809edfa59ff308ce466d4ecd978500x334461.jpg
8254,"2021-01-24 19:17:44","Independent Republic of Orange Nations",IRON,brown,af,https://discord.gg/qSsrA6BFqu,62688.21,https://politicsandwar.com/uploads/ca2b1ec47424917c5a17dd83098a5e0c9d5b7017500x267638.png
8256,"2021-01-25 01:58:54","Digital Dopamine",DD,aqua,af,https://discord.gg/vgx9EKBNwx,84887.43,https://politicsandwar.com/uploads/b6f28120ecb6ac771d902f997bb75c5fc00ce095500x299314.png
8257,"2021-01-25 05:26:14","rose but better",,red,af,,0.00,https://politicsandwar.com/uploads/a52d1789972fedd91e8698a4b3552454736ea0fd800.jpg
8261,"2021-01-25 22:05:03","The Dominion",T.D.,white,af,https://discord.gg/gG4knkmCFQ,56186.57,https://politicsandwar.com/uploads/86032f75294fa3b78388a33f114ba438c4bfa90c500x281802.png
8266,"2021-01-28 13:56:34","THE WORLD ORDER",,aqua,af,,800.67,https://politicsandwar.com/uploads/c9965c63c3808a2ac74e621098a4a7fd74ee10c7500x333685.png
8267,"2021-01-30 08:17:20","Alliance of Wild Classmates",,aqua,af,,0.00,https://politicsandwar.com/img/flags/crow.jpg
8274,"2021-02-02 16:55:22","Capi Hnizdo",,purple,af,,0.00,https://politicsandwar.com/uploads/13a61a00deef7f1cd170f544a8d6bb32ccc109b363.png
8280,"2021-02-10 01:00:05","Diamond City",tCW,blue,af,https://discord.gg/Gv26Kzr8ZU,11391.30,https://politicsandwar.com/uploads/06cd73c711d5a5b11c6323c9c29a4b9f2e201453x519.jpeg
8282,"2021-02-10 08:15:01","Antarctic Empire",AE,lime,af,https://discord.gg/4nAQM7RPj4,0.00,https://politicsandwar.com/img/flags/uganda.jpg
8283,"2021-02-10 10:25:47","Alcoholics Anonymous",AA,green,af,https://discord.gg/mMaT42Qv,0.00,https://politicsandwar.com/uploads/adf2070e791ac5ad7fc5dc82698184070aae3cf3x420.jpg
8289,"2021-02-14 20:11:49","The Cult of Osiris",TCO,maroon,af,https://discord.gg/5GQXQdceKC,27928.74,https://politicsandwar.com/uploads/b9c3a736f4d729d54afa524ec7cfc8d79fab81fe500x281592.png
8296,"2021-02-16 16:17:07","DCC nation",,pink,af,,1572.39,https://politicsandwar.com/uploads/a9d91d6fc7ea24516c9b3a105b8bb917d123e3ebx448.jpeg
8304,"2021-02-21 11:28:10",OPU,,aqua,af,,0.00,https://politicsandwar.com/img/flags/zaire.jpg
8317,"2021-02-27 14:49:28","Nations Over Seas",,purple,af,https://discord.gg/B9yCfBu,0.00,https://politicsandwar.com/uploads/dcb6db61f08c5488843b910056a71fbe0d552710500x333158.jpg
8319,"2021-03-01 05:16:27","The Republic",,maroon,af,,3136.87,https://politicsandwar.com/uploads/cae86be0228c271173f053ac97ed15c8bb7b2461505.jpg
8324,"2021-03-04 03:20:26","United Coalition of Nations",,olive,af,,0.00,https://politicsandwar.com/img/imgur-old/d33bdef049ea1efcc72a76ba005395ead45624ae697.png
8328,"2021-03-06 17:19:31","The Greater Hirvioitan Colonial Empire",GHE,blue,af,https://discord.gg/JxENchCar6,515.38,https://politicsandwar.com/uploads/564b9172350a002bd9dd836d3cec32b83a571e4c500x333980.png
8332,"2021-03-07 21:56:41","Special Antarctic Alliance",SDMA,pink,af,https://discord.gg/BfgtCXxSWs,1305.91,https://politicsandwar.com/uploads/6e9279853232f57efd3ae1488af81f5be2de0ee7500x300170.jpeg
8335,"2021-03-08 19:41:37",Borealis,Burora,lime,af,https://discord.gg/6YKv9Pcna3,42595.03,https://politicsandwar.com/uploads/a3c3b348f796507841ec9c87e4a6c590777fc92c500x281652.png
8336,"2021-03-08 20:17:20","League of Nations",LON,green,af,https://discord.gg/VWWtcE6mxt,0.00,https://politicsandwar.com/uploads/15eb57c89e0d7104fb1a425422400e3cbc3e0144500x300409.png
8338,"2021-03-09 22:28:19","The Fascist Order",,aqua,af,,0.00,https://politicsandwar.com/uploads/637e8fe8863f19de5c523b4e9d5a33d11227a96f1000x599431.png
8340,"2021-03-12 22:38:43","Hidden Leaf Village",HLV,red,af,https://discord.gg/wnzPnwbsKg,5071.71,https://politicsandwar.com/uploads/239751dd992b1523ef7a435b09b08367f878508dx620.png
8343,"2021-03-13 12:51:59","The Armed Peacekeepers",TAP,lime,af,https://discord.gg/5yT5tWS,136431.74,https://politicsandwar.com/uploads/7f40bdf7a98d79e4c63aceba4506259e8ed27375500x35299.png
8344,"2021-03-13 15:36:30","United Nations of Canerica",UNC,white,af,,0.00,https://politicsandwar.com/uploads/b30e5d3ece8ef5ed35ab67ad8d8b643eb3dc22ea500x300809.png
8345,"2021-03-14 02:19:03","Temple of Morningstar",,black,af,,0.00,https://politicsandwar.com/img/flags/europeanunion.jpg
8347,"2021-03-14 13:41:33","Dutch-British Empire",DBE,orange,af,https://discord.gg/zD8ufXw7SB,1653.34,https://politicsandwar.com/uploads/f92cb33b554f0dbe38d85c6b1c511fd64039a5c4x183.png
8349,"2021-03-14 23:04:25","The Aegis Alliance",TAA,white,af,https://discord.gg/RUutNyDte2,0.00,https://politicsandwar.com/uploads/00781fc1786e5d3e6ecde45c3f2df4855cae554cx186.jpg
8354,"2021-03-18 06:36:50","The Unity",,black,af,,788.36,https://politicsandwar.com/img/flags/betsy_ross.jpg
8363,"2021-03-23 13:13:18","Ukrainian Team",Ukrairus,blue,af,https://discord.gg/g49fzJyX,0.00,https://politicsandwar.com/uploads/4f49d0239b05df32c783d29c55ca0fc4981236c1500x281189.png
8365,"2021-03-23 16:13:37",GudeLand,GUD,purple,af,https://discord.gg/JPUY6qryy2,0.00,https://politicsandwar.com/uploads/31a249911990a27e7059a2d4fb79f933ff66cf94500x31698.png
8366,"2021-03-24 01:34:08","Imperial Union",TIU,maroon,af,https://discord.gg/QZwTvYy27v,0.00,https://politicsandwar.com/uploads/5f289a360fbfdc6f167cfcf1338d769332c5a075x497.png
8368,"2021-03-24 06:02:08",Sanctuary,SANCT,blue,af,https://discord.gg/kyHg9dumN8,79147.96,https://politicsandwar.com/uploads/d0140d1a6f4ce4487051c6bab51f7ce96eaf3dd4500x300680.png
8375,"2021-03-26 03:29:15","Council of Nations",CoN,olive,af,https://discord.gg/AwdwjMpesb,0.00,https://politicsandwar.com/uploads/12e647cc9e58b48a7956d14246372a5e73bab8aax173.jpg
8381,"2021-03-29 04:13:30",Sunrisers,,aqua,af,,901.19,https://politicsandwar.com/img/flags/india.jpg
8383,"2021-03-29 19:40:52","Mutual Support Nations",TMSN,lime,af,https://discord.gg/HypVNrZXub,0.00,https://politicsandwar.com/img/flags/germany.jpg
8395,"2021-04-02 00:04:35","The Winter Council",WC,purple,af,https://discord.gg/tZYUvAPzT6,0.00,https://politicsandwar.com/uploads/57df345c3bec990d045fd7013ae9446655fbfc85x92.png
8398,"2021-04-03 21:05:15","Not Only Satanic Anarchism",N.O.S.A.,black,af,https://discord.gg/z8Cf4vvgza,852.07,https://politicsandwar.com/uploads/f87c7b1fbdb97e589bee112094e90ec575799c07500x281880.gif
8399,"2021-04-03 23:18:39","Ancient Germanic Tribes",AGT,red,af,,0.00,https://politicsandwar.com/img/flags/germany.jpg
8406,"2021-04-07 18:12:43","British Empire",,red,af,,0.00,https://politicsandwar.com/img/flags/greatbritain.png
8410,"2021-04-08 12:03:40",V13tgnome,VNM,pink,af,https://discord.gg/97uE6mGv,1564.61,https://politicsandwar.com/uploads/c88d84bd5a38f82f1001c792d2ca3702d301a0bd500x281941.gif
8411,"2021-04-08 18:41:25",RiverBois,,black,af,,2848.82,https://politicsandwar.com/img/flags/betsy_ross.jpg
8414,"2021-04-09 02:55:09","Socialist Union",SU,red,af,https://discord.gg/fJmU5GCB,0.00,https://politicsandwar.com/uploads/88b772377447a0c13353b13b080d7416efd6e512500x250873.png
8416,"2021-04-09 17:14:28","Christian Minecraft Server",,green,af,,0.00,https://politicsandwar.com/uploads/99e53a2266351665cf4a547188c2d02ecd25b192300x30019.jpg
8426,"2021-04-12 02:39:19","The Southern Union",SU,red,af,https://discord.gg/Gj2uGBuW9m,0.00,https://politicsandwar.com/uploads/5fc964f41f531a1624839889a2f23ec14737d883500x436800.jpg
8427,"2021-04-12 13:06:01","The Chicken Sea Horse Alliance",CSHA,white,af,,648.07,https://politicsandwar.com/uploads/ce9890da6ec76c587cdf7a908bb6f9a758897e7a1000x599499.png
8428,"2021-04-13 04:11:07","The Bro",,red,af,,0.00,https://politicsandwar.com/uploads/dcbc71550ba44ca12c4df743ae3849937ef223691000x587421.png
8429,"2021-04-13 11:24:15","The Elites",TE,black,af,https://discord.gg/8PkAhkHsAu,56005.95,https://politicsandwar.com/uploads/6266ae159fc4a007606678421a02a706314cc957500x298791.jpg
8439,"2021-04-16 22:04:37","House Of Tragedy",HT,olive,af,https://discord.gg/hxZrR7HCnu,16171.81,https://politicsandwar.com/uploads/159fe1b3ce568d545b4326dc1699212e01a5aa67500x333823.png
8442,"2021-04-18 18:00:44","Space Invaders",SPACE,green,af,https://discord.gg/AAu8SHWZJH,62166.86,https://media3.giphy.com/media/kbCqCHFoidhnQIgVxC/giphy.gif
8444,"2021-04-18 22:56:46","PolarFreeze Warehouse 49",,blue,af,,6204.23,https://politicsandwar.com/img/imgur-old/a69030707aac568c9eb564ed58dfa6bacfa34da5165.png
8445,"2021-04-19 22:26:49",Galaxias,gLx,lime,af,,1373.32,https://politicsandwar.com/uploads/fbe27012ddb1470c04802b102f17f875a0fe6709500x300279.jpg
8451,"2021-04-21 20:35:16","Big Brain Bureau",BBB,white,af,,2922.48,https://politicsandwar.com/uploads/71136d8179bbd31921826882fb0bafdab04b4a8b250x205248.jpeg
8459,"2021-04-23 17:20:18",Genesis,GNS,yellow,af,,92455.37,https://politicsandwar.com/uploads/531b95cf1832b83251d1a4985445804bf5fdd816250x148181.png
8463,"2021-04-24 20:25:59","The Valyrian Freehold","DEATH TO A",red,af,https://discord.gg/gJhhdQkNV3,3757.07,https://politicsandwar.com/uploads/f7f2bd114b2498d407e6a6815f0edfd8364b9c01500x300836.jpg
8467,"2021-04-25 17:51:42","The United Order of Concordia",UOC,purple,af,https://discord.gg/akDKXyAyur,0.00,https://politicsandwar.com/uploads/65184fd813466a9aeedac0a2656e36d790b8a2d4500x281396.png
8470,"2021-04-26 12:25:32","The Elementals",T£,purple,af,https://discord.gg/uPS5ZZHs,1270.69,https://politicsandwar.com/uploads/4f293a2f03076f10121cd164eac6a80cfb994d4ex593.png
8474,"2021-04-27 02:50:56","The House Of Serpentine",Serp,white,af,https://discord.gg/sMTAeFGK,0.00,https://politicsandwar.com/uploads/0cac8a130134f4f1ed5a619763eee41c3df414e5250x140230.gif
8481,"2021-04-29 18:05:18",Alliance,APP,white,af,https://discord.gg/y8nq6cCNUJ,1754.10,https://politicsandwar.com/uploads/136809f20e0f89c8d4d35ee0ff17cf69c5cc9f36500x300535.png
8486,"2021-04-30 14:40:01","United Socialist Left",USL,red,af,https://discord.gg/pgU3vkxS5p,0.00,https://politicsandwar.com/uploads/2bbe6a38b1892d8d4fabd6b286308094e2efa4d4402x300667.jpg
8488,"2021-04-30 20:44:31","United Nations of Manufacturing States",UNMS,aqua,af,,0.00,https://politicsandwar.com/uploads/cae86be0228c271173f053ac97ed15c8bb7b2461505.jpg
8491,"2021-05-01 16:42:47","Terminal Jest",TJEST,pink,af,https://discord.gg/zsMaKqp,0.00,https://politicsandwar.com/uploads/417dd039ce731b82d4ecbe3e693685b615f870b8241.jpg
8495,"2021-05-02 04:52:39","Rakatan Infinite Empire",RIE,blue,af,https://discord.gg/HpetJGT2Ch,27423.79,https://politicsandwar.com/uploads/f107d6d44d14664bbf122290b56e2f1117de23e8500x277630.png
8498,"2021-05-02 22:40:32","Fear and Loathing",FNL,orange,af,,857.97,https://politicsandwar.com/uploads/f22518b990094f5489e0f9f02c6c5158a27dd753237.jpeg
8502,"2021-05-03 01:54:43",Paragon,PARA,pink,af,https://discord.gg/MDYdBkzFh4,43175.96,https://politicsandwar.com/uploads/bac0fbb1528b844805721eaeef3607a1086eb085500x281584.jpeg
8514,"2021-05-05 04:40:42","Republic of Nassau",Nassau,black,af,https://discord.gg/wWqgqKVb6S,26910.54,https://politicsandwar.com/uploads/d72022e51f6b9a55781d1d3134e401d3f480fa5f500x250329.gif
8519,"2021-05-05 20:20:50",Raiders,,orange,af,,648.66,https://politicsandwar.com/uploads/7858b007e83575381cc329b7ced0b619e973e858500x497257.png
8520,"2021-05-05 22:39:08","Dawn Rising",DR,white,af,https://discord.gg/hqc4FYPz7M,51404.62,https://politicsandwar.com/uploads/3fd0dd2c45c43454e83c80b6c17b6084e0639086500x28545.png
8523,"2021-05-06 11:58:58",Syndicate,,green,af,,0.00,https://politicsandwar.com/img/imgur-old/50f00358efcff087771bef75555e341d5e56b302578.jpg
8524,"2021-05-06 21:41:58","Pacific Democratic Union",,brown,af,,0.00,https://politicsandwar.com/uploads/9505251eac2fa9efe5d24b73d3a09d7ca743f361x14.jpg
8531,"2021-05-07 17:08:54","Union of Soviet Socialist Republics",USSR,red,af,https://discord.gg/8C8cSUqHaM,84094.68,https://politicsandwar.com/uploads/6bcd8aaec61fb540c5ce901185cac4b36459e8c4500x300555.png
8535,"2021-05-08 17:56:29","Minute Men",MM,maroon,af,,8915.05,https://politicsandwar.com/uploads/d2a0fb82768948f69703f10df0f7b1cfe09dda04994.png
8550,"2021-05-11 14:18:01","Regni Animalis",RA,yellow,af,https://discord.gg/y7mm9X6mzG,3577.90,https://politicsandwar.com/uploads/543006b9f45367df5349fe90b064c33c0fb1f057250x166617.jpg
8556,"2021-05-13 04:39:23","The underworld",,green,af,,0.00,https://politicsandwar.com/img/flags/newzealand.jpg
8560,"2021-05-13 15:10:01","The Last of the Mohicans",LotM,pink,af,https://discord.gg/4VCgCFvMbh,0.00,https://politicsandwar.com/uploads/04e3cccf1452c4be6951195f7b078ea0e9c6197cx606.png
8561,"2021-05-13 18:43:32","Freaks and Geeks Alliance",F&G,green,af,,3303.25,https://politicsandwar.com/img/flags/americansomoa.jpg
8568,"2021-05-15 18:54:20","Axis Powers",,blue,af,https://discord.gg/8VNA7943,318.96,https://politicsandwar.com/uploads/51b862379ce9450784e95ca984c8935c88bd1b5d500x333305.jpeg
8570,"2021-05-15 20:34:52","East Asian Union",EAU,lime,af,,3310.50,https://politicsandwar.com/uploads/66c770f59b4a5f90640a66f69de6260b6ffa29cax259.png
8571,"2021-05-15 23:11:44",SALT,,aqua,af,,0.00,https://politicsandwar.com/img/imgur-old/173d0e2fd98a1c7dadf08f244780fd7e5e29ed30406.jpg
8576,"2021-05-17 11:37:15","Test Dummy Incorporated",Dummy,aqua,af,,0.00,https://politicsandwar.com/uploads/
8577,"2021-05-17 12:58:42","Heung Shing Corporation",HSC,aqua,af,https://discord.gg/uGXdCrZ8Sh,17188.78,https://politicsandwar.com/uploads/47dc0f39100b21e36f84c8e16db124adebb15d35500x497903.jpg
8582,"2021-05-19 03:44:26","The Arcane",,purple,af,,485.92,https://politicsandwar.com/uploads/1ee59cffd6fb78bba29b1a903e09109309b1c4d2500x281366.jpg
8586,"2021-05-19 22:14:29","Bad Company",,green,af,,12631.38,https://politicsandwar.com/uploads/e0398def67fa2dea329e74ef2e4dcfa692b4fc6d690.png
8594,"2021-05-21 15:55:19","Otaku Shougaku",OS,blue,af,https://discord.gg/DtM8GP8kXd,46625.12,https://politicsandwar.com/uploads/6fb16d823be9e4f8f734c3c1a04626d1c4071fec500x299823.jpeg
8596,"2021-05-22 02:08:16",vectored,,green,af,,0.00,https://politicsandwar.com/uploads/2fe08518e757a713006eafa1d23b711a0d04c499x767.jpg
8598,"2021-05-23 06:06:53","Money Revolution",,maroon,af,https://discord.gg/AyWWgZWT65,1845.34,https://politicsandwar.com/uploads/a2a631e63f72846f8c5af619a72608a87ffc79f8300x300323.jpg
8607,"2021-05-24 19:53:41","Concordian Entente",,white,af,https://discord.gg/cZWhbMRVdh,1233.11,https://politicsandwar.com/uploads/cb3cc517ceefafd231da96440e2552f85eb960f8500x285864.png
8616,"2021-05-25 05:37:20",HedgeFund,♙HEDGE,green,af,https://discord.gg/UWCYjd62NV,994.03,https://politicsandwar.com/uploads/3a161ec7fca34d7173873eaeb4dd1901fb16e504500x333394.png
8617,"2021-05-25 08:37:16","Free Palestine",Pali,white,af,,996.37,https://politicsandwar.com/img/imgur-old/f8780813dabb760f0ac92421e737f2abb40ab1a217.png
8621,"2021-05-25 17:29:27",Oragon,OGN,black,af,https://discord.gg/VYGhQMQgxe,1150.42,https://politicsandwar.com/uploads/491d1490ff7100f8e30d5daeee6ed176f48c1e78500x300471.png
8624,"2021-05-25 23:47:05",Wizards,,aqua,af,,4492.78,https://politicsandwar.com/uploads/0944af58a43f58e06d93bbc812756294005eec2b19.png
8625,"2021-05-26 06:20:31","Indian Association of Orbis Players",IAOP,aqua,af,https://discord.gg/ScvxqBkFdK,128.40,https://politicsandwar.com/img/flags/india.jpg
8631,"2021-05-26 18:11:05","Black Skies Naval Academy",BSNA,black,af,https://discord.gg/krffPvym2c,17854.35,https://politicsandwar.com/uploads/009a541836f5f5ca92d91e7677a955c1135f523c250x166192.jpeg
8634,"2021-05-27 04:34:13",Argenlet,,aqua,af,,345.71,https://politicsandwar.com/img/flags/betsy_ross.jpg
8635,"2021-05-27 04:42:23","The Dark Conclave",,olive,af,,352.01,https://politicsandwar.com/img/imgur-old/b104ce060d6d84a97dece130e63d84b3a6577563971.png
8649,"2021-05-30 00:36:52","Grand Imperial Federation",GIF,lime,af,https://discord.gg/2T9EW6Gp8z,72459.56,https://politicsandwar.com/uploads/68bfa059524279e35369a2d9d14c6b813fcfb187500x322648.png
8650,"2021-05-30 02:16:51",Wellington,WELL,blue,af,https://discord.gg/4NwpDyV3E9,6996.43,https://politicsandwar.com/uploads/1bfbfd55206b6f50b1abafa09a3a1088796a1cf5500x300182.png
8651,"2021-05-30 04:06:28","United Commerce Republic",UCR,blue,af,https://discord.gg/285PzvEbqE,43544.16,https://politicsandwar.com/uploads/81c427bce43293d96cfc1e852f72c4d549312b09x947.png
8653,"2021-05-30 16:24:04",AFT,AFT,green,af,,24095.50,https://politicsandwar.com/uploads/4694118f10d700e7c4b19f73fbd90e33d44fc234x985.jpg
8658,"2021-05-31 19:30:04","Union of Costal States",UCS,green,af,,1831.81,"https://upload.wikimedia.org/wikipedia/commons/4/41/Flag_of_Orlando,_Florida.png"
8660,"2021-06-01 16:02:13","The Alexandrian Council",,black,af,https://discord.gg/vrA8EW4sB5,1409.16,https://politicsandwar.com/uploads/ec918adba721e4197e0593f6945a69ae45944cb3500x333870.png
8666,"2021-06-02 11:29:25","Master and Commander",M&C,blue,af,https://discord.gg/gtRXvuR8,0.00,https://politicsandwar.com/uploads/e8bd50daac51a2319ed2a080542b8a94b795e0ac500x212861.png
8680,"2021-06-04 21:17:42",TARGARYEN,,black,af,https://discord.gg/PEsyV9m,2161.35,https://politicsandwar.com/uploads/cc0d5960a3ef5ded64e243a8652f33d35436ff89500x281547.jpg
8689,"2021-06-06 14:26:08",Arcanaeum,,black,af,,4718.88,https://politicsandwar.com/uploads/819117c77a5d07fe30a3f0da1f5b23e830ea6eb5296x300304.png
8696,"2021-06-07 15:24:52","The Peaceful Alliance",,green,af,,376.65,https://politicsandwar.com/img/flags/canada.jpg
8701,"2021-06-08 22:40:06",abcxyz,AZ,red,af,,813.82,https://politicsandwar.com/img/flags/default.png
8712,"2021-06-11 01:11:23","Angry Cats",Cats,olive,af,https://discord.gg/nhjQV6nZCJ,4044.65,https://politicsandwar.com/uploads/f2e0256fa1e46f58624e4766fe1d66e431463f77500x375849.jpg
8716,"2021-06-12 04:49:07","Standard Steel",Eses,red,af,https://discord.gg/Jpwc7xs3FR,4527.19,https://politicsandwar.com/uploads/fed9662a456d1d7f5a1802a2fc89d507b3984208500x460906.png
8723,"2021-06-12 18:32:19","Bermuda Triangle",MUDA,black,af,,11263.00,https://politicsandwar.com/uploads/f6ed1ba90c5fabab0d90c865713067542fe26b31x739.png
8730,"2021-06-14 22:05:09",caek,caek,yellow,af,,4871.62,https://politicsandwar.com/uploads/aab6d9fd92f66392c70c510e14117d4b72cd68fe298x300455.png
8734,"2021-06-16 08:05:45","EG 2",,pink,af,,287.50,https://politicsandwar.com/img/flags/betsy_ross.jpg
8738,"2021-06-17 17:37:33","Spetsnaz Mercenary","The METRO",red,af,https://discord.gg/HbcXwpyK,1290.95,https://politicsandwar.com/uploads/9ef52b3b8e657f5178a42070073bd2a4abff06b2314x300541.jpeg
8739,"2021-06-17 20:26:02",TUF,,red,af,,975.34,https://politicsandwar.com/img/imgur-old/d8c1a874f60de1a1b993163e84152484bdec5b72262.png
8743,"2021-06-19 00:46:56","Blankie Gang",BG,pink,af,,32825.72,https://politicsandwar.com/uploads/56894546795358aa17498fd4f0de2d49900b0dc9x667.png
8746,"2021-06-19 18:51:06",Bombardier,BOMB,white,af,https://discord.gg/RCmEGrQStU,2046.51,https://politicsandwar.com/uploads/0554b6a62d4cfddaecb948d3773d9d3020cf6c0e500x300362.png
8747,"2021-06-19 18:59:24","Axis Prosperity Union",,white,af,,860.28,https://politicsandwar.com/img/flags/europeanunion.jpg
8752,"2021-06-20 22:41:26","Coalition of the Freshest",,red,af,https://discord.gg/KKjEg6bs3a,1013.65,https://politicsandwar.com/uploads/f1594427fa5dc5ca0f42fe96a88d0762d04af127500x283937.png
8755,"2021-06-22 01:11:56",Dirty_Deeds_Done_Cheap,,aqua,af,,1791.88,https://politicsandwar.com/img/flags/texas.jpg
8762,"2021-06-24 20:39:20","Confederation of Nations",,aqua,af,,1049.90,https://politicsandwar.com/img/imgur-old/d33bdef049ea1efcc72a76ba005395ead45624ae697.png
8767,"2021-06-27 15:02:04","The Mandalorian Compass",TMC,purple,af,https://discord.gg/3MdhZwgqj6,46545.35,https://politicsandwar.com/uploads/79b8e2620d3835a6eddec16dbee2f12ef7a957c4500x262980.png
8771,"2021-06-28 20:07:02","Starfleet Command",,black,af,https://discord.gg/CXKstZDn2P,2141.43,https://politicsandwar.com/uploads/1d419773786bd1b954983d90f650691ad1c8d295500x28146.jpg
8774,"2021-06-29 15:28:59","Asian Co-Prosperity Sphere",,green,af,,1006.77,https://politicsandwar.com/uploads/37a1291a58a62f55ac452b681349779351165658500x375243.jpeg
8777,"2021-06-30 23:42:37",IKEA,IK,black,af,https://discord.gg/zF2Rx4AEq9,73246.34,https://politicsandwar.com/uploads/93de8e4d7d4d9c8848686ac45e737c86fcb78c44500x31242.jpg
8785,"2021-07-03 09:13:08","The League of Independence",,green,af,https://discord.gg/yXsErAem,1286.73,https://politicsandwar.com/uploads/cae86be0228c271173f053ac97ed15c8bb7b2461505.jpg
8788,"2021-07-05 01:21:19",CANZUK,CANZUK,red,af,https://discord.gg/mVaDzhtq,1976.78,https://politicsandwar.com/uploads/ef8e90011e051454da120e4d46ca29c8a67ed667500x260413.png
8789,"2021-07-05 03:57:09",AnitaHanjaab,,orange,af,,6042.12,https://politicsandwar.com/uploads/644f59da31bab10fbcc23169f3225b6a6b35105fx934.jpeg
8791,"2021-07-06 04:26:13","Xin xi",,red,af,,828.74,https://politicsandwar.com/uploads/5b507fa1149bf15f368da0358348cb66884a8b12x910.png
8799,"2021-07-09 08:34:26",Disney18+,D18+,lime,af,https://discord.gg/hVQBGZT5Cs,620.55,https://politicsandwar.com/uploads/21874a5d849396bc371b6006a647f0971abe10ec500x281185.jpeg
8800,"2021-07-09 15:21:51","Titoist Union",,maroon,af,https://discord.com/channels/863079045784272916/863079046492585986,485.41,https://politicsandwar.com/img/imgur-old/7f05a9ee05509e8a40e653ed33ca1da102ba30ee417.png
8803,"2021-07-09 21:10:21","USDF alliance",USDF,red,af,,1314.87,https://politicsandwar.com/uploads/2d3d885463442a3bbce76e19af30d7d6f10caf86x938.gif
8804,"2021-07-10 00:35:18",VooDoo,,green,af,https://discord.gg/58BJjFdaVX,60295.75,https://politicsandwar.com/uploads/379c11d79309771587fc465f4bbe951acd8d32b4500x281948.gif
8809,"2021-07-11 23:38:35",INTERKOSMOS,,red,af,,1029.18,https://politicsandwar.com/uploads/df0b06e6150cccaf53d0fa9fa672d5ba2d241af1500x250402.png
8810,"2021-07-12 06:10:51","Tricky Web",,lime,af,,936.39,https://politicsandwar.com/uploads/c6e925233c0a06991954c13b8a50cb18edeffc851000x499810.png
8814,"2021-07-14 21:00:22","Dumpster Diver",,green,af,,3434.30,https://politicsandwar.com/img/flags/armenia.jpg
8815,"2021-07-14 22:18:06","Diamond Forces",DF,aqua,af,https://discord.gg/sst3Pvj4XD,6151.66,https://politicsandwar.com/uploads/1d51a66b15e60d689bf7e628f2f79e44e05cdd00500x333158.jpeg
8818,"2021-07-15 08:51:42","Royal Trading Company",RTC,pink,af,,1007.36,https://politicsandwar.com/uploads/0968bedcabfcac5a97e0eb62ccbc8c715b70201d218x300613.jpg
8819,"2021-07-15 20:20:04","Sunray 1-1","\[T]/",black,af,https://discord.gg/EW32aJXQsr,102689.50,https://politicsandwar.com/uploads/1d669da0d5a19797d8fb5a218a82a502028e6149500x281591.jpg
8820,"2021-07-17 02:03:10","Pacific Federal Union",P.F.U,white,af,https://discord.gg/vUn69tug,25916.22,https://politicsandwar.com/uploads/ee07eeab4fee14eedc7e0169c7b3ce3e49b52755500x375428.png
8824,"2021-07-19 01:32:35","Western European Free Trade Alliance",WEFTA,white,af,,1616.02,https://politicsandwar.com/uploads/85c4bb2980de0042748e3b2a10c4fcae4d2e6cdc446x300508.png
8835,"2021-07-23 18:50:20","The Street",Street,maroon,af,https://discord.gg/TTH5VDeYMN,113569.04,https://politicsandwar.com/uploads/8b537c1f987cce36d98b1f2f5780a451dc26a28e500x333602.jpg
8838,"2021-07-24 04:17:17","Just a bank",,aqua,af,,1067.35,https://cdn.discordapp.com/attachments/442900043683332096/443503770748452864/es_flag.jpg
8840,"2021-07-24 15:15:07","Kings Ransom",,black,af,,1919.41,https://politicsandwar.com/img/imgur-old/ecae298217bb0247313e5e4d339715d9cd521c8a14.png
8841,"2021-07-24 16:18:40","Gold Crown Investments",GCIS,olive,af,https://discord.gg/tYAQXJmJx2,4815.00,https://politicsandwar.com/uploads/e86cb7690bcfdd930e7cbcf74cf9ea4cfd997a781000x562197.jpg
8846,"2021-07-25 05:58:11","Peace Alliance",P.E.A.C.E,white,af,https://discord.gg/gZefndyfHp,898.90,https://politicsandwar.com/uploads/869d0480b6d2e6e1e36b1ebb4bb67eec58ad83fbx952.jpg
8852,"2021-07-29 23:02:00","Elessar Institute of Financial Gain",,brown,af,,6493.96,https://politicsandwar.com/uploads/502e1d49e0a78976ab81892b87b21d182a6dcb8fx405.png
8854,"2021-08-01 14:04:02","The Noble Federation",TNF,white,af,https://discord.gg/Ek7zv4ZxAt,15962.47,https://politicsandwar.com/uploads/a32fa721727d9f16075e82629c8e1193feb888a9500x333640.png
8855,"2021-08-01 14:39:37","RA Republic of Almania",RA,black,af,https://discord.gg/fxqVpQNNSy,844.73,https://politicsandwar.com/uploads/b675ea131dbf5c9261be51519a197ccf599a1504x407.png
8856,"2021-08-01 21:49:55","The allied mercenary armys",,aqua,af,,379.19,https://politicsandwar.com/uploads/cae86be0228c271173f053ac97ed15c8bb7b2461505.jpg
8861,"2021-08-02 20:43:34","Los Pollos Hermanos",Chicken,maroon,af,https://discord.gg/kkVevrhNqK,24223.80,https://politicsandwar.com/uploads/22cc4af21e87cc47efd3642cf59033971ccc45d5500x300949.png
8864,"2021-08-03 15:58:53","Empire of the Romans",🏛,purple,af,https://discord.gg/j4ZEsK3jKQ,56928.69,https://politicsandwar.com/uploads/47b045f2937eb26801ba20c14fb306b436a9946d500x335495.png
8868,"2021-08-04 23:08:26","The Imperial Army & Aerospace Forces",IAAF7K,pink,af,https://discord.gg/PK9yK5M,1816.29,https://politicsandwar.com/uploads/18244bfed7077385b7b057233194e19bebc9560e466.png
8869,"2021-08-05 23:06:13",OnionGang,,green,af,,4427.34,https://politicsandwar.com/uploads/361637cc653a0d1bca6805ac6ae41f5b59fca25ex207.png
8870,"2021-08-07 05:42:30",Regius,REGIUS,black,af,https://discord.gg/dP9eumc4H2,2753.73,https://politicsandwar.com/uploads/c42f437fd7803280feb4ebd5235815bdd9615ba8x957.png
8877,"2021-08-11 01:34:12","Special Diplomatic Alliance",SDA,pink,af,,1360.09,https://politicsandwar.com/uploads/cae86be0228c271173f053ac97ed15c8bb7b2461505.jpg
8880,"2021-08-11 21:32:28","The Honor of Greninja",,green,af,,5503.08,https://politicsandwar.com/img/flags/israel.jpg
8881,"2021-08-11 23:22:43","The Great Kiwi Empire",,brown,af,,6005.59,https://politicsandwar.com/uploads/8fb774123409a353f1b5889cae2d6480202ecee0500x38759.jpg
8882,"2021-08-12 06:38:47","Somebody That I Used To Know",,black,af,,839.64,https://politicsandwar.com/img/flags/mongolia.jpg
8888,"2021-08-13 10:11:04",Winter,🦊,maroon,af,,5647.50,https://politicsandwar.com/uploads/3e7a5cf7a1a173c8187f2ba7683400184f5dc819x423.png
8889,"2021-08-14 02:03:59","Vanguard Alliance",VA,yellow,af,https://discord.gg/t4YbYMrScY,2263.66,https://politicsandwar.com/img/flags/sovietunion.jpg
8892,"2021-08-14 18:03:05","Yeezy Season",YSZN,green,af,,1001.44,https://politicsandwar.com/uploads/18672aab9dedad8928b42fa60a2e8e82546c27c9250x250949.png
8893,"2021-08-14 19:13:14","The Eternals",Eternals,red,af,,1548.51,https://politicsandwar.com/uploads/000ff72efc18fd06506692794a46491a7a19f777x262.png
8894,"2021-08-14 19:31:42","Greasy Petes Greasy Meats",,olive,af,,8921.80,https://politicsandwar.com/uploads/5360913b60811bfad4c88338e03db4c4c6db9e49979.png
8896,"2021-08-15 21:47:52","Int Aeronautical Space Alliance",I.A.S.A,white,af,https://discord.gg/9qDEsFxHD7,11887.28,https://politicsandwar.com/uploads/049d39c4fe034fc9e41febfa3b229aec206402d6300x300600.jpg
8899,"2021-08-16 18:09:58","Federated States of Orbis",FSO,white,af,https://discord.gg/FbjJnx37ea,123701.68,https://politicsandwar.com/uploads/d31ac957e405ffd4ae2f551a5c8df955ef95d977500x300371.jpg
8900,"2021-08-17 20:31:54","Admin Alliance",,aqua,af,,850.20,https://politicsandwar.com/uploads/37ca458b5444264e04dc8d7fcd0d77e46d03eecfx3.gif
8906,"2021-08-18 05:57:37",DEFCON-5,DC5,red,af,https://discord.gg/bVGSSCVjmg,7773.77,https://politicsandwar.com/uploads/7645ccf4d520d01b3e8dcff63e7d2ea4959faa7f250x320748.gif
8907,"2021-08-18 07:48:45","What is This",,maroon,af,,7549.18,https://politicsandwar.com/uploads/3d78f74319e8aa8dcace419a5a13bffe101059bc44.png
8911,"2021-08-18 20:54:29","the axsis",T.A.,purple,af,https://discord.gg/DAWAxZkX7K,7950.53,https://politicsandwar.com/img/imgur-old/d33bdef049ea1efcc72a76ba005395ead45624ae697.png
8912,"2021-08-18 22:29:00","HEAVENS GATE",HG,red,af,,18194.54,https://politicsandwar.com/uploads/d04ede12d9cb1c58c7f6c780d3e443713bd8bed9x152.png
8920,"2021-08-19 23:32:35",Dunkirk,,green,af,,13441.83,https://politicsandwar.com/img/flags/americansomoa.jpg
8923,"2021-08-20 00:23:47","The Soul Society",,white,af,,1000.51,https://politicsandwar.com/img/imgur-old/bc0d4e40ed2b8f89a514c7ed0e6cb5c7660b46c3375.png
8926,"2021-08-20 02:34:45",Gallowglass,,maroon,af,,10049.20,https://politicsandwar.com/uploads/1879c42868e24115dfad9204c812d002bddc96ca500x331191.jpg
8927,"2021-08-20 16:29:49","East India Company",,green,af,,16459.18,https://politicsandwar.com/uploads/2917d3b080657bb550877b494376042213383a04500x295792.png
8928,"2021-08-20 17:23:08","Blame Atlan Season 3",,olive,af,,5427.96,https://politicsandwar.com/uploads/f4bf01cfaa44f46b40f9d34588f0075907d29ae1500x293481.png
8934,"2021-08-22 08:51:20",Excalibur,,maroon,af,https://discord.gg/Xtm5f8FWuA,5612.66,https://politicsandwar.com/uploads/acfe6fcecf4130609473361d7792a27c361110df136.jpeg
8935,"2021-08-22 09:44:38","J & K",,green,af,,3017.18,https://politicsandwar.com/uploads/8bd08f69fa6486949269c7dacd13c6ddc716a804500x257639.jpeg
8938,"2021-08-22 19:31:37",Medicare,OLD,green,af,,9307.41,https://politicsandwar.com/uploads/ba9edb53cedc6b2dfba01e90d48f97d552c0e16e500x233977.jpg
8940,"2021-08-23 08:35:50","Grand Lynx Alliance",GLA,red,af,https://discord.gg/fA79jJ66yR,3916.35,https://politicsandwar.com/uploads/99256ef62c31fcc48b5450a046b25f84b433112e500x300190.png
8948,"2021-08-24 15:14:24","Farmer Warrior",,green,af,,1041.20,https://politicsandwar.com/img/flags/taiwan.jpg
8951,"2021-08-24 20:34:05","Give it a go",,orange,af,https://discord.gg/R7CYw8RC,0.00,https://politicsandwar.com/img/flags/greatbritain.png
8952,"2021-08-25 00:36:13","Social Security",,green,af,,5744.75,https://politicsandwar.com/uploads/2d31c9d1da4193052306dc8e94e5f9b89c24cebe500x286391.jpg
8956,"2021-08-25 20:59:56","A1A Car Wash",,maroon,af,,2293.71,https://politicsandwar.com/uploads/3a5a35645747f95f24297fdeac8165ce9734bfd4x455.jpg
8964,"2021-08-27 12:25:10","Arasaka Corporation","Arasaka Co",aqua,af,https://discord.gg/KABVC9rX2C,13423.77,https://politicsandwar.com/uploads/d909a5ddc0d16222d432652baab71c06ec9b4ef6500x281661.jpg
8967,"2021-08-27 19:17:09","Chocolate Factory",,pink,af,,2844.09,https://politicsandwar.com/uploads/b39101c1f27266ef165188c23f6298d15e515d3d992.png
8970,"2021-08-28 00:02:32","Notorious Outlaws",NO,yellow,af,https://discord.gg/hXRS9s4vkr,35809.03,https://politicsandwar.com/uploads/4615c5948051239b49e1c9f29f9ca66f06c8d025425x300843.jpg
8972,"2021-08-29 00:02:41","Brotherhood of Flames",TBF,aqua,af,https://discord.gg/BRQ7muzmVr,3976.45,https://politicsandwar.com/uploads/cae86be0228c271173f053ac97ed15c8bb7b2461505.jpg
8973,"2021-08-29 00:06:04","Potato Storm",PotS,olive,af,,3696.65,https://politicsandwar.com/uploads/c6b566fe4697c014c5c1b495e78492c826bc91df500x287871.jpg
8981,"2021-08-30 16:30:40",Amazon,AZ,maroon,af,https://discord.gg/U73K87qA,658.25,https://politicsandwar.com/img/flags/africanunion.jpg
8984,"2021-08-31 01:17:04","Not A Scam",NAS,green,af,,6292.09,https://politicsandwar.com/img/imgur-old/fb81e17faa48ee979da7b211360273215585ea99239.png
8990,"2021-08-31 23:39:47","Pax Pacifica",,pink,af,,1706.75,https://politicsandwar.com/uploads/34abbc460f14136af632f6a0b781a480aefb3aca1000x500673.png
8992,"2021-09-01 02:03:37","Honorable Harambe",,green,af,,14126.55,https://politicsandwar.com/uploads/9fff6a0ce5e0a0b51b1b20b773dd5e80668bf66a311.gif
9000,"2021-09-01 02:53:36","The Hand of Fate","The Hoff",maroon,af,,5158.08,https://politicsandwar.com/uploads/4ef622a1906c6cdb36a1bba4c364d96143d1d14b500x300315.png
9002,"2021-09-01 13:43:29",Lusitania,,olive,af,,1828.92,https://politicsandwar.com/img/flags/bangladesh.jpg
9003,"2021-09-02 00:21:02","banco de azotes",,black,af,,4061.33,https://politicsandwar.com/img/imgur-old/917568acf2b88122f2e687d5bcfe41c8db855e95744.png
9006,"2021-09-03 00:22:02",Lynx,,orange,af,,1746.28,https://politicsandwar.com/img/imgur-old/6fae4cb1c426376e13fdb6301430be39a6b45109513.png
9008,"2021-09-03 11:10:41","Rohan riders",,orange,af,,5072.27,https://politicsandwar.com/uploads/bec8517f3817506eb9770363389c044b0c74c53b1000x666733.jpeg
9009,"2021-09-04 10:21:40","Ice Cream and Waffles",,green,af,,217.44,https://politicsandwar.com/uploads/94336da3250ec804e29beaac35ba8281e33f6b01500x277254.jpg
9010,"2021-09-05 01:06:56","The Collective",TC,blue,af,https://discord.gg/YFEXEpwRwy,4085.43,https://politicsandwar.com/uploads/73fb3d445ccc6b113de4fc58866689bf8ef01628250x167364.png
9011,"2021-09-05 03:07:18","Rio Socialist Republic",,aqua,af,https://discord.gg/YPafPQC7qy,3137.18,https://politicsandwar.com/img/flags/sovietunion.jpg
9012,"2021-09-05 19:48:39","definitely not rohans bank",,orange,af,,4735.53,https://politicsandwar.com/uploads/1359fc81186c59837d104c50849059f6444a61b6x847.png
9014,"2021-09-06 08:59:07","House North",HN,green,af,,9872.18,https://politicsandwar.com/img/flags/unitedstates.jpg
9015,"2021-09-06 10:42:33",Tamilnadu,,green,af,https://discord.gg/VZjeZuzu,2277.62,https://politicsandwar.com/img/flags/india.jpg
9018,"2021-09-06 22:27:29","Nerdys Empire",NE,maroon,af,,3504.70,https://politicsandwar.com/uploads/8faa7de9b97f98aa3441056d443dcfce2a3300761000x562234.jpg
9019,"2021-09-07 00:21:34","Imperial Army",IA,aqua,af,https://discord.gg/YU6N2Xy9U8,1235.49,https://politicsandwar.com/uploads/5f20c1af37dd6685e7d0ed9699304f05f91c53cbx105.png
9022,"2021-09-07 17:48:25","The CommonWealth of the Outlaws",CWO,yellow,af,https://discord.gg/hXRS9s4vkr,3325.31,https://politicsandwar.com/uploads/fcdbd7b3797a0d3acc0b262f62833fe82a46a954425x300590.jpg
9023,"2021-09-07 23:51:20","Lisa is best waifu",,pink,af,,4020.35,https://politicsandwar.com/uploads/f5ac62008aa9682620fa84934ee506655fe720cb1000x600227.png
9024,"2021-09-08 02:55:42","Comintern of Icropolis",,red,af,https://discord.gg/CMyquqzHrv,3017.93,https://politicsandwar.com/uploads/3c0380146e62fc336a8daa9f98ee6d256a4511d1500x334629.png
9025,"2021-09-08 03:18:42","Republic of Havana",,red,af,https://discord.gg/MWp3Vd6ACj,295.02,https://politicsandwar.com/uploads/145435219b4a48ff855cfb7669f11ed7c5940484500x250351.png
9027,"2021-09-08 13:30:10","A Group of Nations",,aqua,af,,2096.04,https://politicsandwar.com/img/flags/texas.jpg
9028,"2021-09-08 15:36:17","Mosque Of Molecules",,green,af,,12109.50,https://politicsandwar.com/uploads/011856fc5ec2da0d5a9df9c5223054686af259ba165.png
9029,"2021-09-08 19:37:10","vyprask banka",,black,af,,2395.09,https://politicsandwar.com/img/imgur-old/917568acf2b88122f2e687d5bcfe41c8db855e95744.png
9031,"2021-09-09 00:33:31",MDC,,orange,af,,8707.64,https://politicsandwar.com/uploads/b58f66784e30e0df2075f8738b6649aa08cee1b2x783.jpg
9032,"2021-09-09 00:57:19","NEW SITH EMPIRE",NSE,orange,af,,1172.73,https://politicsandwar.com/img/flags/malta.jpg
9033,"2021-09-09 01:10:23","Witches Crew",WC,red,af,,3195.70,https://politicsandwar.com/uploads/6ff6990d9c3f9dac16c795359b2bce95b43a7021500x270452.png
9034,"2021-09-09 10:31:21","The Firestorm Pact",,aqua,af,,1321.05,https://politicsandwar.com/img/flags/betsy_ross.jpg
9035,"2021-09-09 15:52:30",Shuba66M,,green,af,,17458.15,https://politicsandwar.com/uploads/d9d4313b17ac1740802246619963e289ea4ec12ax256.gif
9036,"2021-09-10 00:34:14","Jackfruit Stand",JFS,green,af,,12414.18,https://politicsandwar.com/uploads/1638d0632ae76bfb5d49c1f27836e58be26b366d425.png
9038,"2021-09-10 05:58:58","Based White Doge",,purple,af,,2869.60,https://politicsandwar.com/uploads/ae8cb60ddb6e78b6d7ff1bfb5e29ebdaf175a3dc300x300583.jpg
9039,"2021-09-10 14:03:20","The Millennial Global Empire",MGE,aqua,af,https://discord.gg/adxzfAYn9m,1558.63,https://politicsandwar.com/uploads/237b92ed217dd2d2b1bef209c0ae4cf1001dab761000x600719.jpg
9040,"2021-09-10 18:30:53",Shuba100M,,green,af,,6788.94,https://politicsandwar.com/uploads/3f25c09fee2b703225a9910afa272eb35302252313.jpg
9041,"2021-09-10 20:22:55","The Cosmic Entente",,blue,af,https://discord.gg/eXXyuYpX9y,4056.50,https://politicsandwar.com/uploads/1cf4e2a44499fbe258689dbdcf15c5c16a783c8f500x300283.png
