﻿alliance_id,date_created,name,acronym,color,continent,discord_server,score,flag_url
615,"2014-08-05 12:32:17","Seven Kingdoms",SK,orange,Ar,https://discord.gg/3uCF26s,198252.69,http://i.imgur.com/XKdkjWy.png
619,"2014-08-05 19:39:15",Guardian,Guardian,pink,Ar,https://discord.gg/wFbUzM2,193407.02,https://politicsandwar.com/uploads/12d88e7d23af85386a971eea9df7713cdb6bbbb0251.png
622,"2014-08-06 13:37:26","United Purple Nations",UPN,purple,Ar,https://discord.gg/xJydguN,119346.30,https://politicsandwar.com/uploads/9c2f617ca57928326bafa29f73d0eb316f5b0ad2992.png
623,"2014-08-07 10:12:02",Acadia,Acadia,aqua,Ar,https://discord.gg/9wKzZbU,8226.03,https://politicsandwar.com/uploads/53a996d6308d048c5ad0b73e8897545657b86834773.png
770,"2014-10-26 13:21:40",Taith,𒀭,red,Ar,https://discord.gg/FGS7jr7,27783.03,https://politicsandwar.com/uploads/1a94f8cf937d2379e687bf351912c037e8776d87778.png
790,"2014-11-04 23:13:16",Rose,🌹,pink,Ar,https://discord.gg/Fp5Ngqg,541083.37,https://politicsandwar.com/uploads/d4b2da02c4d59caa097c585e0d0860ffce9b83ec924.png
831,"2014-11-21 17:26:29","The Syndicate",t$,green,Ar,https://discord.gg/FZqJY5m,450258.60,https://politicsandwar.com/uploads/780edd2c1bd0d90a78809c4286a6324be19f3584563.png
866,"2014-12-08 09:18:04","Guardians of the Galaxy",GoG,lime,Ar,https://discord.gg/DVGzNXM,0.00,https://politicsandwar.com/uploads/111dd01422c16de66f4d06040c7451118efd002b957.png
877,"2014-12-12 23:23:13","Black Knights",BK,black,Ar,https://discord.gg/9h2XQjb,145870.81,https://politicsandwar.com/uploads/fa538e80008c1ba940ef63e1b6adda9132d78982384.png
913,"2014-12-19 14:34:25",Arrgh,Arrgh!,black,Ar,https://discord.gg/jCAQFtJ,82762.92,https://politicsandwar.com/uploads/da8f940c0ae360313f13c39318599aa61d0ffe7d332.png
1023,"2015-01-26 15:22:05","The Fighting Pacifists",TFP,white,Ar,https://discord.gg/5yT5tWS,374668.02,http://i.imgur.com/hjiQ77d.png
1210,"2015-03-21 22:52:21","World Task Force",WTF,maroon,Ar,https://discord.gg/3AXHN5B,174423.45,https://politicsandwar.com/uploads/2566405da0489fb2dbed1860616fad04003c961b738.png
1246,"2015-03-29 20:09:40",Farkistan,FU,blue,Ar,https://discord.gg/HDjRySg,180491.40,https://politicsandwar.com/uploads/100fe13335b6c085e46e699bf8d856d1ee996207315.png
1280,"2015-04-08 19:16:27",Alpha,Alpha,green,Ar,https://discord.gg/keUvfs9,38288.93,https://politicsandwar.com/uploads/3adc6997105a98d4b1b7e7b726b7a7ab8ec52d59565.jpg
1584,"2015-06-29 17:25:50","The Knights Radiant",TKR,orange,Ar,https://discord.gg/t7dzPAV,573294.82,https://politicsandwar.com/uploads/000cecc6e50fe5f5d651440983d1990c360fb2b9813.png
1634,"2015-07-13 22:58:28","Solar Knights",SKN,pink,Ar,https://discord.gg/JhJt5j5,54490.27,https://politicsandwar.com/uploads/b7b56f0839df94b30a4b5e5ca4b28603be635e0f288.png
1723,"2015-08-08 02:13:24","TRUMP 2016",TRUMP,pink,na,,101.97,http://i.imgur.com/tBjWTts.jpg
1742,"2015-08-14 18:32:07","The Wei",TW,lime,Ar,https://discordapp.com/invite/B7rpfvx,83788.36,https://politicsandwar.com/uploads/6e49be2dfd3376f8d65004190cef44c14a6fb0a2392.png
1896,"2015-10-05 16:50:32",Pantheon,🏛,yellow,Ar,https://discord.gg/ByPUWzD,119753.30,https://politicsandwar.com/uploads/e69eb6b075eba6852a1f02628b176ea8986dee45466.jpg
2082,"2015-12-01 16:15:42","New Pacific Order",NPO,brown,Ar,https://discord.gg/AQMFg2A,8820.16,https://politicsandwar.com/uploads/f6d9d9cd426226b55504e8fe7c941c10cb7eb6ba700.png
2358,"2016-02-16 19:50:46",Polaris,,blue,Ar,https://discord.gg/XkymPz2,113710.42,http://i.imgur.com/J18OLaK.png
2510,"2016-03-20 06:51:10","Order of the White Rose",OWR,olive,Ar,https://discord.gg/NcugYxp,94470.75,http://i.imgur.com/A5Fh27v.png
2594,"2016-04-04 10:01:03","United Socialist Nations",USN,red,Ar,https://discord.gg/C3jRe39,79954.00,https://i.ytimg.com/vi/CWk2uqpBNkc/maxresdefault.jpg
3339,"2016-09-23 00:04:24","Grumpy Old Bastards",Grumpy,green,Ar,https://discord.gg/8BZztQQ,278463.42,https://politicsandwar.com/uploads/c3c6b42d867ffd38eafedaf07cdfda4469e82998454.png
3427,"2016-10-07 17:28:42","The Commonwealth",tCW,green,Ar,https://discord.gg/zEDgQVR,339531.28,https://politicsandwar.com/uploads/ea71d5a76ba714fe5ded84920455091f2d77c782910.jpg
3554,"2016-10-22 11:20:03","One is the loneliest number",Lonely,lime,Ar,https://discord.gg/8npsj67,9435.87,https://politicsandwar.com/uploads/1e49178196abe3b9f6411b663b515dcf2620fc5b946.jpg
3669,"2016-11-07 01:52:19","Spanish Armada",SA,green,Ar,,66885.30,https://politicsandwar.com/uploads/79a21cf6e2949a17d5424bcf822b8593da92ae1b795.jpg
3683,"2016-11-08 20:24:05","House Stark",HS,olive,Ar,https://discord.gg/eVRjDy6,131095.01,https://politicsandwar.com/uploads/45240f432822b89dadf80c2599f61da750c9fa87807.png
3940,"2016-12-20 00:38:26","The United Empire of ZahAharon",TUE,purple,Ar,https://discord.gg/yZmr9av,4360.23,https://politicsandwar.com/uploads/5ba2f1328cb1211b742c91c72d9c34db1248101b489.png
4124,"2017-02-01 17:00:43","Knights Templar",KT,pink,Ar,https://discord.gg/Jd2bu7f,99611.43,https://politicsandwar.com/uploads/5a391e000e78255c8e76aa5196bd78dab5d98f08845.jpg
4137,"2017-02-23 20:46:46","United Alliance for Freedom",UAF,olive,Ar,,7371.34,http://i.imgur.com/GfV4IMw.png
4144,"2017-03-10 00:36:03",Akatsuki,AK,maroon,Ar,https://discord.gg/z2Ztdh5,3858.36,https://politicsandwar.com/uploads/24e95e1ff1ccae75e96069fff83d122b56b098fb142.png
4149,"2017-03-17 18:06:30","Church of Spaceology","Evil Bo",purple,Ar,https://discord.gg/7rQ5vfY,0.00,https://politicsandwar.com/uploads/319e04377bdb89d51581adcfe8401563cd82f61a651.jpg
4150,"2017-03-19 10:05:19",Yarr,GOLF,black,Ar,https://discord.gg/cbF74Dg,92130.55,https://politicsandwar.com/uploads/27b263414c1138cbe1ffcc942dd2bf15345bde5579.jpg
4205,"2017-05-10 18:55:22","Cosa Nostra",CN,brown,Ar,,307.61,http://i.imgur.com/HV4YeBo.jpg
4209,"2017-05-20 00:40:25","The Scottish Empire",TSE,white,Ar,https://discord.gg/X5fWTvJ,631.03,http://i.imgur.com/zKa0hIt.png
4221,"2017-06-11 12:22:29","Dark Brotherhood",DB,black,Ar,https://discord.gg/Uyn3m5D,104547.71,http://i.imgur.com/bVIy4Aj.png
4271,"2017-08-09 02:18:58",Oblivion,shite,green,Ar,,50872.90,https://politicsandwar.com/uploads/a8910306b92fbce80d563dd429150b593f7cc575102.jpg
4323,"2017-10-11 01:22:11",Horsemen,THM,lime,Ar,https://discord.gg/hyMZjtg,6229.68,https://politicsandwar.com/uploads/3fd928c9f764b651d4719533d04ad5536ee3407e873.jpg
4397,"2017-12-10 03:25:36","Strickland Propane",Strickland,brown,Ar,https://discord.gg/SFEpZNf,40296.17,https://politicsandwar.com/uploads/ba583ba7e8f3f89db42b67d2335ee26a403e80a4879.png
4451,"2018-01-03 04:51:53","Riad NWO",,black,Ar,,539.70,https://politicsandwar.com/img/flags/poland.jpg
4468,"2018-01-07 07:22:03","Purple Flower Garden",ðŸŒ¸,green,Ar,,16416.50,http://i.imgur.com/Vy1LEjO.png
4567,"2018-02-23 02:31:21","The Golden Horde",TGH,blue,Ar,,4395.00,https://politicsandwar.com/uploads/0c2ce4037c47587bc3f2cb008800b6821f0850d7382.png
4568,"2018-02-23 08:41:56","Outer Heaven",OH,black,af,https://discord.gg/EdbQAyq,0.00,http://i.imgur.com/0mLi9cL.png
4623,"2018-03-18 07:10:01","The Empire of the Moonlit Sakura",7K,green,Ar,https://discord.gg/BHtwcHg,4727.95,https://politicsandwar.com/uploads/77a7d97093ba2365abccad3f88475c9d2769678584.jpg
4638,"2018-03-21 05:20:16","The Federation",TF,blue,Ar,https://discord.gg/DHT6kgc,122295.60,https://politicsandwar.com/uploads/bb7d4269a0b1df30032995f5d901db110a16bf73205.png
4648,"2018-03-22 22:26:01",Aurora,AUR,brown,Ar,https://discord.gg/ghbQ5QY,154025.87,https://politicsandwar.com/uploads/b205d2a8dc98b1b032c54b01ef8a8d990647342394.png
4729,"2018-04-13 22:07:21","Church Of Atom",CoA,green,Ar,https://discord.gg/DCQsEuf,108791.31,https://politicsandwar.com/uploads/f1d5d67864973a4e9b2e0a6eed767190f0caaad791.png
4829,"2018-05-05 16:54:12","The Enterprise",e$,brown,Ar,https://discord.gg/UPuqa8s,137568.52,https://politicsandwar.com/uploads/b84d8251db221bbff2858993eac70cb0ed01e4ca68.png
4878,"2018-05-18 02:10:14","The Boys",TCJ,blue,Ar,https://discord.gg/rF2Urk9,1593.88,https://politicsandwar.com/uploads/9d2ff4785f3086121806003654d6b993578b26fc424.jpg
4890,"2018-05-27 15:22:47",OMERTA,(-o-),lime,Ar,,0.00,https://politicsandwar.com/uploads/4ca952cb63fbace10519da124fa76ffcd01d5ecc420.jpg
4899,"2018-06-01 03:46:32","The Covenant",COV,blue,Ar,https://discord.gg/JGKWFGm,0.00,https://politicsandwar.com/uploads/a949557a071f473afc7ad8090913edf660452c4e470.png
4937,"2018-07-13 09:44:55",Camelot,CAM♞,maroon,Ar,https://discord.gg/9eNvpHZ,324340.98,https://politicsandwar.com/uploads/b3d61fc60a5916500da4142015bb2095b602af1f730.png
4950,"2018-07-29 01:00:22","Silver Tongue",ST,white,sa,https://discord.gg/PAvdQNz,0.00,https://politicsandwar.com/img/flags/mars.png
5012,"2018-08-19 21:19:31","Respublica Romana",R&R,brown,Ar,https://discord.gg/rUJyB4U,82702.83,https://politicsandwar.com/uploads/75419e02242dae826362287161c9bcaa242c0763526.jpeg
5039,"2018-09-09 00:20:10","Goon Squad",GS,green,Ar,https://discord.gg/uJGwKCK,19810.93,https://politicsandwar.com/uploads/f62cf330574ddc0dbd044b54a721efcbbef2d145647.jpg
5049,"2018-09-17 19:17:51",Carthago,CTO,olive,Ar,https://discord.gg/kxM7V3V,174805.10,https://politicsandwar.com/uploads/54731dc08dba92f284781e9c0931743d63ae3ed3605.png
5121,"2018-11-03 08:30:55","Lannister Mausoleum",,maroon,as,,0.00,http://i.imgur.com/BxzJyOs.jpg
5205,"2018-12-09 09:47:39","The Hanseatic League",tCW,lime,Ar,https://discord.gg/DuwzX8B,4585.00,https://politicsandwar.com/uploads/05e19acf3418b968780a7f40aface192a17288fd915.jpeg
5214,"2018-12-14 16:59:51","Code of Honor","Dr. Love",brown,Ar,,923.06,https://politicsandwar.com/uploads/39fe6365ef059ce90ad2047efa52bf9118445839497.jpg
5217,"2018-12-16 17:46:54",SHIELD,SLD,black,Ar,https://discord.gg/wYtDrdv,0.00,https://politicsandwar.com/uploads/90fecee6e5cc027f60635e243de17a7408720071244.png
5233,"2018-12-25 06:40:57","The Center Of Offbeat Powers",COOP,orange,Ar,https://discord.gg/DdkaPpg,0.00,https://politicsandwar.com/uploads/6b6ae6e0a1e07b20b125d7d3242c6dadb417a295366.png
5267,"2019-01-15 16:19:14","United Maharlika Empire",Maharlika,red,Ar,https://discord.gg/xVMW3D2,0.00,https://politicsandwar.com/uploads/8f687958bdc2d2187bb521ad7f4013a4d3146ab7844.jpg
5303,"2019-02-02 11:13:21",Peace,,green,Ar,,35.68,https://upload.wikimedia.org/wikipedia/en/thumb/b/be/Flag_of_England.svg/800px-Flag_of_England.svg.png
5326,"2019-02-16 00:24:08","The United Armies",UA,red,Ar,https://discord.gg/uwdckJs,103304.33,https://politicsandwar.com/uploads/1649d4bf8159717bb2b5590c179a68f81486809463.png
5343,"2019-02-25 01:03:00",Kazoku,KZ,yellow,Ar,https://discord.gg/HjfXc6H,862.80,https://politicsandwar.com/uploads/aa496341ce8393fa53c3e1c59e4b2586a47eecc2533.png
5362,"2019-03-09 19:02:44",Reichspakt,RST,yellow,Ar,https://discord.gg/88xKJzy,0.00,https://politicsandwar.com/uploads/db278eb29ddf23ce64bc1297375cf918c139c564667.png
5400,"2019-03-22 10:21:10","Nous Voyons",NV,white,Ar,"https://discord.gg/Msg1stWatch,Idiot",0.00,https://politicsandwar.com/uploads/f75fa29f77e397f40e45eba123f404e2cdc9d953995.jpg
5432,"2019-04-10 02:14:42","Monarchist Axis of States",MAS,red,Ar,,0.00,https://politicsandwar.com/uploads/57b045c66bbedb0c897502f9d0cb3c7f6d0fe8e04.png
5436,"2019-04-12 21:37:17","The Global Union",TGU,white,Ar,https://discord.gg/q5SdUhz,3253.87,https://politicsandwar.com/uploads/3b427c9bb612872c771df027222b2b4ddd7ca5bd866.png
5453,"2019-04-21 12:40:37","un -united nations",UN,brown,Ar,,0.00,https://politicsandwar.com/uploads/de910c3e4ec346ee3ef8b79dfab9db239f5b8883581.jpg
5455,"2019-04-22 21:48:50",Vanguard,VNG,black,Ar,https://discord.gg/qkT4taP,0.00,https://politicsandwar.com/uploads/46c1e2c2ac4774864c4dbe596127f258b5109cd3392.jpg
5476,"2019-05-06 16:50:03",Weebunism,🌸,blue,Ar,https://discord.gg/VMxbrMR,123631.82,https://politicsandwar.com/uploads/badca03d73976eeed1f275a3d8767322d359d8a2214.png
5481,"2019-05-08 11:43:45","Schrute Farms",SF,blue,Ar,https://discord.gg/AHKn4Nu,248657.88,https://politicsandwar.com/uploads/93cba0abb48afc5ca550f09dec7adc3108a8099f417.gif
5491,"2019-05-11 04:07:07","Si Hong",SH,red,Ar,https://discord.gg/TKJbwyJ,1210.23,https://politicsandwar.com/uploads/730a1b5c50be58d2343759c9a83863bd96059c58125.png
5556,"2019-05-31 10:14:30","The Socialist State Alliance",,black,Ar,,0.00,https://politicsandwar.com/uploads/9a82d59de04d245af8ed27a10cb5a1e7a21b921c766.png
5592,"2019-06-06 20:17:54","The Co-Prosperity Union",CPU,blue,Ar,https://discord.gg/BnzdHTb,833.50,https://politicsandwar.com/uploads/fd796d900ca3403eef8a8ee805c3e26fd211d3df836.jpeg
5608,"2019-06-11 22:24:00","Fix The Damn Game Sheepy",,orange,Ar,,7182.39,https://politicsandwar.com/uploads/58ca4deeb48169c11517a28b77a11c84804b37fd201.png
5618,"2019-06-16 22:46:48","The UnOriginals",UMCR,aqua,Ar,https://discord.gg/Wrk278u,0.00,https://politicsandwar.com/uploads/a02a6fcb8ba30c5a362042af0d77ba164d84dece914.png
5648,"2019-06-21 10:07:26","Repubblica Fiorentina",RP,purple,Ar,,0.00,https://politicsandwar.com/img/flags/italy.jpg
5658,"2019-06-23 00:17:04","Unforgiven Legion",U.L.,olive,Ar,https://discord.gg/Wjek998,36453.76,https://politicsandwar.com/uploads/042321cca3f71b92cf4a57e5c77e3a113dbfd298868.png
5679,"2019-06-29 06:49:14","The Radicals",tR,black,Ar,https://discord.gg/HjZNvK6,1412.98,https://politicsandwar.com/uploads/3df80c7707dc09241d4444d29db97f0a10d5d2c6567.png
5696,"2019-07-02 19:31:19","Brotherhood of Steel",BoS,lime,Ar,,0.00,https://politicsandwar.com/uploads/70ac29c208df7411d9faf8938b67b219cd5c0378688.png
5707,"2019-07-04 08:06:34",Spartans,Spartans,pink,Ar,https://discord.gg/jdK57Ua,0.00,https://politicsandwar.com/uploads/dd909803aefdd6051c389e173db2f6649cf084ad454.gif
5722,"2019-07-07 20:31:40","The Ampersand",&,blue,Ar,https://discord.gg/RqWDk5Q,158268.42,https://politicsandwar.com/uploads/213f54a192871dc78b251bab9023eafe84f19a8b85.png
5731,"2019-07-11 14:23:41","Abdul Fakkadi Super Alliance",AFSA,lime,Ar,,796.81,https://politicsandwar.com/uploads/876cc74ccfff4c4705ebd8edad9d930f0610bbe1610.jpg
5735,"2019-07-12 10:10:05",Demacia,DEM,olive,Ar,https://discord.gg/Jhw3gqF,519.52,https://politicsandwar.com/uploads/811bba955c118239571e0e95f0d0c31f079f507c328.png
5750,"2019-07-15 03:34:25","The Crimson Entente",TCE,red,Ar,https://discord.gg/TTtAQhx,0.00,https://politicsandwar.com/uploads/5dcf57f509c31b9ce6581efccb1fff36a8e3fea6231.png
5767,"2019-07-18 01:44:58",Haven,HAVN,black,Ar,https://discord.gg/vhehBpF,0.00,https://politicsandwar.com/uploads/b6e096593df78caa99c01b2ac5aa545b765b89ca986.jpg
5796,"2019-07-22 00:48:26",Atlantis,ðŸ”±,aqua,Ar,https://discord.gg/eFTs7uR,0.00,https://politicsandwar.com/uploads/cf30a6de0dc187d67c51e9074f2b6e5688260560189.jpeg
5817,"2019-07-25 19:08:19","The Cardassian Union",,green,Ar,,0.00,https://politicsandwar.com/uploads/1cee44082fe03d222739cde6727978d8f7755ed8989.png
5875,"2019-08-04 19:30:43","The Immortals",IMMORTALS,yellow,Ar,https://discord.gg/8w5mHFe,438687.31,https://politicsandwar.com/uploads/5755c0d230b4bda36a9b41f16b78e04aed0a1ec7839.png
5947,"2019-08-16 18:37:55","Major Leek Baseball",MLB,green,Ar,,0.00,https://politicsandwar.com/uploads/e94e8c256ed882c049145a19b114ccb64d9c416a102.png
5968,"2019-08-20 01:15:22","Green Protection Agency",OCTAVIA,green,Ar,,1829.37,https://politicsandwar.com/uploads/ace09ba9e6759c7f52603ca86a0903a6573b5c9e64.png
5970,"2019-08-20 09:05:12","Shadow Squad",,black,Ar,,0.00,https://politicsandwar.com/uploads/54852ea15edbcc8f515af04fc224284bc15ed804812.png
6034,"2019-08-28 13:49:40",Mehh,Mehh,white,Ar,https://discord.gg/bQbkMcw,930.70,https://politicsandwar.com/uploads/ca272453a3f9462e54e3ce56e3f65992e5b90ead763.png
6035,"2019-08-28 16:27:48","The Int Defense and Economic Alliance",IDEA,blue,Ar,https://discord.gg/BRzkEcB,0.00,https://politicsandwar.com/img/flags/europeanunion.jpg
6074,"2019-09-04 16:48:40","New Cornhusker Confederacy",,yellow,Ar,,0.00,https://politicsandwar.com/uploads/9ce52f7889b7402cf42a0c29a652c66ee74316b7860.png
6076,"2019-09-04 21:51:01","Teutonic Order",TTO,purple,Ar,https://discord.gg/t3Wqg53,513.27,https://politicsandwar.com/uploads/ecc2a66d981528c1f31a1f9cf13f01dfce2f248d598.png
6088,"2019-09-07 22:29:58","Terminus Est",TEst,maroon,Ar,https://discord.gg/7XAqQte,118905.06,https://politicsandwar.com/uploads/07bfd4680246f1320646bb54586653ac345489fd614.gif
6125,"2019-09-14 01:53:04","Gentlemens Gaming and Fisticuffs Union",GG&FU,brown,Ar,https://discord.gg/8baAECr,995.41,https://politicsandwar.com/uploads/6c2f9536d7601055814012000f85965aa25550b2470.png
6126,"2019-09-14 03:39:06","The Lost Empire",TLE,aqua,Ar,https://discord.gg/2sF9rYj,158464.23,https://politicsandwar.com/uploads/2f83a218ff031013f281c4d1300fe1db21186f69513.jpg
6143,"2019-09-16 21:48:55",Morningstar,🅼🆂,black,Ar,https://discord.gg/SpxrYbq,20625.79,https://politicsandwar.com/uploads/186c7d87d497f686fb2c30be6129ccb05c103455372.gif
6166,"2019-09-19 01:01:08","LaSalle boyz",LaSalle,green,Ar,,0.00,https://politicsandwar.com/img/flags/jamaica.jpg
6186,"2019-09-20 10:38:27",Interstellar,IS,black,Ar,https://discord.gg/2BXY6Cu,0.00,https://politicsandwar.com/uploads/a6ed930e6cbfc7ebb181a60ef3c608a85748dd0a55.jpg
6198,"2019-09-22 20:43:08","The Red Banner",TRB,red,Ar,https://discord.gg/GXX5PXw,0.00,https://politicsandwar.com/uploads/d1437031c04353af66f8988c1c59e5654599aa7a406.png
6200,"2019-09-23 07:29:22","The Republican Of India",TRI,orange,Ar,,0.00,https://politicsandwar.com/uploads/9a8390538a0ac69d2e6907070aed82c22605aabf137.jpg
6215,"2019-09-24 23:02:41","Soldiers of Liberty",SoL,white,Ar,https://discord.gg/zhzw3c4,91787.98,https://politicsandwar.com/uploads/37c9ce897eb7e96cb816a5573e84104673fc22e3642.jpg
6270,"2019-10-04 23:51:33","The Warriors",TW,purple,Ar,https://discord.gg/z66rpQ7,2260.59,https://politicsandwar.com/uploads/51890fe1e387b537f4ceeccc108b7bd56ea9aa98524.jpg
6285,"2019-10-07 11:55:58","Burger Union",BU,lime,Ar,https://discord.gg/nACHDj,0.00,https://politicsandwar.com/uploads/59245f947532caa37e35f0c516d4424fc362cb263.jpg
6308,"2019-10-09 20:31:44","The Ascendant",ASC,black,Ar,https://discord.gg/TxgSapc,2155.30,https://politicsandwar.com/uploads/d449d2dd15a1e90cb200aa0ed00d0cab8422bb3f74.png
6401,"2019-10-24 16:25:02","Elite Corporation",,green,Ar,,0.00,http://i.imgur.com/zizYAl0.png
6403,"2019-10-24 22:21:50","The Originals",TO,brown,Ar,https://discord.gg/T2CqbVs,497.04,https://politicsandwar.com/uploads/8664868cbb897c78d22ab59bab9321b11b13faa2396.jpg
6474,"2019-11-02 03:24:56","The Family",,aqua,Ar,,964.49,https://politicsandwar.com/img/flags/italy.jpg
6542,"2019-11-10 21:49:05","United African Alliance Committee",UAAC,green,af,https://discord.gg/Ua8VvEw,0.00,https://politicsandwar.com/uploads/96e5a550341584fe7d59b67a461392007bf0958d732.gif
6657,"2019-12-02 01:18:19","Catholicorum Coronatus",CC,yellow,af,https://discord.gg/2fFea7J,0.00,http://i.imgur.com/DgdjiYm.png
6675,"2019-12-03 22:58:32","Bird Weed",WEEDBIRD,black,af,https://discord.gg/6ex3uY8,666.97,https://politicsandwar.com/uploads/7cf07f3481ad1ca564687361fa89235cc30297bf674.png
6676,"2019-12-04 00:20:42","Unitarian Group Alliance",UGA,lime,af,,0.00,http://imgur.com/KooyKjB.png
6680,"2019-12-04 11:43:51","The Panzer Elite",,orange,af,,0.00,https://politicsandwar.com/uploads/e8b30aba92019685e85af1fd3d35e3f816c1e325764.jpg
6696,"2019-12-06 07:02:25",AVENGERS,Avengers,brown,af,https://discord.gg/fAS8jH4,0.00,https://politicsandwar.com/uploads/58a76434a77202fc133e337d0f43b8f922babaa575.gif
6703,"2019-12-08 02:21:33",TheNorthWesternSouthRegionofthefarEast,NWSRFE,purple,af,https://discord.gg/D9rcD4n,59900.93,https://politicsandwar.com/uploads/bd3e8b523779389b08cd13b98e9676fe8853b8b3129.png
6718,"2019-12-11 21:45:52","Legio Christi",LC,black,af,,0.00,https://politicsandwar.com/uploads/3159c5d05bedd256f783b202f4aac7efc4ce8663144.png
6724,"2019-12-12 02:11:50","The norther hemisphere alliance",TNHA,olive,af,https://discord.gg/yqFZgub,850.18,https://politicsandwar.com/uploads/5ea15144e44eae56d6b0754c61c3ef5055a561db980.jpg
6811,"2019-12-29 00:12:47","Middle Eastern Pact",MEP,black,af,,843.42,https://politicsandwar.com/uploads/a88c47ed18fe54f8b95ceb6d951600380b77f4a7842.png
6862,"2020-01-05 07:04:46",Attrition,,black,af,,0.00,https://politicsandwar.com/img/flags/sovietunion.jpg
6877,"2020-01-07 23:40:55","Advanced Syndicalist Mechanics",ASM,red,af,https://discord.gg/meQSAmc,143217.94,https://politicsandwar.com/uploads/742dac2108b62fee79ddfe754962c197de89b7f3907.png
7000,"2020-01-19 18:26:32","Banana Stand",BS,green,af,,7822.28,https://politicsandwar.com/uploads/69201218da93876aafd1dfde51b2e08abcbf3d61398.jpg
7025,"2020-01-23 02:21:44","The North Atlantic Empire",NAE,blue,af,https://discord.gg/vpTbANf,0.00,https://politicsandwar.com/uploads/e8b9bdbfd46c74eb20721324866f0fb33eb7c4ec403.jpeg
7027,"2020-01-23 19:54:47",millingco,,aqua,af,,0.00,https://politicsandwar.com/uploads/409bc73ce77d32ada543578bbf57ff232e93703d217.jpg
7032,"2020-01-24 00:51:47","UNITED NATIONS",UN,red,af,https://discord.gg/EgeT4P,176.68,https://politicsandwar.com/uploads/721b394a18bc12920ce8bcbefd37e5b4cf219771913.jpg
7053,"2020-01-27 04:33:37","The Imperium",TIm,lime,af,https://discord.gg/fdPECfF,93323.99,https://politicsandwar.com/uploads/3ed93f8f93e0fe5ee357e13ac2a307c12eea9a68708.gif
7066,"2020-01-28 17:14:46","Ustanicka 163",,red,af,,0.00,http://i.imgur.com/bBJ2hAK.jpg
7081,"2020-01-31 18:57:17","Islamic Republic",,white,af,,0.00,https://politicsandwar.com/img/flags/pakistan.jpg
7092,"2020-02-02 07:19:13","The Blitzers",Blitz,brown,af,https://discord.gg/XHhcYrs,0.00,https://politicsandwar.com/uploads/378df9b8d6132e83d038c4a68f9b1a6ee8dd34d8365.gif
7094,"2020-02-02 10:53:42","The Coal Mines",COAL,blue,af,https://discord.gg/hgUr36P,19942.76,https://politicsandwar.com/uploads/57af92f03688b694de041b9a7caa9dbc872f06eb520.png
7098,"2020-02-03 09:07:48","Jst Chilling",,aqua,af,,0.00,https://politicsandwar.com/uploads/35d9f059be4e7e76d4b53e7a4a34e916fb7abfa5350.png
7102,"2020-02-03 16:23:40","Nordic Council",,blue,af,https://discord.gg/YZwXbb,0.00,https://politicsandwar.com/uploads/2c6d646365600c6122f0ae6f631f5cb3d4c95848664.png
7111,"2020-02-04 00:44:34",Temple,,green,af,,13494.00,https://politicsandwar.com/uploads/cb70765c1f56e7ef22481eeee2c2cdf1a205d231265.png
7158,"2020-02-08 01:36:56",Pizzahut3030,,black,af,,0.00,https://politicsandwar.com/uploads/9de699bba0c2a193fa984533fd1869e266f63de7313.jpg
7160,"2020-02-08 03:28:42",dongs,,black,af,,0.00,https://politicsandwar.com/uploads/c9e528d77ac50e0c426d5de1c2366bcddbc8f899305.png
7183,"2020-02-10 04:10:44","Wizards Citadel",WC,purple,af,,0.00,https://politicsandwar.com/uploads/650dccfaf831fbb93821ba62ab0413d8affa4d84275.png
7204,"2020-02-12 17:12:01",Elysium,ðŸ·,black,af,https://discord.gg/3xQtdrf,830.00,https://politicsandwar.com/uploads/811f5f2040ae2da1c0c966c62a428a0ff2967380108.png
7205,"2020-02-12 20:48:59",Administration,,brown,af,,844.50,https://politicsandwar.com/uploads/ef2674969e51cb7282194e284e39ad075a6f78a9792.png
7211,"2020-02-14 01:17:25",Warriors,"We Believe",green,af,https://discord.gg/ZtEeh7r,0.00,https://politicsandwar.com/uploads/2930fc2ae84e18cd1afe8611254779f07fd790d0205.jpg
7225,"2020-02-15 22:19:07","The Blind Eye",,aqua,af,https://discord.gg/wptDT5b,0.00,https://politicsandwar.com/img/flags/africanunion.jpg
7234,"2020-02-17 06:25:25","Disciples of the Deathscythe",DoD,lime,af,https://discord.gg/d7vnP4u,0.00,https://politicsandwar.com/img/flags/mars.png
7237,"2020-02-17 19:12:46","The Kree Empire",TKE,brown,af,https://discord.gg/ESNsek2,0.00,https://politicsandwar.com/uploads/c1f5c778a61a5a3e84197563ae734b3f15a4fd50645.png
7241,"2020-02-18 02:23:48","Ekun Assault",EA,maroon,af,,0.00,https://politicsandwar.com/uploads/9909529e414656f6672b9d679d9f42bb760438ad546.png
7242,"2020-02-18 03:54:15","House Karstark",HK,olive,af,https://discord.gg/dbBWxAv,4065.19,https://politicsandwar.com/uploads/d0f3e4b1cb279c250cb8ffa93e10f0e79b6d5a60954.jpg
7249,"2020-02-19 19:32:31","The Firm",$f,green,af,,11370.67,https://politicsandwar.com/uploads/acde1ad6c273e804750867b1b278e85ffda51fb5589.jpg
7253,"2020-02-23 02:24:48","New California republic",NCR,red,af,https://discord.gg/W4PKGMq,0.00,https://politicsandwar.com/uploads/bd59ff4a672dea2e905f03d27c07d52f2889e8c0672.jpg
7266,"2020-02-25 23:41:12",Psi,,olive,af,,229.22,https://politicsandwar.com/img/flags/americansomoa.jpg
7277,"2020-02-28 08:05:43","Bilingual Baguettes",BB,pink,af,https://discord.gg/mzsHwge,0.00,https://politicsandwar.com/uploads/d4e92bdc5f5f133a7ec4bc70dd7b79867af9f38f809.png
7283,"2020-02-29 14:58:51","The Void Touched",VT,white,af,https://discord.gg/CqyqH3X,66691.39,https://politicsandwar.com/uploads/e4bf8c80bae18ad224f90387cb8c1ec17611b5a3616.png
7289,"2020-03-02 08:59:25","Narpistanian affiliated confederation",N.A.C,green,af,,0.00,https://politicsandwar.com/uploads/9cca561cdcaf0ad6f42a62d80ef73073701d59b6543.jpg
7306,"2020-03-05 04:32:00","Atlas Technologies",AT,lime,af,https://discord.gg/ayGZRej,84224.16,https://politicsandwar.com/uploads/9e523683386a610a693442abd376e58756a285ba421.gif
7336,"2020-03-09 22:05:11","Fire Nation",FN,yellow,af,https://discord.gg/fPG4A2U,1689.58,https://politicsandwar.com/uploads/b0aa9d944292125d100cb04ae05381fbb7389485509.png
7346,"2020-03-11 23:55:25","Chocolate Castle",CC,pink,af,https://discord.gg/V6Vmq96,82266.92,https://politicsandwar.com/uploads/2694a8914fcd0848c02c25313ac9fac7b9c54b55820.png
7354,"2020-03-13 06:12:24","Great Empires Alliance",,purple,af,https://discord.gg/fZZg4Xt,0.00,https://upload.wikimedia.org/wikipedia/en/thumb/3/3f/Australian_Aboriginal_Flag.svg/1200px-Australian_Aboriginal_Flag.svg.png
7362,"2020-03-15 11:44:19","Visual Unknown",VU,purple,af,https://discord.gg/RbdrXds,0.00,https://politicsandwar.com/uploads/2932910089cc5f29f2e3b03a55544d0cd8c4ae27630.jpg
7365,"2020-03-17 04:30:31","The Confederacy of Iron States",CIS,purple,af,https://discord.gg/d4ASPrA,0.00,https://politicsandwar.com/uploads/cc38e9f39d6d16b17602fab1099b15f642caa2a057.png
7366,"2020-03-17 17:48:08","Parisian Commune",,red,af,https://discord.gg/8gsTGb,2887.35,https://politicsandwar.com/uploads/fa09fa2eb4a67b5d4eecf899ee4aa16a9a9ddff5716.jpg
7375,"2020-03-20 19:04:15","The Roxchean Confederations",ROX,maroon,af,https://discord.gg/YVVaGbB,0.00,https://politicsandwar.com/uploads/26eaf377d29b33c070e5da7e355ff04593a33b6037.png
7380,"2020-03-23 20:55:29","The Greater Unitary Republic",TGUR,blue,af,https://discord.gg/Dm7jX7Y,32289.82,https://politicsandwar.com/uploads/d3d6dcfad77df12ed0b5b8c249c07e74b1be8583467.jpeg
7381,"2020-03-24 00:06:20","Amarr Empire",AE,purple,af,https://discord.gg/SPqZnhb,91994.70,https://politicsandwar.com/uploads/2328ee743b3c7456c2a916d01ec7774d9edc321d956.jpeg
7387,"2020-03-25 21:17:23","The World Civility Org",TWCO,blue,af,,2096.80,https://politicsandwar.com/uploads/936596fb1e1c9f9109f9edba493536b848b015ec517.jpeg
7399,"2020-03-28 21:05:20","Rothschild Family",RF,green,af,https://rnco.uk/,31757.03,https://politicsandwar.com/uploads/2e5119a56b1da536a08241e254ee287bf853fde4643.png
7413,"2020-04-01 00:07:15","Error 404",E404,brown,af,https://discord.gg/rpmvjWr,283917.13,https://politicsandwar.com/uploads/79afc26787a205602ff5a3b6104b8801713c3e51483.gif
7421,"2020-04-02 23:10:52",CIA,,lime,af,,497.05,https://politicsandwar.com/img/flags/unitedstates.jpg
7422,"2020-04-02 23:22:38",USA,,lime,af,,0.00,http://i.imgur.com/4Av7a89.png
7427,"2020-04-04 17:24:03","The Knights of The Stratosphere",TKTS,black,af,https://discord.gg/GawApvE,83808.75,https://politicsandwar.com/uploads/61d2d05c1dd7e72d5957605b29f2c9327ea6c35c580.png
7433,"2020-04-06 02:09:18","The Bushrangers",AMC,green,af,https://discord.gg/aDnRmzH,7093.25,https://politicsandwar.com/uploads/440ca29b2975fdcc4b3914ab9973ab4b74d9b2c0561.gif
7434,"2020-04-06 22:12:02","Spank Bank",SBK,black,af,,3606.00,http://i.imgur.com/Qtvc2Ly.png
7450,"2020-04-12 18:27:50",Eclipse,,blue,af,https://discord.gg/sGzXF7P,237969.77,https://politicsandwar.com/uploads/27541bce67df1c1744d2e500418ffe380a085746484.jpg
7451,"2020-04-13 16:40:40","Crusaders of the Holy Boogaloo",CHB,black,af,https://discord.gg/zYQvuzA,52134.67,https://politicsandwar.com/uploads/96b4ba2b3efb51e4f6d8642a9f54382b292585c3383.jpg
7452,"2020-04-13 19:15:17","Children of the Light",CotL,olive,af,https://discord.gg/jXYShw8,256944.84,https://politicsandwar.com/uploads/44482126215ed08835ce599e32b2a2df9e633e1b794.png
7461,"2020-04-18 00:16:14","Ordo Draconis",OD,red,af,https://discord.gg/BXKmMqd,613.69,https://politicsandwar.com/uploads/043dcf9b8b6d4fd83f623b120700caa79b1228c5564.png
7484,"2020-04-25 14:13:28","Global Alliance & Treaty Organization",GATO,brown,af,https://discord.gg/GyfPraT,51578.18,https://politicsandwar.com/uploads/6e87f944461e68fbf438149a47f272d7c7d8d8b7401.png
7485,"2020-04-25 23:11:09","The United Front",,aqua,af,,2280.04,https://politicsandwar.com/uploads/966fb79e2b73ed85de9b0fe6685cb73ed72137ba669.png
7493,"2020-04-28 23:16:55","The Snow Knights",TSK,white,af,,1576.84,https://politicsandwar.com/uploads/6281500d6f7096cd482965f7f24ed28f73f66b4c503.png
7495,"2020-04-29 03:23:18","Sons of Anarchy",SAMCRO,black,af,https://discord.gg/fuMsa4z,0.00,https://politicsandwar.com/uploads/90877b1c796cc393823443063f6ab7bc56d61c9a510.jpg
7499,"2020-05-01 19:14:02",Agon,AGON,black,af,https://discord.gg/JGJGCFD,2204.12,https://politicsandwar.com/uploads/62f35dbe4348e1f9346f577855235d96d03a35c5280.png
7514,"2020-05-08 20:27:10","House of Ologies",HoO,blue,af,https://discord.gg/REa2RA5,646.88,https://politicsandwar.com/uploads/13c9b42b8ad0d6b51f6980f9faba0db7f8271c77172.png
7515,"2020-05-08 20:44:08","The Atlantians",ATL,olive,af,https://discord.gg/G69KjEF,0.00,https://politicsandwar.com/uploads/7a9222af0ed22113d21d7d7abe414d15538f48fd490.png
7516,"2020-05-10 02:20:30",NCR,NCR,red,af,https://discord.gg/2RpxRfP,894.76,https://politicsandwar.com/uploads/d5c696356597dd7ae91eec21a0a5ed572d758d2f985.jpg
7524,"2020-05-15 05:40:43","The United Republican Party",,white,af,https://discord.gg/NyeG9hQ,1399.59,https://politicsandwar.com/uploads/4e9fc32c3fa58bfccca8a2209f3a55ac9b84ce9981.png
7526,"2020-05-15 19:03:53",Ragnarok,ROK,black,af,https://discord.gg/36hNKHE,22811.84,https://politicsandwar.com/uploads/a5b12c7e07fd4e040851e51c017f6b6a3a86332b784.jpg
7527,"2020-05-15 22:04:43",Oceania,1984,red,af,https://discord.gg/TUgzQvw,78832.64,https://politicsandwar.com/uploads/bde26550cc34ef91b1947d89c964f1a766384c0f449.png
7530,"2020-05-16 17:20:32",Union,,black,af,,0.00,https://politicsandwar.com/img/flags/abkhazia.jpg
7531,"2020-05-17 03:20:14","Convent of Atom",CoA,blue,af,https://discord.gg/ND7tUCC,45563.30,https://politicsandwar.com/uploads/3be8eda535bbda4aa19bcc9d957141892af7fbbf261.png
7536,"2020-05-18 22:40:16","Atlantian Council",AC,black,af,https://discord.gg/K8eawjn,53046.82,https://politicsandwar.com/uploads/2d0c3536dbc8e0143b058913c1eb82916570189d678.png
7540,"2020-05-19 20:11:02","The Rohirrim",ROHAN,orange,af,https://discord.gg/Zy69tua,62945.67,https://politicsandwar.com/uploads/bfa6b249ba5fb56d50d1856deca4ca1a75bde26e973.png
7543,"2020-05-19 23:43:26","Ministry of Image",MoI,white,af,https://discord.gg/34yW8YV,0.00,https://politicsandwar.com/uploads/d2499d5a0663166a9e67329863a7c346be7e9211937.jpg
7544,"2020-05-20 11:33:28","Laughing Coffin",,black,af,,0.00,https://politicsandwar.com/uploads/0a51254835cec7f9ab65b7797dbcbe4761199104256.jpg
7545,"2020-05-21 00:06:20","Refugee Farmers","JOIN OR DI",green,af,,1049.31,https://politicsandwar.com/uploads/4299bcad4d3d5f328c1bca6743cc118be192bef1641.jpg
7547,"2020-05-21 02:06:22","Komitet Gosudarstvennoy Bezopasnosti",K.G.B,red,af,,36.11,https://politicsandwar.com/uploads/0104aea3724b5f370f9eb9cac28f268bff129d1953.jpg
7548,"2020-05-21 07:40:26","The Syndication",,pink,af,,136.26,https://politicsandwar.com/img/flags/latvia.jpg
7558,"2020-05-22 18:21:28","United Nations Of Orbis",UNOO,purple,af,,0.00,https://politicsandwar.com/img/flags/yemen.jpg
7559,"2020-05-23 01:40:38","The Crimson Order",TCO,aqua,af,https://discord.gg/A4WhDwF,2445.69,https://politicsandwar.com/uploads/1430059a4ebb50a21a775944ce958ba2a2641e5c960.jpeg
7560,"2020-05-23 19:19:14",Mandalore,Mando,yellow,af,https://discord.gg/MN8ndnR,41732.89,https://politicsandwar.com/uploads/5e938e34edbe467601a8b5995c6d4b654f833908371.png
7561,"2020-05-23 19:50:26","New Ridge",NR,red,af,https://discord.gg/k3rChXa,0.00,https://politicsandwar.com/uploads/c2ef1fc3d3381eb5351f9f1cf2336381b7249782431.png
7562,"2020-05-24 13:08:46",GOONS,,black,af,,0.00,https://politicsandwar.com/uploads/e36b515519edcdf514744f7e396d195d252b6606350.png
7563,"2020-05-24 15:23:04","The Foundation",TF,green,af,https://discord.gg/rGuwN3u,0.00,https://politicsandwar.com/uploads/c730c5b48cf01dd9bfafa4dc34c9523bb411630d710.jpg
7564,"2020-05-24 21:06:55","The Livonian Confederation",TLC,black,af,https://discord.gg/uDhUnc2,1027.43,https://politicsandwar.com/uploads/f16965b4b2654eb2af4ebbbb2cd1b025995eeef9724.jpeg
7565,"2020-05-25 09:29:37","negeri johor",,orange,af,,3875.36,https://politicsandwar.com/uploads/2bf41fd1d21948a7c539d55f3b820492ccd61329676.png
7567,"2020-05-27 18:27:26",Central,,pink,af,,106.47,http://i.imgur.com/h58TD9I.png
7568,"2020-05-27 19:32:13",KonoSuba,CAVE,green,af,https://discord.gg/dvf7QsY,528.16,https://politicsandwar.com/img/flags/americansomoa.jpg
7570,"2020-05-28 07:09:25","Golden Phoenix Coalition",GPC,white,af,https://discord.gg/UfdVFGt,27839.80,https://politicsandwar.com/uploads/cf47dc85f1e3f88a23c6d5c2949854d7bb87f652213.png
7571,"2020-05-28 08:03:57","CENTRELINK AAA",AAA,green,af,https://discord.gg/qQzvkeG,516.26,https://politicsandwar.com/uploads/a8ad3e679fb58ed969c094f96fae8c4a4d849b55569.jpg
7580,"2020-05-31 06:19:19","The Legion",SPQR,purple,af,https://discord.gg/UCPu5B4,70675.89,https://politicsandwar.com/uploads/d84ab168ba31e54eca54bcf7d815804e75725287293.png
7581,"2020-06-01 08:30:08",monkey,,brown,af,,1633.42,https://politicsandwar.com/img/flags/bolivia.jpg
7584,"2020-06-01 23:25:07","The Pow Pow squad",,aqua,af,,0.00,https://politicsandwar.com/uploads/321809fc3cf1b9fb3935249251e982652a39163e978.jpg
7585,"2020-06-02 05:23:17","Imperial Treasury",TIm$,lime,af,https://discord.gg/5D8RygT,1738.41,https://politicsandwar.com/uploads/580d2e2722ea56f0622534a1e51041a0e73df796386.png
7587,"2020-06-03 08:56:14","Independent Allay",,aqua,af,,0.00,https://politicsandwar.com/uploads/2f903662752defb8fa9f7eaf9ba93c48e79967ef755.png
7590,"2020-06-03 21:05:08","Shark Tank 2",,aqua,af,,0.00,https://politicsandwar.com/uploads/73cdd4afc64c1d701ccc2c49f486ec25c5315fe9406.jpeg
7591,"2020-06-05 12:38:46","The hand of Atom",,aqua,af,,4940.23,http://i.imgur.com/v1KkW4c.jpg
7594,"2020-06-06 18:38:16","The no tax alliance",,yellow,af,,873.14,https://politicsandwar.com/img/flags/unitedstates.jpg
7598,"2020-06-08 15:04:06","New Cruor Federation",NCF,olive,af,,4378.35,https://politicsandwar.com/uploads/7eb90960bb036d6f8a171fdbaf48b7c9491d5707469.png
7599,"2020-06-08 18:21:51","The Holy Frog Empire",H.F.E,aqua,af,https://discord.gg/ywSgatz,0.00,https://politicsandwar.com/uploads/8deb406d9d09628fa83953b084d56701ba29eb45336.png
7618,"2020-06-20 01:42:14","KALMAR UNION","The Union",white,af,https://discord.gg/M2yBR9R,0.00,https://politicsandwar.com/uploads/0ae70b35adf774107183da23c9426a64b89f5797405.png
7619,"2020-06-20 12:29:05","Men of Honor",,black,af,,0.00,https://politicsandwar.com/uploads/faa0fd9816429a8835a42d37e3962463362d4813408.jpg
7622,"2020-06-20 22:52:38","Northern Lights",,pink,af,,0.00,https://politicsandwar.com/img/flags/sweden.jpg
7633,"2020-06-26 03:51:03","The Air Nomads",,aqua,af,,1310.22,http://imgur.com/ZmsyvsB.png
7635,"2020-06-27 04:47:37","Black Skies",BS,black,af,https://discord.gg/YpJKyRz,71362.07,https://politicsandwar.com/uploads/496133dadea8506c6e0fc8a0d301c1282a50df53212.jpg
7639,"2020-06-29 00:51:05","Atlas HQ",,white,af,,0.00,https://politicsandwar.com/uploads/45f341dbdda477a12e921afff9c07e696f6c29f314.jpg
7641,"2020-06-30 06:44:08","united communist legion",U.C.L,red,af,,522.77,https://politicsandwar.com/uploads/1dec50f067681b0fee57f475ee1655007d6288f4428.png
7642,"2020-06-30 18:06:47","The Lost Legion",TLL,orange,af,https://discord.gg/2sF9,57271.80,https://politicsandwar.com/uploads/0c2c87818c25968896ad16b08607d3837933164b925.png
7643,"2020-07-01 12:10:59","The World Stonk Market",TWSM,green,af,https://discord.com/channels/727867431137181786/727870898459377767,0.00,https://politicsandwar.com/uploads/a90b89efe30dd64eb8a07601652ca47b3f337532446.jpg
7645,"2020-07-01 20:31:55","The Freedom Empire",TFE,brown,af,,2490.61,https://politicsandwar.com/uploads/e7fd04d20912447c9c44a7df852123268139454513.png
7646,"2020-07-02 07:50:42",Samar,,black,af,,0.00,https://politicsandwar.com/uploads/a188827091c5c7d12752796fe4e7ed1fb872a5b7918.png
7647,"2020-07-03 02:32:24","micro pockyclypse",AYY,pink,af,https://discord.gg/Wheaevc,22197.25,https://politicsandwar.com/uploads/cb88aa3a5d177b92c715f47e7208c345e4316fd5259.gif
7648,"2020-07-03 14:57:50",Verde,,green,af,https://discord.gg/9HkKAq,20.65,https://politicsandwar.com/img/flags/italy.jpg
7651,"2020-07-06 23:09:54",Concord,CC,maroon,af,https://discord.gg/zDgEBDc,18942.48,https://politicsandwar.com/uploads/9f1d0f8ecced342dd38e6b6cb14e9300c52c84cc928.jpg
7652,"2020-07-07 01:39:11","Delian League",TDA,green,af,,0.00,https://politicsandwar.com/uploads/abdcd6f88b0c9bda6b430700e717221cc05de6a2462.png
7659,"2020-07-10 02:46:37","Federation of Soviet Republics",FSR,yellow,af,https://discord.gg/ZV9crJW,40272.82,https://politicsandwar.com/uploads/653e90e46d2c97f2248d4d27b5020ee4bea17a74453.jpg
7668,"2020-07-12 17:15:37",LINEGANG,#LINEGANG,aqua,af,https://discord.gg/5kcYxP,0.00,https://politicsandwar.com/uploads/8431583a56552c77eba8d13881059f644fbb08d1409.png
7669,"2020-07-13 10:16:08","Balkan Alliance",,aqua,af,,0.00,https://politicsandwar.com/img/flags/serbia.jpg
7674,"2020-07-15 00:11:14","The Mortals",TM,orange,af,https://discord.gg/kHbdR6n,50506.19,https://politicsandwar.com/uploads/13b917e74c913bd6977e4471e781c608ade2b7e0460.jpg
7680,"2020-07-17 00:35:44",tt,,aqua,af,,0.00,https://politicsandwar.com/uploads/1d24460269d578bd3f12dafa22d894d74cc28ee627.jpeg
7681,"2020-07-17 18:34:38","Union of Passive Nations",,white,af,,913.96,https://politicsandwar.com/img/flags/mars.png
7692,"2020-07-21 17:54:46","PANDEMIC LEGION",,purple,af,https://discord.gg/ksAFJcS,0.00,https://politicsandwar.com/uploads/14ff4d0c3207272fcb23167dc20f8bc8d7850955485.png
7697,"2020-07-22 07:07:00","Wolves Den",,black,af,,235.75,https://politicsandwar.com/uploads/21374573f2c1ef2f113785256645e4368e28d7cd496.png
7698,"2020-07-24 06:27:38",NukaWorld,7K-NW,green,af,https://discord.gg/QsssfHB,18786.57,https://politicsandwar.com/uploads/534b10928653f182efc00ce8ef9cbae47e129901636.gif
7699,"2020-07-24 20:20:41","New World Order",RRLOL,aqua,af,https://discord.gg/d9yZU4c,1422.64,https://politicsandwar.com/uploads/644d86d658eef1e52e4074f16c49f560cd34d755384.jpeg
7703,"2020-07-27 10:46:58","Brotherhood of the Clouds",BoC,white,af,,1871.84,https://politicsandwar.com/uploads/c68964d1a2a08c64ed7afcf40177692b60815cce640.png
7704,"2020-07-27 11:18:43",boat,,aqua,af,,0.00,https://politicsandwar.com/img/flags/cambodia.jpg
7705,"2020-07-27 22:42:49","Van der Linde Gang",VLG,aqua,af,https://discord.gg/JKdydKd,16281.00,https://politicsandwar.com/uploads/d8d28521f3465b0dfe410fd11ee78ba3ae379eb6958.jpg
7707,"2020-07-29 02:04:53","Dragon Confederacy",DC,aqua,af,https://discord.gg/5BTpjEh,29370.16,https://politicsandwar.com/uploads/ee863f6106692691a2c45808e875a40250480375141.png
7709,"2020-07-30 15:49:26","The Kings Empire",,maroon,af,https://discord.gg/f5CuzQY,139.35,http://imgur.com/HZLb3qb.png
7711,"2020-07-31 02:38:45","The Padamaians",TPA,pink,af,https://discord.gg/fmtFZaN,1046.60,https://politicsandwar.com/uploads/19cd7e18f48854dd63d77fd1cacdddd6f41439ef83.jpeg
7712,"2020-07-31 14:25:15","The Confederation",,aqua,af,,0.00,https://upload.wikimedia.org/wikipedia/en/thumb/b/be/Flag_of_England.svg/800px-Flag_of_England.svg.png
7714,"2020-07-31 16:25:41","The Merchants Guild",TMG,black,af,https://discord.gg/ZEq4Nxv,5330.71,https://politicsandwar.com/uploads/edd8359fa1c4a3c00f301f2e68b1059870bac983766.png
7719,"2020-08-02 04:54:57",SwingSet,Swing,white,af,https://discord.gg/eK5Cx22,5042.00,https://politicsandwar.com/uploads/85755ce53189c66dfb0f77aa8d48035d209a9fb6939.gif
7720,"2020-08-02 18:30:00",FairyTail,FT,black,af,https://discord.gg/dq4b4w2,504.39,https://politicsandwar.com/uploads/63a3d5c7b6316fdaaf4318995bb602bb913dbaf6949.jpg
7722,"2020-08-04 05:05:13","bright rays",,blue,af,https://discord.gg/2sq83R,4855.30,https://politicsandwar.com/uploads/b0e34fe0dbc50d3721ef7b0c9719e53b66ad28b4379.png
7728,"2020-08-05 20:52:50","The Precipice",,green,af,,13226.33,https://politicsandwar.com/uploads/059fd3aff5b5e8a7854ccad7c3acea6b4afa3d5d335.png
7729,"2020-08-06 02:43:34",Hi5,Hi5,aqua,af,https://discord.gg/kyachF,611.25,https://politicsandwar.com/uploads/1884ebe414c472c5109664db73d2fbde80549310367.png
7733,"2020-08-08 00:36:40","HORDE EMPIRE",,red,af,https://discord.gg/9mr38qn,2731.79,https://politicsandwar.com/uploads/eb2acc45444968aa9dde86d831dc787ccf95a33e972.jpg
7739,"2020-08-13 00:14:11",Tsuyoi,,aqua,af,https://discord.gg/B4ehd5h,786.82,https://politicsandwar.com/img/flags/blackfeet.jpg
7740,"2020-08-13 09:25:05","Just For Fun",,black,af,,890.66,https://politicsandwar.com/img/flags/austria.jpg
7743,"2020-08-13 17:34:21","Young World Federalists",YWF,lime,af,,672.10,https://politicsandwar.com/uploads/89b7f17440070a8d4319140086b029f20619ff83437.png
7744,"2020-08-14 15:09:24","Collaboration of Socialist Entities",CSE,red,af,,974.82,https://politicsandwar.com/uploads/14bc7d6f522e947a1c0ade38ce358702a3ded63f825.png
7749,"2020-08-17 06:18:44",Worksafe,,aqua,af,,10.25,https://politicsandwar.com/uploads/472f25131f09d6bf7b2df9fff94dc5cef263570b672.jpg
7750,"2020-08-17 07:27:40","United Ummah",UU,white,af,https://discord.gg/KNz9zET,55522.20,https://politicsandwar.com/uploads/def16a42cb10a244746abcdad0621a42e135849c293.gif
7751,"2020-08-17 16:18:48","The United Nations of Orbis",UNO,red,af,https://discord.gg/mEHUDmU,3868.01,https://politicsandwar.com/uploads/e60ca0cbcd1f4625034c0e7a204a089ee4976f33919.jpg
7754,"2020-08-18 19:15:56","The Federal Bank Reserve",,yellow,af,https://discord.gg/vJXxcqg,1971.59,https://politicsandwar.com/uploads/918da2b0143340a8692aaaab6585151c81fc0b0c333.jpg
7756,"2020-08-19 17:36:49","The Archangels",TA,aqua,af,https://discord.gg/vKFZ3NG,22527.88,https://politicsandwar.com/uploads/2d3a0902138d67dd5b80c40b5fe7d526381af37474.png
7757,"2020-08-19 18:32:31",Economica,,orange,af,https://discord.gg/6VZuSkn,11164.35,https://politicsandwar.com/uploads/97e584f3d126dfd19c3af8abda8a6091978b7f91622.png
7758,"2020-08-21 21:42:04","District X",DX,blue,af,https://discord.gg/YtYGC95,36679.05,https://politicsandwar.com/uploads/8580515b58bdc1457dcdd79b50e675930d6f5d9b232.png
7765,"2020-08-23 01:51:23","The Bounty Hunters Guild",TBHG,brown,af,,1863.08,https://politicsandwar.com/uploads/499995b12a01d027163eae0a1bc47637dbc50220651.png
7776,"2020-08-25 23:32:34","SPACE VAULT",,brown,af,,2865.65,https://politicsandwar.com/uploads/ccebdbd8897f1ab9564167fa8da70b1c862e10df67.png
7787,"2020-08-28 20:50:41","Black and white",,white,af,https://discord.gg/JbqnRF,1513.12,https://politicsandwar.com/uploads/66a6ce025e94c7231252462e5054cc69aeccb5ce422.png
7789,"2020-08-29 01:16:05","College of Winterhold",,black,af,,5299.00,https://politicsandwar.com/uploads/ef2674969e51cb7282194e284e39ad075a6f78a9324.png
7797,"2020-08-30 14:18:00","Holy Roman Empire",HRE,maroon,af,https://discord.gg/mjk6rU,1527.74,https://politicsandwar.com/uploads/640424b89579b62f63c28057819a4ca481ddc48f553.jpg
7800,"2020-08-31 02:05:23","Shadow Marauders",SM,yellow,af,https://discord.gg/3faDAWY,461.64,https://politicsandwar.com/uploads/4575912e15b1b80e4cf9bec90f4728cc8cc8eed3657.png
7802,"2020-09-01 17:11:37","Human Over",,black,af,https://discord.gg/4UQhnDM,11925.16,https://politicsandwar.com/uploads/fa9e221e74c4940701a321d0a33a5d946b768232796.png
7803,"2020-09-01 18:10:25","Laffeys Lair",LL,green,af,,2309.50,https://politicsandwar.com/uploads/132c6602ea53eb7450694a69cd63e36454a86b57356.png
7804,"2020-09-02 01:57:49","Sakura Pact",TSP,maroon,af,,1085.10,https://politicsandwar.com/uploads/722562787c752ab827de26d8278902bc9b241fc8927.png
7806,"2020-09-02 21:00:48","Neon Dystopia",,lime,af,https://discord.gg/CQ3b55G,6801.69,https://politicsandwar.com/uploads/a5dbad95a2446481c856407a104da68c772d872c286.jpg
7807,"2020-09-04 00:42:54",Jahapp,"micro pock",pink,af,,5965.50,https://politicsandwar.com/img/flags/finland.jpg
7815,"2020-09-06 15:23:49","99942 Apophis",99A,black,af,https://discord.gg/yF24Mgk,10889.70,https://politicsandwar.com/uploads/0084f8a462ff540e5f8914460475c4ef75a169d8953.png
7816,"2020-09-07 11:29:05","Quak Quak",,green,af,,1198.86,https://politicsandwar.com/img/flags/europeanunion.jpg
7817,"2020-09-07 13:07:35","Viridian Entente",Oink,lime,af,,0.00,https://politicsandwar.com/uploads/b30d4dea71f2974ec55a609e9037c96ef15c31e1692.jpg
7818,"2020-09-08 00:36:45",Shu,Han,lime,af,https://discord.gg/pasTH6A,1097.23,https://politicsandwar.com/uploads/e7b27b2289909db37e0656f3cbd2138042fd81b6177.png
7820,"2020-09-08 22:29:47","Red Skies",RS,black,af,https://discord.gg/ukJajMd,133.11,https://politicsandwar.com/uploads/061fc89df36b3c5a7e4db8af891f305e4899c9cc646.jpg
7826,"2020-09-11 03:20:32",Kinmoza,KMZA,yellow,af,https://discord.gg/JJGAck9,16498.89,https://politicsandwar.com/uploads/ba0e4f5fef927f9e843f6693b59af443a3688d6d437.png
7828,"2020-09-11 06:17:47",Europa,,olive,af,,0.00,https://politicsandwar.com/uploads/a513e9fcd08d513454c5ba0783c7b182178ea922551.png
7830,"2020-09-12 23:24:18",Benediximus,BNDX,black,af,,9356.25,https://politicsandwar.com/uploads/b050a6082327880830ae411649e993781163b11856.jpg
7832,"2020-09-15 05:56:31",NATO,I,olive,af,https://discord.gg/Nc9Pek6,10.25,https://politicsandwar.com/img/flags/betsy_ross.jpg
7838,"2020-09-18 19:39:45",SMERSH,SMR,red,af,https://discord.gg/aNzPKqZ,15052.81,https://politicsandwar.com/uploads/abaf202a01c6961f79ddeabac4099ed6fb2b068b335.png
7841,"2020-09-19 08:58:29","Nuka-Cola Bottling Company",7K-NW2,blue,af,https://discord.gg/QsssfHB,2347.06,https://politicsandwar.com/uploads/b9005a10ceb975446ddd103efeda997115891bed991.gif
7843,"2020-09-20 02:47:16","United and Prosperous",,maroon,af,https://discord.gg/2RMsG8,2561.95,https://politicsandwar.com/uploads/8d9b894411890367c1150f318b60e463d63a11ae294.png
7848,"2020-09-20 17:52:45","Vibe Squad",VS,pink,af,https://discord.gg/T3tcQH6,3004.11,https://politicsandwar.com/uploads/c36ab77141fbaa0a8505da820a57e7521dd5309a266.png
7849,"2020-09-20 20:03:31","Orbital Bank",OB,yellow,af,,1111.36,https://politicsandwar.com/uploads/74f4a1666d8da26e716107557a521166e33fb93347.png
7852,"2020-09-21 13:51:48","The Reef",TR,pink,af,https://discord.gg/baCnx9Z,18521.30,https://politicsandwar.com/uploads/0adf54b155909a8eb197211aa8797d60311fc10b360.png
7853,"2020-09-21 14:31:08",Mythic,MILF,maroon,af,https://discord.gg/pFmHu2J,13065.94,https://politicsandwar.com/uploads/56e504f109c362ee75eee1ec92c3c625f73f021d20.png
7857,"2020-09-24 02:15:12","United Federation of Canerica",,white,af,https://discord.gg/c6v729a,2890.96,https://politicsandwar.com/img/flags/somalia.jpg
7864,"2020-09-28 05:22:39","The Lighthouse",LH,aqua,af,https://discord.gg/snpdxbB,1755.47,https://politicsandwar.com/uploads/d3ac81abae7305a612a22be07eacdba0d50224ad451.jpg
7866,"2020-09-28 19:38:40","Nova Roma",NR,aqua,af,https://discord.gg/eSsthwa,29405.35,https://politicsandwar.com/uploads/a24bfecc80f556986b3c6b64fe25c625b4f87175569.gif
7868,"2020-09-28 21:47:03",Vibe,,pink,af,https://discord.gg/RqqjUjn,8595.06,https://politicsandwar.com/uploads/fae1171e28254162c60690f1dc922b9d9c64335354.png
7870,"2020-09-29 19:21:14","The International Bloc",,green,af,,1075.83,https://politicsandwar.com/img/flags/abkhazia.jpg
7872,"2020-10-01 18:48:34",Aether,AE,blue,af,https://discord.gg/DNeajQv,2322.96,https://politicsandwar.com/uploads/7371ee97cab9c1293233c217424ba82c549a1275304.png
7875,"2020-10-02 13:18:59","Codex Security",CODEX,blue,af,,1211.83,https://politicsandwar.com/img/flags/norway.jpg
7877,"2020-10-03 09:58:01",NCH,,yellow,af,,3354.00,https://politicsandwar.com/img/flags/unitedstates.jpg
7880,"2020-10-04 19:37:49","Tri Poloski",TP,red,af,,719.84,https://politicsandwar.com/uploads/47b95f8a9d3a7d008019a7064e6e2dc56304e3e5882.jpg
7882,"2020-10-05 15:58:19","Tierra media",,olive,af,,1488.29,https://politicsandwar.com/img/flags/bolivia.jpg
7885,"2020-10-07 17:08:24","Forgiven Legion",,olive,af,,2291.06,https://politicsandwar.com/uploads/c9f25c36509a8f7e77a5b20c87910264dc6a7c30888.jpg
7886,"2020-10-09 05:08:47","AG Systems",AG,yellow,af,,9265.02,https://politicsandwar.com/uploads/d2f228f29317236d62459d0a7c02f0a0d6e6a532289.png
7888,"2020-10-09 18:49:46","The Fruity Mermaids",TFM,green,af,,9788.76,https://politicsandwar.com/img/flags/saudiarabia.jpg
7890,"2020-10-10 16:09:23","The Nations",,purple,af,,10.25,https://politicsandwar.com/img/flags/poland.jpg
7891,"2020-10-10 17:40:36","PolarFreeze Warehouse 47",,blue,af,,4967.50,http://i.imgur.com/J18OLaK.png
7894,"2020-10-12 16:45:05","Peoples Republic of Hydracia",PRH,red,af,https://discord.gg/QNsD8y4,1379.00,https://politicsandwar.com/uploads/a66873da126938259c09a171b92bde6620cca3a613.png
7895,"2020-10-12 19:44:49","The Thamous Experience",TTE,maroon,af,https://discord.gg/Cxa3mhx,8653.97,https://politicsandwar.com/uploads/a5405d8271f18f28e5ed27a968d059be8bf39082724.png
7898,"2020-10-13 05:47:49",Genesis,,aqua,af,,0.00,https://politicsandwar.com/uploads/6c41788a2ce8c14539a16faf8ed4fe1a3075a065464.png
7901,"2020-10-13 20:40:19","The Intercontinental",INTC,lime,af,,2596.68,https://politicsandwar.com/uploads/a0d5009fbe7129ceeb08b8f5993857318ed7d32314.jpg
7902,"2020-10-14 20:02:26","Wigglytuffs Guild",WG,pink,af,,3480.98,https://politicsandwar.com/uploads/a10a4137bc22372c4ebff841c2bc43d855307dc5198.png
7903,"2020-10-15 02:04:37","The Sea Of Meow",,aqua,af,,1044.86,https://politicsandwar.com/img/flags/argentina.jpg
7904,"2020-10-15 16:24:35",rucker,,aqua,af,,142.51,https://politicsandwar.com/img/flags/wyoming.jpg
7908,"2020-10-17 17:12:49",Allgangs,,brown,af,,1220.96,https://politicsandwar.com/img/flags/mexico.jpg
7911,"2020-10-18 19:04:09","Error 522",,green,af,,4295.87,https://i.stack.imgur.com/LNUYk.png
7913,"2020-10-19 17:09:27","Chaos Est",CHAOS,aqua,af,https://discord.gg/FHZ5gkD,14321.17,https://politicsandwar.com/uploads/f53f8ce5f3efaf07a3a8cd09e1d030c6aa555955308.png
7915,"2020-10-19 22:22:07","Dual Suns",DS,lime,af,https://discord.gg/8gY68Xf,86104.14,https://politicsandwar.com/uploads/da66ff4d695e5cf9f6a8666324cfec3a59e505e4833.png
7917,"2020-10-20 10:22:40",ArkbooOM,AkB,black,af,,4135.11,https://politicsandwar.com/uploads/0abaea88b53ebd9fb8e464a2706fcbea9a094fcb895.png
7918,"2020-10-20 10:42:10","Wuhan Lab","Wuhan Lab",black,af,https://discord.gg/EVDHxMH,2451.02,https://politicsandwar.com/uploads/f8f2ee915c3afb769f8946e1abd92638b19a27e7421.png
7920,"2020-10-20 20:25:41","Roman Byzatine Union",R.B.U,purple,af,https://discord.gg/v262gEp,7127.16,https://politicsandwar.com/uploads/0532979507a8728c96fa837baf410bca07cdcf5a812.png
7924,"2020-10-22 00:09:17","The Antarctic Republic",,white,af,,4575.00,https://politicsandwar.com/uploads/86d415a981e299b88ac1dce85a9213d6e44f1d1225.png
7930,"2020-10-23 04:52:39",HYDRA,HYDRA,aqua,af,https://discord.gg/ARdfnRY,1230.95,https://politicsandwar.com/uploads/f4d497e930e2a7b1d57eb5b6ef9ce71ed3797a2c872.png
7931,"2020-10-23 14:48:43","The Imperial Federation",TIF,green,af,https://discord.gg/ssw9TZp,7097.13,https://politicsandwar.com/uploads/7f0d7a36c405692df53d960f5b79ebd4d8045481344.jpg
7933,"2020-10-23 17:42:58","Imperial Rome",,red,af,,1099.89,https://politicsandwar.com/uploads/0119d2aab4621fcd50f73bedc731b9824240df63323.jpg
7934,"2020-10-23 18:26:11","United Nations Marine Corps",UNMC,blue,af,https://discord.gg/FZmhCeA,4720.73,https://politicsandwar.com/uploads/986a52d0703f5b7bea2486756c166c5c7c2c8df6242.png
7937,"2020-10-24 17:19:03","Concord Dawn System",CDS,yellow,af,,390.40,https://politicsandwar.com/uploads/aa603c20747893e90fd6783e891beaa602c1b85f917.jpg
7938,"2020-10-25 08:26:19","Federal Cooperative Republic",FCR,pink,af,https://discord.gg/qzxeMvw,9432.57,https://politicsandwar.com/uploads/0d8e8ed5ef347ac28a22841d080d17f8521f6bb1632.png
7939,"2020-10-26 02:13:02",Rebels,,aqua,af,https://discord.gg/vHE37xa,4990.21,https://politicsandwar.com/img/flags/mars.png
7940,"2020-10-26 19:25:40","Bad Batch Entente",,pink,af,,654.23,https://politicsandwar.com/uploads/313c9dab1a03f8d2a027dc55bbe30befa7f8f6cb707.png
7941,"2020-10-26 20:40:39","Kingdom of Araucania and Patagonia",KAP,red,af,https://discord.gg/z9xdznF,1378.69,https://politicsandwar.com/uploads/39d3ad243bc3829c7fafade243ead783d8f1d419591.jpg
7942,"2020-10-26 23:15:45","Basic Syndicalist Mechanics",BSM,red,af,,6595.75,https://politicsandwar.com/uploads/c5b1cbf672d44465fb06865c1f4eda3658cd17dc885.png
7943,"2020-10-27 01:11:03","The Camel Lot",tCL,maroon,af,https://discord.gg/Xh79MBq,2489.62,https://politicsandwar.com/uploads/b5fb6e7e7c50c24419b016ce9aa72d531073e38c553.png
7944,"2020-10-27 02:23:23",Acanthus,AH,yellow,af,https://discord.gg/3faDAWY,7214.59,https://politicsandwar.com/uploads/f3d08320a9c158c8f8b27e89e838a22f8301f2ad276.png
7945,"2020-10-27 04:33:14","Bet Union",BU,maroon,af,https://discord.gg/gpMMAvD,2686.50,https://politicsandwar.com/uploads/70b8b967a69df07f3ab7151a51d3c5c9e32d9b10341.jpeg
7946,"2020-10-27 10:59:26","The Royal Commonwealth",,aqua,af,,1109.43,https://politicsandwar.com/img/flags/little_shell.jpg
7949,"2020-10-28 02:19:03","Peace & Prosper",,aqua,af,,1643.82,https://politicsandwar.com/img/flags/cuba.jpg
7951,"2020-10-29 07:02:02","Indian republic",,aqua,af,,1594.95,https://politicsandwar.com/img/flags/india.jpg
7952,"2020-10-29 10:50:34",rally,,aqua,af,,1044.12,https://politicsandwar.com/img/flags/andorra.jpg
7955,"2020-10-29 17:49:51","The United Libertarian Republics",ULR,red,af,https://discord.com/channels/771529210702331904/771529210702331907,1067.36,https://politicsandwar.com/img/flags/netherlands.jpg
7956,"2020-10-29 17:55:10","The Federalist Union",,green,af,,2666.74,https://politicsandwar.com/img/flags/americansomoa.jpg
7957,"2020-10-30 18:52:34",UCE,,aqua,af,,1203.24,https://politicsandwar.com/uploads/1cef819c82628546bc382fb78a1f31bb88f41793320.jpeg
7958,"2020-10-30 23:07:37","United Alliances",,green,af,,1291.09,https://politicsandwar.com/uploads/cae86be0228c271173f053ac97ed15c8bb7b2461505.jpg
7960,"2020-10-31 03:16:45","New Monster Bloc",,green,af,,7172.97,https://politicsandwar.com/uploads/3a8f885cd4a98dd617446e3da56310da4b183a82915.png
7961,"2020-10-31 04:05:07","The Icy Vault",HSBANK,olive,af,,5559.25,https://politicsandwar.com/uploads/f36e3349f6b237dd6470b77727a631bfb0aa36a276.png
7962,"2020-10-31 10:37:58","Non-Profit Organization",NPO,olive,af,,5519.72,https://politicsandwar.com/img/flags/portugal.jpg
7963,"2020-10-31 14:08:36",CurrentM,,maroon,af,,10300.25,https://politicsandwar.com/uploads/a6916fd7d14ae0049e0038c54586dd3117404ff46.gif
7964,"2020-10-31 16:14:41","Oromo Peoples Coalition",,lime,af,,1915.00,https://politicsandwar.com/uploads/b2ea5ff773b717f256f86c735980c8caf48bc6f5131.png
7965,"2020-10-31 18:23:49",Mythic12,,green,af,,9450.14,https://politicsandwar.com/uploads/56e504f109c362ee75eee1ec92c3c625f73f021d974.png
7966,"2020-10-31 18:30:14","Great British Bake Off Season 1",,green,af,,9367.42,https://politicsandwar.com/uploads/ffdbf2c0ec8a888cce3f0bbabd0649ad9bcd6d65868.png
7967,"2020-10-31 20:17:34",RunItUp,,aqua,af,,4341.81,https://politicsandwar.com/uploads/ef2674969e51cb7282194e284e39ad075a6f78a9324.png
7968,"2020-10-31 20:55:10","Money Heist",,maroon,af,,10221.83,https://politicsandwar.com/uploads/57e2c6bc23aa9659171a51b3f118449353af0d663.png
7969,"2020-10-31 22:04:02",Tenochtitlan,,green,af,,13517.20,https://politicsandwar.com/img/flags/mexico.jpg
7970,"2020-10-31 23:04:49",Infamous,,red,af,https://discord.gg/gKnu6UTPgy,1036.05,https://politicsandwar.com/uploads/662a37c4d5b2da17a1110a950f918534c505f9c6940.png
7971,"2020-10-31 23:38:53","RETURN TO MONKE",,pink,af,,10587.28,https://politicsandwar.com/uploads/9fff6a0ce5e0a0b51b1b20b773dd5e80668bf66a311.gif
