﻿alliance_id,date_created,name,acronym,color,continent,discord_server,score,flag_url
615,"2014-08-05 12:32:17","Seven Kingdoms",SK,orange,Ar,https://discord.gg/3uCF26s,31395.00,https://politicsandwar.com/uploads/86bdc587ed74b9544f5c2f523bb490d6016c483a500x281478.jpg
619,"2014-08-05 19:39:15",Guardian,Guardian,orange,Ar,https://discord.gg/wFbUzM2,292320.27,https://politicsandwar.com/img/imgur-old/200afe185770407ae6a603ade7ba9bfbad379813917.png
622,"2014-08-06 13:37:26","United Purple Nations",UPN,purple,Ar,https://discord.gg/mfUxYv7CyR,154631.85,https://politicsandwar.com/img/imgur-old/3f9d76b849ff553846c11a6097af797b3b9570bf680.png
623,"2014-08-07 10:12:02",Acadia,Acadia,aqua,Ar,https://discord.gg/9wKzZbU,0.00,https://politicsandwar.com/uploads/53a996d6308d048c5ad0b73e8897545657b86834773.png
770,"2014-10-26 13:21:40",770,LO,green,Ar,https://discord.com/invite/FGS7jr7,8834.28,https://politicsandwar.com/uploads/593bdc81b8443f2807e460b2dae5ca1f133f7f5c500x300790.png
790,"2014-11-04 23:13:16",Rose,🌹,pink,Ar,https://discord.gg/Fp5Ngqg,856611.33,https://politicsandwar.com/uploads/e97004b1d95820ca14e0284c44208ed0cadb3a26500x300479.png
831,"2014-11-21 17:26:29","The Syndicate",t$,green,Ar,https://discord.gg/fFRTG3dfUb,619495.51,https://politicsandwar.com/uploads/4943f976375bf77cafa3a32b9df7772dd8d5da1a500x300138.png
866,"2014-12-08 09:18:04","Guardians of the Galaxy",GoG,lime,Ar,https://discord.gg/DVGzNXM,0.00,https://politicsandwar.com/uploads/111dd01422c16de66f4d06040c7451118efd002b957.png
877,"2014-12-12 23:23:13","Black Knights",BK,black,Ar,https://discord.gg/havRN6HarY,243480.43,https://politicsandwar.com/uploads/0455698aa88638c3e484fe2712c939aeb7cd285c500x281908.jpg
913,"2014-12-19 14:34:25",Arrgh,Arrgh!,black,Ar,https://discord.gg/jCAQFtJ,124887.56,https://politicsandwar.com/img/imgur-old/c4ad8a85a57d1fedc2df54ac0d34bc882a83b441644.png
1023,"2015-01-26 15:22:05","The Fighting Pacifists",TFP,white,Ar,https://discord.gg/5yT5tWS,413404.23,https://politicsandwar.com/uploads/d8be4c852b650fc55f3a070ed2709f2bb211d77e500x375603.png
1210,"2015-03-21 22:52:21","World Task Force",WTF,maroon,Ar,https://discord.gg/3AXHN5B,105163.26,https://politicsandwar.com/uploads/7f1b6b4092cde322a7209affa489041e91427225216.png
1246,"2015-03-29 20:09:40",Farkistan,FU,blue,Ar,https://discord.gg/HDjRySg,166550.14,https://politicsandwar.com/uploads/100fe13335b6c085e46e699bf8d856d1ee996207315.png
1584,"2015-06-29 17:25:50","The Knights Radiant",TKR,orange,Ar,https://discord.gg/t7dzPAV,610949.32,https://politicsandwar.com/uploads/dd591ec853545bb030a9e9f674a8045570024897468.png
1634,"2015-07-13 22:58:28","Nuclear Knights",NK,pink,Ar,,0.00,https://politicsandwar.com/img/imgur-old/2789fc1020e3724279488982a02ab4a29b558dad25.png
1723,"2015-08-08 02:13:24","TRUMP 2016",TRUMP,pink,na,,123.39,https://politicsandwar.com/img/imgur-old/e7f77385327365d10712e34790c1d27b19984cb4595.jpg
1742,"2015-08-14 18:32:07","The Wei",TW,white,Ar,https://discordapp.com/invite/B7rpfvx,186902.93,https://politicsandwar.com/uploads/7ff4cb091698206d81df8362b0fca0ead84ac97a500x300402.jpg
1896,"2015-10-05 16:50:32",Pantheon,🏛️,yellow,Ar,https://discord.gg/JH3XZ4HHDx,2030.25,https://politicsandwar.com/img/imgur-old/aabdb8d0f25956ba861bb1c365c404835995c5a5705.png
2082,"2015-12-01 16:15:42","New Pacific Order",NPO,brown,Ar,https://discord.gg/AQMFg2A,6130.05,https://politicsandwar.com/uploads/f6d9d9cd426226b55504e8fe7c941c10cb7eb6ba700.png
2358,"2016-02-16 19:50:46",Polaris,NpO,blue,Ar,https://discord.gg/XkymPz2,100423.48,https://politicsandwar.com/img/imgur-old/a69030707aac568c9eb564ed58dfa6bacfa34da5165.png
2510,"2016-03-20 06:51:10","Order of the White Rose",OWR,olive,Ar,https://discord.gg/NcugYxp,170198.22,https://politicsandwar.com/uploads/df37fe596437c09410b1148dfc0a23c474cb1160500x300783.png
2594,"2016-04-04 10:01:03","United Socialist Nations",USN,red,Ar,https://discord.gg/e2VvhPwnb7,131459.51,https://politicsandwar.com/uploads/b359bc0758d97a417b49d116c1e147674fdfa9b3500x3003.png
3339,"2016-09-23 00:04:24","Grumpy Old Bastards",Grumpy,green,Ar,https://discord.gg/8BZztQQ,290598.25,https://politicsandwar.com/uploads/c3c6b42d867ffd38eafedaf07cdfda4469e82998454.png
3427,"2016-10-07 17:28:42","The Commonwealth",tCW,maroon,Ar,https://discord.gg/Gv26Kzr8ZU,346742.99,https://politicsandwar.com/uploads/2cfd08b9bf314f0301c36517889a70f40e6e2178500x270437.png
3554,"2016-10-22 11:20:03","One is the loneliest number",Lonely,lime,Ar,https://discord.gg/8npsj67,1338.33,https://politicsandwar.com/uploads/1e49178196abe3b9f6411b663b515dcf2620fc5b946.jpg
3683,"2016-11-08 20:24:05","House Stark",HS,olive,Ar,https://discord.gg/qVRndGfJFc,177776.72,https://politicsandwar.com/uploads/2ca6c0f6672ee005f4b613520ad75bc63e9af00a500x333872.jpg
3940,"2016-12-20 00:38:26","The United Empire of ZahAharon",TUE,purple,Ar,https://discord.gg/yZmr9av,2190.00,https://politicsandwar.com/uploads/5ba2f1328cb1211b742c91c72d9c34db1248101b489.png
4124,"2017-02-01 17:00:43","Knights Templar",KT,orange,Ar,https://discord.gg/Hkm7mMWGap,4592.50,https://politicsandwar.com/uploads/5ed63443e71713aae7819af4dd721beda896b1dd500x300832.png
4137,"2017-02-23 20:46:46","United Alliance for Freedom",UAF,olive,Ar,,447.99,http://i.imgur.com/GfV4IMw.png
4149,"2017-03-17 18:06:30","Church of Spaceology","Evil Bo",purple,Ar,https://discord.gg/7rQ5vfY,0.00,https://politicsandwar.com/uploads/319e04377bdb89d51581adcfe8401563cd82f61a651.jpg
4150,"2017-03-19 10:05:19",Yarr,GOLF,black,Ar,https://discord.gg/cbF74Dg,82608.91,https://politicsandwar.com/uploads/27b263414c1138cbe1ffcc942dd2bf15345bde5579.jpg
4205,"2017-05-10 18:55:22","Cosa Nostra",CN,brown,Ar,,581.30,https://politicsandwar.com/uploads/157531a8ba85563bf518921e98ba9c91bf743cd3406.jpg
4221,"2017-06-11 12:22:29","Dark Brotherhood",DB,black,Ar,https://discord.gg/Uyn3m5D,177322.36,https://politicsandwar.com/uploads/3af8f5023602b9d1cd12588b7d379a0f9f896e43586.png
4271,"2017-08-09 02:18:58",Oblivion,shite,green,Ar,https://discord.gg/YRerfDpaKJ,79891.21,https://politicsandwar.com/uploads/a8910306b92fbce80d563dd429150b593f7cc575102.jpg
4397,"2017-12-10 03:25:36","Strickland Propane",Strickland,brown,Ar,https://discord.gg/SFEpZNf,35290.34,https://politicsandwar.com/uploads/a118889f96a7c98bd6c465415353aaf6452d9915500x300529.png
4468,"2018-01-07 07:22:03","Purple Flower Garden",PFG,orange,Ar,,17654.63,https://politicsandwar.com/img/imgur-old/0f4f936ea7c16e834208f05cef1a98f6c0eddb47463.png
4567,"2018-02-23 02:31:21","The Golden Horde",TGH,yellow,Ar,,0.00,https://politicsandwar.com/uploads/0c2ce4037c47587bc3f2cb008800b6821f0850d7382.png
4568,"2018-02-23 08:41:56","Outer Heaven",OH,black,af,https://discord.gg/EdbQAyq,0.00,https://politicsandwar.com/img/imgur-old/2eb12dc171cecfd21d2fa45de656c0da27e45ffa683.png
4623,"2018-03-18 07:10:01","The Empire of the Moonlit Sakura",7K,pink,Ar,https://discord.gg/Df4AsDtbXh,1756.10,https://politicsandwar.com/uploads/77a7d97093ba2365abccad3f88475c9d2769678584.jpg
4638,"2018-03-21 05:20:16","The Federation",TF,blue,Ar,https://discord.gg/DHT6kgc,101590.40,https://politicsandwar.com/uploads/bb7d4269a0b1df30032995f5d901db110a16bf73500x300919.png
4648,"2018-03-22 22:26:01",Aurora,AUR,purple,Ar,https://discord.gg/ghbQ5QY,255402.34,https://politicsandwar.com/uploads/df1ed48e7b40fa60cf8e48a74b87988bd9b6b98cx143.jpg
4729,"2018-04-13 22:07:21","Church Of Atom",CoA,green,Ar,https://discord.gg/DCQsEuf,100912.24,https://politicsandwar.com/uploads/915b55d386db2140dc67766c3479fa468e73671b500x300314.png
4829,"2018-05-05 16:54:12","The Enterprise",e$,lime,Ar,https://discord.gg/3nWd9yWhXj,120247.91,https://politicsandwar.com/uploads/8a61e23ce14f9c3ae1a81548a7296a640477af01x691.jpg
4937,"2018-07-13 09:44:55",Camelot,🐲,maroon,Ar,https://discord.gg/AUVakUh53a,153111.20,https://politicsandwar.com/uploads/80270c964444557a7dc382ad8412f7616d0aa924500x300677.png
5012,"2018-08-19 21:19:31","Respublica Romana",R&R,pink,Ar,https://discord.gg/rUJyB4U,74566.25,https://politicsandwar.com/uploads/39f0baf448344386f2e89289cf73726f6bad8891x353.jpg
5039,"2018-09-09 00:20:10","Goon Squad",GS,maroon,Ar,https://discord.gg/uJGwKCK,25225.50,https://politicsandwar.com/uploads/f62cf330574ddc0dbd044b54a721efcbbef2d145647.jpg
5049,"2018-09-17 19:17:51",Carthago,CTO,olive,Ar,https://discord.gg/WAK7FWDkf8,219942.94,https://politicsandwar.com/uploads/9a7bcddab032abc1922f8e0821535c6b83e02067x235.png
5121,"2018-11-03 08:30:55","Lannister Mausoleum",,maroon,as,,0.00,https://politicsandwar.com/img/imgur-old/403b570738062b87c7e8982f6cca706324d65ff8303.jpg
5303,"2019-02-02 11:13:21",Peace,,green,Ar,,16.64,https://upload.wikimedia.org/wikipedia/en/thumb/b/be/Flag_of_England.svg/800px-Flag_of_England.svg.png
5326,"2019-02-16 00:24:08","The United Armies",UA,red,Ar,https://discord.gg/pfZNF7ER7z,71287.27,https://politicsandwar.com/uploads/7fbf58ad4ca0b235b7b7087aba6dfb53be1ca00f500x25525.png
5343,"2019-02-25 01:03:00",Kazoku,KZ,yellow,Ar,https://discord.gg/HjfXc6H,737.69,https://politicsandwar.com/uploads/aa496341ce8393fa53c3e1c59e4b2586a47eecc2533.png
5455,"2019-04-22 21:48:50",Vanguard,VNG,black,Ar,https://discord.gg/qkT4taP,539.70,https://politicsandwar.com/uploads/46c1e2c2ac4774864c4dbe596127f258b5109cd3392.jpg
5476,"2019-05-06 16:50:03",Weebunism,🌸,brown,Ar,https://discord.gg/VMxbrMR,194976.68,https://politicsandwar.com/uploads/4ab3fc36a5daf2e585c8ea6a00ac21ee8e7ec04d500x300622.png
5491,"2019-05-11 04:07:07","Si Hong",SH,red,Ar,https://discord.gg/TKJbwyJ,0.00,https://politicsandwar.com/uploads/730a1b5c50be58d2343759c9a83863bd96059c58125.png
5592,"2019-06-06 20:17:54","The Co-Prosperity Union",CPU,blue,Ar,https://discord.gg/BnzdHTb,0.00,https://politicsandwar.com/uploads/fd796d900ca3403eef8a8ee805c3e26fd211d3df836.jpeg
5658,"2019-06-23 00:17:04","Unforgiven Legion",U.L.,olive,Ar,https://discord.gg/Wjek998,65797.31,https://politicsandwar.com/uploads/042321cca3f71b92cf4a57e5c77e3a113dbfd298500x298636.png
5722,"2019-07-07 20:31:40","The Ampersand",&,blue,Ar,https://discord.gg/RqWDk5Q,138537.44,https://politicsandwar.com/uploads/ebe4aedb7f3996d0fd30a11f67e825c50f6192e2500x300349.png
5735,"2019-07-12 10:10:05",Demacia,DEM,olive,Ar,https://discord.gg/Jhw3gqF,0.00,https://politicsandwar.com/uploads/811bba955c118239571e0e95f0d0c31f079f507c328.png
5796,"2019-07-22 00:48:26",Atlantis,ðŸ”±,aqua,Ar,https://discord.gg/eFTs7uR,1567.40,https://politicsandwar.com/uploads/cf30a6de0dc187d67c51e9074f2b6e5688260560189.jpeg
5875,"2019-08-04 19:30:43","The Immortals",IMMORTALS,yellow,Ar,https://discord.gg/8w5mHFe,505684.03,https://politicsandwar.com/uploads/f658b8d433a3e2c8835383d90f691254ecdab94dx931.png
5968,"2019-08-20 01:15:22","Green Protection Agency",OCTAVIA,green,Ar,,0.00,https://politicsandwar.com/uploads/ace09ba9e6759c7f52603ca86a0903a6573b5c9e64.png
6034,"2019-08-28 13:49:40",Mehh,Mehh,white,Ar,https://discord.gg/bQbkMcw,0.00,https://politicsandwar.com/uploads/ca272453a3f9462e54e3ce56e3f65992e5b90ead763.png
6076,"2019-09-04 21:51:01","Teutonic Order",NTTO,white,Ar,https://discord.gg/PJWybKapBB,0.00,https://politicsandwar.com/img/flags/sovietunion.jpg
6088,"2019-09-07 22:29:58","Terminus Est",TEst,green,Ar,https://discord.gg/7xSa8WrbJA,209338.94,https://politicsandwar.com/uploads/81d8cb1c9bbc1e79a04d44c72f6012b57e95b1aa500x300520.png
6126,"2019-09-14 03:39:06","The Lost Empire",TLE,pink,Ar,https://discord.gg/2sF9rYj,0.00,https://politicsandwar.com/uploads/ca210fc43766284922e43b41d79994c3aecb28fc500x282133.jpg
6143,"2019-09-16 21:48:55",Morningstar,🅼🆂13,black,Ar,https://discord.gg/SpxrYbq,24290.84,https://politicsandwar.com/uploads/c7d418fd310ca7a1da85c9a0b8241399a609c850x539.gif
6215,"2019-09-24 23:02:41","Soldiers of Liberty",SoL,blue,Ar,https://discord.gg/ZkRHqG6Y,141213.89,https://politicsandwar.com/uploads/95ae706213be4237c3b9db7a3965e30df86b8697500x373811.jpg
6696,"2019-12-06 07:02:25",AVENGERS,Avengers,brown,af,https://discord.gg/fAS8jH4,0.00,https://politicsandwar.com/uploads/58a76434a77202fc133e337d0f43b8f922babaa575.gif
6703,"2019-12-08 02:21:33",TheNorthWesternSouthRegionofthefarEast,NWSRFE,purple,af,https://discord.gg/D9rcD4n,1939.26,https://politicsandwar.com/uploads/bd3e8b523779389b08cd13b98e9676fe8853b8b3129.png
6718,"2019-12-11 21:45:52","Legio Christi",LC,black,af,,0.00,https://politicsandwar.com/uploads/3159c5d05bedd256f783b202f4aac7efc4ce8663144.png
6811,"2019-12-29 00:12:47","Middle Eastern Pact",MEP,black,af,,0.00,https://politicsandwar.com/uploads/a88c47ed18fe54f8b95ceb6d951600380b77f4a7842.png
6877,"2020-01-07 23:40:55","Advanced Syndicalist Mechanics",ASM,red,af,,94183.87,https://politicsandwar.com/uploads/031516dd49aebcd3b509b787faa159316713bbbf500x333543.png
7000,"2020-01-19 18:26:32","Banana Stand",BS,orange,af,https://discord.gg/t7dzPAV,23738.70,https://politicsandwar.com/uploads/60091fdd06fcbf59641885517f514c3660f474a2x98.png
7094,"2020-02-02 10:53:42","The Coal Mines",TCM,blue,af,https://discord.gg/4hKVZDS,4228.22,https://politicsandwar.com/uploads/ceb80d98071ee996ea6bcb08ebba42535651035f500x26345.png
7183,"2020-02-10 04:10:44","Wizards Citadel",WC,purple,af,,0.00,https://politicsandwar.com/uploads/650dccfaf831fbb93821ba62ab0413d8affa4d84275.png
7204,"2020-02-12 17:12:01",Elysium,ðŸ·,black,af,https://discord.gg/3xQtdrf,830.00,https://politicsandwar.com/uploads/811f5f2040ae2da1c0c966c62a428a0ff2967380108.png
7249,"2020-02-19 19:32:31","The Firm",$f,green,af,,21642.50,https://politicsandwar.com/uploads/acde1ad6c273e804750867b1b278e85ffda51fb5589.jpg
7283,"2020-02-29 14:58:51","The Void Touched",VT,white,af,https://discord.gg/CqyqH3X,1988.46,https://politicsandwar.com/uploads/e4bf8c80bae18ad224f90387cb8c1ec17611b5a3616.png
7306,"2020-03-05 04:32:00","Atlas Technological Cooperative",AT,aqua,af,https://discord.gg/ZkZAuXKyEb,58218.30,https://politicsandwar.com/uploads/7a802c59ed3d790583db24b872caae108335f85a500x300439.png
7346,"2020-03-11 23:55:25","Chocolate Castle",CC,pink,af,https://discord.gg/V6Vmq96,14789.12,https://politicsandwar.com/uploads/ded131b45a77f67b7714b8cdd637041c914c8ba4500x333251.png
7366,"2020-03-17 17:48:08","Parisian Commune",,red,af,https://discord.gg/8gsTGb,5809.25,https://politicsandwar.com/uploads/ebb59d0ee172899e8645b6821f116314c8fa0616x419.png
7375,"2020-03-20 19:04:15","The Roxchean Confederations",ROX,maroon,af,https://discord.gg/YVVaGbB,0.00,https://politicsandwar.com/uploads/26eaf377d29b33c070e5da7e355ff04593a33b6037.png
7387,"2020-03-25 21:17:23","The World Civility Org",TWCO,blue,af,,0.00,https://politicsandwar.com/uploads/936596fb1e1c9f9109f9edba493536b848b015ec517.jpeg
7399,"2020-03-28 21:05:20","Rothschild Family",RF,green,af,https://discord.gg/zVcd5NE,43803.71,https://politicsandwar.com/uploads/2e5119a56b1da536a08241e254ee287bf853fde4643.png
7433,"2020-04-06 02:09:18","Almighty Corporation",ALMC,pink,af,https://discord.gg/aDnRmzH,12380.42,https://politicsandwar.com/uploads/d48bc97f09032f95f8be67e3e1ea0024b184ff13500x300708.png
7450,"2020-04-12 18:27:50",Eclipse,,brown,af,https://discord.gg/sGzXF7P,382673.75,https://politicsandwar.com/uploads/bb1f8e551960eaa3779e0f5c4f0bc76cb0a71d25x877.png
7451,"2020-04-13 16:40:40","Crusaders of the Holy Boogaloo",CHB,black,af,https://discord.gg/zYQvuzA,2172.09,https://politicsandwar.com/uploads/a9b468509f6abf5485ce70a896eb3bbf2da6d4b4500x472158.jpg
7452,"2020-04-13 19:15:17",Cataclysm,CATA,olive,af,https://discord.gg/QsJKSVzTmv,408312.41,https://politicsandwar.com/uploads/f6664043f43de0a35b488e7fe515bfdd14ba0b0b500x333126.png
7484,"2020-04-25 14:13:28","Global Alliance & Treaty Organization",GATO,brown,af,https://discord.gg/E2vphryNYa,106096.26,https://politicsandwar.com/uploads/5ca1dacbad75f019d21dbd5d58d3ab0046f85504x773.png
7515,"2020-05-08 20:44:08","The Atlantians",ATL,olive,af,https://discord.gg/G69KjEF,395.94,https://politicsandwar.com/uploads/7a9222af0ed22113d21d7d7abe414d15538f48fd490.png
7524,"2020-05-15 05:40:43","The United Republican Party",URP,maroon,af,https://discord.gg/TX3ZeXqbt4,8635.27,https://politicsandwar.com/uploads/4e9fc32c3fa58bfccca8a2209f3a55ac9b84ce9981.png
7527,"2020-05-15 22:04:43",Oceania,1984,red,af,https://discord.gg/WwTKpCCeT8,2507.80,https://politicsandwar.com/uploads/7d62b113902894e7eb9e0047a2807c07666421ec500x298894.png
7530,"2020-05-16 17:20:32",Union,,black,af,,0.00,https://politicsandwar.com/img/flags/abkhazia.jpg
7531,"2020-05-17 03:20:14","Convent of Atom",CoA,blue,af,https://discord.gg/DCQsEuf,51813.50,https://politicsandwar.com/uploads/5281faae2b272efa14c636e279dec92192139ea8500x30085.png
7536,"2020-05-18 22:40:16","Atlantian Council",AC,black,af,https://discord.gg/YpTqgmna,4341.01,https://politicsandwar.com/uploads/2d0c3536dbc8e0143b058913c1eb82916570189d678.png
7540,"2020-05-19 20:11:02","The Dead Rabbits",5P,white,af,https://discord.gg/YYFfrwSXyS,142968.89,https://politicsandwar.com/uploads/c82c8220ba1f0c69ad694f4b0c2ce28a8fba5391x908.jpg
7545,"2020-05-21 00:06:20","Refugee Farmers","JOIN OR DI",green,af,,952.87,https://politicsandwar.com/uploads/4299bcad4d3d5f328c1bca6743cc118be192bef1641.jpg
7548,"2020-05-21 07:40:26","The Syndication",,orange,af,,127.46,https://politicsandwar.com/img/flags/argentina.jpg
7559,"2020-05-23 01:40:38","The Crimson Order",TCO,aqua,af,https://discord.gg/A4WhDwF,0.00,https://politicsandwar.com/uploads/1430059a4ebb50a21a775944ce958ba2a2641e5c960.jpeg
7565,"2020-05-25 09:29:37","negeri johor",,orange,af,,3030.05,https://politicsandwar.com/uploads/2bf41fd1d21948a7c539d55f3b820492ccd61329676.png
7567,"2020-05-27 18:27:26",Central,,orange,af,,91.33,https://politicsandwar.com/img/imgur-old/48664f573e2391f1770adf56fc7371eba506b385277.png
7570,"2020-05-28 07:09:25","Prima Victoria",PV,white,af,https://discord.gg/P4cJZDP,394.28,https://politicsandwar.com/uploads/cb64434078a98f2f3fb45f822722bd45b8599478500x300234.png
7571,"2020-05-28 08:03:57","CENTRELINK AAA",Yam,brown,af,https://discord.gg/s4r2xuwEY5,1909.36,https://politicsandwar.com/uploads/e83cc4fec8a3d8b02147ea2108414997f2c12a10x810.jpg
7580,"2020-05-31 06:19:19","The Legion",SPQR,purple,af,https://discord.gg/RvEAPsp,249432.51,https://politicsandwar.com/uploads/8a7c1bf4941cd42ee3ab2b2f557a18673b53e9aex910.png
7584,"2020-06-01 23:25:07","The Pow Pow squad",,aqua,af,,0.00,https://politicsandwar.com/uploads/321809fc3cf1b9fb3935249251e982652a39163e978.jpg
7590,"2020-06-03 21:05:08","Shark Tank 2",,aqua,af,,0.00,https://politicsandwar.com/uploads/73cdd4afc64c1d701ccc2c49f486ec25c5315fe9406.jpeg
7594,"2020-06-06 18:38:16","The no tax alliance",,yellow,af,,0.00,https://politicsandwar.com/img/flags/unitedstates.jpg
7622,"2020-06-20 22:52:38","Northern Lights",,pink,af,,0.00,https://politicsandwar.com/img/flags/sweden.jpg
7633,"2020-06-26 03:51:03","The Air Nomads",,black,af,,3428.62,https://politicsandwar.com/img/imgur-old/66f83b5f82f65351dc56d657fd4da8cfdbdd6394607.png
7635,"2020-06-27 04:47:37","Black Skies",BS,black,af,https://discord.gg/RDNazAgNg3,110028.65,https://politicsandwar.com/uploads/496133dadea8506c6e0fc8a0d301c1282a50df53x643.jpg
7642,"2020-06-30 18:06:47",Titanio,T22,lime,af,https://discord.gg/bWCxJD3WJj,38311.97,https://politicsandwar.com/uploads/7faab73bdee822c80d362b9c357eedc351be75a3500x277482.png
7647,"2020-07-03 02:32:24","micro pockyclypse",AYY,pink,af,https://discord.gg/Wheaevc,0.00,https://politicsandwar.com/uploads/e753e8e61132b16df52cb57cb3eb5b00d43621f4500x312953.jpg
7651,"2020-07-06 23:09:54",Concord,CD,brown,af,https://discord.gg/xxaxRTmPGk,1850.01,https://politicsandwar.com/uploads/9f1d0f8ecced342dd38e6b6cb14e9300c52c84cc500x281719.jpg
7674,"2020-07-15 00:11:14","The Mortals",TM,lime,af,https://discord.gg/kHbdR6n,50554.77,https://politicsandwar.com/uploads/29391cc46b88243fb532bd7ceabe958d1a4ab9f0500x333380.jpg
7698,"2020-07-24 06:27:38",Morrowind,7K-MW,maroon,af,https://discord.gg/g7myC5vPfX,1491.51,https://politicsandwar.com/uploads/42302bbfb4f0d3f92079762b6f703a6217e9c7f0420x300350.jpg
7699,"2020-07-24 20:20:41","New World Order",RRLOL,aqua,af,https://discord.gg/d9yZU4c,0.00,https://politicsandwar.com/uploads/644d86d658eef1e52e4074f16c49f560cd34d755384.jpeg
7704,"2020-07-27 11:18:43",boat,,aqua,af,,0.00,https://politicsandwar.com/img/flags/cambodia.jpg
7707,"2020-07-29 02:04:53","Dragon Confederacy",DC,black,af,https://discord.gg/5BTpjEh,911.84,https://politicsandwar.com/uploads/48cc3a386eb6ae5b4b6a03a2783e8ddbbc86721f500x300674.png
7722,"2020-08-04 05:05:13","bright rays",,blue,af,https://discord.gg/2sq83R,0.00,https://politicsandwar.com/uploads/b0e34fe0dbc50d3721ef7b0c9719e53b66ad28b4379.png
7750,"2020-08-17 07:27:40","United Ummah",UU,lime,af,https://discord.gg/8Q25CyE,70345.58,https://politicsandwar.com/uploads/53814509395e5d84de332c5f500f3bcb55e80be4x588.png
7756,"2020-08-19 17:36:49","The Archangels",TA,yellow,af,https://discord.gg/vKFZ3NG,0.00,https://politicsandwar.com/uploads/c4cfa12a17f2b50b53bd1ec79c085bc43e430499890.jpeg
7757,"2020-08-19 18:32:31",Economica,,orange,af,https://discord.gg/6VZuSkn,0.00,https://politicsandwar.com/uploads/97e584f3d126dfd19c3af8abda8a6091978b7f91622.png
7758,"2020-08-21 21:42:04","District X",DX,blue,af,https://discord.gg/YtYGC95,0.00,https://politicsandwar.com/uploads/60c6fcc9bd540467d056f9461d15611a47c588fb760.png
7787,"2020-08-28 20:50:41","Black and white",,white,af,https://discord.gg/pEMf7hj,0.00,https://politicsandwar.com/uploads/66a6ce025e94c7231252462e5054cc69aeccb5ce422.png
7797,"2020-08-30 14:18:00","Holy Roman Empire",HRE,maroon,af,https://discord.gg/mjk6rU,0.00,https://politicsandwar.com/uploads/640424b89579b62f63c28057819a4ca481ddc48f553.jpg
7802,"2020-09-01 17:11:37","Human Over",HO,black,af,https://discord.gg/4UQhnDM,15315.33,https://politicsandwar.com/uploads/fa9e221e74c4940701a321d0a33a5d946b768232796.png
7803,"2020-09-01 18:10:25","Laffeys Lair",LL,green,af,,4365.00,https://politicsandwar.com/uploads/132c6602ea53eb7450694a69cd63e36454a86b57356.png
7806,"2020-09-02 21:00:48","Neon Dystopia",,lime,af,https://discord.gg/CQ3b55G,0.00,https://politicsandwar.com/uploads/a5dbad95a2446481c856407a104da68c772d872c286.jpg
7815,"2020-09-06 15:23:49","99942 Apophis",99A,black,af,https://discord.gg/yF24Mgk,28510.29,https://politicsandwar.com/uploads/0084f8a462ff540e5f8914460475c4ef75a169d8500x300231.png
7817,"2020-09-07 13:07:35","Viridian Entente",Oink,lime,af,,0.00,https://politicsandwar.com/uploads/b30d4dea71f2974ec55a609e9037c96ef15c31e1692.jpg
7843,"2020-09-20 02:47:16","United and Prosperous",,maroon,af,https://discord.gg/2RMsG8,0.00,https://politicsandwar.com/uploads/8d9b894411890367c1150f318b60e463d63a11ae294.png
7868,"2020-09-28 21:47:03",Vibe,VB,pink,af,https://discord.gg/2evNYQ2yMn,26381.19,https://politicsandwar.com/uploads/272974896a0ad4c8cf7827bd33868993c635792bx280.png
7870,"2020-09-29 19:21:14","The International Bloc",,green,af,,0.00,https://politicsandwar.com/img/flags/abkhazia.jpg
7882,"2020-10-05 15:58:19","Tierra media",,olive,af,,0.00,https://politicsandwar.com/img/flags/bolivia.jpg
7902,"2020-10-14 20:02:26","Wigglytuffs Guild",WG,pink,af,,0.00,https://politicsandwar.com/uploads/a10a4137bc22372c4ebff841c2bc43d855307dc5198.png
7930,"2020-10-23 04:52:39","The Eagle Federation",🦅,orange,af,https://discord.gg/nadhCMRge7,0.00,https://politicsandwar.com/uploads/668500e6f0fbafc8a5853a63e035ceab28783bb8500x300166.png
7931,"2020-10-23 14:48:43","The Imperial Federation",TIF,green,af,https://discord.gg/ssw9TZp,0.00,https://politicsandwar.com/uploads/7f0d7a36c405692df53d960f5b79ebd4d8045481344.jpg
7937,"2020-10-24 17:19:03","Concord Dawn System",CDS,yellow,af,,0.00,https://politicsandwar.com/uploads/aa603c20747893e90fd6783e891beaa602c1b85f917.jpg
7944,"2020-10-27 02:23:23",Acanthus,AH,yellow,af,https://discord.gg/3faDAWY,0.00,https://politicsandwar.com/uploads/f3d08320a9c158c8f8b27e89e838a22f8301f2ad276.png
7952,"2020-10-29 10:50:34",rally,,aqua,af,,0.00,https://politicsandwar.com/img/flags/andorra.jpg
7989,"2020-11-03 09:39:48","Corporate Union",CU,purple,af,https://discord.gg/sDpYRF8yDf,0.00,https://politicsandwar.com/uploads/85997d2bac2ad4f47e8dcc486a70a76d3ee9372c851.png
8027,"2020-11-10 16:36:26","The United Treaties",Welcome,maroon,af,https://discord.com/channels/891526189188001792/891745704765165578,484.17,https://politicsandwar.com/img/flags/croatia.jpg
8043,"2020-11-13 19:47:07","Spank Bank",SB,black,af,,10575.00,https://politicsandwar.com/img/imgur-old/917568acf2b88122f2e687d5bcfe41c8db855e95744.png
8059,"2020-11-18 16:15:35","The Forum Cause",FC,green,af,,0.00,https://politicsandwar.com/uploads/9caba92d7e6de2cf974804271788fee7a6af3ff0256.jpg
8065,"2020-11-19 16:54:21",Deez,DK,pink,af,https://discord.gg/SKsmhM2p4Z,0.00,https://politicsandwar.com/uploads/324114b495d89288bab41adef0a808e78c60d0cd103.jpeg
8080,"2020-11-22 17:21:55",Macedonia,,red,af,https://discord.gg/yBsUqqHQ,0.00,https://politicsandwar.com/uploads/eb8466ed2fbf33d4a0cc7d6b768e9f1eb5cb2eb5164.jpg
8100,"2020-11-28 23:15:28","The Company",TC,green,af,https://discord.gg/hJQ8jjHe2k,0.00,https://politicsandwar.com/uploads/704674ae503ff04b97feedba4c57540fd09712d2500x333411.jpeg
8120,"2020-12-07 06:19:54","The Japanese Trade Bloc",,maroon,af,https://discord.gg/bxq4kCDVHD,0.00,https://politicsandwar.com/img/flags/japan.jpg
8136,"2020-12-14 16:52:15","United Contributes of North America",UCNA,blue,af,https://discord.gg/8mnHKSBSyc,0.00,https://politicsandwar.com/uploads/3fb80a8d6879d86958d00a7ca18dd4f0e1261fd9500x242208.png
8139,"2020-12-15 00:29:11","House Karstark",HKB,green,af,https://discord.gg/hgtxSmETAa,3020.94,https://politicsandwar.com/uploads/d0f3e4b1cb279c250cb8ffa93e10f0e79b6d5a60x119.jpg
8161,"2020-12-18 20:58:18","Ethereal Gang",EG,pink,af,https://discord.gg/ctDyD8pxSe,0.00,https://politicsandwar.com/uploads/6d7fa89abe833d7f323fbd9f9120f9086ca0ff3e500x281682.jpg
8172,"2020-12-21 15:56:35","The Britlandish Union",TBU,purple,af,https://discord.gg/cuGnmPF2k5,0.00,https://politicsandwar.com/uploads/9f11a7ec8fea4c123838cb292538beb06bc295dbx384.png
8173,"2020-12-21 16:16:11","Divine Phoenix",Phoenix,red,af,https://discord.gg/zwhzK9PnnZ,280086.16,https://cdn.discordapp.com/attachments/899391966696075314/923997915343630407/1_1_1000x600.png
8179,"2020-12-22 16:16:04","High Gods",,yellow,af,https://discord.gg/X5QJJgtr3z,331.02,https://politicsandwar.com/uploads/3d78f74319e8aa8dcace419a5a13bffe101059bc44.png
8206,"2021-01-04 02:39:03","Alpha Centauri",ACE,black,af,https://discord.gg/ev2WuPF2Hu,1057.98,https://politicsandwar.com/uploads/4bbe80285731f06993ac137bbf463fd49110241d500x309406.jpeg
8207,"2021-01-04 19:53:30","The Monarchy",TM,red,af,https://discord.gg/7t48u4gNQy,21132.84,https://politicsandwar.com/uploads/8cd45b985680d1512a86c8ff4bf5b3adf201e42e500x248449.jpeg
8213,"2021-01-08 22:16:29","Order of Aster",OA,black,af,https://discord.gg/4ETMJwp8ab,0.00,https://politicsandwar.com/uploads/41174a1794c6e9812bc60ffeb5e4191757a725f1500x293100.jpg
8215,"2021-01-09 21:41:18","The Galactic Empire",TGE,purple,af,https://discord.gg/Wyvk8RmHF2,59380.06,https://politicsandwar.com/uploads/32e320b2fbf2c59c99148bd55eb85eb3f283eaa7500x28161.jpg
8236,"2021-01-16 16:23:43","Name Withheld",❓,orange,af,https://discord.gg/UR6xqsBnVz,94863.75,https://politicsandwar.com/uploads/0f16043b1e46b1cc7c5c977e79ec7e308a6766f9500x298909.png
8239,"2021-01-17 18:53:54","Federation of kaia",,pink,af,https://discord.com/channels/800499138432204820/800499138432204823,0.00,https://politicsandwar.com/uploads/cbed14b430359d2c38c621949458ef5c226f9a7dx668.png
8249,"2021-01-23 07:20:02","United Monarchies of Orbis",UMO,aqua,af,https://discord.gg/VZQApmDfgR,5361.05,https://politicsandwar.com/uploads/0f785bb4da8b6168e422538b07252549cf1cdda5500x300104.png
8250,"2021-01-23 19:14:53","United Bonkers",,white,af,,0.00,https://politicsandwar.com/uploads/da41a6f974ca2cd6f05dc008129727d87525d204500x341374.jpg
8252,"2021-01-24 12:03:50","Waffle House",WH,yellow,af,https://discord.gg/qra8caMeTT,217936.59,https://politicsandwar.com/uploads/04442e0abca0e55d991d32cbeae0c50a2bd00ed9500x276927.jpeg
8257,"2021-01-25 05:26:14","rose but better",,red,af,,0.00,https://politicsandwar.com/uploads/a52d1789972fedd91e8698a4b3552454736ea0fd800.jpg
8261,"2021-01-25 22:05:03","The Dominion",T.D.,maroon,af,https://discord.gg/sA7uZYwQMD,38154.35,https://politicsandwar.com/uploads/48008233bd0cbfd259722b7eb0e198e21717ce42x709.jpg
8266,"2021-01-28 13:56:34","THE WORLD ORDER",,aqua,af,,0.00,https://politicsandwar.com/uploads/c9965c63c3808a2ac74e621098a4a7fd74ee10c7500x333685.png
8274,"2021-02-02 16:55:22","Capi Hnizdo",,purple,af,,0.00,https://politicsandwar.com/uploads/13a61a00deef7f1cd170f544a8d6bb32ccc109b363.png
8280,"2021-02-10 01:00:05","Diamond City",tCW,blue,af,https://discord.gg/Gv26Kzr8ZU,12226.62,https://politicsandwar.com/uploads/06cd73c711d5a5b11c6323c9c29a4b9f2e201453x519.jpeg
8282,"2021-02-10 08:15:01","Antarctic Empire",AE,lime,af,https://discord.gg/4nAQM7RPj4,0.00,https://politicsandwar.com/img/flags/uganda.jpg
8283,"2021-02-10 10:25:47","Alcoholics Anonymous",AA,green,af,https://discord.gg/mMaT42Qv,0.00,https://politicsandwar.com/uploads/adf2070e791ac5ad7fc5dc82698184070aae3cf3x420.jpg
8296,"2021-02-16 16:17:07","DCC nation",,pink,af,,1622.76,https://politicsandwar.com/uploads/a9d91d6fc7ea24516c9b3a105b8bb917d123e3ebx448.jpeg
8304,"2021-02-21 11:28:10",OPU,,aqua,af,,0.00,https://politicsandwar.com/img/flags/zaire.jpg
8317,"2021-02-27 14:49:28","Nations Over Seas",,purple,af,https://discord.gg/B9yCfBu,0.00,https://politicsandwar.com/uploads/dcb6db61f08c5488843b910056a71fbe0d552710500x333158.jpg
8319,"2021-03-01 05:16:27","The Republic",,maroon,af,,1544.99,https://politicsandwar.com/uploads/cae86be0228c271173f053ac97ed15c8bb7b2461505.jpg
8328,"2021-03-06 17:19:31","The Greater Hirvioitan Colonial Empire",GHE,blue,af,https://discord.gg/JxENchCar6,0.00,https://politicsandwar.com/uploads/564b9172350a002bd9dd836d3cec32b83a571e4c500x333980.png
8332,"2021-03-07 21:56:41","Special Antarctic Alliance",SDMA,pink,af,https://discord.gg/BfgtCXxSWs,927.00,https://politicsandwar.com/uploads/6e9279853232f57efd3ae1488af81f5be2de0ee7500x300170.jpeg
8335,"2021-03-08 19:41:37",Borealis,Burora,lime,af,https://discord.gg/6YKv9Pcna3,49709.00,https://politicsandwar.com/uploads/a3c3b348f796507841ec9c87e4a6c590777fc92c500x281921.jpg
8336,"2021-03-08 20:17:20","League of Nations",LON,green,af,https://discord.gg/VWWtcE6mxt,0.00,https://politicsandwar.com/uploads/15eb57c89e0d7104fb1a425422400e3cbc3e0144500x300409.png
8338,"2021-03-09 22:28:19","The Fascist Order",,aqua,af,,0.00,https://politicsandwar.com/uploads/637e8fe8863f19de5c523b4e9d5a33d11227a96f1000x599431.png
8340,"2021-03-12 22:38:43","Hidden Leaf Village",HLV,red,af,https://discord.gg/wnzPnwbsKg,0.00,https://politicsandwar.com/uploads/239751dd992b1523ef7a435b09b08367f878508dx620.png
8343,"2021-03-13 12:51:59","The Armed Peacekeepers",TAP,lime,af,https://discord.gg/5yT5tWS,137128.21,https://politicsandwar.com/uploads/86da3819084616b1e6c392f565933a6ec25f0ec5426x300635.png
8344,"2021-03-13 15:36:30","United Nations of Canerica",UNC,white,af,,0.00,https://politicsandwar.com/uploads/b30e5d3ece8ef5ed35ab67ad8d8b643eb3dc22ea500x300809.png
8345,"2021-03-14 02:19:03","Temple of Morningstar",,black,af,,0.00,https://politicsandwar.com/img/flags/europeanunion.jpg
8349,"2021-03-14 23:04:25","The Aegis Alliance",TAA,white,af,https://discord.gg/RUutNyDte2,0.00,https://politicsandwar.com/uploads/00781fc1786e5d3e6ecde45c3f2df4855cae554cx186.jpg
8354,"2021-03-18 06:36:50","The Unity",,black,af,,780.51,https://politicsandwar.com/img/flags/betsy_ross.jpg
8363,"2021-03-23 13:13:18","Ukrainian Team",Ukrairus,blue,af,https://discord.gg/g49fzJyX,0.00,https://politicsandwar.com/uploads/4f49d0239b05df32c783d29c55ca0fc4981236c1500x281189.png
8365,"2021-03-23 16:13:37",GudeLand,GUD,purple,af,https://discord.gg/JPUY6qryy2,0.00,https://politicsandwar.com/uploads/31a249911990a27e7059a2d4fb79f933ff66cf94500x31698.png
8366,"2021-03-24 01:34:08","Imperial Union",TIU,maroon,af,https://discord.gg/QZwTvYy27v,0.00,https://politicsandwar.com/uploads/5f289a360fbfdc6f167cfcf1338d769332c5a075x497.png
8368,"2021-03-24 06:02:08",Sanctuary,Sanct.,blue,af,https://discord.gg/kyHg9dumN8,94570.02,https://politicsandwar.com/uploads/d0140d1a6f4ce4487051c6bab51f7ce96eaf3dd4500x3001.png
8375,"2021-03-26 03:29:15","Council of Nations",CoN,olive,af,https://discord.gg/AwdwjMpesb,0.00,https://politicsandwar.com/uploads/12e647cc9e58b48a7956d14246372a5e73bab8aax173.jpg
8381,"2021-03-29 04:13:30",Sunrisers,,aqua,af,,0.00,https://politicsandwar.com/img/flags/india.jpg
8383,"2021-03-29 19:40:52","Mutual Support Nations",TMSN,lime,af,https://discord.gg/HypVNrZXub,0.00,https://politicsandwar.com/img/flags/germany.jpg
8395,"2021-04-02 00:04:35","The Winter Council",WC,purple,af,https://discord.gg/tZYUvAPzT6,0.00,https://politicsandwar.com/uploads/57df345c3bec990d045fd7013ae9446655fbfc85x92.png
8398,"2021-04-03 21:05:15","Not Only Satanic Anarchism",N.O.S.A.,black,af,https://discord.gg/z8Cf4vvgza,349.05,https://politicsandwar.com/uploads/f87c7b1fbdb97e589bee112094e90ec575799c07500x281880.gif
8399,"2021-04-03 23:18:39","Ancient Germanic Tribes",AGT,red,af,,0.00,https://politicsandwar.com/img/flags/germany.jpg
8406,"2021-04-07 18:12:43","British Empire",,red,af,,0.00,https://politicsandwar.com/img/flags/greatbritain.png
8410,"2021-04-08 12:03:40",V13tgnome,VNM,pink,af,https://discord.gg/GEZsTmExKc,1275.91,https://politicsandwar.com/uploads/aa13f96a3a31b76dd54b38818dd997103629f5e0450x300338.png
8414,"2021-04-09 02:55:09","Socialist Union",SU,red,af,https://discord.gg/fJmU5GCB,0.00,https://politicsandwar.com/uploads/88b772377447a0c13353b13b080d7416efd6e512500x250873.png
8416,"2021-04-09 17:14:28","Christian Minecraft Server",,green,af,,0.00,https://politicsandwar.com/uploads/99e53a2266351665cf4a547188c2d02ecd25b192300x30019.jpg
8426,"2021-04-12 02:39:19","The Southern Union",SU,red,af,https://discord.gg/Gj2uGBuW9m,0.00,https://politicsandwar.com/uploads/5fc964f41f531a1624839889a2f23ec14737d883500x436800.jpg
8427,"2021-04-12 13:06:01","The Chicken Sea Horse Alliance",CSHA,white,af,,0.00,https://politicsandwar.com/uploads/ce9890da6ec76c587cdf7a908bb6f9a758897e7a1000x599499.png
8428,"2021-04-13 04:11:07","The Bro",,red,af,,470.66,https://politicsandwar.com/uploads/dcbc71550ba44ca12c4df743ae3849937ef223691000x587421.png
8429,"2021-04-13 11:24:15","The Elites",TE,black,af,https://discord.gg/8Bu48ZPsRv,74451.78,https://politicsandwar.com/uploads/7cdd3d01c45feb1ff27745c9f72d7ab26daa0884x523.jpg
8439,"2021-04-16 22:04:37","House Of Tragedy",HT,brown,af,https://discord.gg/hxZrR7HCnu,16067.18,https://politicsandwar.com/uploads/b036d26275fd6c8f5d21cad0334daa241101386b500x33338.png
8442,"2021-04-18 18:00:44","Space Invaders",SI,green,af,https://discord.gg/AAu8SHWZJH,69637.22,https://media3.giphy.com/media/kbCqCHFoidhnQIgVxC/giphy.gif
8445,"2021-04-19 22:26:49",Galaxias,gLx,lime,af,,563.05,https://politicsandwar.com/uploads/fbe27012ddb1470c04802b102f17f875a0fe6709500x300279.jpg
8451,"2021-04-21 20:35:16","Big Brain Bureau",BBB,white,af,,1461.80,https://politicsandwar.com/uploads/71136d8179bbd31921826882fb0bafdab04b4a8b250x205248.jpeg
8459,"2021-04-23 17:20:18",Genesis,GNS,aqua,af,https://discord.gg/dEShhQMF3W,106481.16,https://politicsandwar.com/uploads/531b95cf1832b83251d1a4985445804bf5fdd816250x148181.png
8463,"2021-04-24 20:25:59","The Valyrian Freehold","DEATH TO A",red,af,https://discord.gg/gJhhdQkNV3,2193.47,https://politicsandwar.com/uploads/f7f2bd114b2498d407e6a6815f0edfd8364b9c01500x300836.jpg
8467,"2021-04-25 17:51:42","The United Order of Concordia",UOC,purple,af,https://discord.gg/akDKXyAyur,0.00,https://politicsandwar.com/uploads/65184fd813466a9aeedac0a2656e36d790b8a2d4500x281396.png
8470,"2021-04-26 12:25:32","The Elementals",T£,purple,af,https://discord.gg/uPS5ZZHs,0.00,https://politicsandwar.com/uploads/4f293a2f03076f10121cd164eac6a80cfb994d4ex593.png
8474,"2021-04-27 02:50:56","The House Of Serpentine",Serp,white,af,https://discord.gg/sMTAeFGK,0.00,https://politicsandwar.com/uploads/0cac8a130134f4f1ed5a619763eee41c3df414e5250x140230.gif
8481,"2021-04-29 18:05:18",Alliance,APP,white,af,https://discord.gg/y8nq6cCNUJ,0.00,https://politicsandwar.com/uploads/136809f20e0f89c8d4d35ee0ff17cf69c5cc9f36500x300535.png
8486,"2021-04-30 14:40:01","United Socialist Left",USL,red,af,https://discord.gg/pgU3vkxS5p,0.00,https://politicsandwar.com/uploads/2bbe6a38b1892d8d4fabd6b286308094e2efa4d4402x300667.jpg
8488,"2021-04-30 20:44:31","United Nations of Manufacturing States",UNMS,aqua,af,,0.00,https://politicsandwar.com/uploads/cae86be0228c271173f053ac97ed15c8bb7b2461505.jpg
8491,"2021-05-01 16:42:47","Terminal Jest",TJEST,pink,af,https://discord.gg/zsMaKqp,0.00,https://politicsandwar.com/uploads/417dd039ce731b82d4ecbe3e693685b615f870b8241.jpg
8498,"2021-05-02 22:40:32","Fear and Loathing",FNL,orange,af,,0.00,https://politicsandwar.com/uploads/f22518b990094f5489e0f9f02c6c5158a27dd753237.jpeg
8502,"2021-05-03 01:54:43",Paragon,Paragone,green,af,https://discord.gg/MDYdBkzFh4,0.00,https://politicsandwar.com/uploads/bac0fbb1528b844805721eaeef3607a1086eb085500x281584.jpeg
8514,"2021-05-05 04:40:42","Republic of Nassau",Nassau,black,af,https://discord.gg/wWqgqKVb6S,2852.25,https://politicsandwar.com/uploads/d72022e51f6b9a55781d1d3134e401d3f480fa5f500x250329.gif
8519,"2021-05-05 20:20:50",Raiders,,orange,af,,0.00,https://politicsandwar.com/uploads/7858b007e83575381cc329b7ced0b619e973e858500x497257.png
8520,"2021-05-05 22:39:08","Solaris Directorate",𝑺𝑫,white,af,https://discord.gg/NdS86sMx8Y,49524.09,https://politicsandwar.com/uploads/25878bf94f017e4bbe5d4492b4fb791acc7c965e500x298801.png
8523,"2021-05-06 11:58:58",Syndicate,,green,af,,0.00,https://politicsandwar.com/img/imgur-old/50f00358efcff087771bef75555e341d5e56b302578.jpg
8524,"2021-05-06 21:41:58","Pacific Democratic Union",,brown,af,,0.00,https://politicsandwar.com/uploads/9505251eac2fa9efe5d24b73d3a09d7ca743f361x14.jpg
8531,"2021-05-07 17:08:54","Union of Soviet Socialist Republics",USSR,red,af,https://discord.gg/8C8cSUqHaM,103826.27,https://politicsandwar.com/uploads/6bcd8aaec61fb540c5ce901185cac4b36459e8c4500x300215.png
8535,"2021-05-08 17:56:29","Minute Men",MM,maroon,af,,15179.10,https://politicsandwar.com/uploads/d2a0fb82768948f69703f10df0f7b1cfe09dda04994.png
8550,"2021-05-11 14:18:01","Regni Animalis",RA,yellow,af,https://discord.gg/y7mm9X6mzG,0.00,https://politicsandwar.com/uploads/543006b9f45367df5349fe90b064c33c0fb1f057250x166617.jpg
8556,"2021-05-13 04:39:23","The underworld",,green,af,,0.00,https://politicsandwar.com/img/flags/newzealand.jpg
8561,"2021-05-13 18:43:32","Freaks and Geeks Alliance",F&G,blue,af,,2504.73,https://politicsandwar.com/img/flags/americansomoa.jpg
8568,"2021-05-15 18:54:20","Axis Powers",,blue,af,https://discord.gg/8VNA7943,0.00,https://politicsandwar.com/uploads/51b862379ce9450784e95ca984c8935c88bd1b5d500x333305.jpeg
8570,"2021-05-15 20:34:52","East Asian Union",EAU,lime,af,,5159.57,https://politicsandwar.com/uploads/66c770f59b4a5f90640a66f69de6260b6ffa29cax259.png
8576,"2021-05-17 11:37:15","Test Dummy Incorporated",Dummy,aqua,af,,410.72,https://politicsandwar.com/uploads/
8577,"2021-05-17 12:58:42","Heung Shing Corporation",HSC,maroon,af,https://discord.gg/uGXdCrZ8Sh,27483.55,https://politicsandwar.com/uploads/47dc0f39100b21e36f84c8e16db124adebb15d35500x497903.jpg
8582,"2021-05-19 03:44:26","The Arcane",,purple,af,,0.00,https://politicsandwar.com/uploads/1ee59cffd6fb78bba29b1a903e09109309b1c4d2500x281366.jpg
8586,"2021-05-19 22:14:29","Bad Company",,green,af,,0.00,https://politicsandwar.com/uploads/e0398def67fa2dea329e74ef2e4dcfa692b4fc6d690.png
8594,"2021-05-21 15:55:19","Otaku Shougaku",OS,aqua,af,https://discord.gg/DtM8GP8kXd,39576.65,https://politicsandwar.com/uploads/2443f0b66b28ba2e1cb7e63c98225da78f98ca7ex582.jpg
8596,"2021-05-22 02:08:16",vectored,,green,af,,0.00,https://politicsandwar.com/uploads/2fe08518e757a713006eafa1d23b711a0d04c499x767.jpg
8598,"2021-05-23 06:06:53","Money Revolution",,maroon,af,https://discord.gg/AyWWgZWT65,0.00,https://politicsandwar.com/uploads/a2a631e63f72846f8c5af619a72608a87ffc79f8300x300323.jpg
8607,"2021-05-24 19:53:41","Concordian Entente",,white,af,https://discord.gg/cZWhbMRVdh,0.00,https://politicsandwar.com/uploads/cb3cc517ceefafd231da96440e2552f85eb960f8500x285864.png
8616,"2021-05-25 05:37:20",HedgeFund,♙HEDGE,green,af,https://discord.gg/UWCYjd62NV,0.00,https://politicsandwar.com/uploads/3a161ec7fca34d7173873eaeb4dd1901fb16e504500x333394.png
8617,"2021-05-25 08:37:16","Free Palestine",Pali,white,af,,0.00,https://politicsandwar.com/img/imgur-old/f8780813dabb760f0ac92421e737f2abb40ab1a217.png
8624,"2021-05-25 23:47:05",Wizards,Wzds,olive,af,,11020.00,https://politicsandwar.com/uploads/0944af58a43f58e06d93bbc812756294005eec2b19.png
8634,"2021-05-27 04:34:13",Argenlet,,aqua,af,,0.00,https://politicsandwar.com/img/flags/betsy_ross.jpg
8635,"2021-05-27 04:42:23","The Dark Conclave",,olive,af,,0.00,https://politicsandwar.com/img/imgur-old/b104ce060d6d84a97dece130e63d84b3a6577563971.png
8649,"2021-05-30 00:36:52","Grand Imperial Federation",GIF,lime,af,https://discord.gg/2T9EW6Gp8z,3360.14,https://politicsandwar.com/uploads/
8650,"2021-05-30 02:16:51",Wellington,WELL,blue,af,https://discord.gg/4NwpDyV3E9,1262.94,https://politicsandwar.com/uploads/1bfbfd55206b6f50b1abafa09a3a1088796a1cf5500x300182.png
8651,"2021-05-30 04:06:28","United Commerce Republic",UCR,blue,af,https://discord.gg/285PzvEbqE,36499.96,https://politicsandwar.com/uploads/81c427bce43293d96cfc1e852f72c4d549312b09x947.png
8658,"2021-05-31 19:30:04","Union of Costal States",UCS,green,af,,895.06,"https://upload.wikimedia.org/wikipedia/commons/4/41/Flag_of_Orlando,_Florida.png"
8660,"2021-06-01 16:02:13","The Alexandrian Council",,black,af,https://discord.gg/vrA8EW4sB5,0.00,https://politicsandwar.com/uploads/ec918adba721e4197e0593f6945a69ae45944cb3500x333870.png
8666,"2021-06-02 11:29:25","Master and Commander",M&C,blue,af,https://discord.gg/gtRXvuR8,0.00,https://politicsandwar.com/uploads/e8bd50daac51a2319ed2a080542b8a94b795e0ac500x212861.png
8680,"2021-06-04 21:17:42",TARGARYEN,,black,af,https://discord.gg/PEsyV9m,0.00,https://politicsandwar.com/uploads/cc0d5960a3ef5ded64e243a8652f33d35436ff89500x281547.jpg
8696,"2021-06-07 15:24:52","The Peaceful Alliance",,green,af,,524.41,https://politicsandwar.com/img/flags/canada.jpg
8701,"2021-06-08 22:40:06",abcxyz,AZ,red,af,,0.00,https://politicsandwar.com/img/flags/default.png
8712,"2021-06-11 01:11:23","Angry Cats",Cats,olive,af,https://discord.gg/nhjQV6nZCJ,1999.85,https://politicsandwar.com/uploads/f2e0256fa1e46f58624e4766fe1d66e431463f77500x375849.jpg
8716,"2021-06-12 04:49:07","Standard Steel",Eses,red,af,https://discord.gg/Jpwc7xs3FR,9162.64,https://politicsandwar.com/uploads/fed9662a456d1d7f5a1802a2fc89d507b3984208500x460906.png
8734,"2021-06-16 08:05:45","EG 2",,pink,af,,0.00,https://politicsandwar.com/img/flags/betsy_ross.jpg
8738,"2021-06-17 17:37:33","Spetsnaz Mercenary","The METRO",red,af,https://discord.gg/HbcXwpyK,770.51,https://politicsandwar.com/uploads/9ef52b3b8e657f5178a42070073bd2a4abff06b2314x300541.jpeg
8739,"2021-06-17 20:26:02",TUF,,red,af,,975.01,https://politicsandwar.com/img/imgur-old/d8c1a874f60de1a1b993163e84152484bdec5b72262.png
8746,"2021-06-19 18:51:06",Bombardier,BOMB,white,af,https://discord.gg/RCmEGrQStU,0.00,https://politicsandwar.com/uploads/0554b6a62d4cfddaecb948d3773d9d3020cf6c0e500x300362.png
8752,"2021-06-20 22:41:26","Coalition of the Freshest",,red,af,https://discord.gg/KKjEg6bs3a,1583.48,https://politicsandwar.com/uploads/f1594427fa5dc5ca0f42fe96a88d0762d04af127500x283937.png
8755,"2021-06-22 01:11:56",Dirty_Deeds_Done_Cheap,,aqua,af,,0.00,https://politicsandwar.com/img/flags/texas.jpg
8762,"2021-06-24 20:39:20","Confederation of Nations",,aqua,af,,0.00,https://politicsandwar.com/img/imgur-old/d33bdef049ea1efcc72a76ba005395ead45624ae697.png
8774,"2021-06-29 15:28:59","Asian Co-Prosperity Sphere",,green,af,,0.00,https://politicsandwar.com/uploads/37a1291a58a62f55ac452b681349779351165658500x375243.jpeg
8777,"2021-06-30 23:42:37",IKEA,IK,black,af,https://discord.gg/zF2Rx4AEq9,154446.56,https://politicsandwar.com/uploads/93de8e4d7d4d9c8848686ac45e737c86fcb78c44500x312534.jpg
8785,"2021-07-03 09:13:08","The League of Independence",,green,af,https://discord.gg/yXsErAem,884.37,https://politicsandwar.com/uploads/cae86be0228c271173f053ac97ed15c8bb7b2461505.jpg
8788,"2021-07-05 01:21:19",CANZUK,CANZUK,red,af,https://discord.gg/mVaDzhtq,829.84,https://politicsandwar.com/uploads/ef8e90011e051454da120e4d46ca29c8a67ed667500x260413.png
8791,"2021-07-06 04:26:13","Xin xi",,red,af,,0.00,https://politicsandwar.com/uploads/5b507fa1149bf15f368da0358348cb66884a8b12x910.png
8799,"2021-07-09 08:34:26",Disney18+,D18+,lime,af,https://discord.gg/hVQBGZT5Cs,538.95,https://politicsandwar.com/uploads/21874a5d849396bc371b6006a647f0971abe10ec500x281185.jpeg
8800,"2021-07-09 15:21:51","Titoist Union",,maroon,af,https://discord.com/channels/863079045784272916/863079046492585986,0.00,https://politicsandwar.com/img/imgur-old/7f05a9ee05509e8a40e653ed33ca1da102ba30ee417.png
8803,"2021-07-09 21:10:21","USDF alliance",USDF,red,af,,1023.08,https://politicsandwar.com/uploads/2d3d885463442a3bbce76e19af30d7d6f10caf86x938.gif
8804,"2021-07-10 00:35:18",VooDoo,,green,af,https://discord.gg/58BJjFdaVX,144879.12,https://politicsandwar.com/uploads/fbb6bafb49de2d56279139937a7ffae495d6dce6x37.gif
8809,"2021-07-11 23:38:35",INTERKOSMOS,,red,af,,874.42,https://politicsandwar.com/uploads/df0b06e6150cccaf53d0fa9fa672d5ba2d241af1500x250402.png
8815,"2021-07-14 22:18:06","Diamond Forces",DF,aqua,af,https://discord.gg/sst3Pvj4XD,0.00,https://politicsandwar.com/uploads/1d51a66b15e60d689bf7e628f2f79e44e05cdd00500x333158.jpeg
8818,"2021-07-15 08:51:42","Royal Trading Company",RTC,pink,af,,0.00,https://politicsandwar.com/uploads/0968bedcabfcac5a97e0eb62ccbc8c715b70201d218x300613.jpg
8819,"2021-07-15 20:20:04","Sunray Victoria",SV,black,af,https://discord.gg/EW32aJXQsr,152347.92,https://politicsandwar.com/uploads/52dd9291006b6a00a6ba34c9442e8c0b03b28e36500x333123.png
8824,"2021-07-19 01:32:35","Western European Free Trade Alliance",WEFTA,white,af,,1318.33,https://politicsandwar.com/uploads/85c4bb2980de0042748e3b2a10c4fcae4d2e6cdc446x300508.png
8835,"2021-07-23 18:50:20","The Street",Street,maroon,af,https://discord.gg/TTH5VDeYMN,2216.79,https://politicsandwar.com/uploads/87b1987ab962aaade694f44bcf7b3fad79b14824500x333142.jpeg
8838,"2021-07-24 04:17:17","Just a bank",,aqua,af,,0.00,https://cdn.discordapp.com/attachments/442900043683332096/443503770748452864/es_flag.jpg
8840,"2021-07-24 15:15:07","Kings Ransom",,black,af,,492.10,https://politicsandwar.com/img/imgur-old/ecae298217bb0247313e5e4d339715d9cd521c8a14.png
8841,"2021-07-24 16:18:40","Gold Crown Investments",GCIS,olive,af,https://discord.gg/tYAQXJmJx2,8146.35,https://politicsandwar.com/uploads/0721ed5a2cdc1bfbcb4064daa616229e61410057500x300383.png
8846,"2021-07-25 05:58:11","Peace Alliance",P.E.A.C.E,white,af,https://discord.gg/gZefndyfHp,462.82,https://politicsandwar.com/uploads/869d0480b6d2e6e1e36b1ebb4bb67eec58ad83fbx952.jpg
8852,"2021-07-29 23:02:00","Elessar Institute of Financial Gain",EIFG,brown,af,https://discord.gg/yMMspmTjR4,7903.27,https://politicsandwar.com/uploads/502e1d49e0a78976ab81892b87b21d182a6dcb8fx405.png
8854,"2021-08-01 14:04:02","The Noble Federation",TNF,white,af,https://discord.gg/Ek7zv4ZxAt,0.00,https://politicsandwar.com/uploads/a32fa721727d9f16075e82629c8e1193feb888a9500x333640.png
8855,"2021-08-01 14:39:37","RA Republic of Almania",RA,black,af,https://discord.gg/fxqVpQNNSy,0.00,https://politicsandwar.com/uploads/b675ea131dbf5c9261be51519a197ccf599a1504x407.png
8856,"2021-08-01 21:49:55","The allied mercenary armys",,aqua,af,,0.00,https://politicsandwar.com/uploads/cae86be0228c271173f053ac97ed15c8bb7b2461505.jpg
8861,"2021-08-02 20:43:34","Los Pollos Hermanos",Chicken,maroon,af,https://discord.gg/kkVevrhNqK,103464.05,https://politicsandwar.com/uploads/95a2724b00587f269d408be933228143cb744c32500x300717.png
8864,"2021-08-03 15:58:53","Empire of the Romans",🏛,purple,af,https://discord.gg/au9zW5XvuU,87820.61,https://politicsandwar.com/uploads/39845131b6b60c6fdd6aa04f41a07fcdc4da0cd1500x29118.png
8868,"2021-08-04 23:08:26","The Imperial Army & Aerospace Forces",IAAF7K,blue,af,https://discord.gg/PK9yK5M,323.81,https://politicsandwar.com/uploads/18244bfed7077385b7b057233194e19bebc9560e466.png
8869,"2021-08-05 23:06:13",OnionGang,,green,af,,680.66,https://politicsandwar.com/uploads/361637cc653a0d1bca6805ac6ae41f5b59fca25ex207.png
8877,"2021-08-11 01:34:12","Special Diplomatic Alliance",SDA,pink,af,,0.00,https://politicsandwar.com/uploads/cae86be0228c271173f053ac97ed15c8bb7b2461505.jpg
8880,"2021-08-11 21:32:28","The Honor of Greninja",,green,af,,5965.00,https://politicsandwar.com/img/flags/israel.jpg
8888,"2021-08-13 10:11:04",Winter,🦊,maroon,af,,9313.86,https://politicsandwar.com/uploads/f8c3b2eb1a58466812700b0c5d2871662df9cfafx351.png
8889,"2021-08-14 02:03:59","Vanguard Alliance",VA,lime,af,https://discord.gg/t4YbYMrScY,2076.08,https://politicsandwar.com/uploads/516deca4135dbc4a114f17a46572f5637ef9e118500x300850.png
8893,"2021-08-14 19:13:14","The Korean Vault",은행,lime,af,,581.75,https://politicsandwar.com/uploads/eb1117f3a12a02773fbf8d44d56b2e49882dac00500x325105.png
8899,"2021-08-16 18:09:58","Federated States of Orbis",FSO,blue,af,https://discord.gg/FbjJnx37ea,154774.83,https://politicsandwar.com/uploads/d31ac957e405ffd4ae2f551a5c8df955ef95d977500x300359.jpg
8900,"2021-08-17 20:31:54","Admin Alliance",,aqua,af,,697.04,https://politicsandwar.com/uploads/37ca458b5444264e04dc8d7fcd0d77e46d03eecfx3.gif
8906,"2021-08-18 05:57:37",DEFCON-5,DC5,red,af,https://discord.gg/bVGSSCVjmg,9998.54,https://politicsandwar.com/uploads/7645ccf4d520d01b3e8dcff63e7d2ea4959faa7f250x320211.gif
8911,"2021-08-18 20:54:29","the axsis",,purple,af,,926.24,https://politicsandwar.com/img/imgur-old/d33bdef049ea1efcc72a76ba005395ead45624ae697.png
8923,"2021-08-20 00:23:47","The Soul Society",,white,af,,0.00,https://politicsandwar.com/img/imgur-old/bc0d4e40ed2b8f89a514c7ed0e6cb5c7660b46c3375.png
8926,"2021-08-20 02:34:45",Gallowglass,,green,af,,12844.50,https://politicsandwar.com/uploads/1879c42868e24115dfad9204c812d002bddc96ca500x331191.jpg
8928,"2021-08-20 17:23:08","Blame Atlan Season 3",,olive,af,,5495.00,https://politicsandwar.com/uploads/815e675aac360acf0844d04adbee82a9daee538ax556.png
8934,"2021-08-22 08:51:20",Excalibur,,maroon,af,https://discord.gg/R63vEfPa2c,0.00,https://politicsandwar.com/uploads/dc16ee04d4aeb1dc00949b816e9fa49cc93a6b5c500x366912.png
8940,"2021-08-23 08:35:50","Grand Lynx Alliance",GLA,red,af,https://discord.gg/fA79jJ66yR,2141.91,https://politicsandwar.com/uploads/99256ef62c31fcc48b5450a046b25f84b433112e500x300190.png
8948,"2021-08-24 15:14:24","Farmer Warrior",,white,af,,1526.67,https://politicsandwar.com/img/flags/taiwan.jpg
8964,"2021-08-27 12:25:10","Arasaka Corporation","Arasaka Co",aqua,af,https://discord.gg/KABVC9rX2C,1562.44,https://politicsandwar.com/uploads/d909a5ddc0d16222d432652baab71c06ec9b4ef6500x281661.jpg
8972,"2021-08-29 00:02:41","Brotherhood of Flames",TBF,aqua,af,https://discord.gg/BRQ7muzmVr,1605.55,https://politicsandwar.com/uploads/7185418d272ea39e5fdd5e32f97335d9f7fb75c8500x300460.png
8973,"2021-08-29 00:06:04","Potato Storm",PotS,olive,af,,20.32,https://politicsandwar.com/uploads/c6b566fe4697c014c5c1b495e78492c826bc91df500x287871.jpg
8981,"2021-08-30 16:30:40",Amazon,AZ,white,af,https://discord.gg/hnJP8u4QJJ,1110.54,https://politicsandwar.com/uploads/85f03700cbc7f0d72e6c604066ec333012e38351274x150456.png
8990,"2021-08-31 23:39:47","Pax Pacifica","PAX PAC",white,af,,2582.85,https://politicsandwar.com/uploads/34abbc460f14136af632f6a0b781a480aefb3aca1000x500673.png
9000,"2021-09-01 02:53:36","The Hand of Fate",HoF,orange,af,https://discord.gg/RyPP7hBKqs,213109.07,https://politicsandwar.com/uploads/edcab00901317bd2b386ea4dd4ddd6d4958b58bf500x300550.png
9011,"2021-09-05 03:07:18","Rio Socialist Republic",,aqua,af,https://discord.gg/YPafPQC7qy,1801.31,https://politicsandwar.com/img/flags/sovietunion.jpg
9024,"2021-09-08 02:55:42","Comintern of Icropolis",,red,af,,2737.12,https://politicsandwar.com/uploads/3c0380146e62fc336a8daa9f98ee6d256a4511d1500x334629.png
9027,"2021-09-08 13:30:10","A Group of Nations",,aqua,af,,0.00,https://politicsandwar.com/img/flags/texas.jpg
9032,"2021-09-09 00:57:19","NEW SITH EMPIRE",NSE,orange,af,,1144.98,https://politicsandwar.com/img/flags/malta.jpg
9034,"2021-09-09 10:31:21","The Firestorm Pact",,aqua,af,https://discord.gg/fpGZbNpa,711.09,https://politicsandwar.com/img/imgur-old/173d0e2fd98a1c7dadf08f244780fd7e5e29ed30406.jpg
9039,"2021-09-10 14:03:20","The Millennial Global Empire",MGE,white,af,https://discord.gg/rdDhQRSPyS,4126.92,https://politicsandwar.com/uploads/237b92ed217dd2d2b1bef209c0ae4cf1001dab761000x600719.jpg
9041,"2021-09-10 20:22:55","The Cosmic Entente",,blue,af,https://discord.gg/eXXyuYpX9y,4545.44,https://politicsandwar.com/uploads/8bc6de5858919486aa0e187697f446a3868c3138x593.png
9050,"2021-09-14 00:05:33","Diamond Space Research Alliance",D.S.R.A,white,af,https://discord.gg/9qDEsFxHD7,1520.84,https://politicsandwar.com/uploads/b02ad9d3d507296138a34bf6f4f42295ce87e1e7500x333400.jpg
9068,"2021-09-16 16:12:40","The Ritchie Family",TRF™,blue,af,https://discord.gg/enX9GNRsCv,1121.02,https://politicsandwar.com/uploads/a71e483a67879ff4818db95d3a4f1f0a8d890cbb500x281480.png
9070,"2021-09-17 03:00:43",UNWD,UNWD,red,af,,1752.96,https://politicsandwar.com/uploads/91213d8056774e64e47a1a32a20c4ba0f9cfc151500x260322.jpeg
9080,"2021-09-19 04:18:20","Under gratified nations of the world",,maroon,af,,773.13,https://politicsandwar.com/img/imgur-old/7f05a9ee05509e8a40e653ed33ca1da102ba30ee417.png
9084,"2021-09-20 01:39:36","The Monastery",MONK,pink,af,https://discord.gg/nNChbpC7aT,14227.28,https://politicsandwar.com/uploads/d24d9cdc54330bb7e777db82d8fa286b99a56f76500x30040.png
9089,"2021-09-21 02:21:16",Ocelot,,aqua,af,https://discord.gg/3rqkD3GEUd,11499.18,https://politicsandwar.com/uploads/687cb3943be8ce534f7a46525a932da8491e0a1dx499.png
9093,"2021-09-23 11:01:36","The houses of Maitland",,pink,af,,1339.29,https://politicsandwar.com/img/flags/greatbritain.png
9095,"2021-09-23 21:22:04","The Cult of Raccoon",CoR,aqua,af,https://discord.gg/PGDf7QfMAh,8984.68,https://politicsandwar.com/uploads/d721d305cfdf9276a10e4fcfde51a49bbdf90abf500x279550.png
9099,"2021-09-24 19:07:32","Not Rohans Bank",,white,af,,10110.03,https://politicsandwar.com/uploads/8d7fb02f1bcb64b4ec02cb2cc03254be780435ce219x300205.png
9104,"2021-09-26 14:10:57",AESIR,AESIR,aqua,af,https://discord.gg/FBpjMqeuvX,773.27,https://politicsandwar.com/uploads/a51274b30aec06d6f518210e61e5c2e391a0ae46x290.png
9105,"2021-09-26 21:42:07","The Brooding Brothers",TBB,blue,af,,2466.53,https://politicsandwar.com/uploads/b8139d100d73be5695fbda1e65bef69b1b0fb13a500x294692.jpeg
9106,"2021-09-27 05:10:22","Inazuma Shogunate",🌸,pink,af,https://discord.gg/SZkmJnB7mz,31907.45,https://politicsandwar.com/uploads/eed5bc6be82872dc20114c7c7005791f035c96e6500x279413.jpg
9107,"2021-09-27 20:30:10","TUHVE MILITARY FORCES",TMF,green,af,,1044.18,https://politicsandwar.com/img/flags/mars.png
9110,"2021-09-28 21:10:35","Baker Street",221B,maroon,af,https://discord.gg/QK3Q6kD7J7,61000.74,https://politicsandwar.com/uploads/1119bb956af7aa4f980a200f83d4df56bac3ee71500x381117.png
9113,"2021-09-30 10:16:21",Afgladystan,,aqua,af,,10.00,https://upload.wikimedia.org/wikipedia/commons/thumb/5/51/Flag_of_North_Korea.svg/1200px-Flag_of_North_Korea.svg.png
9114,"2021-09-30 13:29:13","The Treefort",🌲🎃,brown,af,https://discord.gg/MQ749mPqNY,428.67,https://politicsandwar.com/uploads/1994af673dda3f57ad226d5a01c4de187d83563a500x300257.png
9119,"2021-10-02 18:02:25",Pong,Pong,blue,af,https://discord.gg/dYjHXgpShC,1538.66,https://politicsandwar.com/uploads/1d8c786f709264fafdd4d116de31b7ca13b36d9ax524.jpg
9120,"2021-10-02 18:14:11","Tojo HQ",東城会,pink,af,https://discord.gg/G8tqfyJduS,20135.00,https://politicsandwar.com/uploads/c4d726bee295dd75239c482031cfba754e734fd2500x332488.png
9124,"2021-10-04 17:34:40","United Freedom",UNITED,lime,af,,732.37,https://politicsandwar.com/uploads/fdf187f4af9fa3158222ffd1dacf0db01b2c44f0500x263673.jpg
9133,"2021-10-06 23:07:19",Blaze,🔥,maroon,af,https://discord.gg/Qd3W6Cmc99,5568.99,https://politicsandwar.com/uploads/8b97898d80079086ff484b451d3e6caa93225dadx951.jpg
9134,"2021-10-07 01:25:43","Partido dos Trabalhadores",,black,af,,4487.20,https://politicsandwar.com/img/flags/brazil.jpg
9137,"2021-10-08 06:10:16",Metalheads,,aqua,af,,828.01,https://politicsandwar.com/img/flags/norway.jpg
9140,"2021-10-10 04:39:54",ISAF,,aqua,af,,874.21,https://politicsandwar.com/uploads/c33d9202d925022ee485e60542164d35acdbb395x229.png
9143,"2021-10-10 15:03:39",Jacquisse,,green,af,,1272.09,"https://upload.wikimedia.org/wikipedia/commons/4/41/Flag_of_Orlando,_Florida.png"
9145,"2021-10-11 17:08:56",Kshatrias,,aqua,af,,2651.90,https://politicsandwar.com/img/flags/bahrain.jpg
9148,"2021-10-12 18:44:03","The Grand Federation",TGF,black,af,https://discord.gg/63tH2vAXZh,32201.21,https://politicsandwar.com/uploads/aae290c38eedfd0c38619bf2477304310b7146bd500x417449.png
9149,"2021-10-13 00:33:54","New California Republic",NCR,red,af,,0.00,https://politicsandwar.com/uploads/f6dcf65739dc26c843a317552b42f01b05c4f248500x292927.png
9151,"2021-10-14 21:14:10","The Grand Diamond Army",TGDA,white,af,https://discord.gg/epRNEzZXm3,2988.52,https://politicsandwar.com/uploads/75b5ece7c55f002b857a2705a5453adf02ead38dx46.jpeg
9156,"2021-10-17 11:14:00","Great Chieftan Council",GCC,blue,af,,1152.22,https://politicsandwar.com/uploads/8b22f0cd3ba88ab09de53114aad5ea26ef31cf6c500x356956.png
9159,"2021-10-18 06:19:30",GOONS,GOOP,pink,af,,735.69,https://politicsandwar.com/uploads/58bce5a45c66360e05316c954a1962266e30d679x850.png
9161,"2021-10-18 17:37:47","Mutual Protection",MP,maroon,af,https://discord.gg/ZWj8rv2BGC,2103.65,https://politicsandwar.com/uploads/dafd57d90b0aac072452d04b9b9c0cdbf78816f3500x30673.png
9169,"2021-10-20 23:29:23","The Future",,aqua,af,,1734.51,https://politicsandwar.com/img/flags/abkhazia.jpg
9172,"2021-10-22 00:14:08",AMTO,,blue,af,,764.75,https://politicsandwar.com/img/flags/unitedstates.jpg
9173,"2021-10-22 01:06:44",NAACP,,blue,af,,1149.77,https://politicsandwar.com/img/flags/unitedstates.jpg
9177,"2021-10-23 01:26:39","Conservatives alliance",UAA,olive,af,https://discord.gg/7F7GCnzYjV,503.27,https://politicsandwar.com/uploads/66c40929af41e51e224dced8e11845972cb34d83500x333797.jpeg
9179,"2021-10-23 09:30:27",Salt,,maroon,af,,4200.00,https://politicsandwar.com/uploads/72cb4692d84920a0184715d1cf9c9ca7790fcc70x69.png
9181,"2021-10-23 13:56:05","Martian Federation",,red,af,,2578.78,https://politicsandwar.com/img/flags/mars.png
9182,"2021-10-23 14:27:18","The Corleone Family",TCF,orange,af,https://discord.gg/xQ9cyPGM4p,1956.24,https://politicsandwar.com/uploads/5354f3863915e9d9e119af6e63bea7c3bd972e23500x281584.png
9184,"2021-10-24 18:08:32","Eastern Europe Bloc",EEB,blue,af,https://discord.gg/VgD7HKgTYM,1226.48,https://politicsandwar.com/uploads/0898e6ce8920f19387951a8d3dd929ea4d18ea3e500x333676.png
9190,"2021-10-26 02:05:43",AllianceForPeacefulEconomicDevelopment,AFPED,blue,af,,5731.70,https://politicsandwar.com/img/flags/europeanunion.jpg
9192,"2021-10-28 03:46:03",LATAM,,brown,af,https://discord.gg/46s5CuYsRq,20742.24,https://politicsandwar.com/uploads/38de0bffef522f31e5e003c6bbd6ade611e56a3d500x391547.png
9195,"2021-10-28 17:11:53","The Allied Nations",AN,blue,af,https://discord.gg/xN4Qdth5,596.25,https://politicsandwar.com/uploads/a0f5bce1dfdc485c495319ac284324b012783f40x140.png
9201,"2021-11-01 05:51:10","Animales Castigados",AniCa,green,af,,407.57,https://politicsandwar.com/img/flags/mexico.jpg
9202,"2021-11-01 22:49:52","The Wright Way",,pink,af,,813.09,https://politicsandwar.com/img/flags/betsy_ross.jpg
9203,"2021-11-02 14:48:14",NoIdeaName,,aqua,af,,994.29,https://politicsandwar.com/img/flags/switzerland.jpg
9204,"2021-11-02 15:52:22",WTO,,yellow,af,,4424.56,https://politicsandwar.com/uploads/d1e0217a49201331282e71d98ae69a29e5685926500x250645.png
9207,"2021-11-03 04:56:11",Sidera,SDA,green,af,https://discord.gg/ccWb5Ba6wQ,1375.32,https://politicsandwar.com/uploads/62903d809a15560b12cd9d422f648c24de780036500x371922.jpg
9208,"2021-11-03 05:34:31",ShroomTroopers,,green,af,,2617.27,https://politicsandwar.com/uploads/2661d6879b7b93dad5dd885e71b4780ecef070851000x666258.png
9210,"2021-11-03 19:56:31","The Worlds Republic",TWR,blue,af,,0.00,https://politicsandwar.com/uploads/d55a67d7270541d3aeab9e9281507849ecb8b250x903.png
9212,"2021-11-05 04:52:38","New commonwealth",,white,af,,2086.06,https://politicsandwar.com/img/flags/betsy_ross.jpg
9214,"2021-11-05 16:15:58","The Triad",tT,brown,af,https://discord.gg/hxAwmhqzsC,4176.20,https://politicsandwar.com/uploads/b76abdd0cd7cb24ae530bd08a9fa6959d67bd752300x300382.jpg
9217,"2021-11-07 00:15:13","Steel Force",,lime,af,https://discord.gg/Ac6Edbj9Dc,1668.21,https://politicsandwar.com/uploads/427337f155d43aa20a9441b3574ff5fcfa3dad5f500x300520.png
9218,"2021-11-07 03:28:47","Committee of Nations",C.O.N.,red,af,,3238.37,https://politicsandwar.com/uploads/fcdf988b939c16441c792cda63e30ce7519dd520x670.png
9221,"2021-11-09 03:36:21","New Atlantic",,green,af,,3223.18,https://politicsandwar.com/img/flags/mars.png
9222,"2021-11-09 05:21:43","peace Together",,white,af,,1781.68,https://politicsandwar.com/img/flags/indonesia.jpg
9230,"2021-11-10 23:48:30","The Grand Imperial Army",TGIA,purple,af,https://discord.gg/BT4ut9Nnst,22626.51,https://politicsandwar.com/uploads/5300841aed1cacd26e138653bf2846f57f322d42366x300178.png
9231,"2021-11-11 02:10:34","The Yakuza",yak,red,af,https://discord.gg/M9VBFrkc9W,1260.92,https://politicsandwar.com/uploads/9432d4d06e5988f45e56ec11eaad97ede2ff7f33300x300964.png
9236,"2021-11-15 10:19:18","the lords covenant",,aqua,af,,5049.36,https://politicsandwar.com/img/flags/macedonia.jpg
9239,"2021-11-16 15:37:24",Eden,,white,af,,0.00,https://politicsandwar.com/uploads/24c51e35c781fefc94f81bde811554741d09449d123.png
9241,"2021-11-17 03:56:43",ArkbooOM,,black,af,,4108.79,https://politicsandwar.com/uploads/0abaea88b53ebd9fb8e464a2706fcbea9a094fcb895.png
9243,"2021-11-17 05:18:01","Asianic Security Treaty Organization",ASTO,blue,af,https://discord.gg/GkvAJ2kDH4,510.00,https://politicsandwar.com/uploads/9fa20c3498242458466bef023b1ea39aaf87dd35x916.jpeg
9247,"2021-11-18 12:42:22","United Nations",U.N.,blue,af,https://discord.gg/APktcNnxXs,3457.72,https://politicsandwar.com/uploads/ae06909bc008c4343c2fce08c4b00c2b679c289ex921.png
9251,"2021-11-19 13:30:27","United Communists Nations",UCN,red,af,,390.60,https://politicsandwar.com/uploads/3f0df818f05194953f71bf9d45494c71f1d86ebdx645.jpeg
9252,"2021-11-19 17:29:00","The Four Elements",,aqua,af,https://discord.gg/2zrZ9yqz2J,0.00,https://politicsandwar.com/uploads/4f133a6f4091fe202aeb1ea874a2009711ff7e1e500x281157.jpg
9253,"2021-11-19 21:24:18","United Americas",UA,aqua,af,,1828.37,https://politicsandwar.com/uploads/68823f0f67537e8036cd5c1bde0c38d4ef39ae9f500x25065.png
9256,"2021-11-22 15:57:55","The Wraith",TWR,maroon,af,https://discord.gg/6Aqqv2zSPY,17106.61,https://politicsandwar.com/uploads/d0c03276765d8408c1886a9c824ba680be82324f500x300794.jpg
9257,"2021-11-23 03:54:29",WATO,,red,af,https://discord.gg/v3sVqWC3,500.88,https://politicsandwar.com/uploads/d8a07b63a627e2ace4976853eec8f4a484e5d293500x368808.png
9263,"2021-11-28 06:19:20",ArmeniaM,,orange,af,,2878.30,https://politicsandwar.com/uploads/60b1fe8a00f885ae6844c41619506e2233473328500x29614.png
9266,"2021-11-29 16:26:11","NFT Crypto Lordz",NFT,aqua,af,,321.85,https://politicsandwar.com/img/flags/unitedstates.jpg
9267,"2021-11-29 20:10:48","The Andromedrian Pact",,aqua,af,,1715.81,https://politicsandwar.com/img/imgur-old/48664f573e2391f1770adf56fc7371eba506b385277.png
9268,"2021-11-30 07:14:37","Galactic Senate of the Republic",,red,af,https://discord.gg/6dkT9qEh3A,1150.01,https://politicsandwar.com/uploads/18da8ee678cab0b4acd04b7510478eef689d9a74x992.jpeg
9276,"2021-12-02 14:21:37","Order Of The Dragon",,white,af,,892.75,https://politicsandwar.com/uploads/7209a34bfa1b07d258ff49c6452af901408ccf60221x300941.png
9277,"2021-12-03 01:36:19","Da Club",DAC,pink,af,,4036.83,https://politicsandwar.com/uploads/9d20ef3107f88da2f7de586a3cceef5d911422a8500x333575.png
9278,"2021-12-03 17:10:58","The Mad Thieves",MAD,black,af,https://discord.gg/unE2Qq83cs,3717.65,https://politicsandwar.com/uploads/c686b1c8a26a68fe8dc7ce82549d5e5c72960c6a500x398637.jpg
9279,"2021-12-04 12:02:22","The other side","The Bakery",aqua,af,https://discord.gg/R7mb63Kc,1358.70,https://politicsandwar.com/uploads/5ac19b081a3b28ed62ef4c0e8276fb0e3301978b500x299401.png
9280,"2021-12-05 23:22:12","Irish Republic",,olive,af,https://discord.gg/Djd8sAKG2T,11232.20,https://politicsandwar.com/uploads/2a70abbd8fc1036fb0312fc6d6f5f69e91b66b97500x291781.png
9281,"2021-12-06 02:18:31","The Flying Dandies",,pink,af,,846.05,https://politicsandwar.com/img/imgur-old/7fd411247afbe6dbc30ab8723e6b7331e43b5a170.png
9283,"2021-12-06 19:15:18","Thunder Road",,maroon,af,,0.00,https://politicsandwar.com/uploads/13b7040c50a0101da6ecc33fef52d3fef8e4cb70500x245917.jpg
9284,"2021-12-07 01:46:13","Skull & Bones Society",SKULLS,pink,af,,4077.49,https://politicsandwar.com/uploads/6dec08d330e0ceb81b5171f126508b64b43ecc57x574.jpeg
9285,"2021-12-07 18:40:41","The Meat Men",TMM,maroon,af,https://discord.gg/bJ8fpVEXZf,15576.74,https://politicsandwar.com/uploads/17e0fa412ce56bf8571a84bf21f0fb41b499312a500x230672.png
9286,"2021-12-07 21:42:12",mergk234,M234,orange,af,,0.00,https://politicsandwar.com/img/flags/chad.jpg
9288,"2021-12-08 03:39:32","The CHAD alliance of chickens",,black,af,,1944.82,https://politicsandwar.com/uploads/d8e7f696c01c5b1da1d0a9530f5e7190227d7460x300.jpeg
9289,"2021-12-08 12:52:08","Raiders Offshore",,green,af,,959.95,https://politicsandwar.com/img/flags/canada.jpg
9290,"2021-12-08 16:10:44",Resurgence,Rsg,olive,af,https://discord.gg/JxF7VWNRT7,1923.31,https://politicsandwar.com/uploads/a1868805c7c7b5e7bd75ca5d2fcf241efc5504dex411.png
9292,"2021-12-10 04:42:23","Iosef Stalin alliance",JSA,red,af,,1275.04,https://politicsandwar.com/uploads/226e4d03145684bda6b11eda6b5144e6a3e237f0500x250708.jpg
9293,"2021-12-10 07:07:16","Missing In Action",MIA,black,af,https://discord.gg/npdzRkScjJ,1195.78,https://politicsandwar.com/uploads/d1cfa1946a2dd44b2d3990f859af745419def022500x466762.jpg
9310,"2021-12-12 22:31:42","Neutrality Pact",NTP,aqua,af,https://discord.gg/mUATPZu8,561.56,https://politicsandwar.com/uploads/f919d4ecf178e4cb74008d8c292e9206436e04ed500x231548.png
9313,"2021-12-13 02:25:05","Ethereal Light",EL,black,af,https://discord.gg/XdCbyvg9,25407.97,https://politicsandwar.com/uploads/6d5dba0cece07f54ba702a51b91174bf9b6e4ee1500x417964.png
9320,"2021-12-13 17:23:36","The Coalition of Sheels Shrubs",CSS,red,af,,1089.16,https://politicsandwar.com/uploads/cae86be0228c271173f053ac97ed15c8bb7b2461505.jpg
9322,"2021-12-14 03:42:52",Rivendell,,orange,af,,4479.77,https://politicsandwar.com/uploads/819117c77a5d07fe30a3f0da1f5b23e830ea6eb5296x300304.png
9327,"2021-12-15 00:19:27","Mojo Jojo Inc",MJ,yellow,af,,10974.50,https://politicsandwar.com/uploads/81202ba87dd94289e19ecf1e555990b678ea1496x445.png
9329,"2021-12-15 14:21:52","Papers Inc",Pinc,white,af,,977.40,https://politicsandwar.com/uploads/414ab7bbe2f6c09adcfd508c8ec452742205f18b500x275635.jpg
9330,"2021-12-15 17:49:50","Reunited Nations",,black,af,,2512.33,https://politicsandwar.com/img/flags/barbados.jpg
9331,"2021-12-15 18:26:44","Barber Shop",,lime,af,,3785.50,https://politicsandwar.com/img/flags/turkey.jpg
9332,"2021-12-16 11:51:57","the Roaldlandian Commonwealth",ROALDLAND,purple,af,,260.70,https://politicsandwar.com/uploads/f664eba13088cbda02331701bea352e56a946076500x300321.png
9335,"2021-12-18 03:22:04","Starfleet Command",SFT,blue,af,https://discord.gg/mjf6aJrRR8,26742.12,https://politicsandwar.com/uploads/69cbc4721b42b7f87ae879b617eaad7f3e5f3c9b500x300209.png
9337,"2021-12-18 23:22:34","House Umber",HU,green,af,https://discord.gg/daQgMeKnBe,11603.55,https://politicsandwar.com/uploads/0ca8231e8ef89013dbca2c920b7ec5b35442460a500x324958.png
9340,"2021-12-19 20:45:14",CLAN,CLAN,pink,af,,1140.75,https://politicsandwar.com/img/imgur-old/0a31900529966f483de4a2a137d8f8074909fb12171.png
9341,"2021-12-20 00:11:45","High Temple",,green,af,,7530.00,https://politicsandwar.com/uploads/d264e39f5f7ad18d0f62525b7f33a10120fff38d500x321328.png
9345,"2021-12-20 18:51:22","Bank Robbers",,aqua,af,,5055.22,https://politicsandwar.com/uploads/ef2674969e51cb7282194e284e39ad075a6f78a9324.png
9349,"2021-12-21 02:19:50","The United Nations",Disbanded,pink,af,https://discord.gg/Qh9B3VjW,846.43,https://politicsandwar.com/uploads/0fbc1762cf9607dc017d3ff87ea3e82da21f4a4d250x25054.jpeg
9350,"2021-12-21 04:30:54","Nyan Cat",NC,aqua,af,,0.00,https://politicsandwar.com/uploads/fdfd07a83e1e0ad8ba8a37e9b983b7c650b66abe250x25033.png
9358,"2021-12-22 01:01:37",Placentica,,green,af,,0.00,https://politicsandwar.com/img/flags/vietnam.jpg
9363,"2021-12-22 11:28:35","Castle Camelot",C-KOM,maroon,af,https://discord.gg/6W2BU4aMYy,38262.01,https://politicsandwar.com/uploads/b25981c7036f5a752201aed737d991df2c447056x710.png
9364,"2021-12-22 13:40:03","The Dragons",,aqua,af,,0.00,https://politicsandwar.com/img/flags/abkhazia.jpg
9368,"2021-12-23 09:26:11","the place",,green,af,,2503.52,https://politicsandwar.com/img/flags/greatbritain.png
9370,"2021-12-23 15:51:13","The Meat Vault",,maroon,af,,1458.65,https://politicsandwar.com/uploads/17e0fa412ce56bf8571a84bf21f0fb41b499312a500x230940.png
9373,"2021-12-24 05:49:01","PolarFreeze Warehouse 55",,blue,af,,6084.55,https://politicsandwar.com/img/imgur-old/a69030707aac568c9eb564ed58dfa6bacfa34da5165.png
9375,"2021-12-24 08:47:26","united africa",,green,af,https://discord.com/channels/924296534512762900/924296534512762903,1359.91,https://politicsandwar.com/img/flags/egypt.jpg
9384,"2021-12-26 12:23:13","United Nations Of Independence",UNI,blue,af,https://discord.gg/DgXKyJgk,874.00,https://politicsandwar.com/uploads/cae86be0228c271173f053ac97ed15c8bb7b2461505.jpg
9392,"2021-12-28 19:57:07","Regional Union & Agreement Institution",,green,af,,13145.00,https://politicsandwar.com/uploads/b9db522c51b2e793a66d2271eba77a4ef8c5b3b9x232.png
9393,"2021-12-28 21:33:41","Brotherhood of Nod",,red,af,,1593.48,https://politicsandwar.com/uploads/f7c0daa3e15b612db617f127ffa13c362850cc83500x233893.png
9395,"2021-12-29 02:22:52",1COPIUMvein,,green,af,,14722.50,https://politicsandwar.com/uploads/3c7093dca572a7b1d42ec56c8965baed35557e06500x281128.jpg
9402,"2021-12-30 04:09:40","United Anti Discord Front",,purple,af,,35.00,https://politicsandwar.com/uploads/5a7723b5282a70b585d639ede42bd5bee2f46cbf300x300904.png
9406,"2021-12-31 04:58:17","Crimson Dragons",CD,maroon,af,https://discord.gg/my9FAHmA,33886.02,https://politicsandwar.com/uploads/67b82fc68ecb5d9b117a44124c8ef596a7e1df19500x300558.png
9407,"2021-12-31 07:37:38","The Confederation of Socialist Nations",CSN,red,af,https://discord.gg/m7aAD7XPPR,1230.43,https://politicsandwar.com/uploads/69127736dd5c231c45e7d4af8dc5087e50c41098x679.png
9408,"2021-12-31 07:53:07",Novus,,black,af,,17408.45,https://politicsandwar.com/uploads/5efb24e0fdc0f5a4f7436fc32a5101854f17c993265.gif
9409,"2021-12-31 20:10:10","Dont Touch",,red,af,,17478.70,https://politicsandwar.com/uploads/2800c0ff502058c32053627f51233bb82710bb44450x3009.png
9413,"2022-01-01 17:31:52","Dumpster Diver v4",,green,af,,4807.50,https://politicsandwar.com/uploads/afd6899f7c70ff172caef8992962a36b2c08a762x895.jpg
9414,"2022-01-01 21:46:35",ShubaM,,green,af,,18480.00,https://politicsandwar.com/uploads/d9d4313b17ac1740802246619963e289ea4ec12ax256.gif
9415,"2022-01-01 23:34:02","The Marauders",,olive,af,https://discord.gg/gFgtGk83v7,7115.00,https://politicsandwar.com/uploads/47abfb128e727eecb02aa0ff9ca2e0822b86effc450x300799.jpeg
9416,"2022-01-02 01:17:13","The Morag Tong",,maroon,af,,1267.65,https://politicsandwar.com/uploads/aced7a5c8549367fb470d7766079323ba4a65c08250x687999.png
9417,"2022-01-02 01:19:30",NukaWorld,7K-MW,maroon,af,,983.55,https://politicsandwar.com/uploads/ad36737cfc320fafb79dbfe33848edefca2ddecf416.gif
9418,"2022-01-02 03:28:39","Phantom Troupe",,brown,af,https://discord.gg/tDyM9Gg6wp,14773.43,https://politicsandwar.com/uploads/8a028f9b41e9e7233a34418737e80024aad6d0a6500x31285.png
9419,"2022-01-02 14:27:19","Raccoon 404",,green,af,,5400.49,https://cdn.discordapp.com/attachments/680029224702443533/927207149732499518/aerender.gif
9420,"2022-01-03 14:58:08",K2,,blue,af,,561.65,https://politicsandwar.com/img/flags/new_york.jpg
9421,"2022-01-04 02:02:53","Wally Tally Fally",,maroon,af,,4599.01,https://politicsandwar.com/uploads/7f1b6b4092cde322a7209affa489041e91427225216.png
9423,"2022-01-04 14:08:41","The godly division",Smileisgod,blue,af,,2602.45,https://politicsandwar.com/uploads/d9fed8a5131e106cc8554639b69d8fb9f363d61f250x251562.jpeg
9424,"2022-01-04 16:50:19","Imperium of Man",IoM,white,af,https://discord.gg/wcWR43y3JN,38082.85,https://politicsandwar.com/uploads/521fa6051a80d34f49906da304519a16b646d94a500x312739.jpg
9426,"2022-01-05 03:06:21","United Confederation",,black,af,https://discord.gg/QKXmJVFD3J,2307.91,https://politicsandwar.com/uploads/d57d2784a97cdaa1756420f45a2b7ab2989c2b0ex204.png
9427,"2022-01-05 17:04:28",Apollo,,lime,af,https://discord.gg/sGzXF7P,33543.79,https://politicsandwar.com/uploads/01ff0ba8071d73f87dbec43d1ccfb5d6a9765887x916.png
9428,"2022-01-07 01:15:41","The Antarctic Drench",,purple,af,,2103.08,https://politicsandwar.com/uploads/8bbbb1b25b9e6ebb1b33f7819010d405fa9f24a4500x333587.png
9429,"2022-01-07 10:28:11","Divine Immortality Empire",DI,green,af,https://discord.gg/wvU8azNDSb,5319.53,https://politicsandwar.com/uploads/b794a43e4656313932a853ffc3f2d697eceafd10500x419191.jpg
9431,"2022-01-07 22:51:46",ONION,ONION,blue,af,,1886.27,https://politicsandwar.com/uploads/908d7f55b4c4fcaa65554707de2c0cf378017d89450x300618.gif
9432,"2022-01-08 00:41:52",Orchid,DtC,green,af,,8632.50,https://politicsandwar.com/uploads/3f1913b41987d7f62106fff3398ee08b7c8ac5a1500x300661.png
9433,"2022-01-08 02:23:03",UUSR,,green,af,,3402.62,https://politicsandwar.com/uploads/fa4d42730ca327dd5a2fd1b415bed0d69ec4daa6500x31279.png
9435,"2022-01-09 11:03:40","Imperial Army",IA,aqua,af,https://discord.gg/shX7C7H4bb,1009.56,https://politicsandwar.com/uploads/5f20c1af37dd6685e7d0ed9699304f05f91c53cbx917.png
9437,"2022-01-09 21:26:00",Lordaeron,,pink,af,,4300.73,https://politicsandwar.com/img/imgur-old/c48fcf754dc2465674253c6da89836d19de9197a751.png
9438,"2022-01-09 22:17:48","Prusso Roman Imperial Union",,purple,af,https://discord.gg/gUtnzRT8zG,20318.29,https://politicsandwar.com/uploads/a6974069630bc43884e3f448ad67719443cb3f7a500x336968.png
9439,"2022-01-10 03:27:19","Guild of the Netherworks",GNW,lime,af,https://discord.gg/yDxfmek,0.00,https://politicsandwar.com/uploads/d2fd0aa0ea177afc130f9838ade725b225ac4223500x299817.png
9440,"2022-01-10 10:06:15","The Imperium",RSS,orange,af,,277.71,https://politicsandwar.com/img/flags/india.jpg
9441,"2022-01-10 14:18:14",pain,,black,af,,0.00,https://politicsandwar.com/uploads/53440d2d8574917a22accabdc45195c2f242932cx74.png
