﻿alliance_id,date_created,name,acronym,color,continent,discord_server,score,flag_url
619,"2014-08-05 19:39:15",Guardian,Guardian,pink,Ar,https://discord.gg/wFbUzM2,169665.31,https://politicsandwar.com/img/imgur-old/4ec297228f2995b3e5b9d7930411397051baa3e1895.jpg
622,"2014-08-06 13:37:26","United Purple Nations",UPN,purple,Ar,https://discord.gg/mfUxYv7CyR,256407.34,https://politicsandwar.com/img/imgur-old/3f9d76b849ff553846c11a6097af797b3b9570bf680.png
770,"2014-10-26 13:21:40",770,MH,yellow,Ar,,6365.46,https://politicsandwar.com/uploads/a6704b34c366c6fc31ae3c510e139b4b06034dcf500x300246.png
790,"2014-11-04 23:13:16",Rose,🌹,pink,Ar,https://discord.gg/Fp5Ngqg,756170.88,https://politicsandwar.com/uploads/595fc961f5fe2bd3939c2e3748b9c4cc49726e7c500x306573.png
831,"2014-11-21 17:26:29","The Syndicate",t$,green,Ar,https://discord.gg/RFR6Rnq73j,888820.94,https://politicsandwar.com/uploads/f9e00900e41e4de7e86814b5bc4a0837e4e6adf0500x300747.png
866,"2014-12-08 09:18:04","Guardians of the Galaxy",GoG,lime,Ar,https://discord.gg/DVGzNXM,0.00,https://politicsandwar.com/uploads/111dd01422c16de66f4d06040c7451118efd002b957.png
877,"2014-12-12 23:23:13","Black Knights",👽,black,Ar,https://discord.gg/VrJFQMBH2R,265380.25,https://politicsandwar.com/img/imgur-old/917568acf2b88122f2e687d5bcfe41c8db855e95744.png
913,"2014-12-19 14:34:25",Arrgh,Arrgh!,black,Ar,https://discord.gg/jCAQFtJ,176048.19,https://politicsandwar.com/img/imgur-old/c4ad8a85a57d1fedc2df54ac0d34bc882a83b441644.png
1023,"2015-01-26 15:22:05","The Fighting Pacifists",TFP,white,Ar,https://discord.gg/5yT5tWS,870704.95,https://politicsandwar.com/uploads/d25991e17a37d30b00f6d81fbc2604c71c260f57x327.jpg
1210,"2015-03-21 22:52:21","World Task Force",WTF,maroon,Ar,https://discord.gg/3AXHN5B,193599.48,https://politicsandwar.com/uploads/7f1b6b4092cde322a7209affa489041e91427225216.png
1246,"2015-03-29 20:09:40",Farkistan,FU,white,Ar,https://discord.gg/HDjRySg,20356.16,https://politicsandwar.com/uploads/100fe13335b6c085e46e699bf8d856d1ee996207315.png
1584,"2015-06-29 17:25:50","The Knights Radiant",TKR,orange,Ar,https://discord.gg/theknightsradiant,1007282.64,https://politicsandwar.com/uploads/1638d0632ae76bfb5d49c1f27836e58be26b366d425.png
1742,"2015-08-14 18:32:07","Politics and Wei",WEI,black,Ar,,14384.53,https://politicsandwar.com/uploads/4667fac78cbdca244f2e9cff3f1b2ca125047a80500x300904.jpg
1896,"2015-10-05 16:50:32",Pantheon,🏛️,yellow,Ar,https://discord.gg/8w5mHFe,19682.83,https://politicsandwar.com/img/imgur-old/aabdb8d0f25956ba861bb1c365c404835995c5a5705.png
2082,"2015-12-01 16:15:42","New Pacific Order",NPO,brown,Ar,https://discord.gg/g5x6UZ4,6110.00,https://politicsandwar.com/uploads/f6d9d9cd426226b55504e8fe7c941c10cb7eb6ba700.png
2358,"2016-02-16 19:50:46","New Polar Order",NpO,blue,Ar,,11059.47,https://politicsandwar.com/img/imgur-old/a69030707aac568c9eb564ed58dfa6bacfa34da5165.png
2510,"2016-03-20 06:51:10","Royal Alba Charter Company",RACC,green,Ar,https://discord.gg/FJeNyKhxPt,91830.00,https://politicsandwar.com/uploads/30aa415263836ea59b74afac58c24cc2049705dc500x300345.jpg
2594,"2016-04-04 10:01:03","United Socialist Nations",USN,red,Ar,https://discord.gg/e2VvhPwnb7,148093.46,https://politicsandwar.com/uploads/7a0085a4cce7701f1c2c0e9750784160b5777daa500x281576.png
3339,"2016-09-23 00:04:24","Grumpy Old Bastards",Grumpy,green,Ar,https://discord.gg/8BZztQQ,416996.65,https://politicsandwar.com/img/imgur-old/5dd661b245f116d7220762458df6eb9df784822a390.jpg
3427,"2016-10-07 17:28:42","Legion Of Dawn",LoD,white,Ar,https://discord.gg/pQwTGU2z45,7962.50,https://politicsandwar.com/uploads/4eb27a8bf1cd8a2a0823c417de0331a6844e95f4500x281391.jpg
3683,"2016-11-08 20:24:05","House Stark",HS,olive,Ar,https://discord.gg/aRhfKtBzp8,230064.57,https://politicsandwar.com/uploads/86d51d21eaf10b22474226dda75f1289ce26806ex456.png
3940,"2016-12-20 00:38:26","The United Empire of ZahAharon",TUE,purple,Ar,https://discord.gg/yZmr9av,2190.00,https://politicsandwar.com/uploads/5ba2f1328cb1211b742c91c72d9c34db1248101b489.png
4124,"2017-02-01 17:00:43","Knights Templar",KT,orange,Ar,https://discord.gg/RyPP7hBKqs,360646.63,https://politicsandwar.com/uploads/05c391c40a181b5b79d67baa0da2b11bdaf1df50500x281190.jpeg
4150,"2017-03-19 10:05:19",Yarr,GOLF,black,Ar,https://discord.gg/cbF74Dg,37985.74,https://politicsandwar.com/uploads/57056016e0494b5e9e860188582d4db5ac119883500x333979.png
4221,"2017-06-11 12:22:29",Spectre,SPC,maroon,Ar,https://discord.gg/Uyn3m5D,516249.05,https://politicsandwar.com/uploads/1efcfa27bd877d54948082ac5de5cb619c3e5281500x312846.png
4271,"2017-08-09 02:18:58",Oblivion,"S H I T E",green,Ar,https://discord.gg/YRerfDpaKJ,110994.50,https://politicsandwar.com/uploads/77f48785108ccfdc120abfd909836623bddd89abx511.gif
4397,"2017-12-10 03:25:36","Strickland Propane",Strickland,maroon,Ar,https://discord.gg/SFEpZNf,29286.41,https://politicsandwar.com/uploads/a118889f96a7c98bd6c465415353aaf6452d9915500x300529.png
4468,"2018-01-07 07:22:03","Purple Flower Garden",PFG,orange,Ar,,10176.02,https://politicsandwar.com/img/imgur-old/0f4f936ea7c16e834208f05cef1a98f6c0eddb47463.png
4567,"2018-02-23 02:31:21","The Golden Horde",TGH,yellow,Ar,https://discord.gg/nUGFqj4,160310.33,https://politicsandwar.com/uploads/8b3ac7ce4e1cbd4203e3c7bef70582d64ac46f59500x312792.png
4623,"2018-03-18 07:10:01","The Empire of the Moonlit Sakura",9K-天朝,maroon,Ar,https://discord.gg/3HrZhNCR49,7060.05,https://politicsandwar.com/uploads/77a7d97093ba2365abccad3f88475c9d2769678584.jpg
4638,"2018-03-21 05:20:16","Sacrum Romanum Imperium",HRE,maroon,Ar,https://discord.gg/2WGKQGPPhY,57532.96,https://politicsandwar.com/uploads/7301cea65b528edb03d7f7a66a88d591b2e8d27f500x333596.png
4648,"2018-03-22 22:26:01",Aurora,AUR,green,Ar,https://discord.gg/NSvDF7GqBj,13066.25,https://images84.fotosik.pl/1023/f49d99150a877b08.jpg
4729,"2018-04-13 22:07:21","Church Of Atom",CoA,green,Ar,https://discord.gg/DCQsEuf,5761.70,https://politicsandwar.com/uploads/a18a33770a8efb8ce21bf21468d6f7d404e73392500x333798.png
4829,"2018-05-05 16:54:12","The Enterprise",e$,lime,Ar,https://discord.gg/tm4aaKUGMd,181043.01,https://politicsandwar.com/uploads/acb59b63c53934d487a8d41276ddefe5cf7e9e71500x300385.png
4937,"2018-07-13 09:44:55",Camelot,🐲,maroon,Ar,https://discord.gg/camelot-465573583532589058,419597.03,https://politicsandwar.com/uploads/6abdcecccc326c158236bff3a5437c6612acdbce500x300412.png
5012,"2018-08-19 21:19:31","Respublica Romana",R&R,pink,Ar,https://discord.gg/rUJyB4U,0.00,https://politicsandwar.com/uploads/b67280cb2aac79d9b005553bdba50f34c1172af3x271.jpg
5039,"2018-09-09 00:20:10","Goon Squad",GS,green,Ar,https://discord.gg/uJGwKCK,12184.30,https://politicsandwar.com/uploads/f62cf330574ddc0dbd044b54a721efcbbef2d145647.jpg
5049,"2018-09-17 19:17:51",Carthago,CTO,olive,Ar,https://discord.gg/WAK7FWDkf8,4698.05,https://politicsandwar.com/uploads/c196c11b0cfca8e388e29edcc7dc1c758ab6206d500x281938.png
5476,"2019-05-06 16:50:03",Weebunism,🌸,brown,Ar,https://discord.gg/VMxbrMR,383643.40,https://politicsandwar.com/uploads/0b00f8e79e4aa3a6fae21c2cf77a0276e475b222500x307115.webp
5658,"2019-06-23 00:17:04","Unforgiven Legion",U.L.,purple,Ar,https://discord.gg/Wjek998,52003.01,https://politicsandwar.com/uploads/6e7d1598085fc5929b0522d0b22f8078bd33e474500x250194.png
5875,"2019-08-04 19:30:43","The Immortals",IMMORTALS,yellow,Ar,https://discord.gg/8w5mHFe,865828.18,https://politicsandwar.com/uploads/f658b8d433a3e2c8835383d90f691254ecdab94dx680.png
6088,"2019-09-07 22:29:58","Terminus Est",💀,maroon,Ar,https://discord.gg/7xSa8WrbJA,10700.96,https://politicsandwar.com/uploads/b0cac855367acc367ae4619baaa337ba8060c2a4500x300891.gif
6126,"2019-09-14 03:39:06","The Lost Empire",TLE,aqua,Ar,https://discord.gg/uJwCEs3qrJ,0.00,https://politicsandwar.com/uploads/f335d2149c46a6b1f664d32592dc2d871b7c5dcc500x258931.png
6877,"2020-01-07 23:40:55","Advanced Syndicalist Mechanics",ASM,red,af,https://discord.gg/SGgessb,0.00,https://politicsandwar.com/uploads/1c8cb8d10c2166cb00c75e5c2e047eb76ba0cc5b450x300644.png
7000,"2020-01-19 18:26:32","Banana Stand",BS,orange,af,https://discord.gg/t7dzPAV,21182.47,https://politicsandwar.com/uploads/f9613d3de649c612bc52bd5cacf0ca6edb5cda70x443.png
7094,"2020-02-02 10:53:42","The Coal Mines",TCM,pink,af,https://discord.gg/ybWe59czTf,0.00,https://politicsandwar.com/uploads/364b80261d08d1750f2898abc48117eef7daa1d1x783.webp
7249,"2020-02-19 19:32:31","The Firm",$f,green,af,,21343.75,https://politicsandwar.com/uploads/acde1ad6c273e804750867b1b278e85ffda51fb5589.jpg
7346,"2020-03-11 23:55:25","Chocolate Castle",CC,pink,af,https://discord.gg/V6Vmq96,0.00,https://politicsandwar.com/uploads/ded131b45a77f67b7714b8cdd637041c914c8ba4500x333251.png
7366,"2020-03-17 17:48:08","Parisian Commune",,red,af,https://discord.gg/8gsTGb,0.00,https://politicsandwar.com/uploads/ebb2052df6d96b2f1ef7e3fa3fc7502eb2ecffb2x243.png
7433,"2020-04-06 02:09:18","Almighty Corporation",ALMC,yellow,af,https://discord.gg/aDnRmzH,0.00,https://politicsandwar.com/uploads/f546e0e1042b03467c682e53bd214abff4fdaf5e500x3007.png
7450,"2020-04-12 18:27:50",Eclipse,☾,brown,af,https://discord.gg/sGzXF7P,1449667.32,https://politicsandwar.com/uploads/d0694db4b7924de3684b6e8a70c8f094c18dd185500x300289.jpg
7484,"2020-04-25 14:13:28","Global Alliance & Treaty Organization",GATO,brown,af,https://discord.gg/B6pTkZGP9U,386671.18,https://politicsandwar.com/uploads/9cdb0f6777598a3db43231803b64e6dce7c44a1bx65.png
7580,"2020-05-31 06:19:19","The Legion",SPQR,purple,af,https://discord.gg/RvEAPsp,305165.76,https://politicsandwar.com/uploads/e254b002f149b41dd2357a3a8628cbb096231ed1x387.png
7674,"2020-07-15 00:11:14","The Mortals",TM,lime,af,https://discord.gg/8w5mHFe,44916.49,https://politicsandwar.com/uploads/08676a69421f5d32946008fb840f9d3e4b808068450x300420.jpg
7698,"2020-07-24 06:27:38",NukaWorld,7K-7G-NW,maroon,af,https://discord.gg/rB9nEf9,0.00,https://politicsandwar.com/uploads/ad36737cfc320fafb79dbfe33848edefca2ddecfx377.gif
7750,"2020-08-17 07:27:40","United Ummah",UU,lime,af,https://discord.gg/8Q25CyE,143825.56,https://politicsandwar.com/uploads/7cb1321d98482a518c2583206931f07c6610d354500x29977.png
7806,"2020-09-02 21:00:48","Neon Dystopia",,lime,af,https://discord.gg/CQ3b55G,0.00,https://politicsandwar.com/uploads/a5dbad95a2446481c856407a104da68c772d872c286.jpg
7815,"2020-09-06 15:23:49","99942 Apophis",99A,black,af,https://discord.gg/yF24Mgk,31619.97,https://politicsandwar.com/uploads/d451c53bf1a6b5030083bf6f48aed590524d78dcx741.jpg
8236,"2021-01-16 16:23:43","Name Withheld",❓,orange,af,https://discord.com/invite/89fsQSCUHM,210164.02,https://politicsandwar.com/uploads/bf95c3ffec641883c445463fb58372e0eee9235a500x300839.png
8257,"2021-01-25 05:26:14","rose but better",,red,af,,0.00,https://politicsandwar.com/uploads/a52d1789972fedd91e8698a4b3552454736ea0fd800.jpg
8343,"2021-03-13 12:51:59","The Armed Peacekeepers",TAP,white,af,https://discord.gg/5yT5tWS,0.00,https://politicsandwar.com/uploads/96fb005856f5eac25d479449ecc3183e70115d86x725.png
8442,"2021-04-18 18:00:44","Antifa Super Soldiers",🍑,green,af,https://discord.gg/pN8XRSR,82.20,https://politicsandwar.com/uploads/5509b91d1778658795615ecf5c79b4f6cf44d6a0x648.png
8459,"2021-04-23 17:20:18",Genesis,GNS,aqua,af,https://discord.gg/Yhv73hftkU,1270.28,https://politicsandwar.com/uploads/fe518f7402c90c78b5aa5f22bf4fce2225649cf1x161.gif
8577,"2021-05-17 12:58:42","Heung Shing Corporation",HSC,purple,af,https://discord.gg/uGXdCrZ8Sh,35845.18,https://politicsandwar.com/uploads/47dc0f39100b21e36f84c8e16db124adebb15d35500x497903.jpg
8651,"2021-05-30 04:06:28","United Commerce Republic",UCR,blue,af,https://discord.gg/PZcawYZHqh,2498.47,https://politicsandwar.com/uploads/81c427bce43293d96cfc1e852f72c4d549312b09x947.png
8819,"2021-07-15 20:20:04","The Hive",tH,purple,af,https://discord.gg/uszcTxr,6693.25,https://politicsandwar.com/uploads/1d5a2ce435813eed65b5b3bfd6179dd2277be98c500x30074.png
8899,"2021-08-16 18:09:58","Federated States of Orbis",FSO,purple,af,https://discord.gg/FbjJnx37ea,197328.98,https://politicsandwar.com/uploads/22c85012f8e5a267367ac1b2abd986d8d090c7fa500x300827.jpg
8900,"2021-08-17 20:31:54","Admin Alliance",,aqua,af,,756.00,https://politicsandwar.com/uploads/37ca458b5444264e04dc8d7fcd0d77e46d03eecfx3.gif
8926,"2021-08-20 02:34:45",Gallowglass,,yellow,af,,71953.95,https://politicsandwar.com/uploads/d76d758be9b1ed55da9a3139e537ef0f0669e044500x296404.jpg
8948,"2021-08-24 15:14:24","Farmer Warrior",,aqua,af,,0.00,https://politicsandwar.com/img/flags/taiwan.jpg
9000,"2021-09-01 02:53:36","The Hand of Fate",HoF,orange,af,https://discord.gg/RyPP7hBKqs,30394.50,https://politicsandwar.com/uploads/edcab00901317bd2b386ea4dd4ddd6d4958b58bf500x300991.png
9145,"2021-10-11 17:08:56",Kshatrias,,black,af,,0.00,https://politicsandwar.com/img/flags/bahrain.jpg
9192,"2021-10-28 03:46:03","United Nations of LATAM",USL,red,af,https://discord.com/invite/46s5CuYsRq,2907.00,https://politicsandwar.com/uploads/9fa73f4f909cdfcc0da247b8a134b1d4f1b9cda0500x333301.png
9331,"2021-12-15 18:26:44","Barber Shop",,lime,af,,0.00,https://politicsandwar.com/uploads/99834a5b45417fe1349a4d08d1b9c37d51a71393250x250916.jpg
9432,"2022-01-08 00:41:52",Orchid,DtC,green,af,,7769.71,https://politicsandwar.com/uploads/3f1913b41987d7f62106fff3398ee08b7c8ac5a1500x300661.png
9445,"2022-01-11 20:26:59","The Aegis Order",TAO,lime,af,https://discord.gg/JSAEGjmUQG,85226.79,https://politicsandwar.com/uploads/748838acb90b6bca5199d9b0588a02ebea3748f5500x28155.png
9573,"2022-02-10 21:33:48","Black Skies",⚓,black,af,https://discord.gg/yRSYgCEGSb,0.00,https://politicsandwar.com/uploads/496133dadea8506c6e0fc8a0d301c1282a50df53x694.jpg
9600,"2022-02-18 09:18:22","Imperium of Man",IoM,purple,af,https://discord.gg/5NskGyXGCS,0.00,https://politicsandwar.com/uploads/78014ee92448e05b82b0d2835d4d8fca71b88980x798.png
9611,"2022-02-22 02:10:22",Vikings,"RED VIKING",red,af,https://discord.gg/M5cH3wEu,0.00,https://politicsandwar.com/uploads/a44d034aa574f63102bf160d00b46341a7bc395c500x300873.png
9661,"2022-03-09 21:48:50","Pika Party",PIKA,olive,af,https://discord.gg/KVGCbWFc3K,6947.04,https://politicsandwar.com/uploads/15302522dc76fc1b962a4750520b866209154160500x300614.png
9665,"2022-03-11 12:51:33","Union of Perthton",,green,af,,528.83,https://politicsandwar.com/uploads/d6ba77453ccb2b8c4d8e56802afa8464c1298e55x632.png
9712,"2022-03-23 13:35:09",Zenith,,orange,af,,3368.28,https://politicsandwar.com/img/imgur-old/48664f573e2391f1770adf56fc7371eba506b385277.png
9745,"2022-03-28 18:30:22","Raiden Inc",🌸,purple,af,,0.00,https://politicsandwar.com/uploads/eed5bc6be82872dc20114c7c7005791f035c96e6500x279144.jpg
9801,"2022-04-14 01:12:24","The LordStrum Vanity Project",LordStrum,black,af,,0.00,https://politicsandwar.com/uploads/3a375b9b86ad87cc69b86649104b73eeb49095a4500x281277.png
9862,"2022-04-29 19:52:05","The Key",TK,aqua,af,,11554.65,https://politicsandwar.com/uploads/b8c7b37b25726bfa5262792c961ade2a36aed2a1x402.png
9927,"2022-05-19 21:55:00","The Wei",Wei,green,af,https://discord.gg/kTQesxXfMW,0.00,https://politicsandwar.com/uploads/584cdddeaf66070e5ad67c2f47e3fa192733844d500x30030.png
9999,"2022-06-01 15:22:21","Rainy Days",🌧️,white,af,,10371.00,https://politicsandwar.com/uploads/7c9a705331f60fbf50ac38b09cd2524a4c76e649500x300878.png
10000,"2022-06-01 15:22:34",Shuba10KM,,brown,af,,11340.26,https://politicsandwar.com/uploads/852342d97e42a6c6698cf0147b01be1c30ff7585250x140895.gif
10075,"2022-06-16 16:03:00",Vault-Tec,VTC,aqua,af,https://discord.gg/bGZ4mM9Pc9,152200.84,https://politicsandwar.com/uploads/78152fa9a87803ab13749e3a24cac4e248b19a32500x281594.png
10117,"2022-06-26 05:05:42","Crusaders of the Holy Boogaloo",CHB,black,af,https://discord.gg/zYQvuzA,0.00,https://politicsandwar.com/uploads/51a720571643c9d050f7e6d1f4fd0558e45c0664500x281662.png
10128,"2022-06-28 18:51:19","BROWNIE EUROPEAN ALLIANCE",BEA,aqua,af,,0.00,https://politicsandwar.com/uploads/c39e211f60e3e2c0210e9b055bec80c9249979f3225x300912.jpg
10177,"2022-07-05 12:25:54","Man I Love Frogs",MILF,olive,af,https://discord.gg/3ZekYnkf3H,152320.19,https://politicsandwar.com/uploads/4509258c1093f2b98f273c3f21c82d5942033fd3500x375809.jpg
10198,"2022-07-08 11:58:44","Damn I love Frogs",DILF,green,af,https://discord.gg/3ZekYnkf3H,7352.50,https://politicsandwar.com/uploads/dc37d4ce8462b10d3091c298d6c62c4905ddc353500x481862.png
10259,"2022-07-22 11:36:16",Darkstar,DS,black,af,https://discord.gg/wYM6w3dzcc,138294.44,https://i.ibb.co/qJygzr7/Leonardo-Phoenix-A-dazzling-star-emits-white-to-bluish-light-s-2.jpg
10269,"2022-07-24 01:54:18",Mayhem,MYM,yellow,af,https://discord.gg/ZMBdUkMngp,105394.05,https://politicsandwar.com/uploads/be7e21958bda6cce4117b23e2ecb8f8ce7681232500x279699.png
10304,"2022-08-01 06:07:04",Samurai,Sam,red,af,https://discord.com/invite/MythvG762v,154189.59,https://politicsandwar.com/uploads/cd4beab0410b5a991c374a709efd89619f868609x860.png
10334,"2022-08-08 16:27:36","Arkham Asylum",AKA,pink,af,https://discord.com/invite/N5txHQTPPz,111475.59,https://politicsandwar.com/uploads/fc03383f7b5d14cff6205cd34afa94e8240360cc500x281958.jpeg
10377,"2022-08-17 20:30:49",-Yorkshire-,,lime,af,https://discord.gg/XU59nVMRHv,98765.93,https://politicsandwar.com/uploads/0e20043de5aeb8a457a5cd0264d13d90026acedd500x300547.jpg
10382,"2022-08-19 20:19:11",Fumo,ᗜˬᗜ,brown,af,,13965.48,https://politicsandwar.com/uploads/2188de438a2c0b8ae4f5eced378e00b3ac74774f300x300878.png
10384,"2022-08-20 02:25:11","GASH LOYAL",GL,lime,af,,1096.39,https://politicsandwar.com/uploads/115be7a0f87fa7ef5b515f72583b61412033d6f6250x250916.jpg
10455,"2022-09-04 07:21:12","Anti-Horridism Obocchama Kun",AHOK,blue,af,https://discord.gg/YEbNwtGk,2368.17,https://politicsandwar.com/uploads/498d9e44335edc06e65a95abbd900242aef3ba65x737.jpeg
10497,"2022-09-13 20:28:31","Freehold of the Wolves Offshore",FTW,orange,af,,0.00,https://politicsandwar.com/uploads/ea0b6910e200bfd1900d5b554da1625cbcb8d818500x283844.png
10498,"2022-09-13 20:51:42","The Witcher Order",TWO,blue,af,https://discord.gg/yFBZweHpBv,2660.37,https://politicsandwar.com/uploads/7ebf81a671acb3b709e545ade1d3fd6e8e4f0486500x312226.png
10523,"2022-09-19 09:12:10",Valinor,,pink,af,,11711.30,https://politicsandwar.com/uploads/825f5801b7bad0f0d07572855d27d024d4537cb2500x300407.png
10555,"2022-09-28 01:40:36",Akatsuki,Aka,maroon,af,https://discord.gg/fzWJ3pXmyY,46203.83,https://politicsandwar.com/uploads/a5c7b99d360c0cacddac83f7915243e164d7514a500x312411.png
10607,"2022-10-11 02:20:24","Kiln Of The First Flame",KFF,blue,af,https://discord.gg/MQhsVYwRCa,886.21,https://politicsandwar.com/uploads/409b06b46d9f4e775086912cd05c0c30e9fb2ef5500x280148.png
10613,"2022-10-15 09:46:32","Union of Socialist Soviet Republicz",USSRz,red,af,https://discord.gg/c4We74sTet,4187.02,https://politicsandwar.com/uploads/e3c54dbc3e7a833ae99404b426f5643f8cc9b6b7300x300884.jpeg
10629,"2022-10-21 07:04:53","Momento Mori",MM,orange,af,https://discord.gg/nAbW2mgYsm,24922.95,https://politicsandwar.com/uploads/b4854d440082d5c0e851545e50ec6b8dfb5dc83d500x373612.jpeg
10659,"2022-10-30 17:02:51",Panem,PN,red,af,https://discord.gg/SKPF47x9gb,44291.40,https://politicsandwar.com/uploads/7a214623f442e2ba0132109a58e796198d5ddfd3500x300244.png
10664,"2022-10-31 20:57:15","Cult of Canyon",CoC,white,af,,0.00,https://politicsandwar.com/uploads/c92f8133dd74d13ebd1059e8646d7b128ab741a8500x300269.jpg
10675,"2022-11-06 07:42:12","Chemical X",Fratricide,purple,af,,0.00,https://politicsandwar.com/uploads/591d81ea0f395f2820bfa68be56ea4930b709431250x250651.png
10930,"2023-01-04 04:39:34","Macao Reserve Group",M.,yellow,af,,0.00,https://politicsandwar.com/uploads/791be9a45f9e3af97c4a1e3fa009753d9cc9100d500x39212.jpg
10970,"2023-01-15 03:28:27","Presidential Republic of Igua-sul",,white,af,,1611.60,https://politicsandwar.com/uploads/107d056966633bfd674b497ef8a4ad75d3406d93500x337901.jpg
10983,"2023-01-16 18:01:51","Brothers in Christ",BiC,white,af,https://discord.gg/9a6mqwat2c,0.00,https://politicsandwar.com/uploads/55637f80517488c68811e423a2d3066a4277d90c500x30040.png
10993,"2023-01-19 11:26:34","Hermit Island",HERMIT,green,af,,0.00,https://politicsandwar.com/img/flags/bahamas.jpg
11009,"2023-01-23 02:08:31","The Republic of Libertas",RoL,red,af,https://discord.gg/YKsVJGfCsS,216280.19,https://politicsandwar.com/uploads/4426feff6292fe403e2475ebee720980d70ea3b0450x300280.png
11032,"2023-01-29 00:52:26","SFR Yugoslavia",SFR,purple,af,https://discord.gg/AxpsZQvQzq,192493.51,https://politicsandwar.com/uploads/ec28088f14955896308d5e974c86475d4aa9f131x106.png
11046,"2023-01-31 22:51:22","Magnum Opus",$,green,af,https://discord.gg/uyUsXRp5HW,52993.76,https://politicsandwar.com/uploads/9cc16f4059eaef42d525e68f5295f848c3de6110192x300720.png
11048,"2023-02-01 09:25:35","Empire of the Romans",SPQR,purple,af,https://discord.gg/eotr,265032.62,https://politicsandwar.com/uploads/8357050208d6f75aaa41f490c9a6b1194267c61c500x33854.jpeg
11062,"2023-02-05 15:00:08","Antarctica Alliance",AA,aqua,af,,346859.24,https://politicsandwar.com/uploads/e59049052b780f665b5f2b1e0fd59d661d0d8ef2x600.png
11186,"2023-03-06 16:48:43","The Republic Senate",TRS,black,af,https://discord.gg/qehZCnUghx,0.00,https://politicsandwar.com/uploads/d709c2fbd6ece679451a3884972fdba1d5d40fb9x187.jpg
11189,"2023-03-07 22:06:23","Weaponized Assault Penguins",WAP,white,af,https://discord.gg/GVufsd7Kac,344856.85,https://politicsandwar.com/uploads/94ddf31997566c7ec5e7a91ff5a79823c62cef7b500x30040.png
11202,"2023-03-10 17:24:54",Arrkboom,,aqua,af,,0.00,https://politicsandwar.com/uploads/0abaea88b53ebd9fb8e464a2706fcbea9a094fcb895.png
11279,"2023-04-04 07:19:30","HOUSE OF LORDS",HOL,green,af,,0.00,https://politicsandwar.com/uploads/43d1ada8360b844bc69c81dad7c27c92210cb5e01000x969597.png
11281,"2023-04-04 13:31:49",Britonnia,,brown,af,https://discord.gg/2FfHbNEk2w,0.00,https://politicsandwar.com/uploads/66a8161bf61ebce6f4f7f19346d4373e8be2bef7500x290236.jpg
11330,"2023-04-18 08:21:52","Men In Black",MiB,green,af,,4382.25,https://politicsandwar.com/uploads/89e96946736d32b8f0ac8d2212d22b59440e5150x485.gif
11331,"2023-04-18 12:07:05","BROTHERHOOD FAMILY",BroFam,red,af,https://discord.gg/VMjAzncRAF,8320.56,https://politicsandwar.com/uploads/b019abe7ce91fc98863e590000236faba320a848x861.png
11339,"2023-04-21 07:30:05","The High Table",THT,red,af,https://discord.gg/77w5x8rrXY,147409.35,https://politicsandwar.com/uploads/67a03e38413cb5e96103a80cf178e2fabc915e12x276.png
11340,"2023-04-21 12:59:41","Orbis Peace Organization",OPOirjed8l,brown,af,,1539.80,https://politicsandwar.com/img/imgur-old/ddc4c56d313a0640e3801641e75dedd3d3c1adaa54.png
11349,"2023-04-24 07:56:09",Shamballa,"UGF S",aqua,af,,0.00,https://politicsandwar.com/uploads/f1806bc24257dcf95a92f8cf261754dbe06743d4x925.png
11455,"2023-05-13 01:21:50","Penguin Party",,green,af,,9069.19,https://politicsandwar.com/uploads/be0f125b86cfffb55eb75db847d2286035a58754500x300634.png
11504,"2023-05-24 12:41:04",H0D0R,,purple,af,,0.00,https://politicsandwar.com/uploads/cb309b07947e0c1884f6342503f71b253d2f68701000x584484.png
11553,"2023-06-06 00:35:35","Globglogabgalab Inc",GLOB,purple,af,https://discord.gg/92ckmSJrvK,0.00,https://politicsandwar.com/uploads/e89b1db990b21ac57bcd373086913b85cf081441500x334651.jpg
11555,"2023-06-06 08:19:34",R&R,RnR,blue,af,https://discord.gg/URuyTuFNxn,0.00,https://politicsandwar.com/uploads/fb962c7d0b95c0bc0570a6ccd6610f5609b1f5cd450x300927.png
11568,"2023-06-11 14:31:16","The Paladin",,aqua,af,,0.00,https://politicsandwar.com/img/flags/europeanunion.jpg
11569,"2023-06-12 13:34:26","The Privateers",,green,af,,0.00,https://politicsandwar.com/uploads/b7a302a1ec78d1ab2fd9ffec8563ca06c9174f8bx929.png
11609,"2023-06-28 20:28:17","Petrograd Soviet",,red,af,,5423.59,https://politicsandwar.com/uploads/c440dd74be0958760791169c8e5d8d3386581b77500x333761.png
11610,"2023-06-28 23:57:54",Nuka-Town,7K-7G-2A,maroon,af,https://discord.gg/W9kb72gbcD,0.00,https://politicsandwar.com/uploads/903f6d0500f5eefb33e4563a4e3069bb14f60208x482.gif
11622,"2023-07-03 00:59:18","Communist Republic",,green,af,,1445.71,https://politicsandwar.com/img/flags/russia.jpg
11627,"2023-07-04 07:22:56","The empires",,red,af,,0.00,https://politicsandwar.com/uploads/df9ed9e267741bb58715a8f091874c50aea22eb5300x300536.png
11628,"2023-07-04 07:24:17","The SweetBabyGang",,olive,af,,0.00,https://politicsandwar.com/img/flags/unitedstates.jpg
11657,"2023-07-14 12:14:08",Singularity,SIN,blue,af,https://discord.com/invite/uxCm7YkEcF,1059501.28,https://politicsandwar.com/uploads/e652941039f4c2f89ae8789ae93745747260b227500x333383.png
11660,"2023-07-14 22:42:19",Pokimans,PKM,yellow,af,https://discord.gg/wqa4GfHTSE,99033.20,https://politicsandwar.com/uploads/8eda6f576a6d9c93a414f9ff58f852b21796d04c500x312278.jpg
11668,"2023-07-16 01:42:13","Alliance Name",,white,af,,0.00,https://politicsandwar.com/img/imgur-old/0a31900529966f483de4a2a137d8f8074909fb12171.png
11674,"2023-07-18 13:00:00",Hovel,H,green,af,,0.00,https://politicsandwar.com/img/flags/canada.jpg
11677,"2023-07-19 14:48:47","Cargill Incorporated",CRG,pink,af,,0.00,https://politicsandwar.com/uploads/94e55a882ecd7470bf13ec61d08245ccaeda6b68500x236123.jpeg
11682,"2023-07-20 23:32:01",Miski,,pink,af,,1444.61,https://politicsandwar.com/img/flags/guyana.jpg
11701,"2023-07-25 04:11:34","Nations of Neutrality",,aqua,af,,4791.26,https://politicsandwar.com/uploads/ec7820b201a90a648e9862b966badcb06fef9998500x251694.png
11703,"2023-07-25 12:22:27","Equality-Democracy Pact",EDP,purple,af,,0.00,https://politicsandwar.com/uploads/2422d36d7ad962175ef3b018b89d7d13e8cf253d500x333976.png
11713,"2023-07-26 01:35:02","Ignis Aternum",IGN,purple,af,https://discord.gg/Gb7nQrF6BM,0.00,https://politicsandwar.com/uploads/8c5543199619f1222ecbe2652de57ff797ba456e500x375921.png
11734,"2023-07-28 08:47:06","The Warsaw Pact",WP,red,af,,0.00,https://politicsandwar.com/uploads/62833427f09faed40be5dbce6ea67051f67967d3250x250286.png
11758,"2023-08-01 13:36:53","Mercenaries of Orbis",Liberty,black,af,https://discord.com/invite/ZPae8haAM,0.00,https://politicsandwar.com/img/flags/betsy_ross.jpg
11778,"2023-08-04 20:26:17","Val Taro",AT,yellow,af,,0.00,https://politicsandwar.com/uploads/823fbd70612494a30424e5932b1e4da33a8a0446300x300809.jpg
11789,"2023-08-07 06:12:40","Orbis Financial Corporation",OFC,lime,af,,0.00,https://politicsandwar.com/uploads/5d331a13b634e9933bf55c8f29b2e893c7a8a309500x391379.png
11840,"2023-08-19 14:40:34","United World Alliance",UWA,blue,af,https://discord.gg/wYDRxUGKNW,1257.87,https://politicsandwar.com/uploads/9d67eebd69f26ef195b958898feb2e5078c41731x446.png
11875,"2023-08-25 04:38:44","THE FOUR HORSEMEN",T4H,olive,af,https://discord.gg/gEtzWsgmGN,0.00,https://politicsandwar.com/uploads/07d6b075bb0f30366588c17deaff8f2e08bc14d2x542.jpg
11880,"2023-08-26 00:45:03","Tomb of the Mandalore",TotM,red,af,,0.00,https://politicsandwar.com/uploads/e0302bb33abc7d0800aa755f9bb335ab47c24d5e500x263354.webp
11881,"2023-08-26 02:02:36","Cream 2",,white,af,,0.00,https://politicsandwar.com/uploads/7840b2223d5f059fc1e93cc5d5fcd1eb4c66e19c1000x562645.png
11915,"2023-09-01 01:14:56","Cool Cobras",Cobras,green,af,,1035.03,https://politicsandwar.com/uploads/d31211410fe0340bd5db811e8c8357e87970027f500x253352.jpg
11919,"2023-09-01 10:54:49","Mr Matshaas tomb",ded,pink,af,,0.00,https://politicsandwar.com/uploads/52ea169519feafe633bf5cc9d3a9b73b6126eb56x887.png
11938,"2023-09-07 15:40:34","Federated Slavic Diaspora",FSD,aqua,af,,0.00,https://politicsandwar.com/uploads/5aea01b67d1f895ae783bea259d41b0bf493db28500x333433.png
11942,"2023-09-08 18:37:03","Federation of the Motherland",FotM,aqua,af,https://discord.gg/3cXtjGQMKg,0.00,https://politicsandwar.com/uploads/e6a74215aaf17c513548cdd6f44a1fb5757d1387500x333202.jpeg
11965,"2023-09-14 15:57:58",Nemesys,Nem,purple,af,https://discord.gg/mAZknM5YTY,106740.57,https://politicsandwar.com/uploads/c1f6c5264817434808581f5a0ca72f329a7ba25c500x312434.jpg
11973,"2023-09-16 07:28:30","Requiem Project",,orange,af,,1671.99,https://politicsandwar.com/uploads/8052f7bddb68a4136a7d9033d69d3672ad744851x281.png
12060,"2023-10-08 23:45:19","Brethren of Moose",BoM,green,af,,0.00,https://politicsandwar.com/uploads/671a5ff5f0689a27482200fd75044ae536257f1cx469.png
12097,"2023-10-19 04:11:19","Dark Brotherhood",DB,blue,af,,8971.00,https://politicsandwar.com/uploads/efa7794077667d86bd7887bcd44ff25bdb0283ec480x300221.webp
12110,"2023-10-22 03:03:31","Enforcers of the mask",,black,af,,0.00,https://politicsandwar.com/img/flags/betsy_ross.jpg
12127,"2023-10-26 06:42:52","Intercontinental Treaty of Trade",ITT,aqua,af,,0.00,https://politicsandwar.com/uploads/fb2e2dcd78b158b36fb9f3e48a039ae987daf0991000x562863.png
12149,"2023-10-30 15:47:35","The Empire Of Avalon",TEA,white,af,,2338.42,https://politicsandwar.com/uploads/1ce3f68d54ef63f38808987702f017d912e7d9a6500x333445.png
12198,"2023-11-15 13:12:09","Alliance of The Republic and States",A.R.S,green,af,https://discord.gg/C2uM33mS,1397.75,https://politicsandwar.com/uploads/5ef17764110cf8991cda3a1bdfbc961f3d7815ddx935.webp
12202,"2023-11-16 01:22:04","The Western Alliance",,aqua,af,,0.00,https://politicsandwar.com/uploads/cae86be0228c271173f053ac97ed15c8bb7b2461505.jpg
12213,"2023-11-20 02:57:52","DeVito Union",DeVito,orange,af,,721.55,https://politicsandwar.com/uploads/ed40fc55e33d19fba5019b0bec9b39368ebbc761500x292708.jpg
12216,"2023-11-20 23:09:54","Communist Propaganda",CP,black,af,https://discord.com/invite/8fuYZNbhYk,1674.06,https://politicsandwar.com/uploads/1a2d025cae71260f1dd786efa5926d5706f26ef8500x263269.jpg
12234,"2023-11-28 19:36:42","Crimson Corp",,purple,af,,5969.41,https://politicsandwar.com/uploads/378de65ceecaaab8aca48212b05696a263bf4d42300x300702.webp
12251,"2023-12-04 19:19:13","Movimento Referencista",PMR,black,af,,977.31,https://politicsandwar.com/uploads/5055356b91b9b394d2903d5c1f36ebbf9e0b82c9500x41748.png
12263,"2023-12-08 10:24:36","Llama Alliance",LLAMA,aqua,af,,889.88,https://politicsandwar.com/img/flags/netherlands.jpg
12276,"2023-12-11 10:25:01",Delta0,Δ0,lime,af,,1551.76,https://politicsandwar.com/uploads/3d16bd739410342bfa9df666f76891f596660418x368.jpeg
12281,"2023-12-12 05:23:00","The Sword Coast",TSC,olive,af,https://discord.gg/PNbYkyukv9,282782.70,https://politicsandwar.com/uploads/04e6ed62994034c11876650c06ead4c999d4a146500x312120.png
12286,"2023-12-14 18:28:14",MoOR,,red,af,,720.91,https://politicsandwar.com/uploads/4a7c565a13e71f487985f33aa06512f3d0af8bad500x306928.png
12289,"2023-12-15 01:11:40","United World Union",UWU,aqua,af,,0.00,https://politicsandwar.com/uploads/56030ae2e41aea5b009c2647a6cbba61dbb9ae35500x396979.jpeg
12293,"2023-12-17 05:19:39","Neutral Peace Treaty Organisation",NPTO,black,af,https://discord.gg/q2uUduxS,0.00,https://politicsandwar.com/uploads/f05985a23d05003a12855cc01a474550af76e455250x13895.png
12298,"2023-12-19 20:28:18","Color Trade Union",CTU,purple,af,,3285.00,https://politicsandwar.com/uploads/687cb3943be8ce534f7a46525a932da8491e0a1dx499.png
12312,"2023-12-23 01:01:03","United Republics Alliance",URA,maroon,af,https://discord.com/invite/aFq9Yu3E78,0.00,https://politicsandwar.com/uploads/cd4637f2f8ffdafff5349812be79b0f2b309b9d4500x333709.png
12313,"2023-12-23 03:48:10",Baritona,,aqua,af,,1005.54,https://politicsandwar.com/uploads/2b0413091a8e33ee68af7aab4669be721745eb60182.png
12314,"2023-12-23 17:23:41","Genesis of Light",GoL,lime,af,https://discord.gg/nmPbGdk7Kh,3475.30,https://politicsandwar.com/uploads/57ef4f90e79ca8b824e9a1d3c13edb1d81dff330500x333792.jpg
12345,"2024-01-03 03:43:57","Planet Fitness",12345,yellow,af,,8930.00,https://politicsandwar.com/uploads/2dabd43f4f6832769931d456dd05d406fcbe445f500x292701.jpg
12393,"2024-01-15 00:15:41","Gods Children",,maroon,af,https://discord.gg/quZNy4uH,0.00,https://politicsandwar.com/uploads/040fac487ca3743b866e7786d1291ae77426c1f0215x300310.jpeg
12418,"2024-01-20 18:29:45","Black Sheep",BS,purple,af,https://discord.gg/D8sdMTBdXz,3630.28,https://politicsandwar.com/uploads/c1b9d57f8e4035b0f027502d3d66eaf2a57b485e500x473460.png
12419,"2024-01-20 23:08:31","Delicious Wine",,purple,af,,0.00,https://politicsandwar.com/uploads/f27d84f8409e1b743db091350e52eaabfee68ae2600x600744.gif
12437,"2024-01-25 21:09:10","The Imperial Republic",TIR,red,af,https://discord.gg/mfUV3u7B,514.70,https://politicsandwar.com/uploads/a87d882d428606bf7c57de7ac5089872df4663cax791.png
12441,"2024-01-28 04:09:48","Melior Potentia",SPQO,black,af,,610.00,https://politicsandwar.com/uploads/a606a43d6ebf5d9843fbd10ef21b964a0e0e78fb300x300984.png
12453,"2024-01-30 15:36:07","Gamblers Anonymous",GAMBA,orange,af,,3278.54,https://politicsandwar.com/uploads/1a98e18d7585e530ae520266e46f039be6b48c2b500x281194.jpg
12461,"2024-02-01 00:39:29","Sail Loves Singularity",,green,af,,6405.00,https://img.huffingtonpost.com/asset/5bad9571260000350080f9dc.jpeg?ops=scalefit_500_noupscale
12478,"2024-02-04 07:23:45",Boomer,,maroon,af,,9665.50,https://politicsandwar.com/uploads/67004e0c09b3edf8c4cb922aa24b32ff8e4ee2d3500x375911.png
12479,"2024-02-04 15:04:53","The Exiled",TE,white,af,https://discord.gg/feGEvSECdR,29377.44,https://politicsandwar.com/uploads/1d1e05a59856310962e2fd3a7dd34a6ae59956e7500x281658.jpg
12480,"2024-02-04 15:56:19","Event Horizon",EVH,olive,af,https://discord.gg/t2uQ9NPQj9,1099230.15,https://politicsandwar.com/uploads/4ba3a0b1805fdfa73ee647938949b0c27c74ebee500x281633.png
12481,"2024-02-04 21:43:27",Paragon,,green,af,,9986.91,https://politicsandwar.com/uploads/4b7d68c8463fc8dd98a1fe4f7a101b0ecb074dc4x581.jpeg
12482,"2024-02-04 22:14:13","Los Homoerectus",,yellow,af,,0.00,https://politicsandwar.com/img/flags/uruguay.jpg
12486,"2024-02-05 18:19:52","Serene Majesty",SRM,blue,af,,362.22,https://politicsandwar.com/img/imgur-old/7f05a9ee05509e8a40e653ed33ca1da102ba30ee417.png
12492,"2024-02-06 14:24:05","League of Arab States",,yellow,af,https://discord.com/invite/cWXkdZUQ,0.00,https://politicsandwar.com/uploads/b2b1a1d76ac2b593159816ef5d7b15982dd99db4500x333890.png
12493,"2024-02-06 18:45:32","RISE OF IRON",ROI,purple,af,https://discord.gg/kQ2SvCfd8z,0.00,https://politicsandwar.com/uploads/dba6b49155778e78ffbc384173305cf43b25a694500x297186.jpg
12495,"2024-02-07 01:07:26","African Union",AU,aqua,af,,2156.26,https://politicsandwar.com/uploads/57911b2fb9b55c24126483e1296b7c07ac27a877500x306196.png
12497,"2024-02-08 08:52:50","Matshaas Big Girthy Specimens",BGS,green,af,https://discord.gg/ss8dHzFcKC,0.00,https://politicsandwar.com/uploads/d0cbfd46c1c9df0958f169018237067d08051471250x312423.gif
12500,"2024-02-08 18:12:30","Atlas Technologies",,pink,af,,3849.50,https://politicsandwar.com/uploads/ca62db84ea0cb4060d32177a9ce7cd6322099373500x302938.png
12507,"2024-02-11 14:49:16","Proxy Treaty Organization",PTO,green,af,,353.24,https://politicsandwar.com/uploads/dac3a0e18b56014d42f3235ec67e784dcab1d25a500x333868.png
12510,"2024-02-12 10:59:13","turtle alliance",,green,af,,0.00,https://politicsandwar.com/img/flags/turtlerepublic.jpg
12512,"2024-02-13 02:27:27","The Foundation",FND,lime,af,https://discord.gg/Te5mwYexhB,52106.87,https://politicsandwar.com/uploads/48c0f6f5d3cb0a4b8e8542b3a7624fc967d82905500x300870.png
12515,"2024-02-14 12:14:14","Apex Factory",AF,black,af,,1755.88,https://politicsandwar.com/uploads/ea23d5ba88ad57d93e2bfe0d6bc9b21cafbc9c13441x3000.png
12532,"2024-02-19 04:55:08","Cherry Blossom",,black,af,,827.05,https://politicsandwar.com/uploads/cc8e0fec5af25a3da16c724729005c4b69ff3d3bx893.gif
12534,"2024-02-19 22:32:32",EuropeanUnion,EU,black,af,https://discord.gg/xsyUXm76KC,0.00,https://politicsandwar.com/img/flags/europeanunion.jpg
12539,"2024-02-21 17:12:56","The last hero",TLX,maroon,af,,975.85,https://politicsandwar.com/uploads/8643e452a4811198ff343bc4044ac303c88d9c6d500x353536.png
12543,"2024-02-22 13:40:44","Tax free alliance",,aqua,af,,1135.22,https://politicsandwar.com/uploads/305554800467b4ce9d1d0f677feede1d7793cf78x624.png
12544,"2024-02-24 00:52:53","Scipio Albarrio",CHIMERA,green,af,https://discord.gg/4rskMsbMtY,4429.97,https://politicsandwar.com/uploads/73273af7fbfad4777209c7e36fcb7c8063bba2b0500x300498.png
12545,"2024-02-25 01:58:39","The Fremen",FRE,black,af,https://discord.gg/9ametppmfS,68148.28,https://politicsandwar.com/uploads/357b00dce78f1395ff446cb11a1a8e669708feef500x30061.jpeg
12570,"2024-03-10 00:51:14","Vibe Reborn",VR,white,af,https://discord.gg/DJyVRKJtgU,10037.45,https://politicsandwar.com/uploads/0ab8e686bf37f7d1edd0155ebc4a9e7750b748a3500x35711.jpg
12578,"2024-03-14 11:33:30",aNiMaLz,,pink,af,,6420.01,https://politicsandwar.com/uploads/4fe0c2746c8ac9829e6657bc53b6413f54c82b41500x349603.png
12583,"2024-03-16 03:33:34","The Nordic Realm",,aqua,af,,0.00,https://politicsandwar.com/img/flags/unitedstates.jpg
12584,"2024-03-17 02:37:00","No no no",,purple,af,,0.00,https://politicsandwar.com/img/flags/argentina.jpg
12591,"2024-03-19 11:24:26","The Convenience Store",24/7,aqua,af,,3652.04,https://politicsandwar.com/uploads/97f7db3df2e3e6c4166ffca8992d4af80a283dd3400x30057.jpeg
12595,"2024-03-21 11:22:22","Roman Senate",,black,af,,701.40,https://politicsandwar.com/uploads/0054cd9fa2ab667a3f8c0029dd778612069fa293x701.png
12602,"2024-03-22 13:21:26","The Ashurst Syndicate",TAS,red,af,,0.00,https://politicsandwar.com/uploads/eac1f6fa3c025e149a42cab6a6c314ed4e166df1500x28151.jpeg
12611,"2024-03-24 14:46:14","Union of Soviet Socialist Republics",USSR,black,af,https://discord.gg/6TUnZrhVSA,24373.60,https://politicsandwar.com/uploads/6bc6607c3cfc6ceb641266983ab980a1df1379fa500x250566.png
12615,"2024-03-26 01:47:18","The Lost Mines",TLM,aqua,af,https://discord.gg/RRDj4CvNQP,207101.55,https://politicsandwar.com/uploads/f8b19640762a679162c5d713151a5b46123edcccx668.png
12621,"2024-03-28 14:48:51","Indore East India Company",EIC,black,af,https://discord.gg/Kz4cDcYKsB,0.00,https://politicsandwar.com/uploads/1fb2961411a6bf7211c0d2b89e7a1280d47d22df299x300262.png
12622,"2024-03-28 18:25:19","Lol idk",,aqua,af,,961.02,https://politicsandwar.com/uploads/8164829dc4f79daddb7dee35d9cceb05d8e82179x372.png
12623,"2024-03-28 23:08:15","Double Axe",DSD,blue,af,https://discord.com/channels/1223257278594027580/1223257279541809165,0.00,https://politicsandwar.com/uploads/b8bd2bc67c22022d54139d6912cbde15642567dc685x600102.jpeg
12652,"2024-04-12 17:53:49","greater Roman empire",,red,af,,1420.31,https://politicsandwar.com/uploads/7dab2dad705fe53a14003a8fed59b061444a1bf2250x250847.jpeg
12653,"2024-04-13 05:38:11","Nuclear Coalition",NC,purple,af,https://discord.gg/8kAQxSPqeP,0.00,https://politicsandwar.com/uploads/6e23d150ca2efbcdafc7a8f90c1c00f4bb8f2efex396.png
12656,"2024-04-14 18:23:35",Cartel,TC,aqua,af,https://discord.gg/ZEPREXjkuM,0.00,https://politicsandwar.com/uploads/df16677606367a8ea31f86fb2fb122c616a30226500x300457.gif
12657,"2024-04-14 23:50:45","Planet Express",PLNX,aqua,af,,2094.42,https://politicsandwar.com/uploads/447061e9540e1b520deb948b8ff05e4b2c990cc9x315.png
12659,"2024-04-15 16:15:39","Noob-Noob Fan Club",NNFC,green,af,,0.00,https://politicsandwar.com/uploads/5dd8fcbf43a4ebe23ef226693b2784fb5a580a1f500x333403.jpg
12661,"2024-04-16 07:06:44","7 Deadly Sins",7DS,black,af,https://discord.gg/kwkwqSrdMQ,0.00,https://politicsandwar.com/uploads/282d53bd1b658c4b035014245eeabd5a4493c8ac480x300759.jpg
12666,"2024-04-18 23:54:12","LEGO City",LEGO,red,af,https://discord.gg/PQF7cccZEE,160974.85,https://politicsandwar.com/uploads/38e5ef6156867547a49fb64b3b820f2a24c84558500x300755.jpeg
12672,"2024-04-21 22:12:08","Republic of Canaan",R.O.C,blue,af,https://discord.gg/mNVY7QDFwK,0.00,https://politicsandwar.com/uploads/8bf7c02816dbf9e24bd88e37d011c0380fd2cfb8x107.jpeg
12673,"2024-04-22 17:59:13","United Socialist Alliance",USA,maroon,af,,1096.89,https://politicsandwar.com/uploads/f1a5e4b6dd389c2ba336bae2d1cfb333c24b9cecx448.png
12676,"2024-04-24 00:27:15","Princeton-Plainsboro Teaching Hospital",PPTH,orange,af,,0.00,https://politicsandwar.com/uploads/0fed116499a1f8690c6b35b08442ece085fb37d7500x286950.jpg
12683,"2024-04-27 01:49:08","The Light of Hope",TLH,brown,af,,0.00,https://politicsandwar.com/img/flags/montana.jpg
12684,"2024-04-28 12:16:21",UkkoCouncilOfOrbis,U.C.O,aqua,af,https://discord.com/invite/KsRjYrbgHb,1477.07,https://politicsandwar.com/uploads/a686f7b60798855ae3294523fbcbf9e022204233500x281300.png
12690,"2024-04-30 14:59:22","The Eclipse Union",,lime,af,,0.00,https://politicsandwar.com/uploads/dcd17afd39acc403ee606375ff9040eef8fb03c6300x300909.png
12693,"2024-05-01 12:28:33",Starry,STAR,aqua,af,https://discord.gg/Ds6DWePe,0.00,https://politicsandwar.com/uploads/88d25f327524db75f94235093c80e52338adb5ee500x333865.png
12702,"2024-05-03 22:29:59",Raiders-From-CALI,,green,af,,0.00,https://politicsandwar.com/img/flags/california.jpg
12705,"2024-05-04 12:28:22",Agora,JUSTICE!!!,white,af,https://discord.com/invite/t6jrDANkXa,8647.69,https://politicsandwar.com/uploads/b88a1508b9914537dd5696bc59eb0e859d9ad8a4300x30014.jpeg
12706,"2024-05-04 16:28:49","North Germanic and Monarchist Alliance",NGMA,aqua,af,https://discord.gg/Qnymc7bcwN,672.85,https://politicsandwar.com/uploads/f19665af2c0183b048c72fa96aa8f41d55fff783500x306882.png
12720,"2024-05-09 11:03:28","Orbis Islamic League",ISLAM,lime,af,https://www.guilded.gg/r/zzjBqMzAZE?i=m7pnM5zA,753.32,https://politicsandwar.com/uploads/13d54700389ea555a593c2aefa02114c6fa7b42b500x316300.png
12722,"2024-05-10 01:21:24",Alliance,,aqua,af,,0.00,https://politicsandwar.com/uploads/45556b91de486eeae8e5c325d83c71190e64ea71600x600422.jpg
12726,"2024-05-10 13:11:00","The Inter-Continental Treaty",,aqua,af,,1032.30,https://politicsandwar.com/uploads/07bfd12959e8ff005f65566265897209ed70d464500x331310.jpeg
12729,"2024-05-11 00:16:22",MCXA,,green,af,,8705.03,https://politicsandwar.com/uploads/cc634513d407891962e3b7eea8ec55ae8863389f600x600853.jpg
12740,"2024-05-13 19:38:49",CULTure,,white,af,,0.00,https://politicsandwar.com/uploads/31f950c64825058784adf7cdfb26cbb5c7fa49fd500x291742.jpeg
12741,"2024-05-15 00:59:51","The Ancient Empire",Ancients,black,af,https://discord.com/invite/qY7YVqKJS,0.00,https://politicsandwar.com/uploads/5d1c568b299714211b8409deb49f9ff70d51ffd6500x300574.png
12745,"2024-05-17 17:31:05","Chocolate Factory",,maroon,af,,0.00,https://politicsandwar.com/uploads/213a5bec2f24db45c64ac42f9b9612836aa85c47250x250930.png
12751,"2024-05-18 17:35:01","Raccoon Asylum",COON,white,af,https://discord.gg/MrNWzccbwv,0.00,https://politicsandwar.com/uploads/99ce45edc301d32fb99cefaf2ae51d873bcc4772500x342612.png
12766,"2024-05-20 00:37:59","Vanaheim Was Take",,yellow,af,,0.00,https://politicsandwar.com/uploads/1c4ddf3ab45b538da700b8e62e5053556a3db3f4500x250625.jpg
12769,"2024-05-20 03:16:53","Dee Mack",,pink,af,,0.00,https://upload.wikimedia.org/wikipedia/commons/thumb/0/0c/Navajo_flag.svg/700px-Navajo_flag.svg.png
12774,"2024-05-20 21:58:42",Pirates,🦜,black,af,https://discord.gg/QtYbwBHa2f,32826.49,https://politicsandwar.com/uploads/33e036c4df2957e7fc8fe3a1812e84a721ba009fx293.gif
12799,"2024-05-27 11:11:27","Jewish States Confederation",JSC,purple,af,https://discord.gg/PCpDZYZNGJ,1035.79,https://politicsandwar.com/uploads/962871345fb808b2f836d7334b360c171f63bdb4500x354554.webp
12809,"2024-05-29 18:46:25","Alliance of Sovereign States",A.S.S.,purple,af,,0.00,https://politicsandwar.com/uploads/b377a943be9c21fc29fcb40465c1f3c8792c3d2f500x300717.png
12819,"2024-06-02 04:58:36","The Peace Keepers",TPK,maroon,af,https://discord.gg/54UHaMQFA6,0.00,https://politicsandwar.com/img/flags/betsy_ross.jpg
12825,"2024-06-04 11:44:45","Alliance of empires",,aqua,af,,1189.70,https://politicsandwar.com/uploads/742543bac6fe2bb1c65961ffc5783022c531a32cx179.jpeg
12833,"2024-06-05 10:30:08","The United Front of Orbis",UFO,red,af,https://discord.gg/9tFKZ8axpc,0.00,https://politicsandwar.com/uploads/ff151a5e25d028a365c89ab5faa37a0f6e15a95c500x333863.png
12835,"2024-06-06 03:47:18","The Refugee Meowers",MEW,maroon,af,https://discord.gg/3rMgRMvDPG,0.00,https://politicsandwar.com/uploads/a69bb329eff4f2b215bcb133714c6a65f7d727c0500x333127.png
12836,"2024-06-06 15:01:21","New Bentolia",,aqua,af,,0.00,https://politicsandwar.com/img/imgur-old/d33bdef049ea1efcc72a76ba005395ead45624ae697.png
12847,"2024-06-08 12:09:59",Neo-Comintern,☭,red,af,https://discord.gg/wp3JqPTbb5,0.00,https://politicsandwar.com/uploads/a57b11ff67f48a2423107d218af7823baa1d1715500x282117.jpg
12848,"2024-06-08 13:29:21","Maghreb Union",Maghreb,red,af,https://discord.com/invite/vfGy5YZf,0.00,https://politicsandwar.com/img/flags/africanunion.jpg
12851,"2024-06-08 22:11:30","Tabr Sietch",WAFFLEHAUS,black,af,,7242.70,https://politicsandwar.com/uploads/5341f55b9338c050b89cb5f0b884e311100fea8e1000x533139.png
12855,"2024-06-10 03:09:35","Supreme Monarchy",,aqua,af,,0.00,https://politicsandwar.com/uploads/e2bd5a9b09e7308daa31914ada24013adff7a388x134.jpeg
12856,"2024-06-10 13:30:57","International Skibidi",IS,aqua,af,,0.00,https://politicsandwar.com/uploads/0d562e5d5ba5d426d5508eb9a016da70692c500d500x281335.webp
12858,"2024-06-11 00:13:30","The Resolute",TR,pink,af,,0.00,https://politicsandwar.com/uploads/3ac8aec39d6667609de7017d32874a44157bd45a500x309401.png
12872,"2024-06-13 18:56:26","North Star Federation",NSF,brown,af,,3472.59,https://politicsandwar.com/uploads/6572a681852fa3088e65c003c63631d41c4ac046500x258109.png
12875,"2024-06-14 04:57:46","Anti Cringe Task Force",A.C.T.F,red,af,,0.00,https://politicsandwar.com/uploads/2180c0529c3899bf32d98aae77d4eb4026dce304x691.gif
12889,"2024-06-18 15:42:06","The Eternity",T€,red,af,https://discord.com/invite/5FYvS9uEfc,1822.74,https://politicsandwar.com/uploads/be9ebbdc1d0f965492ead0daad164f73f78f92be500x312876.png
12893,"2024-06-19 15:52:48","Nederland empirie",,brown,af,,1415.62,https://politicsandwar.com/img/flags/netherlands.jpg
12901,"2024-06-22 01:41:19","United Kingdoms",,purple,af,,0.00,https://politicsandwar.com/img/flags/andorra.jpg
12902,"2024-06-22 02:20:46",Bellanostra,BELLA,blue,af,https://discord.gg/eRGf7wjpDM,0.00,https://politicsandwar.com/uploads/58ecf6ff9fd8e9b397a4132ad1631a97bc71ba91500x300120.jpeg
12909,"2024-06-24 03:23:46","ADC Internacional",ADC,aqua,af,,991.53,https://politicsandwar.com/uploads/36df89f073b49088be4ff4b9edb56bc7bd34820f500x333194.png
12912,"2024-06-26 00:13:51",Gotham,Gotham,blue,af,,853.63,https://politicsandwar.com/uploads/97ec7660cee6acb0bf3c4591f3ca9f5d2ebe9137x789.jpeg
12919,"2024-06-28 23:06:36","Liberty Coalition",LC,red,af,https://discord.gg/T5epzjdbAv,64046.20,https://politicsandwar.com/uploads/7085664ceb74471b15248cb050dc54d25b8f4791500x29682.png
12922,"2024-06-30 02:07:02","The Grand Alliance",TGA,black,af,https://discord.gg/Sn4VpYDBRE,0.00,https://politicsandwar.com/uploads/c5d9bf51b2296751b874501c44924766eee12efd500x300170.png
12923,"2024-06-30 13:25:12",GORGON,,black,af,,0.00,https://politicsandwar.com/uploads/4352b93f6cdbaaa80d3908fff4f1ceb1b08f3a9b500x300952.png
12938,"2024-07-08 03:47:13",Independce,,pink,af,,1341.04,https://politicsandwar.com/uploads/cae86be0228c271173f053ac97ed15c8bb7b2461505.jpg
12943,"2024-07-09 02:33:25","System Alliance Of South East Asia",,lime,af,,0.00,https://politicsandwar.com/img/flags/indonesia.jpg
12947,"2024-07-10 08:50:10",Nazgul,Lotr,green,af,https://discord.com/invite/kvmR6V4QNm,62401.44,https://politicsandwar.com/uploads/25855b217694900e9e79503124fb5e8f80ed3cd0x530.jpg
12948,"2024-07-10 13:13:03","Ad Astra",,black,af,,0.00,https://politicsandwar.com/uploads/6bc8ee604870b62029f68752e2fe7756fe749c91450x300270.jpg
12951,"2024-07-12 07:58:00","Great Nordic Empire",GNE,black,af,https://discord.gg/URtn6vxQq6,0.00,https://politicsandwar.com/uploads/16980582209ab613cf20647940d5b8240ef73775x806.png
12954,"2024-07-13 02:10:25",VN_Pi2Sol,,white,af,,0.00,https://politicsandwar.com/img/flags/vietnam.jpg
12960,"2024-07-16 18:03:20","Kronos League",KL,red,af,https://discord.gg/KfKYKVu4PM,5185.00,https://politicsandwar.com/uploads/01a3327a4c404fdc64d66d82dac44161944ec93d500x300302.png
12961,"2024-07-17 16:55:17","Magic Fans MF91",MF91,yellow,af,https://discord.com/invite/asse-2k23-2k24-1186613505546272828,1379.45,https://politicsandwar.com/uploads/b6c4e5eb612a035e351d0cd9ec778082033851d7x393.jpeg
12962,"2024-07-18 15:38:03","The Derby Gangsters",DG,blue,af,,1816.78,https://politicsandwar.com/uploads/4bdd9e97888875f92dff860e193df6ff8770b7cfx81.png
12964,"2024-07-18 17:25:51",Goddemon,GD,black,af,https://discord.gg/9DuR4acBT4,4010.88,https://politicsandwar.com/uploads/31ea7fa0bc490ef662a2d78e5485e04fc6c01d47500x312440.png
12972,"2024-07-21 16:08:43","Nightshade Coalition",NSC,purple,af,https://discord.gg/VNBZcqKn5n,96131.57,https://politicsandwar.com/uploads/dd085646ae75aac6b9fd4719545a5f2dd4990984500x30086.png
12978,"2024-07-22 22:31:26","Southern Alliance",SA,aqua,af,,1972.37,https://politicsandwar.com/img/flags/texas.jpg
12981,"2024-07-23 12:49:52","Wurbrey alliance",,green,af,,0.00,https://politicsandwar.com/uploads/74acbac13acb9d3d6f6dd72ee4b929622643fba01000x557579.jpg
12984,"2024-07-24 06:30:58","The Gusantine Empire",TGE,green,af,,0.00,https://politicsandwar.com/uploads/f17f1351b062782bdab160b7848c800d25d5e684500x250528.png
12985,"2024-07-24 06:43:22","The house",TGH,black,af,https://discord.gg/NA8jcjwf5W,27506.27,https://politicsandwar.com/uploads/eaa223052eb7207cdcce89546d496ef4cbb51cf5x688.png
12992,"2024-07-26 20:59:16",ShitStash,,white,af,,0.00,https://politicsandwar.com/img/imgur-old/1ee2512088c8b26439a9b0335193f1c1d97a6ad0868.jpg
12994,"2024-07-26 22:41:15","Cult of Raccoon",CoR,black,af,https://discord.gg/msyE7DqQMC,93624.05,https://politicsandwar.com/uploads/ce354bb21ed5e3e9077cea570708a1d6eabf8106500x312969.jpg
12999,"2024-07-27 19:24:54","Horizon Financial Group",,aqua,af,,0.00,https://politicsandwar.com/img/flags/zaire.jpg
13006,"2024-07-30 09:38:57","Democratic States",DS,purple,af,https://discord.gg/kEEDagzheq,0.00,https://politicsandwar.com/uploads/5291161f5ca15750232f045061a1737499a65c66300x150545.gif
13007,"2024-07-30 20:51:13","The Northern Casynian Alliance",,aqua,af,,0.00,https://politicsandwar.com/uploads/27ac1fd38938f844ae7aee91f95c11ddde394a63936x600128.jpeg
13008,"2024-08-01 01:46:42",Meson,,black,af,,0.00,https://politicsandwar.com/img/imgur-old/ddc4c56d313a0640e3801641e75dedd3d3c1adaa54.png
13010,"2024-08-01 15:00:02","Soviet Security Council",SSC,orange,af,https://discord.gg/5bnxQdgcFe,0.00,https://politicsandwar.com/uploads/7d2dd5cf5a631e95abc3ebc43033d103bb73c495500x250915.png
13014,"2024-08-02 15:35:22",Pravida,TURFP,red,af,https://discord.gg/jqpeEqGUax,32254.98,https://politicsandwar.com/uploads/f0ef31c2d679fc2222040ef58a4b96e3572c433a500x333226.jpg
13018,"2024-08-03 13:22:28","Polynesian Alliance",ELITE,aqua,af,,1450.92,https://politicsandwar.com/uploads/4bdd9e97888875f92dff860e193df6ff8770b7cfx81.png
13022,"2024-08-04 16:32:31","Doom Incorporated","Doom Inc.",black,af,https://discord.gg/gHUM5vjMZd,2471.91,https://politicsandwar.com/uploads/57d8870e3e1e506d42fcda25f23839a1c98b2055500x285904.png
13033,"2024-08-08 17:26:51","The Inazuma Shogunate",Ina,olive,af,https://discord.gg/SJKrErfcdd,58035.55,https://politicsandwar.com/uploads/7be02e0e23ffcd696e3278e4af55c4fc0b12468e500x2760.jpg
13035,"2024-08-08 18:53:56",The-United-Nations,,black,af,https://discord.gg/fZ9VJKVXje,923.15,https://politicsandwar.com/uploads/0c715424566d6dfdec52ad223e06662929661f76500x306597.png
13039,"2024-08-09 15:12:57","The National Potato Confederation",NPC,yellow,af,https://discord.gg/CCvZQA9Xgt,1850.01,https://politicsandwar.com/uploads/efac4416c75d7b48c4055adc9bb3d15d1d97190cx252.png
13041,"2024-08-10 04:57:22","Organization of United Pact",OUP,olive,af,,0.00,https://politicsandwar.com/uploads/c223d629d809858d12ea9aa15bdcc83a8b6a6f3a500x300366.jpeg
13043,"2024-08-12 23:46:11","Rubikon Alliance Defensive",,black,af,,5270.50,https://politicsandwar.com/uploads/8957abed1d6424f56055c89e4542e35802f9c8cb399x300422.gif
13044,"2024-08-13 06:45:04","Federal Protection Union",FPU,green,af,,717.86,https://politicsandwar.com/uploads/cae86be0228c271173f053ac97ed15c8bb7b2461505.jpg
13048,"2024-08-14 23:46:16","Prusso Roman Imperial Union",PRIU,aqua,af,https://discord.gg/vf4uGxX3Us,44242.95,https://politicsandwar.com/uploads/0034faf5dcc69434ae833a0ddebd7195b7055f9b500x333253.png
13053,"2024-08-16 08:43:05","The House of Political Representatives",,black,af,,944.80,https://politicsandwar.com/img/flags/greatbritain.png
13054,"2024-08-17 01:41:21","Galactic Empire Of Orbis",GEoO,yellow,af,,0.00,https://politicsandwar.com/uploads/8152ca129ea30184094501d53901835e413526bc500x333872.png
13056,"2024-08-18 04:55:21",TRIADS,,purple,af,https://discord.com/invite/fFJW6axwPX,0.00,https://politicsandwar.com/uploads/cb3454b4c6231686e9a33bd5c0ea4bdfc62ff094500x333856.jpeg
13065,"2024-08-20 03:32:49","Glacier industries",,black,af,,0.00,https://politicsandwar.com/uploads/979edde35d891e828aea9666fd7142e4423a04be1000x551220.jpeg
13066,"2024-08-20 15:53:56","Communist Coalition",,green,af,,697.42,https://politicsandwar.com/uploads/cae86be0228c271173f053ac97ed15c8bb7b2461505.jpg
13095,"2024-08-25 14:32:25","Ardventis Highlands",AVHL,olive,af,,0.00,https://politicsandwar.com/img/flags/papaunewguinea.jpg
13105,"2024-08-28 04:18:30","Peace Pact Association",,lime,af,,723.63,https://politicsandwar.com/uploads/6c821aa8c707d2819875215de36566155f00dd46250x153546.jpeg
13110,"2024-08-28 21:31:07",JumboSox,,olive,af,,1177.02,https://upload.wikimedia.org/wikipedia/commons/4/49/Cape_Verde_flag_-_watermark_000_percent.jpg
13111,"2024-08-28 22:09:39","Valyrian Order",VYO,red,af,,49279.08,https://politicsandwar.com/uploads/de596112b5229a0eee7ce90ddb2b7683a1d2b7bd500x300604.png
13114,"2024-08-29 15:53:58","Helig Pact Organisation",HPO,olive,af,,2695.49,https://politicsandwar.com/uploads/de5943f08673a586b33124b757ecd27e530e5f691000x612975.png
13116,"2024-08-29 19:31:03","Paladins of the Sacred Oath",PSO,purple,af,,485.43,https://politicsandwar.com/uploads/ef27511ee842de87850b143523b72a7bb99074c4500x297512.png
13128,"2024-09-02 21:37:00","United nations of the orbis",U.N.O.,blue,af,https://discord.gg/FCrENTcx9a,3773.72,https://politicsandwar.com/uploads/d8a5c9bc77c3c797a5e5c3172f424ff6dda05082x118.png
13133,"2024-09-04 14:10:13","Moroccan Alliance",MA,blue,af,,675.04,https://politicsandwar.com/img/imgur-old/8612b07bfc759823a1a90906a7964fb00849591a42.png
13141,"2024-09-06 06:47:45","Empire of the north",Emporth,aqua,af,,0.00,https://politicsandwar.com/img/flags/sovietunion.jpg
13143,"2024-09-06 10:56:18","The Meat Men",TMM,black,af,https://discord.gg/j43SnFuuFb,3227.99,https://politicsandwar.com/uploads/4f00ed547d27c52b63008336b7b3605b7e0a61bf500x230696.png
13170,"2024-09-11 13:15:13","European Broadcasting Union",EBU,blue,af,,969.40,https://politicsandwar.com/uploads/71e6ce0ebc02105fadb909fefcdb6f858e301a0d500x366945.jpg
13171,"2024-09-11 14:50:42","The Colonial Templar Order",,lime,af,,2293.46,https://politicsandwar.com/uploads/04dd8e3f1ea492db4db201cb3e429d1f5450887d1000x500504.webp
13173,"2024-09-11 19:08:47","Varangian Guard",VG,black,af,https://discord.gg/46HUBaNQPs,4334.83,https://politicsandwar.com/uploads/50ba97f2906c9bbbf8adf719b1b2167809a8717f250x88620.png
13175,"2024-09-12 01:22:26","Novus Junior",NOVUS,black,af,https://discord.gg/SRFAVWuEu2,2652.54,https://politicsandwar.com/uploads/75deff3379edac42fe186538431153b12fa4f2e8250x149197.png
13176,"2024-09-12 05:33:57","Union of Free Republics",UFR,red,af,,1234.46,https://politicsandwar.com/uploads/2159c1317b8c3648315cb3cee5e7838373b49d39x63.png
13183,"2024-09-13 18:38:32","domain expansion",,black,af,,0.00,https://politicsandwar.com/img/flags/betsy_ross.jpg
13184,"2024-09-13 18:46:21","New World Order",,red,af,,0.00,https://politicsandwar.com/img/flags/chinook.jpg
13190,"2024-09-14 15:22:38","Gen Alpha Brainrot",GAB,blue,af,,0.00,https://politicsandwar.com/img/imgur-old/173d0e2fd98a1c7dadf08f244780fd7e5e29ed30406.jpg
13206,"2024-09-18 02:06:04","Union of Ununified Nations",U.U.N.,red,af,,944.27,https://politicsandwar.com/uploads/0e458f712859b3a1b63d43a18c4e0c7bb4b157711000x608745.png
13214,"2024-09-20 16:52:35","The Grand Army of The Republic",GATR,maroon,af,,816.25,https://politicsandwar.com/uploads/27b5d7e26e03da20e71e9d6e43f57c7c80efd3471000x612744.png
13218,"2024-09-22 04:49:30",Mordor,,black,af,https://discord.gg/tbNMmvm2Fr,21131.05,https://politicsandwar.com/uploads/3346575bf78bd372df691ff1a9eb81487540d748500x300225.png
13221,"2024-09-23 20:17:12","The Wall",,olive,af,,7051.85,https://politicsandwar.com/uploads/a9a3d293bf789f0f51ffac19a41f56ca40e40997500x250297.webp
13222,"2024-09-24 00:16:52","Pines Empire",,pink,af,,5024.76,https://politicsandwar.com/img/flags/serbia.jpg
13223,"2024-09-24 00:43:47","Union of the Proletariat",UotP,red,af,,0.00,https://politicsandwar.com/uploads/31b3b603894dae5522a2de5cb572efa1f0f6824c500x333707.jpeg
13236,"2024-09-27 12:24:01","The Grand Red Army",,yellow,af,,1242.91,https://politicsandwar.com/img/flags/yemen.jpg
13245,"2024-09-29 02:38:15","City Skylines 2",,purple,af,,17412.50,https://politicsandwar.com/uploads/e68c91197c9192b4080a6475a6bb790f31450ed5250x250991.png
13246,"2024-09-29 12:34:50","Dawn Alliance","The Risers",black,af,,0.00,https://politicsandwar.com/uploads/66b79c9bdb3b074d7e6403101d882cac715bff81500x281459.jpg
13250,"2024-09-30 15:58:33",sillycats,silly,black,af,https://discord.gg/NqtjBcWHB5,27766.16,https://politicsandwar.com/uploads/e608ea43eb52174974b5c3e2c4aa1aeb2bef3ec8415x30042.jpeg
13261,"2024-10-04 17:46:55","Nordic APF",,aqua,af,,2068.71,https://politicsandwar.com/uploads/76c64ab48f37382438227c3530e4d6010e77e71d500x333237.jpeg
13268,"2024-10-07 20:04:55","The Golden Shower",GOLDEN,yellow,af,,3947.31,https://politicsandwar.com/uploads/252b44b90610b67a6fc4bf0fc7363b68f0b44d03500x312663.png
13271,"2024-10-08 06:11:39","Democratic Atlantis",DmA,lime,af,https://discord.gg/QzhFCrEQGh,2339.15,https://politicsandwar.com/uploads/67dc196f11433be1ad253befe8971766efd74f84500x28074.jpeg
13272,"2024-10-08 13:44:40","The Commonwealth of Nations",CoN,maroon,af,,0.00,https://politicsandwar.com/uploads/3e20a8097b1be746cf990b9c535492ab67b7860ex879.png
13274,"2024-10-08 15:56:06","Vault of the Valkyries",,green,af,,6230.00,https://politicsandwar.com/uploads/991b707ba4497e5e7e9a073c2257ce8eb28ef05fx289.jpeg
13280,"2024-10-10 17:33:07","TWR P&W Unofficial Community",TWR,red,af,,0.00,https://politicsandwar.com/uploads/5f6796f655b2144423208c2b64719ba9e847af5ax157.png
13281,"2024-10-10 20:01:11","International Independence Institution",III,red,af,,0.00,https://politicsandwar.com/uploads/a5c262deb9f536615a7174ac9b1d3ec676234792500x333267.png
13283,"2024-10-11 03:52:48",DoomSquad,,black,af,,1008.45,https://politicsandwar.com/uploads/7d8d91284f1f04de860a25bcb74fd089c8024002x578.jpg
13288,"2024-10-13 04:59:48","North Atlantic Treaty Organization",NATO,blue,af,,18119.96,https://politicsandwar.com/uploads/2a8caec6829e6bf6af90422a2a2c3a3db01976e1250x185502.jpeg
13289,"2024-10-13 12:16:56","FREE CITIES TRADE ALLIANCE",,aqua,af,,0.00,https://politicsandwar.com/uploads/a9ebc7cbc4900dfce4230ba4a57a232574cae8de925.jpg
13290,"2024-10-13 18:21:55",Spaghetti,SGI,black,af,https://discord.gg/qD3Dqraqhc,1507.00,https://politicsandwar.com/uploads/9a250b72cee3056dbf009825538b1718773a20e2300x300159.jpg
13294,"2024-10-14 17:52:44","Port Alba",PA,pink,af,https://discord.gg/vpYHQJ3NV7,11443.83,https://politicsandwar.com/uploads/c34a00f6132a3fed19b986ce8e0efecbfeb34822x291.jpeg
13295,"2024-10-16 01:10:25",Retribution,RTRB,white,af,https://discord.gg/U7hTU4bXjc,42185.38,https://politicsandwar.com/uploads/799e02ff93cc01d444c75c5a98c0ab8d3fa93abf447x300357.jpg
13300,"2024-10-19 02:29:37","Econ Haven",,blue,af,,1370.95,https://politicsandwar.com/uploads/48bea043a361d53cb688dabbc9eb2b59bbd3c9ec250x166232.png
13304,"2024-10-19 20:34:24","The Cavalry of Stal",,red,af,,0.00,https://politicsandwar.com/uploads/57b695fe30612ead824539e881b16e6c51716569x177.jpeg
13311,"2024-10-21 11:06:57","General Area of Three Ostritches",,brown,af,,8575.20,https://politicsandwar.com/img/flags/latvia.jpg
13313,"2024-10-21 21:07:56","Union Of Afrikan States",U.A.S,purple,af,,4272.16,https://politicsandwar.com/uploads/7ea6a4962664d23d6c782bcd7c1eb86309c5c95d500x306909.jpg
13318,"2024-10-25 19:17:21","The Prethoryn Scourge",TPS,black,af,https://discord.gg/xUyQ2azr9r,13080.83,https://politicsandwar.com/uploads/83ae0be373b4ad1e8d4388724372c7154e696a27x90.jpg
13320,"2024-10-26 02:36:52","Imperial Republic",,black,af,,0.00,https://politicsandwar.com/img/flags/betsy_ross.jpg
13321,"2024-10-26 06:33:10","Fascist Armed Forces",FAF,yellow,af,,0.00,https://politicsandwar.com/uploads/52c6989412111f9f8bb748d13f4545fc196805c3x633.webp
13326,"2024-10-29 12:28:32","The Franatic Kingdom",TFK,black,af,https://discord.gg/DMEYwraS8P,3181.12,https://politicsandwar.com/uploads/a00a637e999f2b73a07f1cbae1e0a926c1f97e47500x300201.jpeg
13327,"2024-10-29 14:11:01",Sanctorum,,purple,af,,586.99,https://politicsandwar.com/uploads/26b6fc648cb97f96bcc698797f928c5f688ec104500x315230.webp
13330,"2024-10-30 21:46:18","The Iron Order",,aqua,af,,304.24,https://politicsandwar.com/uploads/9176721b5b4a3b431159836531921650f6d83a6e500x49995.png
13331,"2024-10-30 23:06:26","The Red Knights",,red,af,,946.95,https://politicsandwar.com/uploads/29a490edb3e1c39676103a930de33281042db776x573.png
13333,"2024-11-01 13:14:55","W NATO QH",,purple,af,,2977.35,https://politicsandwar.com/img/flags/blooper.jpg
13344,"2024-11-05 05:39:01",Koda,,red,af,,3603.29,https://politicsandwar.com/uploads/6df8eb6780259e6880f7a61bbbd18bd7a83a1cf3500x328949.png
13349,"2024-11-06 18:03:58","Green Lands",,pink,af,,5306.06,https://politicsandwar.com/uploads/07c61dccbc6ba515c6b22891fa1c33e512324d06x951.png
13351,"2024-11-06 19:24:30",Morningstar,MS13,purple,af,,0.00,https://politicsandwar.com/uploads/11095fdbce01c6bb704c8d212dd064c0d0391332500x439560.gif
13354,"2024-11-08 04:44:51","Sacred Vow Alliance",,aqua,af,,1101.91,https://politicsandwar.com/uploads/7eea5d2fa22390eb677427c0cdb39935ca81786f668.jpg
13356,"2024-11-08 13:31:40",Uppsala,UP⚔️,lime,af,https://discord.gg/UxSD8WcjYS,32436.65,https://politicsandwar.com/uploads/b4e4d31460627088daad11acffb349088384c1d0x225.png
13359,"2024-11-10 01:59:06","Anarchist Alliance",AA,black,af,,948.09,https://politicsandwar.com/uploads/19d2fc688e4cd9c5e7560b8a8f8f4f8e6a839dd9500x306731.png
13360,"2024-11-10 17:34:48","Galactic Empire",TGE,black,af,https://discord.gg/SerKUTKxV3,7346.50,https://politicsandwar.com/uploads/b26326a715990aa4484e544492793179051666fbx69.png
13362,"2024-11-11 02:30:19",Candelist,,aqua,af,,1028.17,https://politicsandwar.com/uploads/e033eca8190762348ea9d8b5b13b5ed1f8eb38d7x644.png
13366,"2024-11-14 01:08:04","Songbirds and Snakes",,red,af,,8731.00,https://politicsandwar.com/uploads/99e0f2fb8da03758243f4e496c00bceeded531d0x426.webp
13369,"2024-11-15 16:48:44",SilkhanBirlikImp,,aqua,af,https://discord.gg/6jXwPuuFbc,966.77,https://politicsandwar.com/uploads/68e2196bf9ed12b5d98c34eaead830be2ed2bfb3500x333460.png
13371,"2024-11-15 18:46:39","pink chicken animations","DEATH TO",lime,af,,946.55,https://politicsandwar.com/uploads/5868daf63113fe70adfae78c548bbd7b8d482628500x484726.png
13377,"2024-11-19 02:01:14","Animara Union",AU,lime,af,,1624.65,https://politicsandwar.com/uploads/e391f77ca05d11d6405fc82decf76e7f6e1c6ff3500x333405.png
13378,"2024-11-19 02:46:20","Knights of Heaven",KoH,white,af,,2293.64,https://politicsandwar.com/uploads/adb3b9502f16a5f836646877f4e2dd739eba3111300x300594.webp
13379,"2024-11-19 09:11:50","Bahai World Council",BWC,red,af,,884.77,https://politicsandwar.com/uploads/c551bfb0af310fe36dc8669650e0c42534789cb5500x306542.png
13380,"2024-11-20 15:28:18",Avengers,,white,af,,5702.51,https://politicsandwar.com/uploads/d8bf9a08b9edf38f2a2c65976b77be2af847caa7x746.png
13382,"2024-11-21 07:38:51","Horizons Dawn",HD,red,af,https://discord.gg/gDugTSt9jg,15272.88,https://politicsandwar.com/uploads/c57371037c8904c00c29727342c0d2ea8d459800300x300341.jpeg
13384,"2024-11-22 03:19:37","The Makai Knights",,green,af,https://discord.gg/k6bbfKTf2V,9643.89,https://politicsandwar.com/uploads/53f6dfc4a8b2f12137bcdba18062400e8ab766a4300x300298.webp
13386,"2024-11-22 11:41:24","The Empire of Azora",EOA,purple,af,https://discord.gg/k5ZTYbgQuD,347.35,https://politicsandwar.com/uploads/7482ed782dcba68c2973534000930ab1d3d8bd30300x300262.jpg
13387,"2024-11-22 19:26:45","Imperialistic Federation of Warfare",IFW,pink,af,https://discord.gg/J5wG9eXtSg,6130.98,https://politicsandwar.com/uploads/2a81dd6f9bfdec8272a01cbfd2cfde754bf00534500x255216.png
13388,"2024-11-23 10:30:03","Central European Treaty Organization",CETO,lime,af,,1092.80,https://politicsandwar.com/img/flags/europeanunion.jpg
13398,"2024-11-26 10:54:06",CAK,,white,af,,1627.19,https://politicsandwar.com/img/flags/vietnam.jpg
13400,"2024-11-27 03:55:49","Crimson Vanguard",CV,red,af,https://discord.gg/wqgP2kuD2t,372.15,https://politicsandwar.com/uploads/e977339933429638464e5c8da1f1542686c86e0b500x251630.png
13402,"2024-11-28 03:49:29",Akhand_Bharat,,orange,af,,1242.64,https://politicsandwar.com/img/flags/unitedstates.jpg
13404,"2024-11-28 08:46:30","The Republic of free nations",R.F.N.,black,af,https://discord.gg/xdekk7QJbW,54173.27,https://politicsandwar.com/uploads/0edb5c5cd65a68ddba5fce18e7811ee6e99c84c0500x300352.png
13405,"2024-11-29 08:24:41","United Balkan States",UBS,aqua,af,,745.45,https://politicsandwar.com/uploads/38fb930f89b0c41f475e00411fe51d197643756b500x299212.png
13409,"2024-12-01 03:23:56","The last alliance",,aqua,af,,1247.21,https://politicsandwar.com/img/flags/greatbritain.png
13410,"2024-12-01 19:23:00","Vought International",VI,purple,af,https://discord.gg/nHhaHhw4Nq,128637.68,https://politicsandwar.com/uploads/9bfda3e92a76890451918cd352d24ee2e70ae350500x30811.png
13413,"2024-12-04 13:41:16","The Great Intercontinental Federation",TGIF,red,af,,1661.05,https://politicsandwar.com/uploads/4d6fd39e450b8d7ba4ce2a84798ead7a0b4aefa4500x333562.jpeg
13414,"2024-12-04 19:17:51","United East Defense Pact",E.D.P,yellow,af,https://discord.gg/egGtdNEtpr,430.93,https://politicsandwar.com/uploads/b85e0339e02127454948b0cdbd267311172cb324500x281560.png
13415,"2024-12-05 00:19:14","United Oceania",,aqua,af,,1161.75,https://politicsandwar.com/uploads/3e03a33c85de59f989bfc721a9a9558fc88a223c500x333968.png
13424,"2024-12-08 17:58:15","Fallen Knights",FKE,black,af,https://discord.gg/dcRcKMeBmw,6716.63,https://politicsandwar.com/uploads/45af5fc8e0de843840c3827aa9df4e4ac9047cee500x281189.jpg
13426,"2024-12-08 21:29:33","The British Commonwealth",CON,lime,af,,1338.99,https://politicsandwar.com/img/flags/greatbritain.png
13427,"2024-12-09 06:56:43","The Freedom Arc",F.A.,maroon,af,,1010.70,https://politicsandwar.com/uploads/6b30694d68a179b1dab359d038fda6d378db537c500x285400.jpeg
13431,"2024-12-10 06:16:47","THE GALACTIC FIGHTERS",TGF,black,af,https://discord.gg/T4amQTHveJ,6663.20,https://politicsandwar.com/uploads/021d4af9b8ff8eecf1e819bcd2a3b3a496344b78500x300145.png
13435,"2024-12-13 00:22:17","The bounty hunters",,aqua,af,,922.70,https://politicsandwar.com/img/flags/slovakia.jpg
13437,"2024-12-13 21:42:22","Eutopian Swag Alliance",,aqua,af,,1123.42,https://politicsandwar.com/uploads/396dde04603ae06c5a473bc8057a3de9b60056e2x631.webp
13438,"2024-12-14 02:47:09",LATAM,,aqua,af,,1011.27,https://politicsandwar.com/img/flags/dominicanrepublic.jpg
13440,"2024-12-14 07:28:43",Avalanche,,green,af,,19415.75,https://politicsandwar.com/uploads/87ddc3f09bb65f619c12d5c3e49276079ea534c1x780.jpg
13447,"2024-12-15 14:01:20",Hangover,,green,af,,24333.65,https://politicsandwar.com/uploads/693e0dfb8c20db0909ab3225e507b623740d6a8a264.png
13450,"2024-12-15 19:23:38","Federated State of Orbis",FSO,purple,af,,4931.00,https://politicsandwar.com/uploads/57296f06ab13abcb96008d74fcaa9d1d46baaa8e500x30030.jpeg
13451,"2024-12-16 02:26:45","International Socialist Association",I.S.A,red,af,,939.52,https://politicsandwar.com/uploads/250cadf511d66ef39cf4af43d375eb0f851f5a23271x300364.jpeg
13456,"2024-12-17 16:31:37","Armies Of Steel",ARMY,black,af,,760.76,https://politicsandwar.com/uploads/0eda98bbbb0c31cbaa0a340ca92ea35009be11b5500x491730.png
13458,"2024-12-18 01:01:04","The Marines",,green,af,,0.00,https://politicsandwar.com/uploads/78ca6b5a13b9f9a6a008bf947bcf00cf94f52109500x333627.png
13459,"2024-12-18 12:37:15","The Pact Of World Peace",TPOWP,lime,af,https://discord.gg/6QkZE3Q9GE,1603.02,https://politicsandwar.com/uploads/fa64e678adbc31738b2a478338a9a51e767dba3e500x299121.png
13463,"2024-12-19 06:09:20","Wakanda Forever",WF,black,af,https://discord.gg/8RJsZFu6s8,5969.00,https://politicsandwar.com/uploads/e76af06a283752b981825a6f9f584a5ceaa6d9a6x332.gif
13465,"2024-12-19 13:09:42",Caliphate,ISLAM,lime,af,,1937.85,https://politicsandwar.com/uploads/7ed840f52fcc2f884015a2a8459babbee207ba65500x281619.jpg
13470,"2024-12-21 00:15:18","International Revolutionary Council",IRC,red,af,,907.38,https://politicsandwar.com/uploads/5c59eb5853570f839930a7c56e3fecf9ab5bca6f500x284584.png
13471,"2024-12-21 00:23:32","Thy Cool Beans",T-C-B,aqua,af,,784.54,https://politicsandwar.com/uploads/eac4ffc63f38e6078d3cd1d03147f6baadd5836e500x408538.png
13475,"2024-12-22 01:05:22","The Northern Alliance",TNA,blue,af,,4791.17,https://politicsandwar.com/img/flags/europeanunion.jpg
13477,"2024-12-23 02:30:10","Black Rose","BLACK ROSE",black,af,,930.38,https://politicsandwar.com/uploads/e43e82c13ac3cc14d6e1ea3b15c14b4c530dc5d8300x30087.jpg
13480,"2024-12-23 04:42:00","European Economic and military union",E.E.M.U,black,af,,1721.00,https://politicsandwar.com/img/flags/europeanunion.jpg
13482,"2024-12-23 21:23:10","New York Knights",NYK,lime,af,https://discord.gg/AxEb4yxv,1370.20,https://politicsandwar.com/uploads/10fc2aaf35294e12ced83190d3e567ab960ab1f4500x302108.png
13483,"2024-12-24 00:27:02","Federation of Orbis States",FOS,aqua,af,https://discord.gg/xAp7Xyz8Uw,26649.38,https://politicsandwar.com/uploads/ce3e90fc3369b55d6b7a5ebc0dbb3d9dbff4fda8500x290259.jpg
13484,"2024-12-24 00:32:10","Makos Cat Cafe",Kitties!,pink,af,,3040.87,https://politicsandwar.com/uploads/a4aeba1450babc2e08b7f7be015ed1756b4b8a6a268x300746.jpeg
13489,"2024-12-25 17:24:40","The Library",LBR,orange,af,https://discord.gg/kqHbZUaUKG,11672.69,https://politicsandwar.com/uploads/8bb11a05919e241f4caf029422fae4e057d25900500x281715.jpg
13490,"2024-12-26 19:10:30","Realm of Coolossus",,pink,af,,3341.79,https://politicsandwar.com/uploads/d080024f212d6299aef23abaa3e4fdc2610705ac500x300204.png
13491,"2024-12-26 22:10:10","The Grand Economic Union",GEC,red,af,https://discord.gg/SBE72FNmNK,41910.02,https://politicsandwar.com/uploads/c48b8f9fa8bf633c132f23ca8e8f85d172e0b486500x333740.png
13492,"2024-12-26 23:01:54","Karma is a cat",KICK,olive,af,,15640.71,https://politicsandwar.com/uploads/45bb0754bd6551145246e6e5bcb9f4fb31814180300x300712.webp
13494,"2024-12-27 11:24:28","Hi Austin",,maroon,af,,9193.10,https://politicsandwar.com/uploads/bcd8d7b47f15c9bf68d469cb7952673dd253313dx687.png
13496,"2024-12-28 00:11:18","Griller Internationale",GI,green,af,,2644.16,https://politicsandwar.com/uploads/3d04e681129860e290ed58c0aa94bbba2cf2345b203x300838.webp
13497,"2024-12-28 13:05:19","Femboy Ghetto",,green,af,,7010.30,https://politicsandwar.com/uploads/bf71a2fb0ec2c853285d92de855558a83783da03500x299301.png
13498,"2024-12-29 19:07:40","The Aequitas Union",TAU,aqua,af,,2836.85,https://politicsandwar.com/uploads/202e2f3f81b392a177eafc7fc31eeea61a21c52bx350.png
13503,"2024-12-31 03:57:13","The Sovereign Coalition of Altheris",T.S.C.A,blue,af,,1902.71,https://politicsandwar.com/img/imgur-old/f8780813dabb760f0ac92421e737f2abb40ab1a217.png
13504,"2024-12-31 04:03:43","The Reapers Legion",RL,blue,af,,2305.44,https://politicsandwar.com/uploads/40ece4372d071ba852ed15627193a514c1795976500x328428.jpeg
13508,"2025-01-01 07:35:42","Indian masters",,lime,af,,1866.61,https://politicsandwar.com/uploads/b3fc439469c0d87ad1d2cd8052608265cb3b8f49x18.jpeg
13510,"2025-01-02 00:41:07","Atlantic African Alliance",A.A.A,aqua,af,,12274.78,https://politicsandwar.com/uploads/8dc5e4eb53bfb824fd274dd33be886d6c92201f1x769.png
13515,"2025-01-02 21:33:55","The Elites",TEr,black,af,https://discord.gg/HSCrKWrt5T,29337.75,https://politicsandwar.com/uploads/494afa80f4fd89a57d38d250dc0aa0f4fa6b7022x927.jpg
13518,"2025-01-04 11:00:21","Derby Gangsters",DG🏇,brown,af,https://discord.gg/3NxQAtFPV6,24403.45,https://politicsandwar.com/uploads/fe93bf67ff9b3648949ccf96249234d024fac781x564.png
13519,"2025-01-04 19:21:43","The Prodieist Party",RPP,green,af,,869.99,https://politicsandwar.com/uploads/e67b8ca95f5dbd9b358bb3343cc3bdc281c3f5cf500x333350.png
13522,"2025-01-06 05:13:59","For Greece",FG,pink,af,,1420.96,https://politicsandwar.com/img/flags/greece.jpg
13523,"2025-01-06 14:44:03","Black Panther",,green,af,,4213.52,https://politicsandwar.com/uploads/f0092f77aa017e89d6c23a0a96c0a179c513cbe1300x30053.webp
13524,"2025-01-06 14:51:41","The Patriots",,yellow,af,,1098.20,https://politicsandwar.com/img/flags/antiguaandbarbuda.jpg
13525,"2025-01-06 17:34:13","The Astral Order",AO,black,af,https://discord.gg/rnYeUZrwea,4430.03,https://politicsandwar.com/uploads/e1f6633aad3243e6ffe746c46bbcefc175bfb380500x333656.png
13528,"2025-01-07 16:54:53","Holy Order of Kingdoms",,lime,af,,2659.12,https://politicsandwar.com/uploads/e1e2e2bf17263f21ca8b0ffe51611074911631a3250x250282.jpeg
13530,"2025-01-09 05:16:30",AYYYYLMAO,,black,af,,11409.50,https://politicsandwar.com/img/imgur-old/3b537f8e560e76d6930948cb9bf439e03bf0fb28664.png
13532,"2025-01-09 22:58:07","united republics of aguacatera",U.R.A,aqua,af,https://discord.com/channels/1326648852857749636/1326648854254190727,3108.97,https://politicsandwar.com/uploads/59e3aa10e1d933aa014b7f6c03b7fda6f65b6bc7x772.png
13537,"2025-01-11 02:15:34","Swing Set",SWING,white,af,https://discord.gg/a9FwZp2S,2317.75,https://politicsandwar.com/uploads/beffc92b1d217e743456700a00e7ce3af23c18d8x109.jpeg
13540,"2025-01-12 19:45:40","Western Connection",C.A.S.H,lime,af,,16.18,https://politicsandwar.com/uploads/bbd5fceac0268ce71bc771ac5b473f75a11107df245x300709.jpeg
13543,"2025-01-14 06:01:04","The Legacy Federation",,yellow,af,https://discord.com/channels/1329096707320840232/1329096708394844192,2897.29,https://politicsandwar.com/uploads/39e667c448edbf576f92b6f4f41fe6af9e92d94f500x333645.png
13546,"2025-01-15 00:56:15","Yakuza Alliance",YAKU,yellow,af,,3387.03,https://politicsandwar.com/uploads/1788fb16ef1a3f837a6f2863ae79530deb226c3b300x300109.png
13547,"2025-01-15 02:30:26","Chiss Ascendancy",,yellow,af,,15915.32,https://politicsandwar.com/img/imgur-old/e615124b5ba48f1706ed7c822a749cdc89280a89711.png
13551,"2025-01-15 17:23:49","Really dont Join",,aqua,af,,1030.66,https://politicsandwar.com/img/flags/betsy_ross.jpg
13552,"2025-01-16 12:11:26","The Hanseatic League",tHL,red,af,https://discord.gg/3ds2SQr6rk,4682.32,https://politicsandwar.com/uploads/fe694fac5921d733ea80214e265a7a87b77e9707500x300831.png
13553,"2025-01-16 18:17:15","Order of Cinderian Knights",,red,af,,3587.56,https://politicsandwar.com/uploads/018d8ecd5033e7b843a50b3f1321e01d104616c91000x599939.png
13555,"2025-01-16 21:42:05","Aurelia Dominion Accord",ADA,aqua,af,,1851.52,https://politicsandwar.com/uploads/292b49c56efc973421f0436180e1008cc8b929fd500x306867.png
13557,"2025-01-17 05:44:06","The Radiant Order",TRO,maroon,af,https://discord.com/channels/1331121325086998528/1331121326186041388,3979.29,https://politicsandwar.com/uploads/e7f3d8ad1bae4fb874f0989388af6b0fcb87d34d500x300336.png
13558,"2025-01-17 12:42:17",NINE,,maroon,af,,1085.73,https://politicsandwar.com/img/imgur-old/ddc4c56d313a0640e3801641e75dedd3d3c1adaa54.png
13560,"2025-01-18 02:18:29","The Imperial revolutionary bloc",,black,af,,1831.25,https://politicsandwar.com/uploads/0276e18e793bfe4df9b3e5606781192782ae8db3500x493963.png
13561,"2025-01-18 11:24:23","ThunderClan Cats",TCC,orange,af,https://discord.gg/eBwqGnkD,4388.40,https://politicsandwar.com/uploads/477c10da8db71814d46849361dc6ee1594b667ca250x204109.png
13562,"2025-01-18 17:35:42","Republican Socialist Nations",,red,af,,1882.59,https://politicsandwar.com/uploads/96d035ac08dada0d9189dfdd9abb4ef94591c286500x332175.jpeg
13563,"2025-01-18 18:37:04",Caucasus,,aqua,af,,4478.75,https://politicsandwar.com/img/flags/georgia.jpg
13564,"2025-01-18 19:12:39","Money Making",,aqua,af,,1247.77,https://politicsandwar.com/uploads/3630655643513cb798de5441f935deb0d942ac631000x666410.png
13565,"2025-01-18 19:48:23",SAPTO,SAPTO,purple,af,https://discord.gg/KQfUuW7s,19176.95,https://politicsandwar.com/uploads/86f5364be953a26969fce2189af96ba74bc1d924300x300805.png
13568,"2025-01-20 11:38:32",Collective,C,black,af,https://discord.gg/hUe6WxQhAq,5308.41,https://politicsandwar.com/uploads/9b2b048eaf28c81fe021e674221b00cda99ac0ed500x288414.jpg
13569,"2025-01-20 17:18:40","The Republic of the Natural order",,aqua,af,,0.00,https://politicsandwar.com/uploads/241dce5939a23aa758e208ed294b2f4b6ccc7d12600x600327.jpeg
13571,"2025-01-21 02:50:48",Peoples_Republic_of_Free_Folk,,aqua,af,,1196.71,https://politicsandwar.com/uploads/77ab06ed3c9a4bdb85fce28ae639603321870f701000x418697.png
13572,"2025-01-21 08:07:52","The Rookie Alliance",,orange,af,,1663.62,https://politicsandwar.com/uploads/6fb269a249d6937bfabcfca25270c6676c9061d8500x333816.png
13573,"2025-01-21 22:39:10",Group412,,green,af,,0.00,https://politicsandwar.com/uploads/3c819cb41305996420ee3c4d65553dc8719f2352x256.jpg
13578,"2025-01-22 23:54:38","The Alliance of Izmir",,purple,af,,771.67,https://politicsandwar.com/img/flags/texas.jpg
13579,"2025-01-23 00:33:01",Hwarangdo,,green,af,,2044.70,https://politicsandwar.com/uploads/d9993fbaca0f77b5cc33b4cce822c87210c354bbx370.png
13580,"2025-01-23 02:39:28","Union of Burma",,black,af,,2371.00,https://politicsandwar.com/uploads/857c7b6e1ce09589617073dcd65826afb90e7f3cx245.gif
13585,"2025-01-25 14:26:21","Justice For All",,aqua,af,,0.00,https://politicsandwar.com/uploads/dc893bda30160fbaeaf09c4ce93a48e105cb375b217x300454.jpg
13592,"2025-01-28 02:32:20","European Corps",ECo,red,af,https://discord.gg/3hYB984mYY,899.36,https://politicsandwar.com/img/flags/europeanunion.jpg
13595,"2025-01-28 22:43:53","Order in The Court",OiTC,green,af,,10795.05,https://politicsandwar.com/uploads/29a31bb56175bf04ff12dc38f8c6981f8272a8f7500x497336.jpg
13596,"2025-01-29 04:52:22","Paragons of the True King",,lime,af,,1242.57,https://politicsandwar.com/uploads/c6422c41dda12f7c0b9234b1d7bb09dbc29308d2500x269811.jpg
13597,"2025-01-29 05:34:45","Mensa HQ",,pink,af,,18485.24,https://politicsandwar.com/img/imgur-old/200afe185770407ae6a603ade7ba9bfbad379813917.png
13600,"2025-01-29 13:18:22","Bund der deutschen Sozialisten",,red,af,,2359.87,https://politicsandwar.com/uploads/a998e8048dbd61a63fe5bccd499f0a4e7fcd233b500x29883.png
13603,"2025-01-30 02:53:26","The great communist alliance",TGCA,blue,af,,8033.40,https://politicsandwar.com/img/flags/sovietunion.jpg
13607,"2025-01-31 19:50:53","World Union",WU,aqua,af,,1311.46,https://politicsandwar.com/uploads/7c7b335fb440dd695faf756676fb966eb5d55367500x311585.jpeg
13608,"2025-02-01 00:58:46","Legion of Lucifer",LoL,black,af,,3474.76,https://politicsandwar.com/img/flags/belize.jpg
13609,"2025-02-01 01:02:46","Santas Crypt",,black,af,,18036.86,https://politicsandwar.com/img/flags/canada.jpg
13610,"2025-02-01 07:10:11","Bonsai Trade Guild",,green,af,,1200.00,https://politicsandwar.com/uploads/2eaaec3384c4b918d63d79ea71192e2b286db163600x60075.png
13612,"2025-02-01 14:26:47","Macs Marauders",MM,black,af,https://discord.gg/4nADH24s,5250.95,https://politicsandwar.com/uploads/b1e08dfe02b207424925493a8f5d0a17542b87e5376x300150.png
13613,"2025-02-01 21:32:32","Bank of Mario",,maroon,af,,7150.12,https://politicsandwar.com/uploads/1699bd11ca5dd560b6ac1c18a6d58a5421a0b06e752.png
13614,"2025-02-01 21:39:35",Ratt,,orange,af,,20918.13,https://politicsandwar.com/uploads/d6a84b2d90817f435400210c5bce1c5d0051aafd338x300393.jpeg
13617,"2025-02-02 03:16:29","Sons of Viceroy",,purple,af,,3376.77,https://politicsandwar.com/uploads/cbe723bf8622bd815a743e1b5cf3de93904dab8d264x3006.jpeg
13619,"2025-02-02 20:11:59","Original Pranksters",OP,lime,af,,1189.38,https://politicsandwar.com/uploads/05bb5c139c952b217f9cef6cc0ee83412ab036b0500x300849.jpg
13621,"2025-02-03 13:47:38","Home to Hopeless",,aqua,af,,568.61,https://politicsandwar.com/img/imgur-old/a1e6bc7426eb12dc0ddeda1dbe41629f1db685cf760.png
13622,"2025-02-03 13:54:57",Vengeful,VF,black,af,https://discord.gg/yAr5xuJEep,3595.25,https://politicsandwar.com/uploads/77e7d62f9f54c9b9b2f9043250b28e84fdd8d371x625.jpeg
13623,"2025-02-03 21:14:25",IDTP,IDTP,red,af,,2154.32,https://politicsandwar.com/img/imgur-old/5c1b77715300d803ec2b290035fbe5f045d20d1b314.png
13625,"2025-02-04 07:29:27","Emperiome city",,orange,af,https://discord.gg/cFB6REyD,2209.01,https://politicsandwar.com/uploads/225fd227799647d74ab7c6f75eb1bd82095d7b15x24.png
13626,"2025-02-04 16:27:10","laughing dead",,aqua,af,,1196.32,https://politicsandwar.com/img/flags/mars.png
13627,"2025-02-04 19:02:54","The Iron Bank",,black,af,,1145.61,https://politicsandwar.com/uploads/68afd2c92baba35bad6851e878ebc4acae9bdff6500x420278.png
13628,"2025-02-05 08:18:09","Gulpin Commonwealth",GULP,green,af,,4526.27,https://politicsandwar.com/uploads/ad787c12e0ceb72cff68ca7fac728a16e0cde09f250x250350.png
13629,"2025-02-05 21:00:41","Melbourne Commune",,red,af,,7117.90,https://politicsandwar.com/uploads/c4b254ec1f7143638f295302d362213c99cfbdb5327.png
13631,"2025-02-07 00:53:13","Middle East Treaty Organization",METO,green,af,,1384.26,https://politicsandwar.com/uploads/27d5eaaccf115e97c291c98fe112467520688e89500x231251.png
13632,"2025-02-07 17:23:37",sheikhkuldeistan,sheikh,black,af,https://discord.gg/cKWBsTfCrX,2210.00,https://politicsandwar.com/uploads/639e8758c77e43ac45a378927e9aa84a5af588ae250x239918.jpeg
13633,"2025-02-07 21:27:34","Baltic Sea Pirates",Arrgh!,black,af,,3847.33,https://politicsandwar.com/uploads/0408228ac035265de5fec71bfd82bb6ae50b4a80500x331641.jpg
13634,"2025-02-07 21:52:46",PALTO,PALTO,maroon,af,,1248.78,https://politicsandwar.com/uploads/f9e5eecc29525518f8b681306d483d042b2baa32500x333980.png
13635,"2025-02-08 00:15:25","Keukenhof Gardens",,pink,af,,13434.49,https://politicsandwar.com/uploads/0aee7d16ab7c42a8a2fb8562ee4e4f0eb62b4ab5250x166902.jpg
13638,"2025-02-08 04:21:40","Tea Bois Schizo Raft",TBSR,green,af,,2946.88,https://politicsandwar.com/uploads/891531d1a66d23b1283bf921c50ac97b6c80af2e250x446785.png
13639,"2025-02-08 12:41:20",Coalition,,lime,af,,2383.25,https://upload.wikimedia.org/wikipedia/commons/4/49/Cape_Verde_flag_-_watermark_000_percent.jpg
13640,"2025-02-08 18:04:19","Horizon of Knightfall",HOK,red,af,https://discord.gg/DwPCS9hhEQ,1069.74,https://politicsandwar.com/uploads/24c94887dcfa80ecf5f5246302730f6854e239e8300x300650.png
13641,"2025-02-09 01:12:47",Mythic,,yellow,af,,8275.66,https://politicsandwar.com/uploads/2367a84ab21bdebce36293eb149ae57a1423a065500x312864.png
13643,"2025-02-09 19:45:19","The Horsemen",THM,green,af,https://discord.gg/kC3U5qQZAE,8097.50,https://politicsandwar.com/uploads/5c6afbf3b83149bf68fbbec6aa636aa696b95650x654.png
13644,"2025-02-09 22:59:05","Darius batcave",,green,af,,4300.17,https://politicsandwar.com/uploads/cd0d6723e7f5de0920f3c832c87640a408148570156x300542.jpeg
13645,"2025-02-09 23:25:49","Bank Withheld",,orange,af,,5759.90,https://politicsandwar.com/uploads/b3d658a1ff9635f655a30df648bef4ecf9cca7091000x790283.png
13646,"2025-02-10 07:07:54","Free or Dead",,black,af,,2904.42,https://politicsandwar.com/uploads/7d93fc0caf58a6ee3b38336592c71d50abacbf76x228.jpeg
13647,"2025-02-10 22:07:08",Shuba4M,,brown,af,,24298.18,https://politicsandwar.com/uploads/3390acc3efceb557504e347fb89fb82e4eeef22fx36.gif
