﻿alliance_id,date_created,name,acronym,color,continent,discord_server,score,flag_url
619,"2014-08-05 19:39:15",Guardian,Guardian,green,Ar,https://discord.gg/wFbUzM2,478143.05,https://politicsandwar.com/img/imgur-old/200afe185770407ae6a603ade7ba9bfbad379813917.png
622,"2014-08-06 13:37:26","United Purple Nations",UPN,purple,Ar,https://discord.gg/mfUxYv7CyR,291041.19,https://politicsandwar.com/img/imgur-old/3f9d76b849ff553846c11a6097af797b3b9570bf680.png
770,"2014-10-26 13:21:40",770,MH,yellow,Ar,,10481.28,https://politicsandwar.com/uploads/d3b62efe6ed65e5b5f6c01b3aee1f394ca81cc0a500x300414.png
790,"2014-11-04 23:13:16",Rose,🌹,pink,Ar,https://discord.gg/Fp5Ngqg,1332507.90,https://politicsandwar.com/uploads/a5a9707378c9cd69b2dcb84eaca8d18d45019e45500x300115.jpg
831,"2014-11-21 17:26:29","The Syndicate",t$,green,Ar,https://discord.gg/RFR6Rnq73j,997428.57,https://politicsandwar.com/uploads/f9e00900e41e4de7e86814b5bc4a0837e4e6adf0500x300747.png
877,"2014-12-12 23:23:13","Black Knights",👽,black,Ar,https://discord.gg/VrJFQMBH2R,371112.56,https://politicsandwar.com/img/imgur-old/917568acf2b88122f2e687d5bcfe41c8db855e95744.png
913,"2014-12-19 14:34:25",Arrgh,Arrgh!,black,Ar,https://discord.gg/jCAQFtJ,134519.82,https://politicsandwar.com/img/imgur-old/c4ad8a85a57d1fedc2df54ac0d34bc882a83b441644.png
1023,"2015-01-26 15:22:05","The Fighting Pacifists",TFP,white,Ar,https://discord.gg/5yT5tWS,733563.94,https://politicsandwar.com/uploads/f616086a82c48bed05ca541831228a4704984185500x29959.webp
1210,"2015-03-21 22:52:21","World Task Force",WTF,maroon,Ar,https://discord.gg/3AXHN5B,225149.12,https://politicsandwar.com/uploads/7f1b6b4092cde322a7209affa489041e91427225216.png
1246,"2015-03-29 20:09:40",Farkistan,FU,white,Ar,https://discord.gg/HDjRySg,11283.56,https://politicsandwar.com/uploads/100fe13335b6c085e46e699bf8d856d1ee996207315.png
1584,"2015-06-29 17:25:50","The Knights Radiant",TKR,orange,Ar,https://discord.gg/theknightsradiant,949897.72,https://politicsandwar.com/uploads/dd591ec853545bb030a9e9f674a8045570024897468.png
1742,"2015-08-14 18:32:07","The Wei",WEI,mint,Ar,,24990.27,https://politicsandwar.com/uploads/4667fac78cbdca244f2e9cff3f1b2ca125047a80500x300904.jpg
1896,"2015-10-05 16:50:32",Pantheon,🏛️,yellow,Ar,https://discord.gg/8w5mHFe,10135.50,https://politicsandwar.com/img/imgur-old/aabdb8d0f25956ba861bb1c365c404835995c5a5705.png
2082,"2015-12-01 16:15:42","New Pacific Order",NPO,brown,Ar,https://discord.gg/g5x6UZ4,6110.00,https://politicsandwar.com/uploads/f6d9d9cd426226b55504e8fe7c941c10cb7eb6ba700.png
2358,"2016-02-16 19:50:46","New Polar Order",NpO,blue,Ar,,0.00,https://politicsandwar.com/img/imgur-old/a69030707aac568c9eb564ed58dfa6bacfa34da5165.png
2510,"2016-03-20 06:51:10","Royal Alba Charter Company",RACC,red,Ar,https://discord.gg/FJeNyKhxPt,68179.25,https://politicsandwar.com/uploads/30aa415263836ea59b74afac58c24cc2049705dc500x300345.jpg
2594,"2016-04-04 10:01:03","United Socialist Nations",USN,red,Ar,https://discord.gg/e2VvhPwnb7,151447.14,https://politicsandwar.com/uploads/af8e8e07558e73296fee85e09ab859473c8a9818500x281363.png
3339,"2016-09-23 00:04:24","Grumpy Old Bastards",Grumpy,green,Ar,https://discord.gg/8BZztQQ,472436.26,https://politicsandwar.com/img/imgur-old/5dd661b245f116d7220762458df6eb9df784822a390.jpg
3427,"2016-10-07 17:28:42","Legion Of Dawn",LoD,white,Ar,https://discord.gg/pQwTGU2z45,8707.44,https://politicsandwar.com/uploads/4eb27a8bf1cd8a2a0823c417de0331a6844e95f4500x281391.jpg
3683,"2016-11-08 20:24:05","House Stark",HS,olive,Ar,https://discord.gg/aRhfKtBzp8,217742.32,https://politicsandwar.com/uploads/3ad6c7a08cd782cb72b449122e6c7474cd7a0002x826.png
3940,"2016-12-20 00:38:26","The United Empire of ZahAharon",TUE,purple,Ar,https://discord.gg/yZmr9av,2190.00,https://politicsandwar.com/uploads/5ba2f1328cb1211b742c91c72d9c34db1248101b489.png
4124,"2017-02-01 17:00:43","Knights Templar",KT,turquoise,Ar,https://discord.gg/RyPP7hBKqs,9992.50,https://politicsandwar.com/uploads/f320184ea8dba06c802f863dab0d6e13228f72c5500x300426.jpg
4150,"2017-03-19 10:05:19",Yarr,GOLF,black,Ar,https://discord.gg/cbF74Dg,178881.69,https://politicsandwar.com/uploads/57056016e0494b5e9e860188582d4db5ac119883500x333979.png
4221,"2017-06-11 12:22:29",Spectre,SPC,maroon,Ar,https://discord.gg/Uyn3m5D,527515.00,https://politicsandwar.com/uploads/1e79c009e0c36e86cdec88d7648a077822dc9cf1480x30038.png
4271,"2017-08-09 02:18:58",Oblivion,"S H I T E",green,Ar,https://discord.gg/YRerfDpaKJ,103377.63,https://politicsandwar.com/uploads/77f48785108ccfdc120abfd909836623bddd89abx511.gif
4397,"2017-12-10 03:25:36","Strickland Propane",Strickland,mint,Ar,https://discord.gg/SFEpZNf,26721.31,https://politicsandwar.com/uploads/a118889f96a7c98bd6c465415353aaf6452d9915500x300529.png
4468,"2018-01-07 07:22:03","Purple Flower Garden",PFG,orange,Ar,,9232.50,https://politicsandwar.com/img/imgur-old/0f4f936ea7c16e834208f05cef1a98f6c0eddb47463.png
4567,"2018-02-23 02:31:21","The Golden Horde",TGH,gold,Ar,https://discord.gg/T4KJ7dgDVy,170515.88,https://politicsandwar.com/img/imgur-old/712fee14d4ec9d50caf2c83ee623c0767f04ea41757.png
4638,"2018-03-21 05:20:16","Sacrum Romanum Imperium",HRE,red,Ar,https://discord.gg/2WGKQGPPhY,34823.54,https://politicsandwar.com/uploads/7301cea65b528edb03d7f7a66a88d591b2e8d27f500x333596.png
4648,"2018-03-22 22:26:01",Aurora,AUR,green,Ar,https://discord.gg/NSvDF7GqBj,12055.00,https://images84.fotosik.pl/1023/f49d99150a877b08.jpg
4729,"2018-04-13 22:07:21","Church Of Atom",CoA,green,Ar,https://discord.gg/DCQsEuf,2010.01,https://politicsandwar.com/uploads/a18a33770a8efb8ce21bf21468d6f7d404e73392500x333798.png
4829,"2018-05-05 16:54:12","The Enterprise",e$,green,Ar,https://discord.gg/tm4aaKUGMd,197925.98,https://politicsandwar.com/uploads/acb59b63c53934d487a8d41276ddefe5cf7e9e71500x300385.png
4937,"2018-07-13 09:44:55",Camelot,🐲,maroon,Ar,https://discord.gg/camelot-465573583532589058,373506.25,https://politicsandwar.com/uploads/a36201c8fc73592e4d93512f8677c37fb6b8230f500x300433.png
5012,"2018-08-19 21:19:31","Respublica Romana",R&R,pink,Ar,https://discord.gg/rUJyB4U,0.00,https://politicsandwar.com/uploads/b67280cb2aac79d9b005553bdba50f34c1172af3x271.jpg
5039,"2018-09-09 00:20:10","Goon Squad",GS,green,Ar,https://discord.gg/uJGwKCK,13345.45,https://politicsandwar.com/uploads/f62cf330574ddc0dbd044b54a721efcbbef2d145647.jpg
5049,"2018-09-17 19:17:51",Carthago,CTO,olive,Ar,https://discord.gg/WAK7FWDkf8,3982.49,https://politicsandwar.com/uploads/c196c11b0cfca8e388e29edcc7dc1c758ab6206d500x281938.png
5476,"2019-05-06 16:50:03",Weebunism,🌸,brown,Ar,https://discord.gg/xsFQWaJPZQ,338624.94,https://politicsandwar.com/uploads/59f9326d615778b1cb789e4e4b5b9d652f0cdf21500x300490.png
5658,"2019-06-23 00:17:04","Unforgiven Legion",U.L.,green,Ar,https://discord.gg/Wjek998,9874.97,https://politicsandwar.com/uploads/6e7d1598085fc5929b0522d0b22f8078bd33e474500x250194.png
5875,"2019-08-04 19:30:43","The Immortals",IMMORTALS,yellow,Ar,https://discord.gg/8w5mHFe,675943.78,https://politicsandwar.com/uploads/f658b8d433a3e2c8835383d90f691254ecdab94dx849.png
6088,"2019-09-07 22:29:58","Terminus Est",💀,maroon,Ar,https://discord.gg/7xSa8WrbJA,10957.50,https://politicsandwar.com/uploads/b0cac855367acc367ae4619baaa337ba8060c2a4500x300891.gif
6126,"2019-09-14 03:39:06","The Lost Empire",TLE,aqua,Ar,https://discord.gg/uJwCEs3qrJ,6807.75,https://politicsandwar.com/uploads/c01351981ba8b4823a1a2946e249d23db435efe7500x254861.png
6877,"2020-01-07 23:40:55","Advanced Syndicalist Mechanics",ASM,red,af,https://discord.gg/SGgessb,0.00,https://politicsandwar.com/uploads/1c8cb8d10c2166cb00c75e5c2e047eb76ba0cc5b450x300644.png
7000,"2020-01-19 18:26:32","Banana Stand",BS,orange,af,https://discord.gg/t7dzPAV,35607.50,https://politicsandwar.com/uploads/207be35e6da41541f92e814cb2dff109bc3f332e500x299517.png
7094,"2020-02-02 10:53:42","The Coal Mines",TCM,pink,af,https://discord.gg/ybWe59czTf,6303.04,https://politicsandwar.com/uploads/364b80261d08d1750f2898abc48117eef7daa1d1x783.webp
7249,"2020-02-19 19:32:31","The Firm",$f,green,af,,22936.50,https://politicsandwar.com/uploads/acde1ad6c273e804750867b1b278e85ffda51fb5589.jpg
7346,"2020-03-11 23:55:25","Chocolate Castle",CC,pink,af,https://discord.gg/uvhaJpyKtw,0.00,https://politicsandwar.com/uploads/ded131b45a77f67b7714b8cdd637041c914c8ba4500x333251.png
7433,"2020-04-06 02:09:18","Almighty Corporation",ALMC,yellow,af,https://discord.gg/aDnRmzH,0.00,https://politicsandwar.com/uploads/f546e0e1042b03467c682e53bd214abff4fdaf5e500x3007.png
7450,"2020-04-12 18:27:50",Eclipse,☾,lavender,af,https://discord.gg/sGzXF7P,1508883.93,https://politicsandwar.com/uploads/8fa8fa1e020c140e9f28249e8b168374d31510a0500x300428.webp
7484,"2020-04-25 14:13:28","Global Alliance & Treaty Organization",GATO,brown,af,https://discord.gg/B6pTkZGP9U,336970.21,https://politicsandwar.com/uploads/5ca1dacbad75f019d21dbd5d58d3ab0046f85504x170.png
7580,"2020-05-31 06:19:19","The Legion",SPQR,purple,af,https://discord.gg/RvEAPsp,349853.70,https://politicsandwar.com/uploads/ad14f8d8ae656cf940a85503f2ffecd9de407f82500x300822.png
7674,"2020-07-15 00:11:14","The Mortals",TM,yellow,af,https://discord.gg/8w5mHFe,30892.25,https://politicsandwar.com/uploads/f2f9456f4c707d1d3b21f28563b930d20ee36fa5500x30039.png
7750,"2020-08-17 07:27:40","United Ummah",UU,lime,af,https://discord.gg/8Q25CyE,199080.89,https://politicsandwar.com/uploads/b895e2e5ff32be5bdb5436edf9788d5f8100da03500x298871.webp
7815,"2020-09-06 15:23:49","99942 Apophis",99A,black,af,https://discord.gg/yF24Mgk,43586.91,https://politicsandwar.com/uploads/d451c53bf1a6b5030083bf6f48aed590524d78dcx741.jpg
8236,"2021-01-16 16:23:43","Name Withheld",❓,orange,af,https://discord.com/invite/89fsQSCUHM,349655.65,https://politicsandwar.com/uploads/c12a5d36a9ae45aae3d1e4aa2721f823207565b9500x300358.png
8343,"2021-03-13 12:51:59","The Armed Peacekeepers",TAP,white,af,https://discord.gg/5yT5tWS,0.00,https://politicsandwar.com/uploads/96fb005856f5eac25d479449ecc3183e70115d86x725.png
8442,"2021-04-18 18:00:44","Antifa Super Soldiers",🍑,green,af,https://discord.gg/pN8XRSR,71.40,https://politicsandwar.com/uploads/5509b91d1778658795615ecf5c79b4f6cf44d6a0x648.png
8577,"2021-05-17 12:58:42","Heung Shing Corporation",HSC,purple,af,https://discord.gg/uGXdCrZ8Sh,18358.63,https://politicsandwar.com/uploads/47dc0f39100b21e36f84c8e16db124adebb15d35500x497903.jpg
8651,"2021-05-30 04:06:28","United Commerce Republic",UCR,blue,af,https://discord.gg/PZcawYZHqh,0.00,https://politicsandwar.com/uploads/81c427bce43293d96cfc1e852f72c4d549312b09x947.png
8819,"2021-07-15 20:20:04","The Hive",tH,purple,af,https://discord.gg/uszcTxr,7648.53,https://politicsandwar.com/uploads/1d5a2ce435813eed65b5b3bfd6179dd2277be98c500x30074.png
8899,"2021-08-16 18:09:58","Federated States of Orbis",FSO,purple,af,https://discord.gg/p7JdtKKeuP,254423.96,https://politicsandwar.com/uploads/57296f06ab13abcb96008d74fcaa9d1d46baaa8e500x300946.jpg
8900,"2021-08-17 20:31:54","Admin Alliance",,aqua,af,,487.00,https://politicsandwar.com/uploads/37ca458b5444264e04dc8d7fcd0d77e46d03eecfx3.gif
8926,"2021-08-20 02:34:45",Gallowglass,,yellow,af,https://discord.gg/E6nun29KNC,96026.29,https://politicsandwar.com/uploads/d76d758be9b1ed55da9a3139e537ef0f0669e044500x296404.jpg
9000,"2021-09-01 02:53:36","The Hand of Fate",HoF,turquoise,af,https://discord.gg/RyPP7hBKqs,29729.25,https://politicsandwar.com/uploads/edcab00901317bd2b386ea4dd4ddd6d4958b58bf500x300991.png
9192,"2021-10-28 03:46:03","United Nations of LATAM",USL,red,af,https://discord.com/invite/46s5CuYsRq,0.00,https://politicsandwar.com/uploads/9fa73f4f909cdfcc0da247b8a134b1d4f1b9cda0500x333301.png
9432,"2022-01-08 00:41:52",Orchid,DtC,pink,af,,23729.58,https://politicsandwar.com/uploads/e6ad7a78ab0dbbfade4e6d37572aee9774785a0b500x335769.jpg
9445,"2022-01-11 20:26:59",Cybertr0n,CYB,lime,af,https://discord.gg/JSAEGjmUQG,90802.44,https://politicsandwar.com/uploads/177139e0f85aabb85272e0a9459cf4eea25430a1500x333688.jpg
9600,"2022-02-18 09:18:22","Imperium of Man",IoM,purple,af,https://discord.gg/5NskGyXGCS,0.00,https://politicsandwar.com/uploads/78014ee92448e05b82b0d2835d4d8fca71b88980x798.png
9661,"2022-03-09 21:48:50","Pika Party",PIKA,olive,af,https://discord.gg/KVGCbWFc3K,0.00,https://politicsandwar.com/uploads/15302522dc76fc1b962a4750520b866209154160500x300614.png
9712,"2022-03-23 13:35:09",Zenith,,orange,af,,0.00,https://politicsandwar.com/img/imgur-old/48664f573e2391f1770adf56fc7371eba506b385277.png
9745,"2022-03-28 18:30:22","GUND-ARM Inc",🤖,purple,af,,5391.35,https://politicsandwar.com/uploads/3ac541b549065f5f806cac780beb23280c749fb6300x300843.jpg
9801,"2022-04-14 01:12:24","The LordStrum Vanity Project",LordStrum,black,af,,0.00,https://politicsandwar.com/uploads/3a375b9b86ad87cc69b86649104b73eeb49095a4500x281277.png
9862,"2022-04-29 19:52:05","The Key",TK,aqua,af,,0.00,https://politicsandwar.com/uploads/b8c7b37b25726bfa5262792c961ade2a36aed2a1x402.png
9999,"2022-06-01 15:22:21","Rainy Days",🌧️,white,af,,10136.60,https://politicsandwar.com/uploads/7c9a705331f60fbf50ac38b09cd2524a4c76e649500x300878.png
10000,"2022-06-01 15:22:34",Shuba10KM,,lavender,af,,22621.25,https://politicsandwar.com/uploads/852342d97e42a6c6698cf0147b01be1c30ff7585250x140895.gif
10075,"2022-06-16 16:03:00","Paddys Pub",Pub,mint,af,https://discord.gg/m9uqBVKpST,245556.77,https://politicsandwar.com/uploads/7d02ddbf320a2ee8aba82f40ae9ba5c53fc56c26500x312885.png
10117,"2022-06-26 05:05:42","Crusaders of the Holy Boogaloo",CHB,black,af,https://discord.gg/zYQvuzA,0.00,https://politicsandwar.com/uploads/51a720571643c9d050f7e6d1f4fd0558e45c0664500x281662.png
10177,"2022-07-05 12:25:54","Man I Love Frogs",MILF,olive,af,https://discord.gg/Q4jnernCut,23392.19,https://politicsandwar.com/uploads/637add4a23aa5c0c700e544508dc4cf3a15c6b7ax38.png
10198,"2022-07-08 11:58:44","Damn I love Frogs",DILF,green,af,https://discord.gg/3ZekYnkf3H,0.00,https://politicsandwar.com/uploads/dc37d4ce8462b10d3091c298d6c62c4905ddc353500x481862.png
10259,"2022-07-22 11:36:16",Darkstar,DS,maroon,af,https://discord.gg/wYM6w3dzcc,206698.28,https://i.ibb.co/7xDKB9sL/dsnew.png
10269,"2022-07-24 01:54:18",Mayhem,MYM,yellow,af,https://discord.gg/ZMBdUkMngp,195006.98,https://politicsandwar.com/uploads/7f3fec3135b8a0840c212b2f799572dd375fb41a500x279594.png
10304,"2022-08-01 06:07:04",Samurai,Sam,red,af,https://discord.gg/9naupWFEbJ,356020.90,https://politicsandwar.com/uploads/c6eb88a1a0a88861b16d7fc1fd4238adbbfa66efx450.png
10334,"2022-08-08 16:27:36","Arkham Asylum",AKA,pink,af,https://discord.com/invite/N5txHQTPPz,27133.25,https://politicsandwar.com/uploads/6a56d1f1339bdf9116fe9c0e6a1d5195c6d9a82e450x300798.webp
10377,"2022-08-17 20:30:49",-Glasgow-,GLA,lime,af,https://discord.gg/XU59nVMRHv,100525.86,https://politicsandwar.com/uploads/8cbc167f0cf24e3d282ae015a7c12750f80b49f3x270.webp
10382,"2022-08-19 20:19:11",Fumo,ᗜˬᗜ,brown,af,,16184.20,https://politicsandwar.com/uploads/2188de438a2c0b8ae4f5eced378e00b3ac74774f300x300887.png
10384,"2022-08-20 02:25:11","GASH LOYAL",GL,lime,af,,1100.01,https://politicsandwar.com/uploads/115be7a0f87fa7ef5b515f72583b61412033d6f6250x250916.jpg
10455,"2022-09-04 07:21:12","Anti-Horridism Obocchama Kun",AHOK,blue,af,https://discord.gg/YEbNwtGk,0.00,https://politicsandwar.com/uploads/498d9e44335edc06e65a95abbd900242aef3ba65x737.jpeg
10498,"2022-09-13 20:51:42","The Witcher Order",TWO,blue,af,https://discord.gg/yFBZweHpBv,2950.65,https://politicsandwar.com/uploads/22b259db667f1843341e060a0ce015602e5bf449500x31210.png
10523,"2022-09-19 09:12:10",Valinor,,pink,af,,41645.11,https://politicsandwar.com/uploads/9d193f3cad4c1e3ff36604b47fafe11729176837500x300774.png
10555,"2022-09-28 01:40:36",Akatsuki,Aka,maroon,af,https://discord.gg/fzWJ3pXmyY,0.00,https://politicsandwar.com/uploads/a5c7b99d360c0cacddac83f7915243e164d7514a500x312411.png
10613,"2022-10-15 09:46:32","Union of Socialist Soviet Republicz",USSRz,red,af,https://discord.gg/c4We74sTet,2730.83,https://politicsandwar.com/uploads/f74e4f70619a7a504d3b4b641c311931b2055a75x28.png
10659,"2022-10-30 17:02:51",Panem,PN,red,af,https://discord.gg/ar4XgnU327,96015.95,https://politicsandwar.com/uploads/940229cea60fcfbc6a9bab582bf8c08dfc74c120500x30019.png
10664,"2022-10-31 20:57:15","Cult of Canyon",CoC,white,af,,0.00,https://politicsandwar.com/uploads/c92f8133dd74d13ebd1059e8646d7b128ab741a8500x300269.jpg
10970,"2023-01-15 03:28:27","Presidential Republic of Igua-sul",,white,af,,1505.01,https://politicsandwar.com/uploads/107d056966633bfd674b497ef8a4ad75d3406d93500x337901.jpg
10983,"2023-01-16 18:01:51","Brothers in Christ",BiC,white,af,https://discord.gg/9a6mqwat2c,0.00,https://politicsandwar.com/uploads/55637f80517488c68811e423a2d3066a4277d90c500x30040.png
11009,"2023-01-23 02:08:31","The Republic of Libertas",RoL,red,af,https://discord.gg/YKsVJGfCsS,276932.02,https://politicsandwar.com/uploads/4426feff6292fe403e2475ebee720980d70ea3b0450x300462.png
11032,"2023-01-29 00:52:26","SFR Yugoslavia",SFR,mint,af,https://discord.gg/AxpsZQvQzq,109853.98,https://politicsandwar.com/uploads/71535eb0faf8159c30d8b3698eb7ab09fa210788500x250902.jpg
11048,"2023-02-01 09:25:35","Empire of the Romans",SPQR,purple,af,https://discord.gg/eotr,186297.55,https://politicsandwar.com/uploads/5470b39aab4aee612b492a0808ee331e0376f3b8500x291878.jpeg
11062,"2023-02-05 15:00:08","Antarctica Alliance",AA,aqua,af,,164825.03,https://politicsandwar.com/uploads/e59049052b780f665b5f2b1e0fd59d661d0d8ef2x600.png
11189,"2023-03-07 22:06:23","Weaponized Assault Penguins",WAP,turquoise,af,https://discord.gg/GVufsd7Kac,0.00,https://politicsandwar.com/uploads/94ddf31997566c7ec5e7a91ff5a79823c62cef7b500x30040.png
11202,"2023-03-10 17:24:54",Arrkboom,,aqua,af,,4039.08,https://politicsandwar.com/uploads/0abaea88b53ebd9fb8e464a2706fcbea9a094fcb895.png
11279,"2023-04-04 07:19:30","HOUSE OF LORDS",HOL,green,af,,0.00,https://politicsandwar.com/uploads/43d1ada8360b844bc69c81dad7c27c92210cb5e01000x969597.png
11330,"2023-04-18 08:21:52","Men In Black",MiB,green,af,,4540.40,https://politicsandwar.com/uploads/89e96946736d32b8f0ac8d2212d22b59440e5150x485.gif
11331,"2023-04-18 12:07:05","BROTHERHOOD FAMILY",BroFam,red,af,https://discord.gg/VMjAzncRAF,0.00,https://politicsandwar.com/uploads/b019abe7ce91fc98863e590000236faba320a848x861.png
11339,"2023-04-21 07:30:05","The High Table",THT,red,af,https://discord.gg/77w5x8rrXY,77557.36,https://politicsandwar.com/uploads/b6d6ba2f77db12455f7556c129d50b2eeaec457e500x281449.png
11349,"2023-04-24 07:56:09",Shamballa,"UGF S",aqua,af,,0.00,https://politicsandwar.com/uploads/f1806bc24257dcf95a92f8cf261754dbe06743d4x925.png
11504,"2023-05-24 12:41:04",H0D0R,,purple,af,,0.00,https://politicsandwar.com/uploads/cb309b07947e0c1884f6342503f71b253d2f68701000x584484.png
11553,"2023-06-06 00:35:35","Globglogabgalab Inc",GLOB,lavender,af,https://discord.gg/92ckmSJrvK,32206.70,https://politicsandwar.com/uploads/e89b1db990b21ac57bcd373086913b85cf081441500x334333.jpg
11657,"2023-07-14 12:14:08",Singularity,SIN,blue,af,https://discord.com/invite/uxCm7YkEcF,954404.03,https://politicsandwar.com/uploads/d169d0cf160f9ea6f6c41230f37c80565930142e500x333958.png
11660,"2023-07-14 22:42:19",Pokimans,PKM,yellow,af,https://discord.gg/fNAkhQPrPK,96778.90,https://politicsandwar.com/uploads/8eda6f576a6d9c93a414f9ff58f852b21796d04c500x31287.jpg
11668,"2023-07-16 01:42:13","Alliance Name",,white,af,,0.00,https://politicsandwar.com/img/imgur-old/0a31900529966f483de4a2a137d8f8074909fb12171.png
11674,"2023-07-18 13:00:00",Hovel,H,green,af,,0.00,https://politicsandwar.com/img/flags/canada.jpg
11875,"2023-08-25 04:38:44","THE FOUR HORSEMEN",T4H,olive,af,https://discord.gg/gEtzWsgmGN,0.00,https://politicsandwar.com/uploads/07d6b075bb0f30366588c17deaff8f2e08bc14d2x542.jpg
11881,"2023-08-26 02:02:36","Cream 2",,white,af,,2400.01,https://politicsandwar.com/uploads/7840b2223d5f059fc1e93cc5d5fcd1eb4c66e19c1000x562645.png
11915,"2023-09-01 01:14:56","Cool Cobras",Cobras,green,af,,1035.00,https://politicsandwar.com/uploads/d31211410fe0340bd5db811e8c8357e87970027f500x253352.jpg
12097,"2023-10-19 04:11:19","Dark Brotherhood",DB,blue,af,,8780.92,https://politicsandwar.com/uploads/efa7794077667d86bd7887bcd44ff25bdb0283ec480x300221.webp
12149,"2023-10-30 15:47:35","The Empire Of Avalon",TEA,white,af,,932.69,https://politicsandwar.com/uploads/1ce3f68d54ef63f38808987702f017d912e7d9a6500x333445.png
12234,"2023-11-28 19:36:42","Crimson Corp",,purple,af,,0.00,https://politicsandwar.com/uploads/378de65ceecaaab8aca48212b05696a263bf4d42300x300702.webp
12251,"2023-12-04 19:19:13","Movimento Referencista",PMR,black,af,,695.00,https://politicsandwar.com/uploads/5055356b91b9b394d2903d5c1f36ebbf9e0b82c9500x41748.png
12263,"2023-12-08 10:24:36","Llama Alliance",LLAMA,aqua,af,,850.00,https://politicsandwar.com/img/flags/netherlands.jpg
12281,"2023-12-12 05:23:00","The Sword Coast",TSC,olive,af,https://discord.gg/PNbYkyukv9,345736.48,https://politicsandwar.com/uploads/720f4afa63dfdc5219193dcd81f498c3d382b4e8480x300905.webp
12298,"2023-12-19 20:28:18","Color Trade Union",CTU,purple,af,,4515.00,https://politicsandwar.com/uploads/687cb3943be8ce534f7a46525a932da8491e0a1dx499.png
12314,"2023-12-23 17:23:41","Genesis of Light",GoL,lime,af,https://discord.gg/nmPbGdk7Kh,1770.08,https://politicsandwar.com/uploads/57ef4f90e79ca8b824e9a1d3c13edb1d81dff330500x333792.jpg
12345,"2024-01-03 03:43:57","Planet Fitness",12345,yellow,af,,9959.25,https://politicsandwar.com/uploads/8741c59777884bcdff9e97faaaa8e376fd48afdcx956.png
12437,"2024-01-25 21:09:10","The Imperial Republic",TIR,red,af,https://discord.gg/mfUV3u7B,440.00,https://politicsandwar.com/uploads/a87d882d428606bf7c57de7ac5089872df4663cax791.png
12453,"2024-01-30 15:36:07","Gamblers Anonymous",GAMBA,gold,af,,4797.19,https://politicsandwar.com/uploads/1a98e18d7585e530ae520266e46f039be6b48c2b500x281194.jpg
12479,"2024-02-04 15:04:53","The Exiled",TE,white,af,https://discord.gg/feGEvSECdR,778.02,https://politicsandwar.com/uploads/1d1e05a59856310962e2fd3a7dd34a6ae59956e7500x281658.jpg
12480,"2024-02-04 15:56:19","Event Horizon",EVH,gold,af,https://discord.gg/t2uQ9NPQj9,1098796.10,https://politicsandwar.com/uploads/4ba3a0b1805fdfa73ee647938949b0c27c74ebee500x281165.png
12481,"2024-02-04 21:43:27",Paragon,,green,af,,15736.25,https://politicsandwar.com/uploads/4b7d68c8463fc8dd98a1fe4f7a101b0ecb074dc4x581.jpeg
12500,"2024-02-08 18:12:30","Atlas Technologies",,pink,af,,17453.80,https://politicsandwar.com/uploads/ca62db84ea0cb4060d32177a9ce7cd6322099373500x302938.png
12507,"2024-02-11 14:49:16","Proxy Treaty Organization",PTO,green,af,,70.00,https://politicsandwar.com/uploads/dac3a0e18b56014d42f3235ec67e784dcab1d25a500x333868.png
12532,"2024-02-19 04:55:08","Cherry Blossom",,black,af,,750.00,https://politicsandwar.com/uploads/cc8e0fec5af25a3da16c724729005c4b69ff3d3bx893.gif
12545,"2024-02-25 01:58:39","The Fremen",FRE,black,af,https://discord.gg/9ametppmfS,126940.36,https://politicsandwar.com/uploads/357b00dce78f1395ff446cb11a1a8e669708feef500x30061.jpeg
12578,"2024-03-14 11:33:30",aNiMaLz,,pink,af,,2265.55,https://politicsandwar.com/uploads/4fe0c2746c8ac9829e6657bc53b6413f54c82b41500x349603.png
12591,"2024-03-19 11:24:26","The Convenience Store",24/7,aqua,af,,2207.87,https://politicsandwar.com/uploads/97f7db3df2e3e6c4166ffca8992d4af80a283dd3400x30057.jpeg
12611,"2024-03-24 14:46:14",defunct,defc,black,af,https://discord.gg/6TUnZrhVSA,293.74,https://politicsandwar.com/uploads/6bc6607c3cfc6ceb641266983ab980a1df1379fa500x250566.png
12615,"2024-03-26 01:47:18","The Lost Mines",TLM,aqua,af,https://discord.gg/p5xdzSvGT5,168355.48,https://politicsandwar.com/uploads/ec117fbbd0058b842639457dee30cdc3ed413103500x297896.png
12622,"2024-03-28 18:25:19","Lol idk",,aqua,af,,1248.62,https://politicsandwar.com/uploads/8164829dc4f79daddb7dee35d9cceb05d8e82179x372.png
12684,"2024-04-28 12:16:21",UkkoCouncilOfOrbis,U.C.O,aqua,af,https://discord.com/invite/KsRjYrbgHb,450.00,https://politicsandwar.com/uploads/a686f7b60798855ae3294523fbcbf9e022204233500x281300.png
12693,"2024-05-01 12:28:33",Starry,STAR,aqua,af,https://discord.gg/Ds6DWePe,0.00,https://politicsandwar.com/uploads/88d25f327524db75f94235093c80e52338adb5ee500x333865.png
12705,"2024-05-04 12:28:22",Agora,JUSTICE!!!,green,af,https://limitlessnexus.com/agora.php,13979.84,https://politicsandwar.com/uploads/cea434ec024a9782125402a62d744e2a90c08327500x338640.png
12774,"2024-05-20 21:58:42","Pacific Pirates",PP,green,af,https://discord.gg/QtYbwBHa2f,4556.41,https://politicsandwar.com/uploads/d6865c83537575539db9eeda0b7e59bc6798fb28500x303469.png
12872,"2024-06-13 18:56:26","North Star Federation",NSF,brown,af,,0.00,https://politicsandwar.com/uploads/6572a681852fa3088e65c003c63631d41c4ac046500x258109.png
12902,"2024-06-22 02:20:46",Bellanostra,BELLA,blue,af,https://discord.gg/eRGf7wjpDM,0.00,https://politicsandwar.com/uploads/58ecf6ff9fd8e9b397a4132ad1631a97bc71ba91500x300120.jpeg
12919,"2024-06-28 23:06:36","The Matrix",MTX,red,af,https://discord.gg/T5epzjdbAv,38260.97,https://politicsandwar.com/uploads/39e4fe9cd85b5d7b5fbc36fbf6efd80d2ed6b625500x340231.jpeg
12923,"2024-06-30 13:25:12",GORGON,,black,af,,1629.68,https://politicsandwar.com/uploads/4352b93f6cdbaaa80d3908fff4f1ceb1b08f3a9b500x300952.png
12948,"2024-07-10 13:13:03","Ad Astra",,black,af,,0.00,https://politicsandwar.com/uploads/6bc8ee604870b62029f68752e2fe7756fe749c91450x300270.jpg
12972,"2024-07-21 16:08:43","Shadow Valley",SV,purple,af,https://discord.gg/VNBZcqKn5n,121620.11,https://politicsandwar.com/uploads/2ebd564221f197f45f4bd98890b2815f7a55c27b500x250848.png
12985,"2024-07-24 06:43:22","The Imperial Grand House",TIGH,black,af,https://discord.gg/3dptm48928,28291.25,https://politicsandwar.com/uploads/2dc816c29eb48ad5e98ca32d6b24fec8400e67f5x485.jpg
12994,"2024-07-26 22:41:15","Cult of Raccoon",CoR,black,af,https://discord.gg/5AeNXeJhQj,108853.91,https://politicsandwar.com/uploads/3f23b94a471967aa18a38ce3779f594ed83539fc500x30071.png
13033,"2024-08-08 17:26:51",Evera,EVR,purple,af,https://discord.gg/tnxMsFbDeK,131613.46,https://politicsandwar.com/uploads/2bd98772298f0e6829bfe655a2804ae133f4265d500x300435.jpg
13043,"2024-08-12 23:46:11","Rubikon Alliance Defensive",EXE.RAD.TR,turquoise,af,,1272.46,https://politicsandwar.com/uploads/8957abed1d6424f56055c89e4542e35802f9c8cb399x300422.gif
13048,"2024-08-14 23:46:16","Prusso Roman Imperial Union",PRIU,aqua,af,https://discord.gg/vf4uGxX3Us,46654.59,https://politicsandwar.com/uploads/85c56a7647244bf574431ba9e8e4d051a2291477450x300380.png
13128,"2024-09-02 21:37:00","United nations of the orbis",U.N.,blue,af,https://discord.gg/FCrENTcx9a,1391.90,https://politicsandwar.com/uploads/745c9d28412b61d3feb86b437f058cd349b096c1x392.png
13133,"2024-09-04 14:10:13","Moroccan Alliance",MA,blue,af,,0.00,https://politicsandwar.com/img/imgur-old/8612b07bfc759823a1a90906a7964fb00849591a42.png
13218,"2024-09-22 04:49:30",Mordor,,black,af,https://discord.gg/tbNMmvm2Fr,0.00,https://politicsandwar.com/uploads/3346575bf78bd372df691ff1a9eb81487540d748500x300225.png
13288,"2024-10-13 04:59:48","North Atlantic Treaty Organization",NATO,blue,af,https://discord.gg/e3EHAeXBsH,0.00,https://politicsandwar.com/uploads/2a8caec6829e6bf6af90422a2a2c3a3db01976e1250x185339.jpeg
13290,"2024-10-13 18:21:55",Spaghetti,SGI,black,af,https://discord.gg/qD3Dqraqhc,0.00,https://politicsandwar.com/uploads/9a250b72cee3056dbf009825538b1718773a20e2300x300159.jpg
13294,"2024-10-14 17:52:44","Port Alba",PA,pink,af,https://discord.gg/vpYHQJ3NV7,21012.40,https://politicsandwar.com/uploads/c34a00f6132a3fed19b986ce8e0efecbfeb34822x291.jpeg
13295,"2024-10-16 01:10:25",Myrmidons,MYR,turquoise,af,https://discord.gg/U7hTU4bXjc,83748.26,https://politicsandwar.com/uploads/4ddb398f790386214fa3c3a8da8f41a65c7a0226x171.jpg
13331,"2024-10-30 23:06:26","The Red Knights",,red,af,,0.00,https://politicsandwar.com/uploads/29a490edb3e1c39676103a930de33281042db776x573.png
13351,"2024-11-06 19:24:30",Morningstar,MS13,purple,af,,0.00,https://politicsandwar.com/uploads/11095fdbce01c6bb704c8d212dd064c0d0391332500x439560.gif
13356,"2024-11-08 13:31:40",Uppsala,UP⚔️,orange,af,https://discord.gg/UxSD8WcjYS,77109.44,https://politicsandwar.com/uploads/b4e4d31460627088daad11acffb349088384c1d0x225.png
13371,"2024-11-15 18:46:39","pink chicken animations",PCA,green,af,,1614.11,https://politicsandwar.com/uploads/5868daf63113fe70adfae78c548bbd7b8d482628500x484605.png
13404,"2024-11-28 08:46:30","The Republic of free nations",R.F.N.,black,af,https://discord.gg/7Ws8kaR47X,1518.22,https://politicsandwar.com/uploads/0edb5c5cd65a68ddba5fce18e7811ee6e99c84c0500x300352.png
13426,"2024-12-08 21:29:33","The British Commonwealth",CON,lime,af,,333.48,https://politicsandwar.com/img/flags/greatbritain.png
13440,"2024-12-14 07:28:43",Avalanche,,green,af,,20872.25,https://politicsandwar.com/uploads/87ddc3f09bb65f619c12d5c3e49276079ea534c1x780.jpg
13463,"2024-12-19 06:09:20","Wakanda Forever",WF,black,af,https://discord.gg/8RJsZFu6s8,0.00,https://politicsandwar.com/uploads/0b22dbae6e71b227c87969865307bc7ae431e33fx292.png
13475,"2024-12-22 01:05:22","The Northern Alliance",TNA,blue,af,https://discord.gg/h9qEy5qZ,1729.13,https://politicsandwar.com/img/flags/europeanunion.jpg
13484,"2024-12-24 00:32:10","Makos Cat Cafe",MAKO,pink,af,,15779.74,https://politicsandwar.com/uploads/b5651e518144eed1bd795f30720630e0e7edc651500x300766.png
13498,"2024-12-29 19:07:40","The Aequitas Union",TAU,aqua,af,,2065.55,https://politicsandwar.com/uploads/202e2f3f81b392a177eafc7fc31eeea61a21c52bx350.png
13518,"2025-01-04 11:00:21","Derby Gangsters",DG🏇,white,af,https://discord.gg/3NxQAtFPV6,2099.95,https://politicsandwar.com/uploads/fe93bf67ff9b3648949ccf96249234d024fac781x564.png
13524,"2025-01-06 14:51:41","The Patriots",TP,lime,af,,1025.57,https://politicsandwar.com/img/flags/antiguaandbarbuda.jpg
13525,"2025-01-06 17:34:13","The Astral Order",AO,black,af,https://discord.gg/rnYeUZrwea,0.00,https://politicsandwar.com/uploads/5a14c4f7b910c8eac08dad73b08c409970a8c400500x333933.png
13537,"2025-01-11 02:15:34",Cerberus,3HD,white,af,https://discord.gg/Ax66RMDezp,0.00,https://politicsandwar.com/uploads/df21b964a56ffb83fa9b27fd908d336112d9419c500x374272.jpg
13547,"2025-01-15 02:30:26","Chiss Ascendancy",,yellow,af,,3655.53,https://politicsandwar.com/img/imgur-old/e615124b5ba48f1706ed7c822a749cdc89280a89711.png
13552,"2025-01-16 12:11:26","The Hanseatic League",tHL,red,af,https://discord.gg/3ds2SQr6rk,0.00,https://politicsandwar.com/uploads/fe694fac5921d733ea80214e265a7a87b77e9707500x300831.png
13555,"2025-01-16 21:42:05","Aurelia Dominion Accord",ADA,gold,af,,413.55,https://politicsandwar.com/uploads/292b49c56efc973421f0436180e1008cc8b929fd500x306867.png
13569,"2025-01-20 17:18:40","The Republic of the Natural order",,aqua,af,,734.34,https://politicsandwar.com/uploads/241dce5939a23aa758e208ed294b2f4b6ccc7d12600x600327.jpeg
13600,"2025-01-29 13:18:22","Bund der deutschen Sozialisten",BddS,red,af,,4817.29,https://politicsandwar.com/uploads/a36f6becb8b97854ed1cf057248670daf8278ba4275x300751.jpeg
13603,"2025-01-30 02:53:26","The great communist alliance",TGCA,blue,af,https://discord.gg/YxQ6ZZnpXb,2082.49,https://politicsandwar.com/uploads/7780aafb56cf6cff96c28fe36396bf2b277372b8500x312891.png
13609,"2025-02-01 01:02:46","Santas Crypt",,black,af,,16665.35,https://politicsandwar.com/img/flags/canada.jpg
13612,"2025-02-01 14:26:47","The Foundation",FND,black,af,https://discord.gg/rjkma4s6rr,133872.53,https://politicsandwar.com/uploads/3446a14b338afdc3579fd9f73ef19cb276ed31d7500x333124.jpg
13626,"2025-02-04 16:27:10","laughing dead",,maroon,af,,990.34,https://politicsandwar.com/img/flags/mars.png
13633,"2025-02-07 21:27:34","Baltic Sea Pirates",Arrgh!,black,af,,5447.21,https://politicsandwar.com/uploads/0408228ac035265de5fec71bfd82bb6ae50b4a80500x331641.jpg
13658,"2025-02-15 01:43:47","The Laboratory",Lab,gold,af,https://discord.gg/2pvABdDMt4,38511.66,https://politicsandwar.com/uploads/f102600e108307d7742e48d33bd3ecddd3ae8abd500x274456.png
13668,"2025-02-17 15:02:11","Unga Bunga",UNGA,black,af,https://discord.gg/JDAwAKBSUV,2251.65,https://politicsandwar.com/uploads/8a7fe5ec2c403ac83c7aa86e7db43e7485773aab400x300276.gif
13670,"2025-02-17 19:36:08","Shark Tank",ST,white,af,https://discord.gg/Ndu6NZYeu9,43762.40,https://politicsandwar.com/uploads/a608f3a9a7b70b1daf4d07b71cf359f55b40260d500x333939.jpg
13685,"2025-03-01 00:58:14",Imperialis,IPS,black,af,https://discord.gg/xXPNdrxBCk,0.00,https://politicsandwar.com/uploads/99d4fef3c088c314a47b8d15ee678c7366ce2185500x312760.png
13701,"2025-03-10 12:57:05","World Order",,green,af,,0.00,https://politicsandwar.com/img/flags/americansomoa.jpg
13703,"2025-03-10 22:14:18","United of Free States",UoFS,black,af,,0.00,https://politicsandwar.com/uploads/0aadc7b76485933d270e4a64975b3ba3a6d04144300x30073.webp
13711,"2025-03-12 17:48:03","Brigade North",BN,black,af,https://discord.gg/mz56qy3VYW,0.00,https://politicsandwar.com/uploads/61fde5a0a18c6a343b0015c3d570e20fa651dd47500x264195.png
13713,"2025-03-13 15:04:21","The Crow Lords",CROW,white,af,,810.87,https://politicsandwar.com/uploads/b95637a2fdb452cae0a536958152453d5e46a803600x600852.png
13721,"2025-03-16 17:05:11","The Warborn",TW,green,af,https://discord.gg/rbZWdGsDmR,1512.18,https://politicsandwar.com/uploads/0d3ef397c5de96c4b684e2156a81c152d85e8046500x281457.jpg
13723,"2025-03-17 14:50:25","Black Sheep",BS,yellow,af,https://discord.gg/ACusGHwgcE,0.00,https://politicsandwar.com/uploads/72776900a87d075da00b024ceb7f60a508bfd301300x300945.png
13743,"2025-03-26 01:45:49","The Seas",TS,green,af,,0.00,https://politicsandwar.com/img/flags/nunavut.jpg
13746,"2025-03-26 23:56:35",Gothac,Goth,red,af,,3018.69,https://politicsandwar.com/img/flags/bahamas.jpg
13756,"2025-03-29 17:14:24","THE SOVEREIGN SYNDICATE",C.A.S.H,pink,af,https://discord.gg/RNUFyWkrhm,8773.69,https://politicsandwar.com/uploads/6f82a9c33456b980f17de49c3ed27cf5673b3741500x375621.png
13759,"2025-03-31 00:41:06","The Expanse",TE,black,af,https://discord.gg/FEWrQrm6yn,0.00,https://politicsandwar.com/uploads/eee0981e4af0eaca61ca51a36e29dea07a6f05c7500x305878.jpeg
13760,"2025-03-31 03:55:01",ASEC,,white,af,,0.00,https://politicsandwar.com/uploads/1fbd1dca1a65c190635e55902cf984c56d60694c500x333236.png
13785,"2025-04-03 17:37:01",Chimera,🤑,green,af,https://discord.gg/4rskMsbMtY,11221.65,https://politicsandwar.com/uploads/a827ac2da5b28ee7f67837b7a441d09ce44fdcbcx480.png
13798,"2025-04-05 21:18:06","Vesperian Union",VU,white,af,,2835.40,https://politicsandwar.com/uploads/52884c5e731d21eefb6f670e1d9302f2dc54c887500x33266.png
13809,"2025-04-08 01:27:59","Borgs Cat Cafe",,pink,af,,7740.25,https://media1.tenor.com/m/ixhqLaFwke4AAAAd/eating-cats.gif
13816,"2025-04-09 12:07:03","Protectorate Alliance of Verenthia",P.A.V,aqua,af,https://discord.gg/P8UYuN3JKp,0.00,https://politicsandwar.com/uploads/625944b3ee1f3f1f0443061005b870dc6c7256c9x800.png
13824,"2025-04-11 18:12:11","Army Without Borders",M.S.F,black,af,,0.00,https://politicsandwar.com/uploads/29483739a10a2dd618742578cfe723c994551437500x281527.png
13828,"2025-04-12 08:09:20","Registered Infra Offenders",,black,af,,0.00,https://politicsandwar.com/uploads/0b22dbae6e71b227c87969865307bc7ae431e33fx531.png
13832,"2025-04-13 10:58:26","Landball Nations Alliance",LNA,blue,af,,1812.82,https://politicsandwar.com/uploads/72d8e071e42362817eb7de667a3bcb2fe3994bb1x354.png
13836,"2025-04-13 20:10:18","Only Nippe",,black,af,,1657.83,https://politicsandwar.com/uploads/21d7aaf3846d616c7391ddddce93db1d07fffc3fx960.jpg
13839,"2025-04-14 12:36:35","Wolf Union",🐺,black,af,https://discord.gg/UXTC2Nz5,779.08,https://politicsandwar.com/uploads/7d056540b6234a6f8c6e3ad2b83bc993f5d74705276x300840.png
13841,"2025-04-15 00:35:34","The United Alliance of Nations",,blue,af,,947.49,https://politicsandwar.com/uploads/ed38c94880c9912165de323b58130ece401ae10c600x600519.png
13843,"2025-04-15 09:13:31",Miedzymorze,MDZ,green,af,,0.00,https://politicsandwar.com/uploads/8e0542ff144596f7519c33f3367f4d1d3bd8bfb8500x312975.jpg
13844,"2025-04-15 21:07:04","Brotherhood of Spartans",TBOS,aqua,af,https://discord.gg/XY2A6ggK2U,3586.07,https://politicsandwar.com/uploads/01352435e2121242ebc92ed5a0bb1176c7c3955c1000x571645.png
13849,"2025-04-17 02:04:25","IS Phobia Divided States",,black,af,,0.00,https://politicsandwar.com/uploads/cae86be0228c271173f053ac97ed15c8bb7b2461505.jpg
13854,"2025-04-19 10:56:01",JESEmpire,,aqua,af,,0.00,https://politicsandwar.com/img/flags/france.jpg
13855,"2025-04-20 03:12:04",epicaa,EPIC,black,af,,5642.98,https://politicsandwar.com/img/flags/sovietunion.jpg
13858,"2025-04-20 16:45:30","The League Of Unity",LOU,pink,af,,0.00,https://politicsandwar.com/uploads/7f52d0ca55db1a356ffae7bcc04eca520fd8b3d31000x600531.png
13859,"2025-04-20 23:13:37",Aquilon,AQN,mint,af,https://discord.gg/cHUKed5Sm2,0.00,https://politicsandwar.com/uploads/31661147a78fca0d42bb1ddcf1225cdb9cc08205500x305100.jpeg
13874,"2025-04-26 08:42:31",Lilac,,green,af,,11213.50,https://politicsandwar.com/uploads/21ae50696df42d307521c3a8d4ecfdbd7e451b42500x156797.jpg
13880,"2025-04-26 23:50:16",Leviathan,LEVI,aqua,af,https://discord.gg/2UsxjNXjK4,251940.48,https://politicsandwar.com/uploads/98136531bd23dfb1af4935006228e5c45d7db667500x333721.png
13884,"2025-04-28 14:11:17","Central Bank of Egypt",CBE,gold,af,,8023.25,https://politicsandwar.com/uploads/4608f8823d18c57186156052ee79baa7df1f1313x476.gif
13890,"2025-04-29 15:47:41","Eastern Bloc",EAST,red,af,https://discord.gg/gCv567JNS8,0.00,https://politicsandwar.com/uploads/22e1e2f0413004cdfa02a2e707ce8af514958b8e500x299359.jpeg
13891,"2025-04-29 16:33:15","Shanghai Commune",,red,af,,8033.75,https://politicsandwar.com/uploads/4036ec63dd4a1ebdcc2b6635bc2b712891b2cd2c500x300427.png
13893,"2025-04-29 18:48:16","The Triumvirate",TT,aqua,af,https://discord.gg/tkRJPABdtp,18241.69,https://politicsandwar.com/uploads/424fd4537db6d9de513a44c1868f3d02accc7704500x330812.jpeg
13896,"2025-04-30 18:02:28","Ayyslamic Britannian Empire",,black,af,,11785.75,https://politicsandwar.com/img/imgur-old/804815bc2864eaba8233eedeff7ef75433b9a6df856.png
13901,"2025-05-01 19:04:54","The Capitol",,red,af,https://discord.gg/dvvzJNEP3w,12396.25,https://politicsandwar.com/uploads/893583e8408b9e4ae1da552ee78ad1306305447b300x300980.png
13912,"2025-05-07 15:36:44","Battle Tendency",,turquoise,af,,10425.69,https://politicsandwar.com/uploads/ba8065630117e8a14b4ecf55e93d015d7da5037c500x281526.png
13914,"2025-05-08 23:39:19","Anti-coalition of the Emporor",Anticoals,lime,af,,0.00,https://politicsandwar.com/uploads/d531dd30914f44c7be9b287c61e77f356c5de2af500x274392.png
13966,"2025-05-20 00:18:07","The Slow And Steady",SlSt,pink,af,https://discord.gg/hBJrMpunMc,15043.50,https://politicsandwar.com/uploads/548ea0cc1bba7568991715dba9eea83405943199500x300684.png
13967,"2025-05-20 03:32:33","Burdia Pact",,aqua,af,,2063.12,https://politicsandwar.com/uploads/f0933d41ab07a5c54301d247a5e28577ecc7bc57x601.png
13972,"2025-05-21 19:51:32",OTAN,OTAN,maroon,af,https://discord.gg/b2RCjZCa,965.59,https://politicsandwar.com/uploads/ccd528e3dacfd5e93c33e96c4d03d6053a077a6c500x333207.jpeg
13981,"2025-05-23 14:04:48","Imperium Invictum",,black,af,,0.00,https://politicsandwar.com/uploads/95f3328b3898eeea741c154e181850b5cead3926500x333813.png
13986,"2025-05-24 19:14:48","UNITED SINDH INTERNATIONAL",,red,af,,1350.81,https://politicsandwar.com/uploads/99b27444700969c624b13f3ef0aed19e175d906d300x300815.jpg
13987,"2025-05-24 21:48:37","The Apothecary",TA,yellow,af,,363.92,https://politicsandwar.com/uploads/812583194e507b38e0a35f13fc23212db57d7ee5500x342217.png
14000,"2025-05-25 22:02:22",Citadel,CI,turquoise,af,https://discord.gg/QmSuzqz4xt,933910.33,https://politicsandwar.com/uploads/8e714b61799b0fbeb4ca323a6a6f2ce37042a770500x298236.png
14008,"2025-05-27 20:50:02","Australian Confederation",,white,af,,2045.98,https://politicsandwar.com/img/flags/australia.jpg
14013,"2025-05-29 00:41:56","Eaten by Nanami",EAT,white,af,,0.00,https://politicsandwar.com/uploads/dc11ed0f5160fc86d71de6173d26a7b3e1685d85500x282110.png
14020,"2025-05-30 17:28:18",FRIENDS,,black,af,,0.00,https://politicsandwar.com/uploads/a11191458b26ff62fffa06cde3337b8119f45f06x985.webp
14035,"2025-06-03 14:53:09","The Iron Order",TIO,aqua,af,https://discord.gg/EFHHwEVpYn,0.00,https://politicsandwar.com/uploads/fec074d3bc7ac80e4e2d4ea5a68626ee997e51d6x227.png
14036,"2025-06-03 18:29:21","The Commonwealth of orbis",TCO,turquoise,af,https://discord.gg/mrfvcVzNzY,128722.46,https://politicsandwar.com/uploads/80cde54839538bfd2d4a36bc494ce19cbbe352d8500x333123.png
14040,"2025-06-04 03:24:48",Lunthree,,aqua,af,,0.00,https://politicsandwar.com/img/flags/zaire.jpg
14041,"2025-06-04 06:43:34","The Isolationists",,aqua,af,,1371.57,https://politicsandwar.com/img/flags/piratesheep.png
14044,"2025-06-05 07:36:32","United Dorset",,orange,af,,2278.94,https://politicsandwar.com/uploads/d65e641c6b7677b003c2a51346ad2415b9420156500x300434.png
14047,"2025-06-06 03:08:09","The Revelation",Rev,red,af,,294.68,https://politicsandwar.com/img/imgur-old/de489300ead9dec29b40b24131e663d0228649eb81.png
14049,"2025-06-06 11:24:51","Ten Toes Crew",TTC,pink,af,,0.00,https://politicsandwar.com/uploads/44ae22b008b207a72d897aa49402b3c9c62034aa250x250763.png
14055,"2025-06-09 01:56:41","Pirates Palace",,aqua,af,,750.36,https://politicsandwar.com/uploads/3616ea4916dc0e102e31fe37989f6d822b7ee1d7500x333767.png
14056,"2025-06-09 07:15:29",Nuka-World,"7K - Nuka",black,af,https://discord.gg/qUEbnSGvTF,0.00,https://politicsandwar.com/uploads/9ee27d9ee47ce5c85d13a9b09b871bee1751f705x127.png
14058,"2025-06-10 07:50:38","Gulpin Monarchy",GULP,lime,af,,5415.01,https://politicsandwar.com/uploads/dd4b1a8c992b507ce46f9e4e9bc77286232bba85500x300962.png
14061,"2025-06-11 05:57:01",Wealth,,aqua,af,,3397.16,https://politicsandwar.com/img/flags/unitedstates.jpg
14067,"2025-06-14 05:29:29","Asteria Group",,pink,af,,2348.33,https://politicsandwar.com/uploads/cae86be0228c271173f053ac97ed15c8bb7b2461505.jpg
14076,"2025-06-19 16:20:24","The Diamond Imperium",T.D.I,red,af,,0.00,https://politicsandwar.com/img/flags/russia.jpg
14079,"2025-06-20 16:45:13","Defensive Treaty Organization",DTO,green,af,,0.00,https://politicsandwar.com/uploads/799808c391f8d1e4ab3f3579c99a319399b336c2500x376789.png
14082,"2025-06-22 12:50:44","House of Tharros",TRS,white,af,https://discord.gg/eYt9MseAzT,4868.65,https://politicsandwar.com/uploads/1fda662ab1d198ff0005cb33f2026e9961f5c830300x300184.png
14091,"2025-06-26 10:14:18","Alliance of the weak",Aotw,green,af,,3892.10,https://politicsandwar.com/uploads/eac617b2fa99dfbbda7af4859b65e2ea29528bd3500x333574.png
14093,"2025-06-26 23:01:18","Heart of Gold",HoG,maroon,af,https://discord.gg/wYM6w3dzcc,8056.75,https://politicsandwar.com/uploads/cd61f0be5768fff9a0ff6dfe1befb6b04b774f71500x37597.jpg
14096,"2025-06-27 07:28:31","Crimson Legion",CLGN,purple,af,https://discord.gg/geDAHdvG2N,0.00,https://politicsandwar.com/uploads/4cb656208292c4b3f8f7c58c99b3342218e7280a300x300135.png
14099,"2025-06-27 23:02:41","Orbis Alliance Banking Service",OABS,maroon,af,,1521.18,https://politicsandwar.com/uploads/57da11f80a6f33caf554ad68c10f5131d5925dae500x328651.png
14100,"2025-06-28 06:38:58","Death Watch",DW,black,af,https://discord.gg/PgDE6qeKkc,23042.05,https://politicsandwar.com/uploads/53e8d38b319e5cc3ca206eb2ea26f6ce8f217dfe500x250394.png
14103,"2025-06-28 19:19:56","Bugs holy land",,orange,af,,8482.50,https://politicsandwar.com/uploads/04e8c7741e700bba0f0ceac292119e04d8bb549a1000x500899.png
14112,"2025-07-03 16:05:40",Alliance,,aqua,af,,1050.04,https://politicsandwar.com/img/flags/japan.jpg
14123,"2025-07-08 23:12:55","Sesom States of America",,aqua,af,,0.00,https://politicsandwar.com/img/flags/betsy_ross.jpg
14124,"2025-07-09 10:01:11","The Union of Nations",TUN,green,af,https://discord.gg/ErDzhrBgjf,160319.58,https://politicsandwar.com/uploads/34f1eb7c642319df08d07fdfc012f1c4a6fb5ddb500x333801.png
14129,"2025-07-11 23:07:41","The Republic of Orbis",T.R.O,turquoise,af,https://discord.gg/ZGxscuUrNA,0.00,https://politicsandwar.com/uploads/26f715a97dcaa84f090c5220197f5af0a0e742ce450x300243.png
14136,"2025-07-15 19:00:01","Beta Quadrant Coalition",BQC,aqua,af,,0.00,https://politicsandwar.com/uploads/b574e23b9f50bae073c57ae1ccbb2346068c3189500x333217.jpg
14137,"2025-07-15 23:40:12","The Grand Communist Alliance",TGCA,red,af,https://discord.gg/79h49Ugpvr,7416.26,https://politicsandwar.com/uploads/ef7b14be6096478f24aa21e450f27f02c2f12310500x333631.png
14147,"2025-07-19 06:34:27","Eternal Phoenix",EP,lime,af,https://discord.gg/SbutQyfhhZ,149583.45,https://politicsandwar.com/uploads/9287b529dc83dead77b9f88de91572984e6333f2500x300547.png
14151,"2025-07-21 06:01:33","Independence Alliance",,aqua,af,,9183.30,https://politicsandwar.com/uploads/69b1013f1e5780c52c2736dc41367ee83376cccbx693.png
14152,"2025-07-21 14:35:31","Penguin Logistics",P.L.,maroon,af,,0.00,https://politicsandwar.com/uploads/1f50cab26d1fdc39ea0579db69958ef1fea7bf3d300x300877.png
14156,"2025-07-22 15:12:49","Royal Orbis Aluminium Company",ROAC,lime,af,https://discord.gg/WPStwVFEzg,2729.12,https://politicsandwar.com/uploads/3e5724c3f17d193f2ffa840e8e94d696acd9d44b500x400785.jpg
14168,"2025-07-28 15:46:15","The Cool Beans",,turquoise,af,,0.00,https://politicsandwar.com/uploads/7d3e39d0a3ccb52dd15851fd1f8ffa3c283c7b74500x282641.jpeg
14173,"2025-07-31 07:01:50",SputnikZ,,aqua,af,,0.00,https://politicsandwar.com/img/flags/betsy_ross.jpg
14175,"2025-08-01 02:20:07","Dominion Accord",,aqua,af,,0.00,"https://upload.wikimedia.org/wikipedia/commons/4/41/Flag_of_Orlando,_Florida.png"
14177,"2025-08-01 07:01:31","Fire Department of Orbis",FDO,turquoise,af,https://discord.gg/sxXyuQecpt,154066.81,https://politicsandwar.com/uploads/45c082a81def7fed77c1f55547ac13cddcd9926c257x300624.png
14179,"2025-08-01 13:37:25","Dumbledores Army",,blue,af,,0.00,https://politicsandwar.com/uploads/022b4bee2bcdfa159862259dc3bc632e90497c23214x300354.jpg
14190,"2025-08-08 00:25:58","Nameless Treasure",,brown,af,,0.00,https://politicsandwar.com/img/flags/poland.jpg
14194,"2025-08-09 13:06:07","The European Pact Of Unity",EPUA,gold,af,https://discord.gg/PQdhYkMR,0.00,https://politicsandwar.com/uploads/8f175bb0ce194d4e5f96f247d3f5f647fc5b6edf299x300947.jpg
14198,"2025-08-10 04:15:11","The SecondGalactic Empire",,gold,af,,3034.27,https://politicsandwar.com/uploads/debc9f5d4f6673d0ade227dd328e5a3600d3e9281000x600167.png
14201,"2025-08-10 22:05:03","The Elemental 4",T-E-4,blue,af,https://discord.gg/UWTVQTzA,0.00,https://politicsandwar.com/uploads/f0f2b76b37912b6b731d36e3a02490ed26867afc500x287349.jpeg
14203,"2025-08-11 04:22:58","BRICS UNION",BRICSU,black,af,,0.00,https://politicsandwar.com/uploads/c5f60380fea661790c97d641657e31bd562fb954500x333686.webp
14207,"2025-08-11 23:39:43",INTRA,INTRA,purple,af,https://discord.gg/37MAfenruR,5259.25,https://politicsandwar.com/uploads/431f984d50c02e0fe0c936f322d40d09e2619a2c300x300144.png
14209,"2025-08-12 14:15:52","Caribbean Community",,lime,af,,2009.95,https://politicsandwar.com/uploads/c8cccac458644b4cdba5f49632e88d3d5c408bd21000x635778.png
14211,"2025-08-13 07:19:51","Castle Camelot",CcKOM,maroon,af,https://discord.gg/camelot-465573583532589058,12215.05,https://politicsandwar.com/uploads/fb611762607d24122d7bb2bdf8407df6af740324x324.png
14214,"2025-08-14 09:10:19","Revolutionary Indigenous committee",RIC,red,af,,0.00,https://politicsandwar.com/uploads/9c2526247a509aa4b177a8ef5a961116769bc0be500x335713.png
14217,"2025-08-14 21:48:52","Santa Alianza Global",SAG,blue,af,,0.00,https://politicsandwar.com/uploads/75ebe70a036eb3861d2409c50f65065a6526c07b500x471883.jpg
14221,"2025-08-15 04:39:07","The Rising Coast",,brown,af,,0.00,https://politicsandwar.com/img/flags/mali.jpg
14223,"2025-08-16 00:18:08",Haikyu,,green,af,,0.00,https://politicsandwar.com/img/flags/japan.jpg
14225,"2025-08-17 11:23:21","Nights Watch",Crows,black,af,https://discord.gg/VtPS5Je6DP,116130.90,https://politicsandwar.com/uploads/265752d109e5493405462a1730ee80227dbd19d6500x28144.jpg
14229,"2025-08-20 12:11:17","Socialist International",,red,af,,2794.37,https://politicsandwar.com/img/flags/sovietunion.jpg
14230,"2025-08-20 16:44:14","The Reclaimed Flame",TRF,black,af,,21521.92,https://politicsandwar.com/uploads/fc63146eb8abb8968a4fe4868cecb1014b3a1faf500x375246.png
14231,"2025-08-20 19:30:18","Codex Vault",,white,af,,0.00,https://politicsandwar.com/img/flags/bangladesh.jpg
14234,"2025-08-21 01:43:13","The Eternal Accords",TEA,turquoise,af,https://discord.gg/Vhwgkx5uUK,2329.51,https://politicsandwar.com/uploads/697b31daeba85cc55fd66b923d20e554a50fe965500x332265.png
14235,"2025-08-21 05:37:43",MUSTAAAAAAAAAAAAAAAAAAAARD,,gold,af,,2112.77,https://politicsandwar.com/img/flags/austria.jpg
14237,"2025-08-21 22:14:46","Liberty Legion",LL,red,af,https://discord.gg/KCnPJPaj4M,0.00,https://politicsandwar.com/uploads/91a71ce2016d4d338bdcf6b8f239e762772913b8200x300521.jpeg
14240,"2025-08-22 04:07:31","Eternal Sunshine",,yellow,af,,0.00,https://politicsandwar.com/img/flags/macedonia.jpg
14242,"2025-08-22 14:13:38",Infinity,∞,pink,af,https://discord.gg/4FjEyRf69H,164545.40,https://politicsandwar.com/uploads/a2e9ed6b91d8b2fa517fa2f49126dc14ac137e77500x300818.png
14244,"2025-08-22 17:35:56",Raytastic,,mint,af,,0.00,https://politicsandwar.com/img/flags/lebanon.jpg
14245,"2025-08-22 23:20:43","The Godfathers",TGF,red,af,https://discord.gg/AWs5UPtHP7,4122.11,https://politicsandwar.com/uploads/a726cecfdeff57e1d61cca8dec7795c25870241b500x325932.jpeg
14246,"2025-08-23 01:45:46","malaysia kingdom",,aqua,af,,1098.48,https://politicsandwar.com/img/flags/malaysia.jpg
14247,"2025-08-23 03:09:10",Ireland,,white,af,,0.00,https://politicsandwar.com/img/imgur-old/d703212086bd7651d61127b0516878e10dd76e3f417.png
14248,"2025-08-23 06:19:55","The Iron Vault",,red,af,,2038.95,https://politicsandwar.com/uploads/4547496f8eaf0c9ac090b6525a05fc7b8acc2ff2500x353741.jpeg
14251,"2025-08-24 16:36:36","Secret Sauce",,olive,af,,0.00,https://politicsandwar.com/img/flags/mars.png
14254,"2025-08-24 19:26:17","Elastic Bands",,black,af,,0.00,https://politicsandwar.com/img/imgur-old/f133cd8aa5df781e48234dcc623138d234acb5d4822.png
14256,"2025-08-25 10:31:08","One Big Blank",OB2,mint,af,,0.00,https://politicsandwar.com/img/imgur-old/d703212086bd7651d61127b0516878e10dd76e3f417.png
14257,"2025-08-25 12:11:55","The Paradise Alliance",TPA,green,af,https://discord.gg/7JVgJSHCQd,0.00,https://politicsandwar.com/uploads/94db80890078828ac2b6d5d4a1ea533086a51330500x333350.png
14258,"2025-08-25 13:16:55","Your Moms House",YMH,turquoise,af,,9337.75,https://politicsandwar.com/uploads/41c2641d217ce3d73ec39d2f94cfe9da09b4c261500x300331.png
14259,"2025-08-25 15:35:00",Otoko,,gold,af,,0.00,https://politicsandwar.com/img/flags/betsy_ross.jpg
14260,"2025-08-25 16:25:37",Freetopia,,turquoise,af,,0.00,https://politicsandwar.com/img/imgur-old/f8780813dabb760f0ac92421e737f2abb40ab1a217.png
14261,"2025-08-25 17:46:40",Starborne,,turquoise,af,,0.00,https://politicsandwar.com/uploads/f7a5c5a1279e3f7cf82d4dbaec41f2f62aaf188cx534.png
14262,"2025-08-25 21:52:57","Holy Empire",,orange,af,,0.00,https://politicsandwar.com/img/flags/americansomoa.jpg
14263,"2025-08-26 01:38:39","Tollo Alliance",TLA,blue,af,,0.00,https://politicsandwar.com/uploads/0e3430a9d63dc5e84b9c28bb2119bb1ccb7e7aa4500x333131.png
14265,"2025-08-26 02:01:10","Union of Socialist Imperialist States",USIS,turquoise,af,https://discord.gg/sQqmK8q6rw,2257.62,https://politicsandwar.com/uploads/dcd221596fb9317abda051ade69748b108e30b26500x267631.jpeg
14267,"2025-08-26 02:21:03","Internal Peace",,aqua,af,,0.00,https://politicsandwar.com/img/flags/sweden.jpg
14271,"2025-08-26 19:44:04",Batroom,,yellow,af,,2219.32,https://politicsandwar.com/uploads/2b0413091a8e33ee68af7aab4669be721745eb60182.png
14272,"2025-08-26 19:52:21",Zhong,,purple,af,,0.00,https://politicsandwar.com/img/flags/switzerland.jpg
14274,"2025-08-26 21:53:43","United Alliances of Orbis",,aqua,af,,0.00,https://politicsandwar.com/img/flags/mexico.jpg
14278,"2025-08-27 21:24:30",Hangover,,green,af,,14222.25,https://politicsandwar.com/uploads/7260024641675ad1fb504fe9875e7332d4b379e3x515.jpg
14282,"2025-08-28 16:37:17","The High Council Of Coin",HCC,blue,af,https://discord.gg/ZXvHpzU7Bt,0.00,https://politicsandwar.com/uploads/118ba690b04504f4380b87aecb47033478af18d0300x300947.png
14283,"2025-08-29 04:45:29",CMT8-1945,,red,af,https://discord.gg/YqnJsj7b,0.00,https://politicsandwar.com/uploads/0998452ac7e898da5e78c8bb3d3176b480b8dc6d500x375690.png
14285,"2025-08-30 10:52:09","Weyland Yutani Corporation",Wey-Yu,black,af,https://discord.gg/sfNVgZBNZX,46621.01,https://politicsandwar.com/uploads/043092525922d2ed339c2c3b042bd56df66f958cx188.png
14286,"2025-08-30 17:58:35","Cryo Alliance",,gold,af,,2094.32,https://politicsandwar.com/img/flags/mars.png
14288,"2025-08-30 22:11:38","Wayneville Enterprises",W.E,black,af,https://discord.gg/Yv8Pg2mbDu,3835.07,https://politicsandwar.com/uploads/4231eb4240553da792170fce5658d17b44016727500x301136.webp
14289,"2025-08-31 09:33:28",EEUUCOALITION,EEUU,aqua,af,https://discord.gg/R62QR28G,0.00,https://politicsandwar.com/uploads/c3f607676f4d96cafc28a8cfb482d2348248ba7e568x600855.png
14291,"2025-08-31 15:51:48","GOAT Alliance",,pink,af,,0.00,https://politicsandwar.com/img/flags/sovietunion.jpg
14299,"2025-09-03 06:50:29",Yihh,,turquoise,af,,2118.35,https://politicsandwar.com/img/flags/russia.jpg
14301,"2025-09-03 17:33:34","The A Team",,black,af,,0.00,https://politicsandwar.com/img/imgur-old/7a6fc15b6be2d18a1d5528857d160584fa4172b3325.png
14304,"2025-09-04 21:38:20","Mariners Apartment Complex",MAC,green,af,,14358.63,https://politicsandwar.com/uploads/2a1b748e948104f9ddd749fd7a2908103c64f9f8500x488583.jpg
14305,"2025-09-04 21:47:41","The Crown Corporation",TCC,red,af,https://discord.gg/qBYpfPamaa,4840.20,https://politicsandwar.com/uploads/9ef4928ad5fb732dd186b94c720e96948b729f4c500x300363.png
14307,"2025-09-06 19:45:26","Africa Proconsularis",SPQR,purple,af,,26103.77,https://politicsandwar.com/uploads/ef923c8922ed13ffce77e7e7fd8c2677ce96ebf8x970.jpeg
14310,"2025-09-07 15:08:21","The Sovereign Bastions",SoB,blue,af,https://discord.gg/4WsMYggZRn,901.92,https://politicsandwar.com/uploads/3cbda6ed5e8c32b09d8bf547dd2f83ee80837cfa300x300896.png
14315,"2025-09-09 21:21:54","klop operazioni",KLOP,green,af,,3076.65,https://politicsandwar.com/img/imgur-old/173d0e2fd98a1c7dadf08f244780fd7e5e29ed30406.jpg
14317,"2025-09-10 19:17:11","Treaty of Independence",TOFI,green,af,https://discord.gg/frje392q35,418.12,https://politicsandwar.com/uploads/6e3f11d978509b201d1ef48136d46bfea685cbc4x78.png
14319,"2025-09-11 19:32:43",Kivaf,,pink,af,,2230.06,https://flagspot.net/images/a/az-artsa.gif
14323,"2025-09-12 18:51:50","Platypuses of the world",,aqua,af,,0.00,https://politicsandwar.com/uploads/1599b91eee4191d4b62be54cbf4a31b70c3d3148500x395639.jpeg
14325,"2025-09-13 12:54:59","Buccaneers of Carnation",BoC,green,af,,6540.91,https://politicsandwar.com/uploads/dd86d541334a0915ba40c57354d5c8c8f41d7615x774.png
14326,"2025-09-13 19:42:32","Union of Soviet Socialist Republics",USSR,black,af,https://discord.gg/SumvGUfmhg,49015.16,https://politicsandwar.com/uploads/310a75c3148e4bcba5b8c68a4b1bf0f56f1e4dd4x49.png
14327,"2025-09-13 21:09:06",WCC,,turquoise,af,,2187.50,https://politicsandwar.com/img/flags/mars.png
14331,"2025-09-15 08:01:56","The Arras",,green,af,https://discord.gg/FFXjTEE4GN,1271.89,https://politicsandwar.com/uploads/58a5ddd01f0f555c2c95e790378f174ee07f886d250x148234.png
14332,"2025-09-15 19:38:58",Caesers,,green,af,,2309.18,https://politicsandwar.com/uploads/6ec63fda71dc21a8f6f26c35da6b1ec222835ff2x491.jpg
14334,"2025-09-16 01:19:02","The Golden Circle Entente",GCE,gold,af,https://discord.gg/NzaQR9WBkh,0.00,https://politicsandwar.com/uploads/419fe2e8fd9b1b6315fa274920eb7f9d7a17c81e500x300289.png
14340,"2025-09-19 13:57:01","Uzbekistan rules",,pink,af,,0.00,https://politicsandwar.com/img/flags/kyrgyzstan.jpg
14341,"2025-09-20 04:05:01","La Cosa Nostra",LCN,black,af,https://discord.gg/g5dcpKZsum,99774.49,https://politicsandwar.com/uploads/a6816aab9cfd2a6bf5afe41b9d32cb81727d233dx727.png
14343,"2025-09-20 17:22:25",wagwag,,blue,af,,2301.39,https://politicsandwar.com/img/flags/iceland.jpg
14346,"2025-09-21 01:22:34","Organization of American States",OAS,purple,af,,2264.62,https://politicsandwar.com/uploads/0fd7e0d70b996917e52b57c0c06621d039582a9f500x283900.png
14351,"2025-09-22 18:11:56",Freexd,,maroon,af,,2388.39,https://politicsandwar.com/img/flags/bahrain.jpg
14352,"2025-09-23 11:38:19","Blood Eclipse",BEC,lime,af,,0.00,https://politicsandwar.com/uploads/7849693cf00393d941bc128a6a35d84e863ccf05500x333411.png
14354,"2025-09-23 15:37:15","Commonwealth Defense Force",CDF,turquoise,af,https://discord.gg/8m98hUUakR,20242.25,https://politicsandwar.com/uploads/dbdd9fb5e0381e0a2d6e5b22fb187826d1dc76e0500x33359.jpg
14356,"2025-09-23 19:33:32","Imperial Treaty Organization",ITO,green,af,,3142.04,https://politicsandwar.com/uploads/6a123db65169bbf7f36bbc2b1340cd905926f10e500x333380.png
14358,"2025-09-24 05:57:21","New Hanseatic League",NHL,blue,af,https://discord.gg/ZWYDqycv6e,525.27,https://politicsandwar.com/uploads/2927eeb420afc27b921557a37622afac18f937fc500x359904.png
14359,"2025-09-25 03:47:50","The true Alliance",,aqua,af,,4884.03,https://politicsandwar.com/uploads/8320950036a168fc8cc667c70adf86e1d1208bc2x233.jpg
14363,"2025-09-26 05:59:07",VPCat,,olive,af,,0.00,https://politicsandwar.com/uploads/7eea5d2fa22390eb677427c0cdb39935ca81786f668.jpg
14366,"2025-09-27 06:44:15",Asas,,turquoise,af,,2472.01,https://upload.wikimedia.org/wikipedia/commons/thumb/f/fd/Flag_of_Senegal.svg/900px-Flag_of_Senegal.svg.png
14367,"2025-09-27 18:19:45",Deterrent,,gold,af,,0.00,https://politicsandwar.com/uploads/4fcaeafb2e6c6107355a5060d219a2a4ec72c5a5500x250116.png
14368,"2025-09-27 18:26:12",Zhou,,yellow,af,,2362.63,https://politicsandwar.com/img/flags/denmark.jpg
14374,"2025-09-29 02:18:38","Federation of America",FOA,aqua,af,,1119.15,https://politicsandwar.com/uploads/40d92fa56d3ec962c48507e7a5ef7714bd188e03500x333822.png
14377,"2025-09-30 17:45:28",Spamericx,,mint,af,,2530.70,https://politicsandwar.com/img/imgur-old/a1e6bc7426eb12dc0ddeda1dbe41629f1db685cf760.png
14380,"2025-10-01 06:15:05","Bear Republics",,turquoise,af,,2107.66,https://politicsandwar.com/img/flags/california.jpg
14381,"2025-10-01 16:45:48","Sentinel Coalition",SentiCOAL,yellow,af,https://discord.gg/xHZ4YthUJp,5816.89,https://politicsandwar.com/uploads/8e40802f02abe0138bad5c28789aeb72cfc5a46b500x340210.jpg
14383,"2025-10-02 07:41:01","Neoterra economic council",NEC,green,af,https://discord.gg/862krrgxR,0.00,https://politicsandwar.com/uploads/a967c52aa9d5127a67384c4a5d67b3bc7df60577500x333620.png
14385,"2025-10-03 01:16:51","The Onyx Consortium",TOC,black,af,,2893.05,https://politicsandwar.com/uploads/1ffdaef1919a3ed9d68ab1fbfc2e69780e013973300x300538.jpeg
14392,"2025-10-05 05:24:49",Bufflao,,white,af,,2416.11,https://politicsandwar.com/img/flags/little_shell.jpg
14393,"2025-10-05 10:46:46","States of the Holy Land",Vatican,purple,af,,0.00,https://politicsandwar.com/uploads/7eea5d2fa22390eb677427c0cdb39935ca81786f668.jpg
14394,"2025-10-05 13:31:19","Alberta Alliance",,aqua,af,,0.00,https://politicsandwar.com/uploads/e551bab61b6624528a3270daf6aa527b98313e5fx226.png
14398,"2025-10-06 05:32:43",Minton,,white,af,,2454.35,https://politicsandwar.com/img/flags/iran.jpg
14400,"2025-10-06 14:37:40",Bonapartistes,,blue,af,,1691.92,https://politicsandwar.com/img/flags/france.jpg
14401,"2025-10-06 19:52:48","Finance Industries",25FI,black,af,,2564.51,https://politicsandwar.com/img/flags/greatbritain.png
14406,"2025-10-07 05:36:35",Lip,,lavender,af,,2409.40,https://politicsandwar.com/img/flags/panama.jpg
14408,"2025-10-08 00:19:11","Wutasan Communist Alliance",W.C.A,purple,af,,420.48,https://politicsandwar.com/uploads/8920064ffdabe5f37692459bd6d73a7501add26b500x300520.png
14410,"2025-10-08 20:12:42","Gold Kingdoms",,gold,af,,2434.19,https://politicsandwar.com/img/flags/yemen.jpg
14411,"2025-10-09 17:00:56",OSD,OSD,green,af,https://discord.com/channels/1426938415416606762/1426938955965923469,896.44,https://politicsandwar.com/uploads/e64ab0f86bbc638baf439a3770393f2684d65b32500x457590.jpg
14415,"2025-10-11 03:12:17","Barakah Islamic Trust",,green,af,,2447.77,https://politicsandwar.com/uploads/f852849a4fec89ac647f9079af4eeeac11b180f2500x497896.jpeg
14419,"2025-10-12 05:56:52","Virgin Islands Depository",VID,green,af,https://discord.gg/5DBsggDS,2114.36,https://politicsandwar.com/uploads/6f9034754d120e333e46eb913f55bf221723624e176x300210.jpeg
14420,"2025-10-13 18:59:47",SAPTO,,aqua,af,,0.00,https://politicsandwar.com/img/flags/fiji.jpg
14421,"2025-10-14 11:19:13","Global Union",GU,turquoise,af,https://discord.gg/CquyH7GTCP,4077.68,https://politicsandwar.com/uploads/c65e0750e2df06fa29dec4856bc29110e4e71a741000x666293.png
14423,"2025-10-15 20:50:55","The Parallel",TPL,aqua,af,,13358.73,https://politicsandwar.com/uploads/cdc8f04dd35e23eedf738d4b23131b872df71921300x300573.jpg
14428,"2025-10-18 23:38:02","The Exchange",NY$E,green,af,,16171.75,https://politicsandwar.com/uploads/646b4037af01fbad6fdc6fbbd3091a21ca68ef3c500x375798.jpg
14433,"2025-10-19 20:33:43","United Worlds",U.W.,lavender,af,,1094.19,https://politicsandwar.com/uploads/ca7a7e88f7751a21f1aaf4876babdfcac1c7bd001000x666154.png
14440,"2025-10-20 16:30:22","House Karstark",HK,olive,af,,8053.50,https://politicsandwar.com/uploads/5831eab85995b52c7ce9f02ebf5d02f2a8a4ab2d272x300415.png
14449,"2025-10-22 00:16:59","Coast of Swords",⚔️CS,olive,af,,9918.00,https://politicsandwar.com/uploads/313decf24bddeb4374e5e959f43e3b893326fa95500x333843.png
14464,"2025-10-25 19:38:35","The Company",,white,af,https://discord.gg/syw3XmbGZD,1481.59,https://politicsandwar.com/uploads/69b1013f1e5780c52c2736dc41367ee83376cccbx693.png
14468,"2025-10-27 05:50:44","Order of Santiago",OoS,turquoise,af,,2742.96,https://politicsandwar.com/uploads/b516e2c08e819169d86afbe5acf6ac1cbf54d83f500x300225.png
14469,"2025-10-27 12:20:42",Alliantica,,green,af,,2427.40,https://politicsandwar.com/img/flags/vietnam.jpg
14470,"2025-10-27 13:08:18","United Orbis Train Alliance",UOTA,black,af,,6507.60,https://politicsandwar.com/uploads/53db8e09e72abecdb44254c31a50c1f9f2b78387500x280971.png
14474,"2025-10-27 18:54:02",VUN,V.U.N,maroon,af,https://discord.gg/aH2t93PXnf,1759.66,https://politicsandwar.com/uploads/74ee4040aa83e188088dfac98d0984260623435b500x333130.jpg
14475,"2025-10-28 04:47:49","Grand Eden Monarchal Servants Alliance",GEMSA,purple,af,,2137.51,https://politicsandwar.com/uploads/46fcc095a3f96536e33ff3d1c6c65ff4e701cfd5450x600904.jpg
14481,"2025-10-29 15:10:46","Knights Hospitallers",KH,black,af,https://discord.gg/CGzj67nvmZ,502.71,https://politicsandwar.com/uploads/818b368a89270fb22b95202435d6f14f4d709ae8500x333950.jpg
14488,"2025-10-31 05:49:16","The chill guys alliance",TCGA,blue,af,,1721.89,https://politicsandwar.com/img/flags/betsy_ross.jpg
14489,"2025-10-31 05:57:54","Royal Peacock",RP,turquoise,af,https://discord.com/invite/GMutarsweT,1959.55,https://politicsandwar.com/uploads/705f33d4ff1100b40b1154dc14bb2a252496ff64500x333414.jpg
14492,"2025-10-31 16:21:37","United Countries",,aqua,af,,186.57,https://politicsandwar.com/uploads/f9fb5cd7de64d893608a7c22b4dd34c5b1bfb6b0500x300678.png
14494,"2025-11-01 14:31:09","Balkan League",TBL,brown,af,,1397.63,https://politicsandwar.com/uploads/ab768072e57dfcea62db7a703152e01090a65159500x37388.jpg
14501,"2025-11-03 15:54:03",Sector7,S7,turquoise,af,https://discord.gg/hFsC5gxU8y,525.70,https://politicsandwar.com/uploads/f7d0bec3b716cae7fb41854fa5feb7c3726f375a500x300562.jpg
14504,"2025-11-03 20:37:46","Left wing pacifists",LWP,aqua,af,,6819.89,https://politicsandwar.com/uploads/4597e797c5fd9cd418c3312da03c316e4276ca03x193.jpeg
14509,"2025-11-05 10:48:02",Yakuza,YAK,white,af,https://discord.gg/fEcajcKR7v,95336.30,https://politicsandwar.com/uploads/fb12a46b0439d5ceb415159e222b3c565e5d4bf7274x150151.png
14510,"2025-11-06 09:03:31","Aquila Concordia",,aqua,af,https://discord.gg/XFmVevQJBC,5479.57,https://politicsandwar.com/uploads/3e3718ca0b17f2f2c1ea61503ced4658c89f71c2x816.jpg
14513,"2025-11-10 02:15:49","Black Templars",BT,black,af,,0.00,https://politicsandwar.com/uploads/5c60fc1711f2880fb2768416dbc8fd8fe867e879500x2801.png
14514,"2025-11-10 02:53:39","Cat Club",CC,white,af,https://discord.gg/ukpdGnCV4K,14309.64,https://politicsandwar.com/uploads/43c37a1a23a0e80a0a93ca36455bb041ae1b84fax383.webp
14515,"2025-11-10 14:23:15",OSHA,,blue,af,,4864.29,https://politicsandwar.com/uploads/2127800dc39edb95b2ee475c2b79caf762262d40x207.webp
14516,"2025-11-10 21:57:35",Canterbury,,red,af,https://discord.gg/2QS3VEjVRt,13194.65,https://politicsandwar.com/uploads/147b38f89a92e206cefa691b73bf627a09ae25a4500x289407.webp
14517,"2025-11-11 08:30:32","The void",,red,af,,601.17,https://politicsandwar.com/uploads/34c3067a110d7cf697727ecde6f6466bc6a639a6x881.png
14524,"2025-11-12 11:41:02","The Great Monekeyan Alliance",,aqua,af,,946.80,https://politicsandwar.com/img/flags/venezeula.jpg
14533,"2025-11-13 16:42:52","Caribbean Armies",CARAMBA,pink,af,,2594.96,https://politicsandwar.com/uploads/fc6e503e10effa499ce2bb5da25c959435971fc9300x300348.png
14534,"2025-11-13 23:57:23","North Atlantic Federated States",NAFS,aqua,af,,0.00,https://politicsandwar.com/uploads/85eb4de7c2eecb9160b851d09e543287929df826487x300592.png
14535,"2025-11-14 09:43:10","Lupine Soda",,mint,af,,6605.00,https://politicsandwar.com/uploads/687cb3943be8ce534f7a46525a932da8491e0a1dx499.png
14536,"2025-11-14 18:33:06",lmao,,aqua,af,,18426.42,https://politicsandwar.com/img/flags/piratesheep.png
14539,"2025-11-15 12:40:45","Upside Earth Union",,pink,af,,833.89,https://politicsandwar.com/img/flags/europeanunion.jpg
14540,"2025-11-15 12:44:30","Republic of African states",R.A.S,red,af,https://discord.gg/SPszfzHYe,2539.38,https://politicsandwar.com/uploads/57d1297e1ef4b5397c01ce8aec1063db740a9ee0500x333460.png
14544,"2025-11-16 22:23:45","CAPSLOCK COALITION",CAPSLOCK,mint,af,,3533.92,https://politicsandwar.com/uploads/42451035a189f57982d40f8fe00ced53daa45394300x300997.png
14546,"2025-11-17 03:35:59",Grapx,,white,af,,2475.18,https://politicsandwar.com/img/flags/algeria.jpg
14547,"2025-11-17 10:14:52","Leylines & Circuits",,black,af,,0.00,https://politicsandwar.com/img/flags/ukraine.jpg
14549,"2025-11-17 12:05:12","Vijayanagar Empire",VJNE,red,af,,0.00,https://politicsandwar.com/uploads/16563a026bba32081be7d27e3fb32d40469d8c40500x333775.png
14551,"2025-11-17 18:19:51","Communist pact",,lime,af,,1084.33,https://politicsandwar.com/img/flags/sovietunion.jpg
14554,"2025-11-18 01:56:12","Confederacy of Christian Nations",,aqua,af,,511.33,https://politicsandwar.com/uploads/7eea5d2fa22390eb677427c0cdb39935ca81786f668.jpg
14556,"2025-11-18 03:08:36","Munich Communist Alliance",,aqua,af,,1165.46,https://politicsandwar.com/uploads/fb1d5d1abff5ade63c4716c5374211c643ba70a9x603.png
14559,"2025-11-18 18:11:07","Carston Gold",,gold,af,,2674.09,https://politicsandwar.com/img/imgur-old/66f83b5f82f65351dc56d657fd4da8cfdbdd6394607.png
14570,"2025-11-21 18:38:29",Bleuf,,yellow,af,,2533.18,https://upload.wikimedia.org/wikipedia/commons/7/72/Bandera_Crow.png
14573,"2025-11-22 05:02:00","Sneaky Golem",,maroon,af,,7913.75,https://politicsandwar.com/uploads/bcd8d7b47f15c9bf68d469cb7952673dd253313dx687.png
14574,"2025-11-22 12:04:04","The great communist legion",,red,af,,889.47,https://politicsandwar.com/uploads/676c942918f464a69ea7189c560a21e48c46ad031000x666788.jpg
14580,"2025-11-24 19:05:37","Arc Ravers",,turquoise,af,,1176.53,https://politicsandwar.com/uploads/7eea5d2fa22390eb677427c0cdb39935ca81786f668.jpg
14581,"2025-11-24 20:25:06","Kings Accord",KA,gold,af,,4372.71,https://politicsandwar.com/uploads/9e717b91ff13de67a3ad5037ae55d6972ccdb2b0500x333252.png
14584,"2025-11-25 11:41:26","The Pact Of Logical Defence",PLD,blue,af,,1403.23,https://politicsandwar.com/uploads/cae86be0228c271173f053ac97ed15c8bb7b2461505.jpg
14586,"2025-11-25 17:25:44",Nightshade,NS,mint,af,https://discord.gg/9kwnmFMBzg,2085.83,https://politicsandwar.com/uploads/686bbf36feb0630b2b9e183946733a5af6186e4d500x348410.png
14589,"2025-11-26 03:47:05","Freedom Federation of Amirica",FFA,blue,af,,1111.11,https://politicsandwar.com/uploads/7da0fa690e6733ae6567cbba06b583e58fd162e6500x250827.png
14593,"2025-11-27 01:29:33","Lemon Lime Alliance",LEMON,lime,af,,1109.96,https://politicsandwar.com/uploads/6f38c4a315af11ff2210f2774ec77e8d5ccd5853500x233441.jpeg
14596,"2025-11-27 05:02:41",bobbia,,green,af,,328.87,https://politicsandwar.com/img/flags/haiti.jpg
14597,"2025-11-27 08:35:16",ALLAYAT,ALLAYAT,aqua,af,,2329.34,https://politicsandwar.com/uploads/2b30d2edbdc863000e7966931beaf40b7742180d1000x562892.jpg
14600,"2025-11-27 23:12:20","The Meridian",TMR,lime,af,,20463.29,https://politicsandwar.com/uploads/2a62e2276795c568aa317d5998baebfcae5bd0eb500x333965.jpg
14607,"2025-11-30 01:48:38","Fight Club",,pink,af,,0.00,https://politicsandwar.com/uploads/a99b19645332ebf125ed9876777cc21dd7a76663500x323103.jpg
14609,"2025-11-30 13:20:15","Chilling Nations",,green,af,,0.00,https://politicsandwar.com/img/flags/poland.jpg
14610,"2025-12-01 04:17:39","The global Industrium Pact",G.I.P,orange,af,,2775.99,https://politicsandwar.com/uploads/505592a39c5c1ddc1e5de1ce904b5c367be280dd1000x577783.png
14612,"2025-12-01 15:13:20","Mercury Corporation",MC,black,af,,10270.50,https://politicsandwar.com/uploads/48c94e2d9d7217a1a7fe9085765916df71b7738c300x300102.jpg
14620,"2025-12-04 14:16:14","The Great Republic Defenders",,blue,af,,2710.06,https://politicsandwar.com/uploads/45a24e4ad72dd06a22278c5dbfd5f4f7adef7e43x219.webp
14629,"2025-12-08 11:17:51","States of Union",,turquoise,af,,4801.42,https://politicsandwar.com/uploads/fc0c2ea8a252c04d07a9ebac446edf068346f3fd500x330658.png
14630,"2025-12-08 15:05:36","the High Bank",HB,maroon,af,https://discord.gg/mwbxutyNHH,0.00,https://politicsandwar.com/uploads/89ed5ff1263c2a29c196915ae289a34d47433192500x300664.png
14631,"2025-12-08 19:05:30","Asian Supermecy",,black,af,,1714.30,https://politicsandwar.com/uploads/c82f9f13cd7bf4908a87a4823bc4d934100f6020x825.jpg
14635,"2025-12-09 10:03:43","Death Before Dishonor",DB4D,turquoise,af,,2259.00,https://politicsandwar.com/uploads/49ec1e29bce9b62b47f0b6e476b34d3c3783bbcc500x280779.jpg
14638,"2025-12-09 19:41:39",byes,,aqua,af,,1350.87,https://politicsandwar.com/img/flags/betsy_ross.jpg
14642,"2025-12-10 18:38:33","United pirates of the seas",UPTS,maroon,af,,1776.19,https://politicsandwar.com/uploads/b890039e5702728d8ad0ec68ec5e01761db38125500x250337.png
14643,"2025-12-10 20:27:20","The Athenian Confederacy",AC,aqua,af,https://discord.gg/aNjueFpm,3185.20,https://politicsandwar.com/uploads/4bdfc7ce96fb7bdc00d4148c44f1e23703da75ba402x600804.jpeg
14652,"2025-12-13 19:28:55","Sweden enjoyers",,blue,af,,1071.50,https://flagspot.net/images/a/az-artsa.gif
14654,"2025-12-14 03:07:14",Australias,,mint,af,,1469.79,https://politicsandwar.com/img/flags/australia.jpg
14666,"2025-12-19 03:00:41","chings bank of all banks",,aqua,af,,477.00,https://politicsandwar.com/img/flags/wyoming.jpg
14668,"2025-12-20 07:54:58","Truly I Love Frogs",,olive,af,,4891.51,https://politicsandwar.com/uploads/2fb7a77808f4ba0b9da6f444b85856022a375998x482.png
14670,"2025-12-21 04:47:26",Ashlandia,,aqua,af,,2244.55,https://politicsandwar.com/img/imgur-old/554f40b4fb8e5648c728ed3ece44c237781b052b376.png
14671,"2025-12-21 14:36:17","the tree house is teal",,aqua,af,,6014.35,https://politicsandwar.com/uploads/1b9d61d309eef47e27310ad321d4fa9f9ffc5e38x534.jpg
14673,"2025-12-21 23:38:21","The Empire of the Moonlit Sakura",7K,black,af,https://discord.gg/sDJtejcUyb,3175.69,https://politicsandwar.com/uploads/5720bc3f4a9125cca528cda91f773fe4991737bbx585.webp
14674,"2025-12-22 13:02:26","United Nations of TFL",TFL,maroon,af,,34780.72,https://politicsandwar.com/uploads/c00a68649293fc2ccdddc2da0ae00617c4636e1b500x306538.png
14681,"2025-12-25 23:51:55",TheNato,,pink,af,https://discord.gg/dXKTesmtK,5206.01,https://politicsandwar.com/uploads/c391a80bc2e8880ab1069579a2705f443ae7a6e31000x668675.jpeg
14685,"2025-12-28 16:03:16","christ power",,aqua,af,,1513.47,https://politicsandwar.com/uploads/a600c58aba593a2bb8c059e1a2eaf510225eb406600x600372.png
14688,"2025-12-29 18:58:15","The Iron Coalition",TIC,gold,af,https://discord.gg/5P6sQAwn,2355.00,https://politicsandwar.com/uploads/64e6f2d467cca030352ce0c7565fbd9b63fb5ad7500x299954.png
14689,"2025-12-29 22:23:36",Placeholder,,black,af,,32101.52,https://politicsandwar.com/uploads/1d4c6124692d7f9878b6f897acb04bde1ac5157e500x333116.jpg
14690,"2025-12-30 16:30:38",Keba,,gold,af,,4794.53,https://politicsandwar.com/img/imgur-old/e555819ac4e5b9fba58c5d72cbce911b5c455c8d715.png
14691,"2025-12-31 06:08:14",Hybernia,,turquoise,af,,367.64,https://politicsandwar.com/img/imgur-old/59b4feaa9d5f12b945ed5bfa980c21edeb29eb8e100.png
14695,"2026-01-02 17:04:14","The Library Reforged",LBR,aqua,af,https://discord.gg/UXYxKb27bP,15343.87,https://politicsandwar.com/uploads/7433a181d74cd92373746a8ba37b11ad12b0e16e1000x68419.jpg
14696,"2026-01-03 04:01:51","The Candy Kingdom",CK,purple,af,https://discord.gg/XGZ8GqDqSX,64351.24,https://politicsandwar.com/uploads/fa7f7066d8ba7fe07845aa564dc57efe97d047d2x301.png
14697,"2026-01-03 06:34:29","Slipknot Republic",SKR,turquoise,af,,4856.64,https://politicsandwar.com/uploads/6fe3ffa74f886fddfb6fc362a53f0fe022608c90193x300434.jpg
14698,"2026-01-03 20:34:02","Ayyubid Alliance",,yellow,af,,1513.45,https://politicsandwar.com/img/imgur-old/7f05a9ee05509e8a40e653ed33ca1da102ba30ee417.png
14699,"2026-01-03 21:50:32",Dusk,,purple,af,,6166.25,https://politicsandwar.com/uploads/50b42bf672b385aa9f1d0d67aed30e51c2ececf2x350.png
14705,"2026-01-06 02:21:08","The Pure Alliance for Christian Trade","The PACT",green,af,,10683.13,https://politicsandwar.com/uploads/9cb584d1d27ce9b45b95f4732ed96010aa3b1a2c500x333633.png
14706,"2026-01-06 03:39:27","The Lionsguard",TLG,turquoise,af,https://discord.gg/TVhjtkdx6,50341.33,https://politicsandwar.com/uploads/8232f149138752728deacab704a005464eb90809500x333306.jpeg
14708,"2026-01-06 05:37:02","Union of Independent States",UIS,green,af,,1200.18,https://politicsandwar.com/img/flags/philippines.jpg
14710,"2026-01-07 07:55:15","Cat Cafe",,green,af,,6389.31,https://politicsandwar.com/uploads/26c401bc48b865fbd1c7c6a5bd7a13afe34013d7500x300761.png
14711,"2026-01-07 20:16:58",Freedumb,FREE,aqua,af,,10437.75,https://politicsandwar.com/uploads/bd65659ae1bbc217d14a2750744c079fa804fe67500x250924.png
14712,"2026-01-08 16:40:05",ukwd,,black,af,,0.00,https://politicsandwar.com/uploads/103450a391014ed162d5ca7186464ded235dda6f500x263134.jpg
14715,"2026-01-08 22:03:09",Aurelius,AL$,green,af,https://discord.gg/N4dDgsdvdr,23315.98,https://politicsandwar.com/uploads/1ce43c21f9917c5f8a199669d9d3d546fc112957500x300782.png
14717,"2026-01-09 18:06:13","UN X-Division",XD,green,af,https://discord.gg/B2sYhsZKgQ,4160.72,https://politicsandwar.com/uploads/206cb56b786a67f5997ff578c2640a5a32179f21500x333733.jpg
14719,"2026-01-10 20:54:45","The Derby Ranch",🐄🏇,brown,af,,16782.39,https://politicsandwar.com/uploads/fe93bf67ff9b3648949ccf96249234d024fac781x850.png
14722,"2026-01-12 06:05:04","Royal Knights",RK,green,af,,8246.14,https://politicsandwar.com/uploads/881c7308d6c17ba2336643b383a21e8e05214e91500x300111.png
14723,"2026-01-12 06:40:05","The Fedaykin",FDK,pink,af,https://discord.gg/zDTJw75bgu,8349.51,https://politicsandwar.com/uploads/945adcca92ecba39ed107fdcd8cf4c2b10d3131f500x300643.webp
14726,"2026-01-12 20:34:10","Green Cherryism",,green,af,,492.50,https://politicsandwar.com/uploads/f912a36b5b8f03c18e16c2ed052d034826db8b8d500x30081.png
14728,"2026-01-12 21:56:29","Human Resources",,turquoise,af,,8770.00,https://politicsandwar.com/uploads/02f26689b02a8b0132f01326d2c60a160ff9496c257x300542.png
14729,"2026-01-13 01:21:05","White Tiger Center",,white,af,,2434.80,https://politicsandwar.com/uploads/9c83a0cc88285a83d2274a59d83773eec53a18c8500x300662.png
14730,"2026-01-13 04:15:25","Majlis ash-Shura al-Islami",MSI,green,af,,464.96,https://politicsandwar.com/uploads/43aac1ad2749b03cadd32141aa3c49ed150acfc0500x300712.png
14731,"2026-01-14 17:11:53","The House Of Thronby",,aqua,af,https://discord.gg/gU63twfECC,7096.25,https://politicsandwar.com/uploads/5b7158cd34e5ad3f7b93ce5728bdf810eed199fd1000x666303.png
14735,"2026-01-15 19:12:02","Swiss Trust & Reserve",ST&R,turquoise,af,https://discord.gg/d9r2xchmRz,3564.12,https://politicsandwar.com/uploads/b6336e8134d6bcd5ffb0274fafbd4a1f2a98eff8300x300354.png
14737,"2026-01-16 15:59:17","The Far Sietch",,pink,af,,3341.10,https://politicsandwar.com/uploads/5c1a0ba85b221f9dc46f69ff3b4b18c70376f97d250x250188.jpeg
14738,"2026-01-16 18:31:08","Chinese Communist Party",CCP,red,af,,3896.13,https://politicsandwar.com/img/flags/china.jpg
14744,"2026-01-17 21:44:15","Sathalacian Unity",,green,af,,5248.74,https://politicsandwar.com/uploads/b6c91e5e959fa85a0063bbf2218e6feb904e4e03500x300270.png
14745,"2026-01-17 23:15:11",Ascendants,ASC,lime,af,https://discord.gg/wjtEdM2AfH,24837.34,https://politicsandwar.com/uploads/c1226b0cd2a913160917793690a9ec21a0065706500x333107.png
14746,"2026-01-19 02:13:55",Bharatvarsha,BV,olive,af,,6979.38,https://politicsandwar.com/uploads/033e94643c54a5c4ddb3130e9ce3d93d9a9df0b6500x333988.png
14747,"2026-01-19 17:26:26","Klaus Klaus Klaus",,aqua,af,,1616.21,https://politicsandwar.com/uploads/eb059a4b9af040111b982b2747901a2cc4f4958cx816.png
14749,"2026-01-22 05:42:13","Racing World",RW,purple,af,,2086.07,"https://upload.wikimedia.org/wikipedia/commons/4/41/Flag_of_Orlando,_Florida.png"
14750,"2026-01-22 07:03:05","Special Task Force",,black,af,,10.25,https://politicsandwar.com/uploads/bed603575310ddee53f08b71d7f238f7d259be33x792.png
14753,"2026-01-22 21:54:06","Western Roman Union",WRU,black,af,https://discord.gg/7U7tCr5tYf,1730.04,https://politicsandwar.com/uploads/542c83e066e19db9cbaffb43e35fdc11583dbdd9442x300974.png
14755,"2026-01-23 15:05:17","The Red Right Hand",RRH,black,af,,1121.97,https://politicsandwar.com/uploads/03877c2fbeab6d56e310dfd0a574ffc41951d44b500x375442.jpeg
14756,"2026-01-24 02:46:52","The Tradesman Pact",,gold,af,,2224.04,https://politicsandwar.com/img/flags/zaire.jpg
14757,"2026-01-24 15:49:17","Confederacy of Appalachia",,aqua,af,,1323.54,https://politicsandwar.com/uploads/671b4ecb4f79675e1cea846d69660eeca9821258600x600606.webp
14758,"2026-01-25 02:02:52","The Ascendancy",ASC,yellow,af,https://discord.gg/kQ2tuSEvBX,99711.28,https://politicsandwar.com/uploads/20ef9489e0725d0e17fc9732aeaf21fec390940e500x300446.png
14760,"2026-01-25 05:45:48","Rugpullers Collective",,green,af,,77.15,https://politicsandwar.com/uploads/ea82d5dd25671fa35bb0de90e271df776f7334e5x959.png
14762,"2026-01-25 17:27:18","The Ottoman Alliance",,green,af,,978.29,https://politicsandwar.com/img/flags/turkey.jpg
14765,"2026-01-26 01:22:49","Imperium of mankind",,gold,af,,1143.45,https://politicsandwar.com/img/flags/greatbritain.png
14766,"2026-01-26 03:31:49","The Odyssey",ODY,aqua,af,https://discord.gg/GeHrZq4p,0.00,https://politicsandwar.com/uploads/4fd078c28e34cb64d0dfeac68fb8befd8abaf434x928.png
14767,"2026-01-26 07:13:49","No war at world",,aqua,af,,634.00,https://politicsandwar.com/img/flags/china.jpg
14768,"2026-01-26 11:47:13","Merger Regret Association",MRA,maroon,af,,9776.58,https://politicsandwar.com/img/flags/blooper.jpg
14769,"2026-01-26 20:25:19","Brotherhood of Steel",BHoS,brown,af,https://discord.gg/7N2GkNFNJN,10125.73,https://politicsandwar.com/uploads/8a22ef367ff83417e0e856ccc1245cdf7769db6d500x252212.webp
14771,"2026-01-27 16:16:48","Lasagne Land",,maroon,af,,8034.00,https://politicsandwar.com/img/imgur-old/24b7ae09c2995555fe62070c9a4aec8a3d3d05da831.png
14772,"2026-01-27 20:19:48",Goatism,,white,af,,3049.35,https://politicsandwar.com/uploads/f90b9c43b30c276c4f2c45b3ac0b0b22a7a11a01x819.jpg
14773,"2026-01-28 06:36:33","European Republican Guard",,green,af,,2743.69,https://politicsandwar.com/img/flags/europeanunion.jpg
14774,"2026-01-28 09:56:05",Kingslanding,,black,af,,2850.51,https://politicsandwar.com/uploads/e3b584b397eeb012aeab6e2c14c375945ea3951a1000x526236.jpg
14775,"2026-01-28 12:25:34","European forces",,green,af,,1449.86,https://politicsandwar.com/img/flags/germany.jpg
14776,"2026-01-28 18:01:56","7th International",7th,red,af,https://discord.gg/taWKkXHncA,2748.53,https://politicsandwar.com/uploads/a02864205dd3045935ba0c9ae74a4dcc99a05c5ax897.png
14778,"2026-01-29 01:17:47","Sim Copter",,purple,af,,18865.75,https://politicsandwar.com/img/flags/unitedstates.jpg
14780,"2026-01-30 07:07:21","The anti-trump agency","The A-T-A",green,af,,2707.81,https://upload.wikimedia.org/wikipedia/commons/thumb/2/29/Flag_of_Eritrea.svg/1000px-Flag_of_Eritrea.svg.png
14781,"2026-01-30 19:12:40","Mandate Of Heaven",,yellow,af,,9562.00,https://politicsandwar.com/uploads/a30bb9b0530f63a531de8f63bfb3044abe34c0f3500x281417.png
14783,"2026-01-31 00:35:49","General Area of Three Ostritches",,brown,af,,9581.80,https://politicsandwar.com/img/flags/latvia.jpg
14786,"2026-01-31 02:58:10",G20,"G 20",aqua,af,,949.35,https://politicsandwar.com/uploads/c464e792246caca2263e591c04a1417595bb5713500x281495.png
14790,"2026-01-31 10:52:25","Coalition Of Regional Engagement",C.O.R.E,maroon,af,,3312.85,https://politicsandwar.com/uploads/af4c0cd4f42b389684ca6c1432eba735e9c56b82500x333855.png
14793,"2026-01-31 14:32:46","United Workers Network",,red,af,https://discord.gg/3E9asdc7qb,39389.16,https://politicsandwar.com/uploads/3d42380d6490822c00a2e151dbf7b6052c711fa3500x333839.png
14800,"2026-02-01 06:20:22","Little Caesars",LC,black,af,,17329.52,https://politicsandwar.com/uploads/39448687bbf7f4e379417367f391027cfad63853500x281115.png
14801,"2026-02-01 14:41:57","The CSB Federation",CSB,lavender,af,https://discord.gg/DrwYrkj7JK,8039.83,https://politicsandwar.com/uploads/29bf695a77e384199b91ea6d1471ecb06129882f500x333935.png
14803,"2026-02-02 14:36:33","The Infernal Commonwealth",TIC,aqua,af,,8075.07,https://politicsandwar.com/uploads/57cb3baa822309a1fc37f2b1c3f88e573d7f146d500x333719.jpg
14804,"2026-02-02 21:54:29","men of greatness",,gold,af,,4042.97,https://politicsandwar.com/uploads/68be71993852f5a2456fcc9c03cd78e54f61b01876.png
14806,"2026-02-05 08:40:17","The Ordo Militant",T.O.M,black,af,,1982.82,https://politicsandwar.com/uploads/ed4b86dea51377eae35fe0bf3d1d20a322fe1870500x300943.jpeg
14807,"2026-02-06 16:31:27","The Colonia Empire",GCE,white,af,,1174.32,https://politicsandwar.com/uploads/927cb16f1f017a7c5798d02c1a309ba2926b08b6x79.png
14808,"2026-02-06 17:17:58","SRPSKI VUKOVI",SRB,black,af,,3640.00,https://politicsandwar.com/img/flags/serbia.jpg
14809,"2026-02-07 20:27:04",the,,aqua,af,,3002.56,https://politicsandwar.com/uploads/bed603575310ddee53f08b71d7f238f7d259be33x792.png
14811,"2026-02-08 15:20:12","The Mighty Dragons",TMD,red,af,https://discord.gg/qKGHuGE2KW,1231.59,https://politicsandwar.com/uploads/84aa08cb29d50510bdc39a28b14f45f6e8209c0b500x333245.png
14812,"2026-02-08 17:40:37","Mutual Defense Treaty Organisation",MDTO,orange,af,https://discord.gg/JSyFbeCJ,6788.53,https://politicsandwar.com/uploads/ac24486ba24cbf50ee9c1d0a0496853c673d9a0d484x300648.png
14813,"2026-02-08 20:05:41",Packwatch,,black,af,,3703.88,https://politicsandwar.com/uploads/b8981e4f8d7a7383dbfd8d75b998be599888fb4a1000x665396.png
14814,"2026-02-08 22:58:30","Western Star Ranch",WSR,brown,af,,1471.75,https://politicsandwar.com/uploads/0791af512f710bf936cc422e61f068c6f2dc44e8500x333658.png
14815,"2026-02-08 23:21:05","Olivine Monastery",,green,af,,0.00,https://politicsandwar.com/img/flags/andorra.jpg
14817,"2026-02-09 12:28:46","yumin - corp",,aqua,af,,2726.79,https://politicsandwar.com/img/flags/unitedstates.jpg
14818,"2026-02-10 21:40:31","Haha Sike losers permawar forever","Kan sucks",gold,af,,4818.94,https://politicsandwar.com/uploads/c1edf24ffb668b8113b0085405406aea50bdebbf1000x625468.png
14819,"2026-02-10 23:36:23","The Island",,black,af,,6611.25,https://politicsandwar.com/uploads/7c7fac6b6e30f13cd1c1573e75e74c1b6655e378x146.webp
14820,"2026-02-11 04:52:27","World Vision",,black,af,,4064.90,https://politicsandwar.com/uploads/d9f1ea665a77d7864006b4dda3431eb28ba776e2300x300172.webp
14821,"2026-02-12 11:49:45","Two Sides",,aqua,af,,1455.09,https://politicsandwar.com/uploads/03e0b0608770055cf7a8b2c42b37ac48a298222a1000x666123.png
14822,"2026-02-12 15:25:25",Mythic,,black,af,,11442.50,https://politicsandwar.com/uploads/21a8b62c249c779175e5a379bd7797a9d4748680150x150212.png
14823,"2026-02-13 05:00:25",USCSB,,black,af,,6562.78,https://politicsandwar.com/uploads/4a18af42f8903a87b8b7f9c4ec7039ee7b9f0a58250x261489.jpeg
14824,"2026-02-13 09:28:05","Kingsland-Gamma Pact",KGP,black,af,,1750.87,https://politicsandwar.com/uploads/96e4a1fbc1bc3580bbd041be142690cacf8dc8c2500x306519.png
14825,"2026-02-13 12:53:54","Queen Anne Revenge",,black,af,,3834.96,https://politicsandwar.com/uploads/1052ae09e163f869caf5301408172f3a02192056271.jpg
14826,"2026-02-13 14:22:50","Secret Potion Chamber",SPC,green,af,,2801.00,https://politicsandwar.com/uploads/790614d943c429593c97bbd326ca46ac175e01afx544.png
14828,"2026-02-14 03:53:46","House of Targaryen",HoT,maroon,af,,2750.14,https://politicsandwar.com/uploads/82dc2240452ddf167c88309a4a3b67426610065f500x281862.webp
14832,"2026-02-15 05:08:12","Granadian Onesia",,green,af,,1717.44,https://politicsandwar.com/img/imgur-old/7fd411247afbe6dbc30ab8723e6b7331e43b5a170.png
14833,"2026-02-15 06:13:26","Russovs Monarchy",,green,af,,0.00,https://politicsandwar.com/img/flags/russia.jpg
14834,"2026-02-15 06:29:42","The Secret Society",,green,af,,1594.20,https://politicsandwar.com/img/flags/kyrgyzstan.jpg
14835,"2026-02-16 03:42:30",Taleworlds,,green,af,,7350.19,https://politicsandwar.com/uploads/e4383952d300975057cae6ac760820529881595bx690.png
14836,"2026-02-16 12:52:02","Sea Tortoise Organization",,green,af,,0.00,https://politicsandwar.com/img/flags/turtlerepublic.jpg
14837,"2026-02-16 12:56:38","Mafia de Spy",,green,af,,0.00,https://politicsandwar.com/img/flags/sierraleone.jpg
14838,"2026-02-16 13:08:16","Squid Squad",,blue,af,,1594.90,https://politicsandwar.com/img/flags/blooper.jpg
14839,"2026-02-16 19:33:25","Bad Banking Business by Boris",BBBbB,brown,af,,1281.03,https://politicsandwar.com/uploads/5f7e13be6f51090b40c8174e94748fb31bdabf8b500x312999.png
14840,"2026-02-16 23:43:57","Imperial States Of America",,aqua,af,,1971.93,https://politicsandwar.com/uploads/4b8d8a295af6b66129405fde78319f1fe42aea1c1000x525372.png
14841,"2026-02-16 23:48:35","Celestial Mystery",,green,af,,1590.39,https://upload.wikimedia.org/wikipedia/commons/thumb/1/12/Flag_of_South_Ossetia.svg/600px-Flag_of_South_Ossetia.svg.png
