﻿alliance_id,date_created,name,acronym,color,continent,discord_server,score,flag_url
619,"2014-08-05 19:39:15",Guardian,Guardian,pink,Ar,https://discord.gg/wFbUzM2,450680.29,https://politicsandwar.com/uploads/fc624862a99a5ef67d455cd0114f293bd3841828500x429116.jpg
622,"2014-08-06 13:37:26","United Purple Nations",UPN,purple,Ar,https://discord.gg/mfUxYv7CyR,251585.83,https://politicsandwar.com/uploads/7cbc3b21f35905f463c86f43fefa390104797bd0500x320854.png
770,"2014-10-26 13:21:40",770,MH,yellow,Ar,,9805.50,https://politicsandwar.com/uploads/a6704b34c366c6fc31ae3c510e139b4b06034dcf500x300246.png
790,"2014-11-04 23:13:16",Rose,🌹,pink,Ar,https://discord.gg/Fp5Ngqg,1509193.58,https://politicsandwar.com/uploads/0b1e651a7ffe4f90aa43968c7c21895f8b3b7149500x300929.png
831,"2014-11-21 17:26:29","The Syndicate",t$,green,Ar,https://discord.gg/RFR6Rnq73j,847808.70,https://politicsandwar.com/uploads/f9e00900e41e4de7e86814b5bc4a0837e4e6adf0500x300747.png
866,"2014-12-08 09:18:04","Guardians of the Galaxy",GoG,lime,Ar,https://discord.gg/DVGzNXM,0.00,https://politicsandwar.com/uploads/111dd01422c16de66f4d06040c7451118efd002b957.png
877,"2014-12-12 23:23:13","Black Knights",👽,black,Ar,https://discord.gg/VrJFQMBH2R,206937.59,https://politicsandwar.com/img/imgur-old/917568acf2b88122f2e687d5bcfe41c8db855e95744.png
913,"2014-12-19 14:34:25",Arrgh,Arrgh!,black,Ar,https://discord.gg/jCAQFtJ,168591.52,https://politicsandwar.com/uploads/bc6677cc386200d38e3a737218824e9bc28e814e500x28243.png
1023,"2015-01-26 15:22:05","The Fighting Pacifists",TFP,white,Ar,https://discord.gg/5yT5tWS,787088.32,https://politicsandwar.com/uploads/860681af903039a485773374c91dff22a613ef95296x300530.png
1210,"2015-03-21 22:52:21","World Task Force",WTF,maroon,Ar,https://discord.gg/3AXHN5B,180664.72,https://politicsandwar.com/uploads/2566405da0489fb2dbed1860616fad04003c961bx488.png
1246,"2015-03-29 20:09:40",Farkistan,FU,white,Ar,https://discord.gg/HDjRySg,17149.22,https://politicsandwar.com/uploads/100fe13335b6c085e46e699bf8d856d1ee996207315.png
1584,"2015-06-29 17:25:50","The Knights Radiant",TKR,orange,Ar,https://discord.gg/theknightsradiant,998069.10,https://politicsandwar.com/uploads/e8f2c91c1817637e26df735e8300611c4298f03c500x333394.png
1742,"2015-08-14 18:32:07","Politics and Wei",WEI,olive,Ar,,17100.06,https://politicsandwar.com/uploads/4667fac78cbdca244f2e9cff3f1b2ca125047a80500x300904.jpg
1896,"2015-10-05 16:50:32",Pantheon,🏛️,yellow,Ar,https://discord.gg/8w5mHFe,17372.70,https://politicsandwar.com/img/imgur-old/aabdb8d0f25956ba861bb1c365c404835995c5a5705.png
2082,"2015-12-01 16:15:42","New Pacific Order",NPO,brown,Ar,https://discord.gg/g5x6UZ4,4080.00,https://politicsandwar.com/uploads/f6d9d9cd426226b55504e8fe7c941c10cb7eb6ba700.png
2358,"2016-02-16 19:50:46","New Polar Order",NpO,blue,Ar,,7108.80,https://politicsandwar.com/img/imgur-old/a69030707aac568c9eb564ed58dfa6bacfa34da5165.png
2510,"2016-03-20 06:51:10","Royal Alba Charter Company",RACC,green,Ar,https://discord.gg/FJeNyKhxPt,74930.00,https://politicsandwar.com/uploads/30aa415263836ea59b74afac58c24cc2049705dc500x300345.jpg
2594,"2016-04-04 10:01:03","United Socialist Nations",USN,red,Ar,https://discord.gg/e2VvhPwnb7,117050.49,https://politicsandwar.com/uploads/7a0085a4cce7701f1c2c0e9750784160b5777daa500x281576.png
3339,"2016-09-23 00:04:24","Grumpy Old Bastards",Grumpy,green,Ar,https://discord.gg/8BZztQQ,439603.09,https://politicsandwar.com/img/imgur-old/5dd661b245f116d7220762458df6eb9df784822a390.jpg
3427,"2016-10-07 17:28:42","Legion Of Dawn",LoD,white,Ar,https://discord.gg/pQwTGU2z45,205624.90,https://politicsandwar.com/uploads/b32d3df669be9883ae6f62cdf87a0ae044ad851c500x280781.png
3683,"2016-11-08 20:24:05","House Stark",HS,olive,Ar,https://discord.gg/aRhfKtBzp8,238906.34,https://politicsandwar.com/uploads/3b2676d4f556f138975c5d93a0cb77b24660265b450x300511.jpeg
3940,"2016-12-20 00:38:26","The United Empire of ZahAharon",TUE,purple,Ar,https://discord.gg/yZmr9av,2190.00,https://politicsandwar.com/uploads/5ba2f1328cb1211b742c91c72d9c34db1248101b489.png
4124,"2017-02-01 17:00:43","Knights Templar",KT,orange,Ar,https://discord.gg/RyPP7hBKqs,357906.05,https://politicsandwar.com/uploads/05c391c40a181b5b79d67baa0da2b11bdaf1df50500x281190.jpeg
4150,"2017-03-19 10:05:19",Yarr,GOLF,black,Ar,https://discord.gg/cbF74Dg,138946.10,https://politicsandwar.com/uploads/57056016e0494b5e9e860188582d4db5ac119883500x333979.png
4221,"2017-06-11 12:22:29","Dark Brotherhood",DB,red,Ar,https://discord.gg/Uyn3m5D,263341.18,https://politicsandwar.com/uploads/658d160838d37343a2825e529d673bb24a79d2d7500x312968.webp
4271,"2017-08-09 02:18:58",Oblivion,"S H I T E",green,Ar,https://discord.gg/YRerfDpaKJ,124434.92,https://politicsandwar.com/uploads/77f48785108ccfdc120abfd909836623bddd89abx511.gif
4397,"2017-12-10 03:25:36","Strickland Propane",Strickland,maroon,Ar,https://discord.gg/SFEpZNf,28501.63,https://politicsandwar.com/uploads/a118889f96a7c98bd6c465415353aaf6452d9915500x300529.png
4468,"2018-01-07 07:22:03","Purple Flower Garden",PFG,orange,Ar,,8950.00,https://politicsandwar.com/img/imgur-old/0f4f936ea7c16e834208f05cef1a98f6c0eddb47463.png
4567,"2018-02-23 02:31:21","The Golden Horde",TGH,yellow,Ar,https://discord.gg/nUGFqj4,318248.86,https://politicsandwar.com/img/imgur-old/712fee14d4ec9d50caf2c83ee623c0767f04ea41757.png
4623,"2018-03-18 07:10:01","The Empire of the Moonlit Sakura",7K,pink,Ar,https://discord.gg/Df4AsDtbXh,0.00,https://politicsandwar.com/uploads/77a7d97093ba2365abccad3f88475c9d2769678584.jpg
4638,"2018-03-21 05:20:16","Sacrum Romanum Imperium",HRE,maroon,Ar,https://discord.gg/2WGKQGPPhY,56294.04,https://politicsandwar.com/uploads/7301cea65b528edb03d7f7a66a88d591b2e8d27f500x333596.png
4648,"2018-03-22 22:26:01",Aurora,AUR,green,Ar,https://discord.gg/NSvDF7GqBj,11090.00,https://images84.fotosik.pl/1023/f49d99150a877b08.jpg
4729,"2018-04-13 22:07:21","Church Of Atom",CoA,green,Ar,https://discord.gg/DCQsEuf,7198.97,https://politicsandwar.com/uploads/a18a33770a8efb8ce21bf21468d6f7d404e73392500x333798.png
4829,"2018-05-05 16:54:12","The Enterprise",e$,lime,Ar,https://discord.gg/tm4aaKUGMd,165874.04,https://politicsandwar.com/uploads/acb59b63c53934d487a8d41276ddefe5cf7e9e71500x300385.png
4937,"2018-07-13 09:44:55",Camelot,🐲,maroon,Ar,https://discord.gg/camelot-465573583532589058,512949.74,https://politicsandwar.com/uploads/6abdcecccc326c158236bff3a5437c6612acdbce500x300412.png
5012,"2018-08-19 21:19:31","Respublica Romana",R&R,pink,Ar,https://discord.gg/rUJyB4U,6387.50,https://politicsandwar.com/uploads/b67280cb2aac79d9b005553bdba50f34c1172af3x271.jpg
5039,"2018-09-09 00:20:10","Goon Squad",GS,green,Ar,https://discord.gg/uJGwKCK,18895.72,https://politicsandwar.com/uploads/f62cf330574ddc0dbd044b54a721efcbbef2d145647.jpg
5049,"2018-09-17 19:17:51",Carthago,CTO,olive,Ar,https://discord.gg/WAK7FWDkf8,5168.57,https://politicsandwar.com/uploads/c196c11b0cfca8e388e29edcc7dc1c758ab6206d500x281938.png
5476,"2019-05-06 16:50:03",Weebunism,🌸,brown,Ar,https://discord.gg/VMxbrMR,368209.01,https://politicsandwar.com/uploads/59f9326d615778b1cb789e4e4b5b9d652f0cdf21500x300213.png
5658,"2019-06-23 00:17:04","Unforgiven Legion",U.L.,purple,Ar,https://discord.gg/Wjek998,76021.80,https://politicsandwar.com/uploads/f122de873a78c1e5822edb8b58786fd87abf379d500x249364.png
5875,"2019-08-04 19:30:43","The Immortals",IMMORTALS,yellow,Ar,https://discord.gg/8w5mHFe,689978.90,https://politicsandwar.com/uploads/f658b8d433a3e2c8835383d90f691254ecdab94dx680.png
6088,"2019-09-07 22:29:58","Terminus Est",💀,maroon,Ar,https://discord.gg/7xSa8WrbJA,9822.50,https://politicsandwar.com/uploads/b0cac855367acc367ae4619baaa337ba8060c2a4500x300891.gif
6126,"2019-09-14 03:39:06","The Lost Empire",TLE,aqua,Ar,https://discord.gg/uJwCEs3qrJ,0.00,https://politicsandwar.com/uploads/f335d2149c46a6b1f664d32592dc2d871b7c5dcc500x258931.png
6877,"2020-01-07 23:40:55","Advanced Syndicalist Mechanics",ASM,red,af,https://discord.gg/SGgessb,0.00,https://politicsandwar.com/uploads/1c8cb8d10c2166cb00c75e5c2e047eb76ba0cc5b450x300644.png
7000,"2020-01-19 18:26:32","Banana Stand",BS,orange,af,https://discord.gg/t7dzPAV,29845.00,https://politicsandwar.com/uploads/f9613d3de649c612bc52bd5cacf0ca6edb5cda70x443.png
7094,"2020-02-02 10:53:42","The Coal Mines",TCM,aqua,af,https://discord.gg/ybWe59czTf,7830.50,https://politicsandwar.com/uploads/364b80261d08d1750f2898abc48117eef7daa1d1x783.webp
7249,"2020-02-19 19:32:31","The Firm",$f,green,af,,20302.50,https://politicsandwar.com/uploads/acde1ad6c273e804750867b1b278e85ffda51fb5589.jpg
7346,"2020-03-11 23:55:25","Chocolate Castle",CC,pink,af,https://discord.gg/V6Vmq96,6319.36,https://politicsandwar.com/uploads/ded131b45a77f67b7714b8cdd637041c914c8ba4500x333251.png
7366,"2020-03-17 17:48:08","Parisian Commune",,red,af,https://discord.gg/8gsTGb,0.00,https://politicsandwar.com/uploads/ebb2052df6d96b2f1ef7e3fa3fc7502eb2ecffb2x243.png
7433,"2020-04-06 02:09:18","Almighty Corporation",ALMC,yellow,af,https://discord.gg/aDnRmzH,0.00,https://politicsandwar.com/uploads/f546e0e1042b03467c682e53bd214abff4fdaf5e500x3007.png
7450,"2020-04-12 18:27:50",Eclipse,☾,brown,af,https://discord.gg/sGzXF7P,1342953.11,https://politicsandwar.com/uploads/64c45acf7b258e6671f32addc4debb7d007e3fed500x300773.png
7452,"2020-04-13 19:15:17",Cataclysm,CATA,white,af,https://discord.gg/QsJKSVzTmv,0.00,https://cdn.discordapp.com/attachments/868735629108846592/993322927481167892/CATA_Flag.png
7484,"2020-04-25 14:13:28","Global Alliance & Treaty Organization",GATO,brown,af,https://discord.gg/B6pTkZGP9U,341879.38,https://politicsandwar.com/uploads/0a7db3a94150cfc203267a13b120bc5dd7cee137500x300659.png
7580,"2020-05-31 06:19:19","The Legion",SPQR,purple,af,https://discord.gg/RvEAPsp,273387.16,https://politicsandwar.com/uploads/b1eff2f6f10b9d698b1663bfe72d37d0082c6576x92.jpeg
7674,"2020-07-15 00:11:14","The Mortals",TM,lime,af,https://discord.gg/8w5mHFe,37281.05,https://politicsandwar.com/uploads/08676a69421f5d32946008fb840f9d3e4b808068450x300420.jpg
7698,"2020-07-24 06:27:38",NukaWorld,7K-7G-NW,maroon,af,https://discord.gg/rB9nEf9,4487.92,https://politicsandwar.com/uploads/ad36737cfc320fafb79dbfe33848edefca2ddecfx377.gif
7750,"2020-08-17 07:27:40","United Ummah",UU,lime,af,https://discord.gg/8Q25CyE,165588.26,https://politicsandwar.com/uploads/7cb1321d98482a518c2583206931f07c6610d354500x29977.png
7806,"2020-09-02 21:00:48","Neon Dystopia",,lime,af,https://discord.gg/CQ3b55G,0.00,https://politicsandwar.com/uploads/a5dbad95a2446481c856407a104da68c772d872c286.jpg
7815,"2020-09-06 15:23:49","99942 Apophis",99A,black,af,https://discord.gg/yF24Mgk,27706.43,https://politicsandwar.com/uploads/d451c53bf1a6b5030083bf6f48aed590524d78dcx741.jpg
8100,"2020-11-28 23:15:28","The Company",TC,green,af,https://discord.gg/hJQ8jjHe2k,0.00,https://politicsandwar.com/uploads/704674ae503ff04b97feedba4c57540fd09712d2500x333411.jpeg
8236,"2021-01-16 16:23:43","Name Withheld",❓,orange,af,https://discord.com/invite/89fsQSCUHM,324870.31,https://politicsandwar.com/uploads/ae4ef92d1c90d097fe44670dd8c14a662e8997e3500x298241.png
8257,"2021-01-25 05:26:14","rose but better",,red,af,,0.00,https://politicsandwar.com/uploads/a52d1789972fedd91e8698a4b3552454736ea0fd800.jpg
8343,"2021-03-13 12:51:59","The Armed Peacekeepers",TAP,white,af,https://discord.gg/5yT5tWS,0.00,https://politicsandwar.com/uploads/96fb005856f5eac25d479449ecc3183e70115d86x725.png
8442,"2021-04-18 18:00:44","Antifa Super Soldiers",🍑,green,af,https://discord.gg/pN8XRSR,64.95,https://politicsandwar.com/uploads/5509b91d1778658795615ecf5c79b4f6cf44d6a0x648.png
8459,"2021-04-23 17:20:18",Genesis,GNS,aqua,af,https://discord.gg/Yhv73hftkU,0.00,https://politicsandwar.com/uploads/fe518f7402c90c78b5aa5f22bf4fce2225649cf1x161.gif
8577,"2021-05-17 12:58:42","Heung Shing Corporation",HSC,black,af,https://discord.gg/uGXdCrZ8Sh,37624.04,https://politicsandwar.com/uploads/47dc0f39100b21e36f84c8e16db124adebb15d35500x497903.jpg
8651,"2021-05-30 04:06:28","United Commerce Republic",UCR,blue,af,https://discord.gg/PZcawYZHqh,0.00,https://politicsandwar.com/uploads/81c427bce43293d96cfc1e852f72c4d549312b09x947.png
8819,"2021-07-15 20:20:04","The Hive",tH,purple,af,https://discord.gg/uszcTxr,13137.19,https://politicsandwar.com/uploads/1d5a2ce435813eed65b5b3bfd6179dd2277be98c500x30074.png
8899,"2021-08-16 18:09:58","Federated States of Orbis",FSO,purple,af,https://discord.gg/FbjJnx37ea,186587.92,https://politicsandwar.com/uploads/22c85012f8e5a267367ac1b2abd986d8d090c7fa500x300827.jpg
8900,"2021-08-17 20:31:54","Admin Alliance",,aqua,af,,933.00,https://politicsandwar.com/uploads/37ca458b5444264e04dc8d7fcd0d77e46d03eecfx3.gif
8926,"2021-08-20 02:34:45",Gallowglass,,yellow,af,,82528.08,https://politicsandwar.com/uploads/d76d758be9b1ed55da9a3139e537ef0f0669e044500x296404.jpg
8948,"2021-08-24 15:14:24","Farmer Warrior",,aqua,af,,1266.53,https://politicsandwar.com/img/flags/taiwan.jpg
9000,"2021-09-01 02:53:36","The Hand of Fate",HoF,orange,af,https://discord.gg/RyPP7hBKqs,26496.70,https://politicsandwar.com/uploads/edcab00901317bd2b386ea4dd4ddd6d4958b58bf500x300991.png
9145,"2021-10-11 17:08:56",Kshatrias,,black,af,,4634.33,https://politicsandwar.com/img/flags/bahrain.jpg
9192,"2021-10-28 03:46:03","United Nations of LATAM",USL,red,af,https://discord.com/invite/46s5CuYsRq,0.00,https://politicsandwar.com/uploads/9fa73f4f909cdfcc0da247b8a134b1d4f1b9cda0500x333301.png
9331,"2021-12-15 18:26:44","Barber Shop",,lime,af,,0.00,https://politicsandwar.com/uploads/99834a5b45417fe1349a4d08d1b9c37d51a71393250x250916.jpg
9432,"2022-01-08 00:41:52",Orchid,DtC,green,af,,12525.00,https://politicsandwar.com/uploads/3f1913b41987d7f62106fff3398ee08b7c8ac5a1500x300661.png
9445,"2022-01-11 20:26:59","The Aegis Order",TAO,lime,af,https://discord.gg/jmUmEm56Js,90586.60,https://politicsandwar.com/uploads/748838acb90b6bca5199d9b0588a02ebea3748f5500x281712.png
9573,"2022-02-10 21:33:48","Black Skies",⚓,black,af,https://discord.gg/yRSYgCEGSb,2854.78,https://politicsandwar.com/uploads/496133dadea8506c6e0fc8a0d301c1282a50df53x694.jpg
9600,"2022-02-18 09:18:22","Imperium of Man",IoM,purple,af,https://discord.gg/5NskGyXGCS,0.00,https://politicsandwar.com/uploads/78014ee92448e05b82b0d2835d4d8fca71b88980x798.png
9611,"2022-02-22 02:10:22",Vikings,"RED VIKING",red,af,https://discord.gg/M5cH3wEu,621.13,https://politicsandwar.com/uploads/a44d034aa574f63102bf160d00b46341a7bc395c500x300873.png
9629,"2022-02-28 19:20:58",Lyre,Lyr,black,af,https://discord.gg/rFzSZ9jVaj,0.00,https://politicsandwar.com/uploads/6c4599d3e2d7b3f758c44d955f9294fe44cb9b51500x280335.png
9661,"2022-03-09 21:48:50","Pika Party",PIKA,olive,af,https://discord.gg/KVGCbWFc3K,7298.72,https://politicsandwar.com/uploads/15302522dc76fc1b962a4750520b866209154160500x300614.png
9665,"2022-03-11 12:51:33","Union of Perthton",,green,af,,569.64,https://politicsandwar.com/uploads/d6ba77453ccb2b8c4d8e56802afa8464c1298e55x632.png
9712,"2022-03-23 13:35:09",Zenith,,orange,af,,3050.82,https://politicsandwar.com/img/imgur-old/48664f573e2391f1770adf56fc7371eba506b385277.png
9745,"2022-03-28 18:30:22","Raiden Inc",🌸,purple,af,,8755.00,https://politicsandwar.com/uploads/eed5bc6be82872dc20114c7c7005791f035c96e6500x279144.jpg
9801,"2022-04-14 01:12:24","The LordStrum Vanity Project",LordStrum,black,af,,0.00,https://politicsandwar.com/uploads/3a375b9b86ad87cc69b86649104b73eeb49095a4500x281277.png
9862,"2022-04-29 19:52:05","The Key",TK,aqua,af,,10814.41,https://politicsandwar.com/uploads/b8c7b37b25726bfa5262792c961ade2a36aed2a1x402.png
9927,"2022-05-19 21:55:00","The Wei",Wei,green,af,https://discord.gg/kTQesxXfMW,0.00,https://politicsandwar.com/uploads/584cdddeaf66070e5ad67c2f47e3fa192733844d500x30030.png
9999,"2022-06-01 15:22:21","Rainy Days",🌧️,white,af,,9120.00,https://politicsandwar.com/uploads/7c9a705331f60fbf50ac38b09cd2524a4c76e649500x300878.png
10000,"2022-06-01 15:22:34",Shuba10KM,,brown,af,,21648.75,https://politicsandwar.com/uploads/852342d97e42a6c6698cf0147b01be1c30ff7585250x140895.gif
10022,"2022-06-06 16:23:43","Organisation of Free Nations",OFN,blue,af,https://discord.gg/uteC5mUxQm,0.00,https://politicsandwar.com/uploads/cd74c239bd92d50c9274bbec794c8ad8a04fbf78500x325461.jpeg
10075,"2022-06-16 16:03:00",Vault-Tec,VTC,aqua,af,https://discord.gg/bGZ4mM9Pc9,114475.90,https://politicsandwar.com/uploads/78152fa9a87803ab13749e3a24cac4e248b19a32500x281852.png
10117,"2022-06-26 05:05:42","Crusaders of the Holy Boogaloo",CHB,black,af,https://discord.gg/zYQvuzA,1690.00,https://politicsandwar.com/uploads/51a720571643c9d050f7e6d1f4fd0558e45c0664500x281662.png
10128,"2022-06-28 18:51:19","BROWNIE EUROPEAN ALLIANCE",BEA,aqua,af,,995.99,https://politicsandwar.com/uploads/c39e211f60e3e2c0210e9b055bec80c9249979f3225x300912.jpg
10177,"2022-07-05 12:25:54","Man I Love Frogs",MILF,olive,af,https://discord.gg/3ZekYnkf3H,115482.58,https://politicsandwar.com/uploads/4509258c1093f2b98f273c3f21c82d5942033fd3500x375809.jpg
10198,"2022-07-08 11:58:44","Damn I love Frogs",DILF,green,af,https://discord.gg/3ZekYnkf3H,6347.50,https://politicsandwar.com/uploads/dc37d4ce8462b10d3091c298d6c62c4905ddc353500x481862.png
10252,"2022-07-19 18:08:29","The Orion Project",TOP,blue,af,https://discord.gg/DcjYkYnSMk,0.00,https://politicsandwar.com/uploads/88e44fe76f740334c313c779e6dba6c7aeeb8d2c500x331448.png
10259,"2022-07-22 11:36:16",Darkstar,DS,black,af,https://discord.gg/wYM6w3dzcc,92060.18,https://i.ibb.co/qJygzr7/Leonardo-Phoenix-A-dazzling-star-emits-white-to-bluish-light-s-2.jpg
10269,"2022-07-24 01:54:18",Mayhem,MYM,yellow,af,https://discord.gg/ZMBdUkMngp,136468.53,https://politicsandwar.com/uploads/be7e21958bda6cce4117b23e2ecb8f8ce7681232500x279699.png
10279,"2022-07-26 17:16:37","Arctic Ocean",,black,af,,15454.75,https://politicsandwar.com/uploads/5efb24e0fdc0f5a4f7436fc32a5101854f17c993265.gif
10304,"2022-08-01 06:07:04",Samurai,Sam,red,af,https://discord.com/invite/MythvG762v,154706.86,https://politicsandwar.com/uploads/5884bb6c50c9e727e05021075689e15fe59bb7af500x30070.png
10334,"2022-08-08 16:27:36","Arkham Asylum",AKA,pink,af,https://discord.com/invite/N5txHQTPPz,252805.86,https://politicsandwar.com/uploads/009d01ccbd328bf013475680ff354e821d95507a500x27510.jpeg
10377,"2022-08-17 20:30:49",-Yorkshire-,,lime,af,https://discord.gg/XU59nVMRHv,103600.05,https://politicsandwar.com/uploads/0e20043de5aeb8a457a5cd0264d13d90026acedd500x300547.jpg
10382,"2022-08-19 20:19:11",Fumo,ᗜˬᗜ,brown,af,,13223.78,https://politicsandwar.com/uploads/5bfc3ec264404917b94ae38302dea05a4ad74a5a300x300317.jpg
10384,"2022-08-20 02:25:11","GASH LOYAL",GL,lime,af,,1187.51,https://politicsandwar.com/uploads/115be7a0f87fa7ef5b515f72583b61412033d6f6250x250916.jpg
10455,"2022-09-04 07:21:12","Anti-Horridism Obocchama Kun",AHOK,blue,af,https://discord.gg/YEbNwtGk,4402.92,https://politicsandwar.com/uploads/498d9e44335edc06e65a95abbd900242aef3ba65x737.jpeg
10497,"2022-09-13 20:28:31","Freehold of the Wolves Offshore",FTW,orange,af,,0.00,https://politicsandwar.com/uploads/ea0b6910e200bfd1900d5b554da1625cbcb8d818500x283844.png
10498,"2022-09-13 20:51:42","The Witcher Order",TWO,blue,af,https://discord.gg/yFBZweHpBv,3918.58,https://politicsandwar.com/uploads/7ebf81a671acb3b709e545ade1d3fd6e8e4f0486500x312226.png
10523,"2022-09-19 09:12:10",Valinor,,pink,af,,20170.00,https://politicsandwar.com/uploads/825f5801b7bad0f0d07572855d27d024d4537cb2500x300407.png
10555,"2022-09-28 01:40:36",Akatsuki,Aka,maroon,af,https://discord.gg/fzWJ3pXmyY,53442.00,https://politicsandwar.com/uploads/a5c7b99d360c0cacddac83f7915243e164d7514a500x312411.png
10607,"2022-10-11 02:20:24","Kiln Of The First Flame",KFF,blue,af,https://discord.gg/MQhsVYwRCa,904.97,https://politicsandwar.com/uploads/409b06b46d9f4e775086912cd05c0c30e9fb2ef5500x280148.png
10613,"2022-10-15 09:46:32","Union of Socialist Soviet Republicz",USSRz,red,af,https://discord.gg/c4We74sTet,836.22,https://politicsandwar.com/uploads/cde5d470112f379c8ac2f93df10554eae47edb6dx895.png
10615,"2022-10-15 14:38:41","The Liberty",,white,af,,0.00,https://politicsandwar.com/uploads/c44a3680475c1cfb92583c2c47de4d8fefb7ade6500x307157.jpg
10619,"2022-10-17 14:24:37","Back In Black",BIB,blue,af,https://discord.gg/jtHs3cmZx7,0.00,https://politicsandwar.com/img/flags/unitedstates.jpg
10629,"2022-10-21 07:04:53","Momento Mori",MM,orange,af,https://discord.gg/nAbW2mgYsm,4682.00,https://politicsandwar.com/uploads/1cc101c17195f374e265607d070c0ff50494facf300x300372.jpeg
10659,"2022-10-30 17:02:51",Panem,PN,red,af,https://discord.gg/SKPF47x9gb,45857.31,https://politicsandwar.com/uploads/a74e4186493fb9ee5c48410a22b2e4a13cfea0f6500x285254.png
10664,"2022-10-31 20:57:15","Cult of Canyon",CoC,white,af,,3094.55,https://politicsandwar.com/uploads/c92f8133dd74d13ebd1059e8646d7b128ab741a8500x300269.jpg
10675,"2022-11-06 07:42:12","Chemical X",Fratricide,purple,af,,0.00,https://politicsandwar.com/uploads/591d81ea0f395f2820bfa68be56ea4930b709431250x250651.png
10776,"2022-11-28 19:04:53","The House of the Dragon",,green,af,,0.00,https://politicsandwar.com/img/imgur-old/498183c2cca81725326494f28ec07669b2df4888985.png
10930,"2023-01-04 04:39:34","Macao Reserve Group",M.,yellow,af,,0.00,https://politicsandwar.com/uploads/791be9a45f9e3af97c4a1e3fa009753d9cc9100d500x39212.jpg
10970,"2023-01-15 03:28:27","Presidential Republic of Igua-sul",,white,af,,1727.88,https://politicsandwar.com/uploads/107d056966633bfd674b497ef8a4ad75d3406d93500x337901.jpg
10983,"2023-01-16 18:01:51","Brothers in Christ",BiC,white,af,https://discord.gg/9a6mqwat2c,0.00,https://politicsandwar.com/uploads/55637f80517488c68811e423a2d3066a4277d90c500x30040.png
10993,"2023-01-19 11:26:34","Hermit Island",HERMIT,green,af,,0.00,https://politicsandwar.com/img/flags/bahamas.jpg
11001,"2023-01-21 01:14:14","Rashidune Caliphate",,yellow,af,,0.00,https://politicsandwar.com/uploads/a7550b408142f10d7992c8773336db8a9f881608500x251908.png
11009,"2023-01-23 02:08:31","The Republic of Libertas",RoL,red,af,https://discord.gg/YKsVJGfCsS,164080.06,https://politicsandwar.com/uploads/6f1e56bc3288c9333e5abfadd4619bfbdc526d9a500x333888.png
11012,"2023-01-24 01:34:08","United Federation of Cridneyan Nations",,aqua,af,,0.00,https://flagspot.net/images/a/az-artsa.gif
11032,"2023-01-29 00:52:26","SFR Yugoslavia",SFR,purple,af,https://discord.gg/AxpsZQvQzq,201033.63,https://politicsandwar.com/uploads/81639e61ed54279e97ebc995241c638161d02223300x300295.jpeg
11046,"2023-01-31 22:51:22","Magnum Opus",$,green,af,https://discord.gg/uyUsXRp5HW,35435.65,https://politicsandwar.com/uploads/fe518f7402c90c78b5aa5f22bf4fce2225649cf1x161.gif
11048,"2023-02-01 09:25:35","Empire of the Romans",SPQR,purple,af,https://discord.gg/eotr,222492.99,https://politicsandwar.com/uploads/8357050208d6f75aaa41f490c9a6b1194267c61c500x338808.jpeg
11062,"2023-02-05 15:00:08","Antarctica Alliance",AA,aqua,af,,380017.84,https://politicsandwar.com/uploads/e59049052b780f665b5f2b1e0fd59d661d0d8ef2x600.png
11186,"2023-03-06 16:48:43","The Republic Senate",TRS,black,af,https://discord.gg/qehZCnUghx,737.96,https://politicsandwar.com/uploads/d709c2fbd6ece679451a3884972fdba1d5d40fb9x187.jpg
11189,"2023-03-07 22:06:23","Weaponized Assault Penguins",WAP,white,af,https://discord.gg/GVufsd7Kac,349158.59,https://politicsandwar.com/uploads/94ddf31997566c7ec5e7a91ff5a79823c62cef7b500x300756.png
11202,"2023-03-10 17:24:54",Arrkboom,,aqua,af,,3704.87,https://politicsandwar.com/uploads/0abaea88b53ebd9fb8e464a2706fcbea9a094fcb895.png
11279,"2023-04-04 07:19:30","HOUSE OF LORDS",HOL,black,af,https://discord.gg/yFJUmWJk6,0.00,https://politicsandwar.com/uploads/43d1ada8360b844bc69c81dad7c27c92210cb5e01000x969597.png
11281,"2023-04-04 13:31:49",Britonnia,,brown,af,https://discord.gg/2FfHbNEk2w,0.00,https://politicsandwar.com/uploads/66a8161bf61ebce6f4f7f19346d4373e8be2bef7500x290236.jpg
11330,"2023-04-18 08:21:52","Men In Black",MiB,green,af,,4679.18,https://politicsandwar.com/uploads/89e96946736d32b8f0ac8d2212d22b59440e5150x485.gif
11331,"2023-04-18 12:07:05","BROTHERHOOD FAMILY",BroFam,red,af,https://discord.gg/VMjAzncRAF,22977.06,https://politicsandwar.com/uploads/b019abe7ce91fc98863e590000236faba320a848x861.png
11339,"2023-04-21 07:30:05","The High Table",THT,purple,af,https://discord.gg/3jJ52gcJg2,292222.76,https://politicsandwar.com/uploads/71a80fab7202647a0a06966122da3cfee5faa297500x301149.png
11340,"2023-04-21 12:59:41","Orbis Peace Organization",OPO,aqua,af,https://discord.gg/bVQVypVfa6,8622.02,https://politicsandwar.com/uploads/7e50851e9d8b35332e61ae255f9a9da001fcf5bf500x306814.png
11344,"2023-04-23 01:59:25","Alliance of Nations",AN,aqua,af,https://discord.gg/MjHytmWdXG,0.00,https://politicsandwar.com/uploads/62a88f7821f3f3342a81c73cd8ca4d7e88bd2385500x333620.png
11349,"2023-04-24 07:56:09",Shamballa,"UGF S",aqua,af,,1873.85,https://politicsandwar.com/uploads/f1806bc24257dcf95a92f8cf261754dbe06743d4x925.png
11455,"2023-05-13 01:21:50","Penguin Party",,green,af,,7655.00,https://politicsandwar.com/uploads/be0f125b86cfffb55eb75db847d2286035a58754500x300634.png
11503,"2023-05-24 12:34:38","The Tosovian Brethren",TTB,blue,af,https://discord.gg/n2fXGABykw,0.00,https://politicsandwar.com/uploads/f21a5ec086ebfb75cf85e1623db9d0df33038e94400x600101.jpeg
11504,"2023-05-24 12:41:04",H0D0R,,purple,af,,0.00,https://politicsandwar.com/uploads/cb309b07947e0c1884f6342503f71b253d2f68701000x584484.png
11505,"2023-05-24 17:36:18","Evergreen Pact",EGP,blue,af,https://discord.gg/sdk29T4pqt,0.00,https://politicsandwar.com/uploads/934750e626d23db39287d1a192d7dbbcc22ae0c7x298.png
11513,"2023-05-26 00:48:16","Magister Mortalis",M&M’s,lime,af,https://discord.gg/8nsQmSPgAg,123684.22,https://politicsandwar.com/uploads/12c955f6b73b93f101cb3f5419d0528b7aaf615c480x300605.jpg
11553,"2023-06-06 00:35:35","Globglogabgalab Inc",GLOB,purple,af,https://discord.gg/92ckmSJrvK,0.00,https://politicsandwar.com/uploads/e89b1db990b21ac57bcd373086913b85cf081441500x334651.jpg
11555,"2023-06-06 08:19:34",R&R,RnR,blue,af,https://discord.gg/URuyTuFNxn,0.00,https://politicsandwar.com/uploads/fb962c7d0b95c0bc0570a6ccd6610f5609b1f5cd450x300927.png
11568,"2023-06-11 14:31:16","The Paladin",,aqua,af,,0.00,https://politicsandwar.com/img/flags/europeanunion.jpg
11569,"2023-06-12 13:34:26","The Privateers",,green,af,,0.00,https://politicsandwar.com/uploads/b7a302a1ec78d1ab2fd9ffec8563ca06c9174f8bx929.png
11609,"2023-06-28 20:28:17","Petrograd Soviet",,red,af,,5591.25,https://politicsandwar.com/uploads/c440dd74be0958760791169c8e5d8d3386581b77500x333761.png
11610,"2023-06-28 23:57:54",Nuka-Town,7K-7G-2A,maroon,af,https://discord.gg/W9kb72gbcD,0.00,https://politicsandwar.com/uploads/903f6d0500f5eefb33e4563a4e3069bb14f60208x482.gif
11622,"2023-07-03 00:59:18","Communist Republic",,green,af,,1728.72,https://politicsandwar.com/img/flags/russia.jpg
11627,"2023-07-04 07:22:56","The empires",,red,af,,1250.12,https://politicsandwar.com/uploads/df9ed9e267741bb58715a8f091874c50aea22eb5300x300536.png
11628,"2023-07-04 07:24:17","The SweetBabyGang",,olive,af,,1031.55,https://politicsandwar.com/img/flags/unitedstates.jpg
11640,"2023-07-08 15:58:30","BRICS ALLIANCE",,lime,af,,0.00,https://politicsandwar.com/uploads/4cb8784627c3b47f8aef9a6ad18a8ab203451110500x290937.jpg
11657,"2023-07-14 12:14:08",Singularity,SIN,blue,af,https://discord.com/invite/uxCm7YkEcF,896203.01,https://politicsandwar.com/uploads/249a67c3748d3a2c6d08c465ffb7e9d454cc4034500x333167.png
11660,"2023-07-14 22:42:19",Pokimans,PKM,yellow,af,https://discord.gg/wqa4GfHTSE,174934.77,https://politicsandwar.com/uploads/8eda6f576a6d9c93a414f9ff58f852b21796d04c500x312278.jpg
11668,"2023-07-16 01:42:13","Alliance Name",,white,af,,26317.90,https://politicsandwar.com/img/imgur-old/0a31900529966f483de4a2a137d8f8074909fb12171.png
11674,"2023-07-18 13:00:00",Hovel,H,green,af,,0.00,https://politicsandwar.com/img/flags/canada.jpg
11677,"2023-07-19 14:48:47","Cargill Incorporated",CRG,pink,af,,0.00,https://politicsandwar.com/uploads/94e55a882ecd7470bf13ec61d08245ccaeda6b68500x236123.jpeg
11682,"2023-07-20 23:32:01",Miski,,black,af,,869.87,https://politicsandwar.com/img/flags/guyana.jpg
11701,"2023-07-25 04:11:34","Nations of Neutrality",,aqua,af,,4416.88,https://politicsandwar.com/uploads/ec7820b201a90a648e9862b966badcb06fef9998500x251694.png
11703,"2023-07-25 12:22:27","Equality-Democracy Pact",EDP,purple,af,,2810.33,https://politicsandwar.com/uploads/2422d36d7ad962175ef3b018b89d7d13e8cf253d500x333976.png
11713,"2023-07-26 01:35:02","Ignis Aternum",IGN,purple,af,https://discord.gg/Gb7nQrF6BM,0.00,https://politicsandwar.com/uploads/8c5543199619f1222ecbe2652de57ff797ba456e500x375921.png
11734,"2023-07-28 08:47:06","The Warsaw Pact",WP,red,af,,0.00,https://politicsandwar.com/uploads/62833427f09faed40be5dbce6ea67051f67967d3250x250286.png
11758,"2023-08-01 13:36:53","Mercenaries of Orbis",Liberty,black,af,https://discord.com/invite/ZPae8haAM,860.04,https://politicsandwar.com/img/flags/betsy_ross.jpg
11778,"2023-08-04 20:26:17","Val Taro",AT,yellow,af,,667.46,https://politicsandwar.com/uploads/823fbd70612494a30424e5932b1e4da33a8a0446300x300809.jpg
11786,"2023-08-06 15:40:01",Charleston,HOC,red,af,https://discord.gg/ZZGGmbegeX,4793.22,https://politicsandwar.com/uploads/02d284c60480dfa0afb93f0f17951ae5146df74b500x333857.png
11789,"2023-08-07 06:12:40","Orbis Financial Corporation",OFC,lime,af,,1079.53,https://politicsandwar.com/uploads/5d331a13b634e9933bf55c8f29b2e893c7a8a309500x391379.png
11840,"2023-08-19 14:40:34","United World Alliance",UWA,blue,af,https://discord.gg/wYDRxUGKNW,1307.84,https://politicsandwar.com/uploads/9d67eebd69f26ef195b958898feb2e5078c41731x446.png
11873,"2023-08-24 20:48:05",BRATVA,BRATVA,black,af,https://discord.gg/R3ERQBxQ5h,0.00,https://politicsandwar.com/uploads/66e4c001516fbbd26fb4bf2775f1c2e4bc43e50bx296.png
11875,"2023-08-25 04:38:44","THE FOUR HORSEMEN",T4H,olive,af,https://discord.gg/gEtzWsgmGN,0.00,https://politicsandwar.com/uploads/07d6b075bb0f30366588c17deaff8f2e08bc14d2x542.jpg
11880,"2023-08-26 00:45:03","The First Order",WRA,red,af,,0.00,https://politicsandwar.com/uploads/66fe393fc3a6f86aee5e7457b3301faa1c7b4a97x133.jpg
11881,"2023-08-26 02:02:36","Cream 2",,white,af,,0.00,https://politicsandwar.com/uploads/7840b2223d5f059fc1e93cc5d5fcd1eb4c66e19c1000x562645.png
11914,"2023-09-01 01:08:22","Seven Star",7S,white,af,,7780.00,https://politicsandwar.com/uploads/9f5c3481d215cf3121c2a6cbdbc1acc7afe240f11000x562401.jpg
11915,"2023-09-01 01:14:56","Cool Cobras",Cobras,green,af,,1035.46,https://politicsandwar.com/uploads/d31211410fe0340bd5db811e8c8357e87970027f500x253352.jpg
11919,"2023-09-01 10:54:49","Mr Matshaas tomb",ded,pink,af,,0.00,https://politicsandwar.com/uploads/52ea169519feafe633bf5cc9d3a9b73b6126eb56x887.png
11926,"2023-09-04 13:05:46","United Nations Of World",UNOW,lime,af,,0.00,https://politicsandwar.com/uploads/f63ee6efa633af31285db185d813d704ac7602b2500x312244.png
11937,"2023-09-07 07:24:07","FPN Defensive Alliance",,aqua,af,,1044.33,https://politicsandwar.com/uploads/af319552beb3e3dd31af39da3a6eac3a4c867bfa300x300580.png
11938,"2023-09-07 15:40:34","Federated Slavic Diaspora",FSD,aqua,af,,0.00,https://politicsandwar.com/uploads/5aea01b67d1f895ae783bea259d41b0bf493db28500x333433.png
11942,"2023-09-08 18:37:03","Federation of the Motherland",FotM,aqua,af,https://discord.gg/3cXtjGQMKg,1741.85,https://politicsandwar.com/uploads/e6a74215aaf17c513548cdd6f44a1fb5757d1387500x333202.jpeg
11948,"2023-09-10 04:39:27","Space Legion",,brown,af,,0.00,https://politicsandwar.com/img/flags/europeanunion.jpg
11965,"2023-09-14 15:57:58",Nemesys,Nem,purple,af,https://discord.gg/tkDKztteXJ,0.00,https://politicsandwar.com/uploads/c1f6c5264817434808581f5a0ca72f329a7ba25c500x312434.jpg
11973,"2023-09-16 07:28:30","Requiem Project",,orange,af,,1690.96,https://politicsandwar.com/uploads/8052f7bddb68a4136a7d9033d69d3672ad744851x281.png
12016,"2023-09-27 16:40:50","Biggest Cheese",,aqua,af,https://www.youtube.com/watch?v=pZ-oEuWMszs,0.00,https://politicsandwar.com/uploads/a2d2a468eb169ab39590bba019dff7650fe0240a250x251635.jpeg
12038,"2023-10-04 00:18:31","The AOC Pact",AOC,lime,af,https://discord.gg/CqxpmbgFCz,0.00,https://politicsandwar.com/uploads/6674bb407358ee3af724ccf0c9ef3f8718d73ec6x654.png
12039,"2023-10-04 00:26:23","The Fusion",,black,af,,602.57,https://politicsandwar.com/uploads/bf3558d03de3578b0233b776940609076bd4f4651000x526933.png
12060,"2023-10-08 23:45:19","Brethren of Moose",BoM,green,af,,0.00,https://politicsandwar.com/uploads/671a5ff5f0689a27482200fd75044ae536257f1cx469.png
12097,"2023-10-19 04:11:19",Dawnstar,,blue,af,,7614.35,https://politicsandwar.com/uploads/9d67eebd69f26ef195b958898feb2e5078c41731x446.png
12110,"2023-10-22 03:03:31","Enforcers of the mask",,black,af,,1943.48,https://politicsandwar.com/img/flags/betsy_ross.jpg
12127,"2023-10-26 06:42:52","Intercontinental Treaty of Trade",ITT,aqua,af,,0.00,https://politicsandwar.com/uploads/fb2e2dcd78b158b36fb9f3e48a039ae987daf0991000x562863.png
12146,"2023-10-30 06:49:23","Spork Bork",,black,af,,9030.00,https://politicsandwar.com/uploads/9d67eebd69f26ef195b958898feb2e5078c41731x446.png
12149,"2023-10-30 15:47:35","The Empire Of Avalon",TEA,lime,af,,1194.75,https://politicsandwar.com/uploads/1ce3f68d54ef63f38808987702f017d912e7d9a6500x333445.png
12198,"2023-11-15 13:12:09","Alliance of The Republic and States",A.R.S,lime,af,https://discord.gg/C2uM33mS,1290.00,https://politicsandwar.com/uploads/5ef17764110cf8991cda3a1bdfbc961f3d7815ddx935.webp
12202,"2023-11-16 01:22:04","The Western Alliance",,aqua,af,,1657.82,https://politicsandwar.com/uploads/cae86be0228c271173f053ac97ed15c8bb7b2461505.jpg
12213,"2023-11-20 02:57:52","DeVito Union",DeVito,orange,af,,1389.49,https://politicsandwar.com/uploads/ed40fc55e33d19fba5019b0bec9b39368ebbc761500x292708.jpg
12216,"2023-11-20 23:09:54","Communist Propaganda",CP,black,af,https://discord.com/invite/8fuYZNbhYk,936.42,https://politicsandwar.com/uploads/1a2d025cae71260f1dd786efa5926d5706f26ef8500x263269.jpg
12234,"2023-11-28 19:36:42","Crimson Corp",,purple,af,,5968.53,https://politicsandwar.com/uploads/378de65ceecaaab8aca48212b05696a263bf4d42300x300702.webp
12238,"2023-11-29 13:37:30","Heavens equal",,olive,af,,0.00,https://politicsandwar.com/img/flags/belgium.jpg
12251,"2023-12-04 19:19:13","Movimento Referencista",PMR,black,af,,990.70,https://politicsandwar.com/uploads/5055356b91b9b394d2903d5c1f36ebbf9e0b82c9500x41748.png
12263,"2023-12-08 10:24:36","Llama Alliance",LLAMA,aqua,af,,1174.06,https://politicsandwar.com/img/flags/netherlands.jpg
12276,"2023-12-11 10:25:01",Delta0,Δ0,lime,af,,265.46,https://politicsandwar.com/uploads/3d16bd739410342bfa9df666f76891f596660418x368.jpeg
12281,"2023-12-12 05:23:00","The Sword Coast",TSC,olive,af,https://discord.gg/PNbYkyukv9,319063.13,https://politicsandwar.com/uploads/e553d786bd007d9f34dc8c16b133c9ed7f074f60500x312475.png
12286,"2023-12-14 18:28:14",MoOR,,red,af,,783.44,https://politicsandwar.com/uploads/4a7c565a13e71f487985f33aa06512f3d0af8bad500x306928.png
12289,"2023-12-15 01:11:40","United World Union",UWU,aqua,af,,1281.86,https://politicsandwar.com/uploads/56030ae2e41aea5b009c2647a6cbba61dbb9ae35500x396979.jpeg
12293,"2023-12-17 05:19:39","Neutral Peace Treaty Organisation",NPTO,black,af,https://discord.gg/q2uUduxS,869.87,https://politicsandwar.com/uploads/f05985a23d05003a12855cc01a474550af76e455250x13895.png
12298,"2023-12-19 20:28:18","Color Trade Union",CTU,purple,af,,3315.00,https://politicsandwar.com/uploads/687cb3943be8ce534f7a46525a932da8491e0a1dx499.png
12306,"2023-12-21 00:55:46","The Contraceptives","No bb",yellow,af,,0.00,https://politicsandwar.com/img/flags/bahamas.jpg
12312,"2023-12-23 01:01:03","United Republics Alliance",URA,maroon,af,https://discord.com/invite/aFq9Yu3E78,959.90,https://politicsandwar.com/uploads/cd4637f2f8ffdafff5349812be79b0f2b309b9d4500x333709.png
12313,"2023-12-23 03:48:10",Baritona,,aqua,af,,0.00,https://politicsandwar.com/uploads/2b0413091a8e33ee68af7aab4669be721745eb60182.png
12314,"2023-12-23 17:23:41","Genesis of Light",GoL,lime,af,https://discord.gg/nmPbGdk7Kh,3648.69,https://politicsandwar.com/uploads/57ef4f90e79ca8b824e9a1d3c13edb1d81dff330500x333792.jpg
12319,"2023-12-24 16:30:41","Sanctum divinum Foedus Gentium",Dei,black,af,,0.00,https://politicsandwar.com/uploads/31d9d41d079fe1003eadb7b92efc0fe524f2a937500x281714.jpg
12337,"2024-01-01 01:02:48","The Bound Forces of Junior",JUNIOR,black,af,https://discord.gg/Xwq2VwjYTY,0.00,https://politicsandwar.com/uploads/83ffb625737d40a2170de909162b0a3df7eb6fe6500x298937.png
12338,"2024-01-01 04:35:55","union ibe",,aqua,af,,775.36,https://politicsandwar.com/img/flags/germany.jpg
12345,"2024-01-03 03:43:57","Planet Fitness",12345,yellow,af,,7720.00,https://politicsandwar.com/uploads/33af631000a9297531d92a78a7cd961b428fdf93500x296552.jpg
12346,"2024-01-03 06:41:11","Rift Valley Alliance",RV-A,red,af,,0.00,https://politicsandwar.com/img/flags/africanunion.jpg
12393,"2024-01-15 00:15:41","Gods Children",,maroon,af,https://discord.gg/quZNy4uH,658.44,https://politicsandwar.com/uploads/040fac487ca3743b866e7786d1291ae77426c1f0215x300310.jpeg
12405,"2024-01-18 23:22:13","Commerce-Economic Alliance",CEA,brown,af,https://discord.gg/4Zz85XgNfd,0.00,https://politicsandwar.com/uploads/0672f7f1b96d7d10cfcf3521c1dc376cca168eb3500x250169.png
12409,"2024-01-19 13:13:57","Containment Site 453",,orange,af,,8235.00,https://politicsandwar.com/uploads/1beb91d1b0684065ae9b8d092e437491c08a0d9fx365.jpeg
12410,"2024-01-19 14:17:02",Afri-niaro,,green,af,https://cnn.it/48GC3oo,0.00,https://politicsandwar.com/uploads/cae86be0228c271173f053ac97ed15c8bb7b2461505.jpg
12418,"2024-01-20 18:29:45","Black Sheep",BS,black,af,https://discord.gg/D8sdMTBdXz,98173.11,https://politicsandwar.com/uploads/498fa19e9e88378f7a5406aad6a1b2acdf0c5d34500x499983.jpg
12419,"2024-01-20 23:08:31","Delicious Wine",,purple,af,,6446.92,https://politicsandwar.com/uploads/f27d84f8409e1b743db091350e52eaabfee68ae2600x600744.gif
12427,"2024-01-23 02:02:08","The Raiders",☠️,blue,af,https://discord.com/invite/4yDSuDzEsr,0.00,https://politicsandwar.com/uploads/7b98c0166c7f62fbe1fe0e789ac4a5e13f0a95e5500x31266.png
12437,"2024-01-25 21:09:10","The Imperial Republic",TIR,red,af,https://discord.gg/mfUV3u7B,561.31,https://politicsandwar.com/uploads/a87d882d428606bf7c57de7ac5089872df4663cax791.png
12441,"2024-01-28 04:09:48","Melior Potentia",SPQO,black,af,,640.60,https://politicsandwar.com/uploads/a606a43d6ebf5d9843fbd10ef21b964a0e0e78fb300x300984.png
12447,"2024-01-29 21:27:05","The Council of Nations",,yellow,af,,0.00,https://politicsandwar.com/uploads/3f93131ce9e9e7b94c78ff7e73e6f55e6aca11d4500x328257.jpg
12453,"2024-01-30 15:36:07","Gamblers Anonymous",GAMBA,white,af,,15285.08,https://politicsandwar.com/uploads/1a98e18d7585e530ae520266e46f039be6b48c2b500x281194.jpg
12461,"2024-02-01 00:39:29","Sail Loves Singularity",,green,af,,6228.00,https://img.huffingtonpost.com/asset/5bad9571260000350080f9dc.jpeg?ops=scalefit_500_noupscale
12478,"2024-02-04 07:23:45",Boomer,,maroon,af,,8795.00,https://politicsandwar.com/uploads/67004e0c09b3edf8c4cb922aa24b32ff8e4ee2d3500x375911.png
12479,"2024-02-04 15:04:53",86,86,brown,af,https://discord.gg/feGEvSECdR,5423.66,https://politicsandwar.com/uploads/3c792261c00001f5bbf80a229ef13ad220448e1dx154.gif
12480,"2024-02-04 15:56:19","Event Horizon",EVH,olive,af,https://discord.gg/t2uQ9NPQj9,961324.35,https://politicsandwar.com/uploads/70bf96be4b7241a7c5659b6aa03d533a7c31ec62500x281885.png
12481,"2024-02-04 21:43:27",Paragon,,green,af,,8680.00,https://politicsandwar.com/uploads/4b7d68c8463fc8dd98a1fe4f7a101b0ecb074dc4x581.jpeg
12482,"2024-02-04 22:14:13","Los Homoerectus",,yellow,af,,1322.96,https://politicsandwar.com/img/flags/uruguay.jpg
12483,"2024-02-05 01:32:46",Monka,,orange,af,,0.00,https://politicsandwar.com/uploads/a32d6b851ecd1bc56780762ca152e09a22e79f7f250x240664.gif
12486,"2024-02-05 18:19:52","Serene Majesty",SRM,blue,af,,142.16,https://politicsandwar.com/img/imgur-old/7f05a9ee05509e8a40e653ed33ca1da102ba30ee417.png
12492,"2024-02-06 14:24:05","League of Arab States",,yellow,af,https://discord.com/invite/cWXkdZUQ,0.00,https://politicsandwar.com/uploads/b2b1a1d76ac2b593159816ef5d7b15982dd99db4500x333890.png
12493,"2024-02-06 18:45:32","RISE OF IRON",ROI,purple,af,https://discord.gg/kQ2SvCfd8z,0.00,https://politicsandwar.com/uploads/dba6b49155778e78ffbc384173305cf43b25a694500x297186.jpg
12495,"2024-02-07 01:07:26","African Union",AU,aqua,af,,2674.59,https://politicsandwar.com/uploads/57911b2fb9b55c24126483e1296b7c07ac27a877500x306196.png
12497,"2024-02-08 08:52:50","Matshaas Big Girthy Specimens",BGS,green,af,https://discord.gg/ss8dHzFcKC,0.00,https://politicsandwar.com/uploads/d0cbfd46c1c9df0958f169018237067d08051471250x312423.gif
12500,"2024-02-08 18:12:30","Atlas Technologies",,pink,af,,19095.00,https://politicsandwar.com/uploads/ca62db84ea0cb4060d32177a9ce7cd6322099373500x302938.png
12507,"2024-02-11 14:49:16","Proxy Treaty Organization",PTO,green,af,,293.89,https://politicsandwar.com/uploads/dac3a0e18b56014d42f3235ec67e784dcab1d25a500x333868.png
12510,"2024-02-12 10:59:13","turtle alliance",,green,af,,1077.52,https://politicsandwar.com/img/flags/turtlerepublic.jpg
12512,"2024-02-13 02:27:27","The Foundation",FND,lime,af,https://discord.gg/Te5mwYexhB,39796.18,https://politicsandwar.com/uploads/48c0f6f5d3cb0a4b8e8542b3a7624fc967d82905500x300870.png
12515,"2024-02-14 12:14:14","Apex Factory",AF,black,af,,3169.00,https://politicsandwar.com/uploads/ea23d5ba88ad57d93e2bfe0d6bc9b21cafbc9c13441x3000.png
12532,"2024-02-19 04:55:08","Cherry Blossom",,black,af,,869.90,https://politicsandwar.com/uploads/cc8e0fec5af25a3da16c724729005c4b69ff3d3bx893.gif
12534,"2024-02-19 22:32:32",EuropeanUnion,EU,black,af,https://discord.gg/xsyUXm76KC,1352.04,https://politicsandwar.com/img/flags/europeanunion.jpg
12539,"2024-02-21 17:12:56","The last hero",TLX,maroon,af,,619.98,https://politicsandwar.com/uploads/8643e452a4811198ff343bc4044ac303c88d9c6d500x353536.png
12543,"2024-02-22 13:40:44","Tax free alliance",,aqua,af,,1174.54,https://politicsandwar.com/uploads/305554800467b4ce9d1d0f677feede1d7793cf78x624.png
12544,"2024-02-24 00:52:53","Scipio Albarrio",SCIPIO,green,af,,8732.45,https://politicsandwar.com/uploads/4acf31d606efac038012a20eeaacc67e32b6dc0b500x312565.png
12545,"2024-02-25 01:58:39","The Fremen",FRE,black,af,https://discord.gg/9ametppmfS,60487.18,https://politicsandwar.com/uploads/357b00dce78f1395ff446cb11a1a8e669708feef500x30061.jpeg
12548,"2024-02-26 05:42:37","The French empire alliance",,blue,af,,0.00,https://politicsandwar.com/uploads/5a2517a89efa5b464e72b538ea3f516c9f1ad2fe500x333693.png
12566,"2024-03-08 21:54:34","Islamic Madrasa",IM,lime,af,,0.00,https://politicsandwar.com/uploads/9ba3f15be1b14266857bfb376c68871ee27de0e4500x285888.png
12570,"2024-03-10 00:51:14","Vibe Reborn",VR,yellow,af,https://discord.gg/DJyVRKJtgU,32113.49,https://politicsandwar.com/uploads/0ab8e686bf37f7d1edd0155ebc4a9e7750b748a3500x35711.jpg
12578,"2024-03-14 11:33:30",aNiMaLz,,pink,af,,2285.34,https://politicsandwar.com/uploads/4fe0c2746c8ac9829e6657bc53b6413f54c82b41500x349603.png
12583,"2024-03-16 03:33:34","The Nordic Realm",,aqua,af,,0.00,https://politicsandwar.com/img/flags/unitedstates.jpg
12584,"2024-03-17 02:37:00","No no no",,purple,af,,0.00,https://politicsandwar.com/img/flags/argentina.jpg
12591,"2024-03-19 11:24:26","The Convenience Store",24/7,white,af,,30.00,https://politicsandwar.com/uploads/97f7db3df2e3e6c4166ffca8992d4af80a283dd3400x30057.jpeg
12595,"2024-03-21 11:22:22","Roman Senate",,black,af,,755.56,https://politicsandwar.com/uploads/0054cd9fa2ab667a3f8c0029dd778612069fa293x701.png
12596,"2024-03-21 23:45:56",Quasars,Qu,lime,af,https://discord.gg/gGb3NCSjnq,0.00,https://politicsandwar.com/uploads/2e59b89bf169889af719937c55af4a7158c26092x173.jpeg
12599,"2024-03-22 02:36:34","Novus Junior Training Facility",NJTF,black,af,https://discord.gg/eWyaupHseh,0.00,https://politicsandwar.com/uploads/dcdee020e1f6cf1a76352fbb767cbe1ff895416d500x375981.png
12602,"2024-03-22 13:21:26","The Ashurst Syndicate",TAS,red,af,,809.35,https://politicsandwar.com/uploads/eac1f6fa3c025e149a42cab6a6c314ed4e166df1500x28151.jpeg
12611,"2024-03-24 14:46:14","Union of Soviet Socialist Republics",USSR,black,af,https://discord.gg/6TUnZrhVSA,9574.85,https://politicsandwar.com/uploads/6bc6607c3cfc6ceb641266983ab980a1df1379fa500x250566.png
12612,"2024-03-25 16:03:31","The Grand Alliance of the Chat",,black,af,,1515.56,https://politicsandwar.com/uploads/767a691258ece11dab44649a6d60ef2f8f02dd9c500x329467.png
12615,"2024-03-26 01:47:18","The Lost Mines",TLM,aqua,af,https://discord.gg/AhB7QdvGdC,227568.40,https://politicsandwar.com/uploads/f8b19640762a679162c5d713151a5b46123edcccx668.png
12617,"2024-03-26 21:40:21","The Oild Bois",,black,af,,0.00,https://politicsandwar.com/img/flags/betsy_ross.jpg
12621,"2024-03-28 14:48:51","Indore East India Company",EIC,black,af,https://discord.gg/Kz4cDcYKsB,0.00,https://politicsandwar.com/uploads/1fb2961411a6bf7211c0d2b89e7a1280d47d22df299x300262.png
12622,"2024-03-28 18:25:19","Lol idk",,aqua,af,,968.90,https://politicsandwar.com/uploads/8164829dc4f79daddb7dee35d9cceb05d8e82179x372.png
12623,"2024-03-28 23:08:15","Double Axe",DSD,blue,af,https://discord.com/channels/1223257278594027580/1223257279541809165,719.43,https://politicsandwar.com/uploads/b8bd2bc67c22022d54139d6912cbde15642567dc685x600102.jpeg
12630,"2024-04-01 11:56:24","The New Protectors",525P,lime,af,https://discord.gg/SkAyDb68jE,3098.92,https://politicsandwar.com/uploads/6d1e7fc54229de9cf3e8d0307b0eecd3181fd224250x193832.png
12637,"2024-04-04 23:23:33","South Aequitas",RoA,aqua,af,,1570.01,https://politicsandwar.com/uploads/67c9dcb6380a6e7d745d7d571b36f964dbcee946500x251888.png
12647,"2024-04-11 11:36:00","Infinite Revenge",,aqua,af,,0.00,https://politicsandwar.com/img/imgur-old/66f83b5f82f65351dc56d657fd4da8cfdbdd6394607.png
12652,"2024-04-12 17:53:49","greater Roman empire",,red,af,,1327.95,https://politicsandwar.com/uploads/7dab2dad705fe53a14003a8fed59b061444a1bf2250x250847.jpeg
12653,"2024-04-13 05:38:11","Nuclear Coalition",NC,purple,af,https://discord.gg/8kAQxSPqeP,0.00,https://politicsandwar.com/uploads/6e23d150ca2efbcdafc7a8f90c1c00f4bb8f2efex396.png
12656,"2024-04-14 18:23:35",Cartel,TC,aqua,af,https://discord.gg/ZEPREXjkuM,0.00,https://politicsandwar.com/uploads/df16677606367a8ea31f86fb2fb122c616a30226500x300457.gif
12657,"2024-04-14 23:50:45","Planet Express",PLNX,aqua,af,,526.81,https://politicsandwar.com/uploads/447061e9540e1b520deb948b8ff05e4b2c990cc9x315.png
12659,"2024-04-15 16:15:39","Noob-Noob Fan Club",NNFC,green,af,,0.00,https://politicsandwar.com/uploads/5dd8fcbf43a4ebe23ef226693b2784fb5a580a1f500x333403.jpg
12661,"2024-04-16 07:06:44","7 Deadly Sins",7DS,black,af,https://discord.gg/kwkwqSrdMQ,0.00,https://politicsandwar.com/uploads/282d53bd1b658c4b035014245eeabd5a4493c8ac480x300759.jpg
12663,"2024-04-18 15:19:25","International Council of War",ICOW,white,af,,0.00,https://politicsandwar.com/uploads/eead6f875d98a491ccb8ceb867336c8681b9bc3d500x333121.png
12666,"2024-04-18 23:54:12","LEGO City",LEGO,red,af,https://discord.gg/PQF7cccZEE,144891.17,https://politicsandwar.com/uploads/9b9e6741b6c62137b985133222fe2f509494acd5500x300311.png
12672,"2024-04-21 22:12:08","Republic of Canaan",R.O.C,blue,af,https://discord.gg/mNVY7QDFwK,1714.39,https://politicsandwar.com/uploads/8bf7c02816dbf9e24bd88e37d011c0380fd2cfb8x107.jpeg
12673,"2024-04-22 17:59:13","United Socialist Alliance",USA,maroon,af,,1376.36,https://politicsandwar.com/uploads/f1a5e4b6dd389c2ba336bae2d1cfb333c24b9cecx448.png
12676,"2024-04-24 00:27:15","Princeton-Plainsboro Teaching Hospital",PPTH,orange,af,,1105.04,https://politicsandwar.com/uploads/0fed116499a1f8690c6b35b08442ece085fb37d7500x286950.jpg
12683,"2024-04-27 01:49:08","The Light of Hope",TLH,brown,af,,1596.97,https://politicsandwar.com/img/flags/montana.jpg
12684,"2024-04-28 12:16:21",UkkoCouncilOfOrbis,U.C.O,aqua,af,https://discord.com/invite/KsRjYrbgHb,510.53,https://politicsandwar.com/uploads/a686f7b60798855ae3294523fbcbf9e022204233500x281300.png
12688,"2024-04-29 17:11:01","The Skibidi Alliance",TSA,red,af,,0.00,https://politicsandwar.com/uploads/337989820a4af6aa7709eac888fdef1870664b12500x263111.png
12690,"2024-04-30 14:59:22","The Eclipse Union",,lime,af,,1167.25,https://politicsandwar.com/uploads/dcd17afd39acc403ee606375ff9040eef8fb03c6300x300909.png
12692,"2024-04-30 20:17:56","Grand Particles of Neutronia",GPoN0,orange,af,,0.00,https://politicsandwar.com/uploads/aa31f13cf0f08acd552f9c9ad91d01ada07c0005452x300494.png
12693,"2024-05-01 12:28:33",Starry,STRY,aqua,af,https://discord.gg/NVpudu5P,0.00,https://politicsandwar.com/uploads/ccdf4cabcb45c8f2290316afb644492ae22d4afc500x281144.png
12694,"2024-05-01 13:54:11","United Confederation of States",UCS,lime,af,https://discord.gg/rc2dwtXJ,0.00,https://politicsandwar.com/uploads/d4f8941012b446e1229ff65e55d902a1ec962efd500x281766.png
12700,"2024-05-03 00:16:21","Smoking Snakes",SGSS,brown,af,https://discord.com/invite/WeUcgGjzbw,17411.10,https://politicsandwar.com/uploads/c3da36638572616cabd1b517ce4249942bb34df1300x300112.png
12702,"2024-05-03 22:29:59",Raiders-From-CALI,,green,af,,665.41,https://politicsandwar.com/img/flags/california.jpg
12704,"2024-05-04 05:42:57","Holy world Empire",,white,af,,0.00,https://politicsandwar.com/img/imgur-old/0a31900529966f483de4a2a137d8f8074909fb12171.png
12705,"2024-05-04 12:28:22",Agora,"🤝 (A)",white,af,https://discord.com/invite/t6jrDANkXa,16758.03,https://politicsandwar.com/uploads/b88a1508b9914537dd5696bc59eb0e859d9ad8a4300x30014.jpeg
12706,"2024-05-04 16:28:49","North Germanic and Monarchist Alliance",NGMA,aqua,af,https://discord.gg/Qnymc7bcwN,1569.02,https://politicsandwar.com/uploads/f19665af2c0183b048c72fa96aa8f41d55fff783500x306882.png
12707,"2024-05-04 16:35:09",Hanguk,,black,af,,0.00,https://politicsandwar.com/img/flags/southkorea.jpg
12708,"2024-05-05 00:28:11","Duck Alliance",,yellow,af,,0.00,https://politicsandwar.com/uploads/796078994cd1e607c23f17cd7f2fb2e85cb9c099450x600738.jpg
12709,"2024-05-05 12:02:47","GLOBAL UNITED",,black,af,https://discord.com/channels/1288189750146109450/1288189750146109453,736.65,https://politicsandwar.com/uploads/9aae73281e2af7a5d4e1a6deea53c25eaa349dc9500x333304.jpg
12715,"2024-05-06 18:44:54",RSR,RSR,blue,af,,0.00,https://politicsandwar.com/uploads/4f06db33b03338693771775feee72d16d68a4f801000x64626.png
12720,"2024-05-09 11:03:28","Orbis Islamic League",ISLAM,lime,af,https://www.guilded.gg/r/zzjBqMzAZE?i=m7pnM5zA,2104.11,https://politicsandwar.com/uploads/13d54700389ea555a593c2aefa02114c6fa7b42b500x316300.png
12721,"2024-05-10 00:56:25","Eternal Sunshine",,green,af,,1133.44,https://politicsandwar.com/img/flags/japan.jpg
12722,"2024-05-10 01:21:24",Alliance,,aqua,af,,1886.40,https://politicsandwar.com/uploads/45556b91de486eeae8e5c325d83c71190e64ea71600x600422.jpg
12723,"2024-05-10 03:24:48","Rinse amd Repeat",,pink,af,,0.00,https://politicsandwar.com/img/flags/greatbritain.png
12726,"2024-05-10 13:11:00","The Inter-Continental Treaty",,aqua,af,,0.00,https://politicsandwar.com/uploads/07bfd12959e8ff005f65566265897209ed70d464500x331310.jpeg
12729,"2024-05-11 00:16:22",MCXA,,green,af,,9175.00,https://politicsandwar.com/uploads/cc634513d407891962e3b7eea8ec55ae8863389f600x600853.jpg
12731,"2024-05-11 01:12:17","Swedish Meatballs",SWM,aqua,af,,911.19,https://politicsandwar.com/img/flags/sweden.jpg
12736,"2024-05-12 06:29:37","Union of Prosperity",,aqua,af,,0.00,https://politicsandwar.com/uploads/af1bfc0ef6b041f1a515458e4482f461a695968a1000x562732.png
12740,"2024-05-13 19:38:49",CULTure,,white,af,,3163.23,https://politicsandwar.com/uploads/31f950c64825058784adf7cdfb26cbb5c7fa49fd500x291742.jpeg
12741,"2024-05-15 00:59:51","The Ancient Empire",Ancients,black,af,https://discord.com/invite/qY7YVqKJS,5116.11,https://politicsandwar.com/uploads/5d1c568b299714211b8409deb49f9ff70d51ffd6500x300574.png
12744,"2024-05-16 13:16:04","the big black oily men alliance",,aqua,af,,0.00,https://politicsandwar.com/img/flags/betsy_ross.jpg
12745,"2024-05-17 17:31:05","Chocolate Factory",,maroon,af,,890.26,https://politicsandwar.com/uploads/213a5bec2f24db45c64ac42f9b9612836aa85c47250x250930.png
12746,"2024-05-17 17:47:17","United Glory",,yellow,af,,0.00,https://politicsandwar.com/img/flags/betsy_ross.jpg
12751,"2024-05-18 17:35:01","Raccoon Asylum",COON,white,af,https://discord.gg/MrNWzccbwv,6236.05,https://politicsandwar.com/uploads/99ce45edc301d32fb99cefaf2ae51d873bcc4772500x342612.png
12755,"2024-05-18 22:48:13",conquerers,,aqua,af,,0.00,https://politicsandwar.com/uploads/6be335d929072612d0d9e50c612f364cf3b4d8201000x619761.png
12761,"2024-05-19 05:45:38","Imperium of Mankind Awakened",,green,af,,0.00,https://politicsandwar.com/uploads/18d69b118aec91e5099cb390234e008d3cecaeecx907.webp
12766,"2024-05-20 00:37:59","Vanaheim Was Take",,yellow,af,,975.45,https://politicsandwar.com/uploads/1c4ddf3ab45b538da700b8e62e5053556a3db3f4500x250625.jpg
12769,"2024-05-20 03:16:53","Dee Mack",,pink,af,,820.62,https://upload.wikimedia.org/wikipedia/commons/thumb/0/0c/Navajo_flag.svg/700px-Navajo_flag.svg.png
12770,"2024-05-20 10:14:57","The Great Union Of Nations",GUON,white,af,,0.00,https://politicsandwar.com/img/imgur-old/ecae298217bb0247313e5e4d339715d9cd521c8a14.png
12771,"2024-05-20 14:39:11",LeBonBonBon,,black,af,,0.00,https://politicsandwar.com/img/flags/chinook.jpg
12774,"2024-05-20 21:58:42","Pacific Pirates",PP,green,af,https://discord.gg/QtYbwBHa2f,24292.81,https://politicsandwar.com/uploads/9d032a2c6d9d3799c453689df16b53dd434e890a500x28853.png
12777,"2024-05-22 17:58:01","Ayyubid Alliance",,aqua,af,,0.00,https://politicsandwar.com/uploads/76d6f3105c5306c974c4ba326688d403edba56461000x523549.jpeg
12778,"2024-05-22 22:09:33","New Golden Horde Republic",NGHR,black,af,,0.00,https://politicsandwar.com/img/flags/unitedstates.jpg
12799,"2024-05-27 11:11:27","Jewish States Confederation",JSC,purple,af,https://discord.gg/PCpDZYZNGJ,1852.64,https://politicsandwar.com/uploads/962871345fb808b2f836d7334b360c171f63bdb4500x354554.webp
12801,"2024-05-27 14:41:13",UEMA,UEMA,white,af,,0.00,https://politicsandwar.com/img/flags/europeanunion.jpg
12809,"2024-05-29 18:46:25","Alliance of Sovereign States",A.S.S.,purple,af,,0.00,https://politicsandwar.com/uploads/b377a943be9c21fc29fcb40465c1f3c8792c3d2f500x300717.png
12819,"2024-06-02 04:58:36","The Peace Keepers",TPK,maroon,af,https://discord.gg/54UHaMQFA6,853.09,https://politicsandwar.com/img/flags/betsy_ross.jpg
12825,"2024-06-04 11:44:45","Alliance of empires",,aqua,af,,0.00,https://politicsandwar.com/uploads/742543bac6fe2bb1c65961ffc5783022c531a32cx179.jpeg
12828,"2024-06-04 16:21:45","New Europeanunion",,yellow,af,,0.00,https://politicsandwar.com/img/flags/europeanunion.jpg
12830,"2024-06-04 22:27:01","Happy Old Friends",HoF,green,af,https://discord.gg/zVcd5NE,999.81,https://politicsandwar.com/uploads/82d6e2d2c9b31c57bcc421d03bb1099b5b79ee98250x316221.jpg
12833,"2024-06-05 10:30:08","The United Front of Orbis",UFO,red,af,https://discord.gg/9tFKZ8axpc,2682.23,https://politicsandwar.com/uploads/ff151a5e25d028a365c89ab5faa37a0f6e15a95c500x333863.png
12835,"2024-06-06 03:47:18","The Refugee Meowers",MEW,maroon,af,https://discord.gg/3rMgRMvDPG,536.57,https://politicsandwar.com/uploads/a69bb329eff4f2b215bcb133714c6a65f7d727c0500x333127.png
12836,"2024-06-06 15:01:21","New Bentolia",,aqua,af,,340.05,https://politicsandwar.com/img/imgur-old/d33bdef049ea1efcc72a76ba005395ead45624ae697.png
12838,"2024-06-06 23:53:31",manko,,green,af,,0.00,https://politicsandwar.com/img/flags/europeanunion.jpg
12839,"2024-06-07 00:47:52","ORBIS COURT OF JUSTICE",OCJ,maroon,af,https://discord.com/invite/qWx8KqYaAG,0.00,https://politicsandwar.com/uploads/e4a8596a4fb5d361553a92fa185fac71f8ec9dce500x33436.jpg
12847,"2024-06-08 12:09:59",Neo-Comintern,☭,red,af,https://discord.gg/wp3JqPTbb5,5974.34,https://politicsandwar.com/uploads/a57b11ff67f48a2423107d218af7823baa1d1715500x282117.jpg
12848,"2024-06-08 13:29:21","Maghreb Union",Maghreb,red,af,https://discord.com/invite/vfGy5YZf,1171.58,https://politicsandwar.com/img/flags/africanunion.jpg
12850,"2024-06-08 18:43:54","Stupid heads",OIAI,lime,af,,1688.79,https://politicsandwar.com/uploads/14f65d97661b8091e6e335d2b11faf428679785e500x300692.png
12851,"2024-06-08 22:11:30","Tabr Sietch",WAFFLEHAUS,black,af,,7057.35,https://politicsandwar.com/uploads/5341f55b9338c050b89cb5f0b884e311100fea8e1000x533139.png
12855,"2024-06-10 03:09:35","Supreme Monarchy",,aqua,af,,1005.81,https://politicsandwar.com/uploads/e2bd5a9b09e7308daa31914ada24013adff7a388x134.jpeg
12856,"2024-06-10 13:30:57","International Skibidi",IS,aqua,af,,748.42,https://politicsandwar.com/uploads/0d562e5d5ba5d426d5508eb9a016da70692c500d500x281335.webp
12858,"2024-06-11 00:13:30","The Resolute",TR,pink,af,,1927.80,https://politicsandwar.com/uploads/3ac8aec39d6667609de7017d32874a44157bd45a500x309401.png
12870,"2024-06-13 00:35:02","anti brain rot union",ABU,olive,af,,0.00,https://politicsandwar.com/uploads/2eba2a08477f1372a59d109c132e32bcd8ecd231300x300373.jpg
12871,"2024-06-13 07:45:33","Council of Authoritarian Nations",CAN,white,af,,0.00,https://politicsandwar.com/uploads/26a1f2638a7573d0adb80609c0efebe78f9da39e500x310284.jpeg
12872,"2024-06-13 18:56:26","North Star Federation",NSF,brown,af,,3266.72,https://politicsandwar.com/uploads/6572a681852fa3088e65c003c63631d41c4ac046500x258109.png
12875,"2024-06-14 04:57:46","Anti Cringe Task Force",A.C.T.F,red,af,,1081.93,https://politicsandwar.com/uploads/2180c0529c3899bf32d98aae77d4eb4026dce304x691.gif
12876,"2024-06-14 06:45:59","UNITED NATION DEFFENCE FORCE",,purple,af,,0.00,https://politicsandwar.com/uploads/8e8f103715eed05fd3d529b05bea61d66066295ax592.jpg
12883,"2024-06-16 14:15:24",Dog4Life,,maroon,af,,9025.00,https://politicsandwar.com/uploads/bcd8d7b47f15c9bf68d469cb7952673dd253313dx687.png
12889,"2024-06-18 15:42:06","The Eternity",T€,red,af,https://discord.com/invite/5FYvS9uEfc,11331.47,https://politicsandwar.com/uploads/be9ebbdc1d0f965492ead0daad164f73f78f92be500x312876.png
12893,"2024-06-19 15:52:48","Nederland empirie",,brown,af,,1725.94,https://politicsandwar.com/img/flags/netherlands.jpg
12901,"2024-06-22 01:41:19","United Kingdoms",,purple,af,,0.00,https://politicsandwar.com/img/flags/andorra.jpg
12902,"2024-06-22 02:20:46",Bellanostra,BELLA,blue,af,https://discord.gg/eRGf7wjpDM,2509.09,https://politicsandwar.com/uploads/58ecf6ff9fd8e9b397a4132ad1631a97bc71ba91500x300120.jpeg
12909,"2024-06-24 03:23:46","ADC Internacional",ADC,aqua,af,,1231.62,https://politicsandwar.com/uploads/4798225046054f0cd443c6c69e07c5ec695ed2ccx39.jpg
12912,"2024-06-26 00:13:51",Gotham,Gotham,blue,af,,0.00,https://politicsandwar.com/uploads/97ec7660cee6acb0bf3c4591f3ca9f5d2ebe9137x789.jpeg
12913,"2024-06-26 02:55:36","Just bored a bit",,green,af,,5309.88,https://politicsandwar.com/uploads/d177d8a1d8479577c7504cee88b29534947f06c2830.jpeg
12915,"2024-06-26 16:21:55","Orthodox Dominium",,red,af,,0.00,https://politicsandwar.com/uploads/4fc0720cd4cc6da762232e149c2dfef482e4ed04x843.jpg
12919,"2024-06-28 23:06:36","The Egyptian Empire",TEE,maroon,af,https://discord.gg/NtagCCXtGS,11521.70,https://politicsandwar.com/uploads/d29ca7a9956054eaf53c5ddc4115eb3b99475c14500x302110.jpeg
12922,"2024-06-30 02:07:02","The Grand Alliance",TGA,black,af,https://discord.gg/Sn4VpYDBRE,3060.37,https://politicsandwar.com/uploads/c5d9bf51b2296751b874501c44924766eee12efd500x300170.png
12923,"2024-06-30 13:25:12",GORGON,,black,af,,0.00,https://politicsandwar.com/uploads/4352b93f6cdbaaa80d3908fff4f1ceb1b08f3a9b500x300952.png
12932,"2024-07-03 09:06:14","The Islamic Federation Of Orbis",I.F.O,black,af,,0.00,https://politicsandwar.com/uploads/bb068a3c3e6ec6894513b6b7c57f0e7acdfc19c7x321.png
12936,"2024-07-06 07:01:52","The Hawks and Predators",T.H.P,pink,af,,10.25,https://politicsandwar.com/img/flags/kenya.jpg
12938,"2024-07-08 03:47:13",Independce,,pink,af,,1536.14,https://politicsandwar.com/uploads/cae86be0228c271173f053ac97ed15c8bb7b2461505.jpg
12940,"2024-07-08 22:57:22","Imperial Core for Mutual Defense ICMD",ICMD,black,af,,930.01,https://politicsandwar.com/img/flags/texas.jpg
12941,"2024-07-08 23:03:44","Unity force",UF,black,af,https://discord.gg/GJW3k9Q8Q8,0.00,https://politicsandwar.com/uploads/7113d4f2c9d28d59c7b706ca97389f90cd044dd2500x28094.jpeg
12943,"2024-07-09 02:33:25","System Alliance Of South East Asia",,lime,af,,1208.52,https://politicsandwar.com/img/flags/indonesia.jpg
12947,"2024-07-10 08:50:10",Nazgul,LoTR,black,af,https://discord.com/invite/kvmR6V4QNm,37237.60,https://politicsandwar.com/uploads/b34f95536096d3d7309489ae2b713ca9414bae5fx612.jpg
12948,"2024-07-10 13:13:03","Ad Astra",,black,af,,0.00,https://politicsandwar.com/uploads/6bc8ee604870b62029f68752e2fe7756fe749c91450x300270.jpg
12951,"2024-07-12 07:58:00","Great Nordic Empire",GNE,black,af,https://discord.gg/URtn6vxQq6,1499.30,https://politicsandwar.com/uploads/16980582209ab613cf20647940d5b8240ef73775x806.png
12954,"2024-07-13 02:10:25",VN_Pi2Sol,,white,af,,1284.89,https://politicsandwar.com/img/flags/vietnam.jpg
12960,"2024-07-16 18:03:20","Kronos League",KL,red,af,https://discord.gg/KfKYKVu4PM,4668.79,https://politicsandwar.com/uploads/01a3327a4c404fdc64d66d82dac44161944ec93d500x300302.png
12961,"2024-07-17 16:55:17","Magic Fans MF91",MF91,yellow,af,https://discord.com/invite/asse-2k23-2k24-1186613505546272828,2268.43,https://politicsandwar.com/uploads/b6c4e5eb612a035e351d0cd9ec778082033851d7x393.jpeg
12962,"2024-07-18 15:38:03","The Derby Gangsters",DG🏇,brown,af,https://discord.com/invite/3NxQAtFPV6,39112.17,https://politicsandwar.com/uploads/fe93bf67ff9b3648949ccf96249234d024fac781x724.png
12964,"2024-07-18 17:25:51",Goddemon,GD,black,af,https://discord.gg/9DuR4acBT4,21378.36,https://politicsandwar.com/uploads/31ea7fa0bc490ef662a2d78e5485e04fc6c01d47500x312440.png
12972,"2024-07-21 16:08:43","Shadow Valley",SV,purple,af,https://discord.gg/qAUrhP5aXF,69169.30,https://politicsandwar.com/uploads/a0747c79ea4217e0dbedf0788e5e698ca61b5de5500x299937.png
12978,"2024-07-22 22:31:26","Southern Alliance",SA,aqua,af,,2634.33,https://politicsandwar.com/img/flags/texas.jpg
12981,"2024-07-23 12:49:52","Wurbrey alliance",,green,af,,888.46,https://politicsandwar.com/uploads/74acbac13acb9d3d6f6dd72ee4b929622643fba01000x557579.jpg
12983,"2024-07-24 01:49:40","The Islamic Coalition",ISC,olive,af,https://discord.com/invite/nTZBssyj3w,1365.01,https://politicsandwar.com/uploads/b12bbf6a0d5fe4c26be6d191371b55cb1812d35b500x300446.png
12984,"2024-07-24 06:30:58","The Gusantine Empire",TGE,green,af,,2211.84,https://politicsandwar.com/uploads/f17f1351b062782bdab160b7848c800d25d5e684500x250528.png
12985,"2024-07-24 06:43:22","The house",TGH,aqua,af,https://discord.gg/NA8jcjwf5W,37055.64,https://politicsandwar.com/uploads/b3ab475403a5a3bd82c7fd7cf5767ef13f6585a6500x300224.jpg
12992,"2024-07-26 20:59:16",ShitStash,,white,af,,0.00,https://politicsandwar.com/img/imgur-old/1ee2512088c8b26439a9b0335193f1c1d97a6ad0868.jpg
12994,"2024-07-26 22:41:15","Cult of Raccoon",CoR,black,af,https://discord.gg/msyE7DqQMC,48804.16,https://politicsandwar.com/uploads/ac1a32341968705d4392995801cf44c7a68cb054500x312974.jpg
12999,"2024-07-27 19:24:54","Horizon Financial Group",,aqua,af,,0.00,https://politicsandwar.com/img/flags/zaire.jpg
13006,"2024-07-30 09:38:57","Democratic States",DS,purple,af,https://discord.gg/kEEDagzheq,0.00,https://politicsandwar.com/uploads/5291161f5ca15750232f045061a1737499a65c66300x150545.gif
13007,"2024-07-30 20:51:13","The Northern Casynian Alliance",,aqua,af,,850.39,https://politicsandwar.com/uploads/27ac1fd38938f844ae7aee91f95c11ddde394a63936x600128.jpeg
13008,"2024-08-01 01:46:42",Meson,,black,af,,906.09,https://politicsandwar.com/img/imgur-old/ddc4c56d313a0640e3801641e75dedd3d3c1adaa54.png
13010,"2024-08-01 15:00:02","Soviet Security Council",SSC,orange,af,https://discord.gg/5bnxQdgcFe,1113.46,https://politicsandwar.com/uploads/7d2dd5cf5a631e95abc3ebc43033d103bb73c495500x250915.png
13011,"2024-08-02 13:08:48","Empire Of Maya","The Mayans",brown,af,https://discord.gg/EzEVudTkva,638.61,https://politicsandwar.com/uploads/4c63e98b46f67c680431ad235758b65e4dbdcaab500x300596.png
13014,"2024-08-02 15:35:22","The Revolutionary Front of Pravida",,red,af,https://discord.gg/UQ4JKNR8Vp,30347.59,https://politicsandwar.com/uploads/f0ef31c2d679fc2222040ef58a4b96e3572c433a500x333226.jpg
13017,"2024-08-03 08:10:17","Protectors of Rex",PofR,yellow,af,,1404.81,https://politicsandwar.com/uploads/cae86be0228c271173f053ac97ed15c8bb7b2461505.jpg
13018,"2024-08-03 13:22:28","Polynesian Alliance",ELITE,aqua,af,,2106.42,https://politicsandwar.com/uploads/4bdd9e97888875f92dff860e193df6ff8770b7cfx81.png
13022,"2024-08-04 16:32:31","Doom Incorporated","Doom Inc.",black,af,https://discord.gg/gHUM5vjMZd,20906.08,https://politicsandwar.com/uploads/57d8870e3e1e506d42fcda25f23839a1c98b2055500x285904.png
13033,"2024-08-08 17:26:51","Seductive Society",TSS,olive,af,https://discord.gg/SEpY7UDXqw,18925.44,https://politicsandwar.com/uploads/ce2e8406d612288283bbc81303bb5a27aa23de0e500x3000.png
13035,"2024-08-08 18:53:56",The-United-Nations,,black,af,https://discord.gg/fZ9VJKVXje,1039.58,https://politicsandwar.com/uploads/0c715424566d6dfdec52ad223e06662929661f76500x306597.png
13037,"2024-08-09 06:44:35","Galactic Federation Of Earth",,aqua,af,,960.49,https://politicsandwar.com/img/flags/unitedstates.jpg
13039,"2024-08-09 15:12:57","The National Potato Confederation",NPC,yellow,af,https://discord.gg/CCvZQA9Xgt,3946.58,https://politicsandwar.com/uploads/efac4416c75d7b48c4055adc9bb3d15d1d97190cx252.png
13040,"2024-08-09 21:01:22","Hells inc",,red,af,,834.35,https://politicsandwar.com/img/flags/canada.jpg
13041,"2024-08-10 04:57:22","Organization of United Pact",OUP,olive,af,,6086.41,https://politicsandwar.com/uploads/c223d629d809858d12ea9aa15bdcc83a8b6a6f3a500x300366.jpeg
13043,"2024-08-12 23:46:11","Rubikon Alliance Defensive",,black,af,,5445.96,https://politicsandwar.com/uploads/8957abed1d6424f56055c89e4542e35802f9c8cb399x300422.gif
13044,"2024-08-13 06:45:04","Federal Protection Union",FPU,green,af,,773.73,https://politicsandwar.com/uploads/cae86be0228c271173f053ac97ed15c8bb7b2461505.jpg
13048,"2024-08-14 23:46:16","Prusso Roman Imperial Union",PRIU,aqua,af,https://discord.gg/vf4uGxX3Us,30652.77,https://politicsandwar.com/uploads/0034faf5dcc69434ae833a0ddebd7195b7055f9b500x333253.png
13053,"2024-08-16 08:43:05","The House of Political Representatives",,black,af,,788.19,https://politicsandwar.com/img/flags/greatbritain.png
13054,"2024-08-17 01:41:21","Galactic Empire Of Orbis",GEoO,yellow,af,,3946.18,https://politicsandwar.com/uploads/8152ca129ea30184094501d53901835e413526bc500x333872.png
13056,"2024-08-18 04:55:21",TRIADS,,purple,af,https://discord.com/invite/fFJW6axwPX,5842.98,https://politicsandwar.com/uploads/cb3454b4c6231686e9a33bd5c0ea4bdfc62ff094500x333856.jpeg
13058,"2024-08-18 13:37:29",Nibelheim,,green,af,,8801.25,https://politicsandwar.com/img/flags/iceland.jpg
13065,"2024-08-20 03:32:49","Glacier industries",,black,af,,389.99,https://politicsandwar.com/uploads/979edde35d891e828aea9666fd7142e4423a04be1000x551220.jpeg
13066,"2024-08-20 15:53:56","Communist Coalition",,green,af,,931.48,https://politicsandwar.com/uploads/cae86be0228c271173f053ac97ed15c8bb7b2461505.jpg
13073,"2024-08-21 13:01:53",OCP,,white,af,https://discord.gg/UAxKbYTt5m,1341.32,https://politicsandwar.com/uploads/87e20ca533259334640e10967c0241e943ef5f53x547.jpg
13095,"2024-08-25 14:32:25","Ardventis Highlands",AVHL,olive,af,,1626.57,https://politicsandwar.com/img/flags/papaunewguinea.jpg
13105,"2024-08-28 04:18:30","Peace Pact Association",,lime,af,,799.88,https://politicsandwar.com/uploads/6c821aa8c707d2819875215de36566155f00dd46250x153546.jpeg
13110,"2024-08-28 21:31:07",JumboSox,,olive,af,,1940.86,https://upload.wikimedia.org/wikipedia/commons/4/49/Cape_Verde_flag_-_watermark_000_percent.jpg
13111,"2024-08-28 22:09:39","Valyrian Order",VYO,black,af,,66390.13,https://politicsandwar.com/uploads/8d35870d8632bcb7dd945199797e01dd656ff2aa500x300708.png
13114,"2024-08-29 15:53:58","Helig Pact Organisation",HPO,olive,af,,3122.93,https://politicsandwar.com/uploads/de5943f08673a586b33124b757ecd27e530e5f691000x612975.png
13116,"2024-08-29 19:31:03","Paladins of the Sacred Oath",PSO,purple,af,,2755.82,https://politicsandwar.com/uploads/ef27511ee842de87850b143523b72a7bb99074c4500x297512.png
13122,"2024-09-01 17:34:26","The Islamic States",,lime,af,,6635.29,https://politicsandwar.com/uploads/4fe48755af9bca928f110e80297460df60396e1ex191.gif
13128,"2024-09-02 21:37:00","United nations of the orbis",UNO,blue,af,https://discord.gg/UU6rkEMC,2724.32,https://politicsandwar.com/uploads/9ff20b5ae02f08b7e8c6ac06f8f72d5804286924x618.png
13133,"2024-09-04 14:10:13","Moroccan Alliance",MA,blue,af,,858.41,https://politicsandwar.com/img/imgur-old/8612b07bfc759823a1a90906a7964fb00849591a42.png
13137,"2024-09-05 04:37:59","CoCoPa PSEY",CoCoPa,lime,af,,0.00,https://politicsandwar.com/img/imgur-old/1ee2512088c8b26439a9b0335193f1c1d97a6ad0868.jpg
13141,"2024-09-06 06:47:45","Empire of the north",Emporth,aqua,af,,1081.52,https://politicsandwar.com/img/flags/sovietunion.jpg
13143,"2024-09-06 10:56:18","The Meat Men",TMM,black,af,https://discord.gg/j43SnFuuFb,25305.97,https://politicsandwar.com/uploads/4667d16c3557a36392151612b59c91756e86dc53500x246874.jpg
13153,"2024-09-08 16:46:46",WWHRT,,aqua,af,,9655.56,https://politicsandwar.com/uploads/67bf096674dbe7f8eb697923129c6fce43414e1bx962.png
13163,"2024-09-10 05:58:04","The Bleak Waters",BLWT,purple,af,https://discord.gg/YQ5RfEqwyZ,1416.94,https://politicsandwar.com/uploads/3f9b40ed83534e892d821738db90035e553c28d2300x300270.png
13170,"2024-09-11 13:15:13","European Broadcasting Union",EBU,blue,af,,0.00,https://politicsandwar.com/uploads/71e6ce0ebc02105fadb909fefcdb6f858e301a0d500x366945.jpg
13171,"2024-09-11 14:50:42","The Colonial Templar Order",,lime,af,,3912.86,https://politicsandwar.com/uploads/04dd8e3f1ea492db4db201cb3e429d1f5450887d1000x500504.webp
13173,"2024-09-11 19:08:47","Varangian Guard",VG,black,af,https://discord.gg/46HUBaNQPs,35592.25,https://politicsandwar.com/uploads/50ba97f2906c9bbbf8adf719b1b2167809a8717f250x88620.png
13175,"2024-09-12 01:22:26","Novus Junior",NOVUS,black,af,https://discord.gg/SRFAVWuEu2,29738.94,https://politicsandwar.com/uploads/75deff3379edac42fe186538431153b12fa4f2e8250x149197.png
13176,"2024-09-12 05:33:57","Union of Free Republics",UFR,red,af,,1446.60,https://politicsandwar.com/uploads/2159c1317b8c3648315cb3cee5e7838373b49d39x63.png
13183,"2024-09-13 18:38:32","domain expansion",,black,af,,557.55,https://politicsandwar.com/img/flags/betsy_ross.jpg
13184,"2024-09-13 18:46:21","New World Order",,red,af,,936.52,https://politicsandwar.com/img/flags/chinook.jpg
13190,"2024-09-14 15:22:38","Gen Alpha Brainrot",GAB,blue,af,,852.16,https://politicsandwar.com/img/imgur-old/173d0e2fd98a1c7dadf08f244780fd7e5e29ed30406.jpg
13198,"2024-09-15 23:13:22","Conservative Union",,blue,af,,1237.82,https://politicsandwar.com/uploads/7c77b6edfcca82c9e999ddecbba60d47fb78bb801000x562921.jpg
13202,"2024-09-17 07:27:12","Maratha Empire",,black,af,https://discord.gg/FSyJcnDK,23418.91,https://politicsandwar.com/uploads/66aa33c0c010440780bc6aa26b5c2c2ed4a7c267500x33322.jpg
13206,"2024-09-18 02:06:04","Union of Ununified Nations",U.U.N.,red,af,,4972.58,https://politicsandwar.com/uploads/0e458f712859b3a1b63d43a18c4e0c7bb4b157711000x608745.png
13214,"2024-09-20 16:52:35","The Grand Army of The Republic",GATR,maroon,af,,2836.93,https://politicsandwar.com/uploads/27b5d7e26e03da20e71e9d6e43f57c7c80efd3471000x612744.png
13218,"2024-09-22 04:49:30",Mordor,,black,af,https://discord.gg/tbNMmvm2Fr,10394.86,https://politicsandwar.com/uploads/3346575bf78bd372df691ff1a9eb81487540d748500x300225.png
13221,"2024-09-23 20:17:12","The Wall",,olive,af,,6309.74,https://politicsandwar.com/uploads/a9a3d293bf789f0f51ffac19a41f56ca40e40997500x250297.webp
13222,"2024-09-24 00:16:52","Pines Empire",,pink,af,,2169.55,https://politicsandwar.com/img/flags/serbia.jpg
13223,"2024-09-24 00:43:47","Union of the Proletariat",UotP,red,af,,1118.88,https://politicsandwar.com/uploads/31b3b603894dae5522a2de5cb572efa1f0f6824c500x333707.jpeg
13225,"2024-09-24 21:17:16","CRIMSON DAWN",CD,red,af,https://discord.gg/3mXxhHXNqU,17200.71,https://politicsandwar.com/uploads/f2b7a8a7aae2d7b04af03510a7c5742708481455500x25460.jpg
13231,"2024-09-26 19:05:27","Forward Base 441",FB441,black,af,https://discord.gg/KFvdzrKMt7,5274.75,https://politicsandwar.com/uploads/b2ac28f18ace8806070a7829b33980d3bfcbb8ac500x397385.png
13236,"2024-09-27 12:24:01","The Grand Red Army",,yellow,af,,1806.63,https://politicsandwar.com/img/flags/yemen.jpg
13243,"2024-09-29 00:19:25","Global Alliance",GA,lime,af,https://discord.gg/vJh5CXUHs3,22718.41,https://politicsandwar.com/uploads/1e28eb8964e87c16c0be2689299b617263daa9ef500x30098.png
13245,"2024-09-29 02:38:15","City Skylines 2",,purple,af,,16881.25,https://politicsandwar.com/uploads/e68c91197c9192b4080a6475a6bb790f31450ed5250x250991.png
13246,"2024-09-29 12:34:50","Dawn Alliance","The Risers",black,af,,1068.71,https://politicsandwar.com/uploads/66b79c9bdb3b074d7e6403101d882cac715bff81500x281459.jpg
13250,"2024-09-30 15:58:33",sillycats,silly,black,af,https://discord.gg/NqtjBcWHB5,24336.91,https://politicsandwar.com/uploads/da14fd43fb1093e0eb1614f74ba034cb5a0e4467x38.gif
13255,"2024-10-02 12:43:21",Boykissers,,black,af,,172.50,https://politicsandwar.com/uploads/5e8c46dc8480a4c02a4e8e7c4987739f31fa16f2300x300811.png
13261,"2024-10-04 17:46:55","Nordic APF",,aqua,af,,2848.33,https://politicsandwar.com/uploads/76c64ab48f37382438227c3530e4d6010e77e71d500x333237.jpeg
13268,"2024-10-07 20:04:55","The Golden Shower",GOLDEN,yellow,af,,7553.65,https://politicsandwar.com/uploads/252b44b90610b67a6fc4bf0fc7363b68f0b44d03500x312663.png
13269,"2024-10-07 21:21:18","Black Riders",,green,af,,10245.00,https://politicsandwar.com/uploads/c09f3d7659bbdfbb2e4002faf18aeec62b9af4b7x401.jpg
13271,"2024-10-08 06:11:39","Democratic Atlantis",DmA,lime,af,https://discord.gg/QzhFCrEQGh,16696.24,https://politicsandwar.com/uploads/67dc196f11433be1ad253befe8971766efd74f84500x28074.jpeg
13272,"2024-10-08 13:44:40","The Commonwealth of Nations",CoN,maroon,af,,1130.39,https://politicsandwar.com/uploads/3e20a8097b1be746cf990b9c535492ab67b7860ex879.png
13274,"2024-10-08 15:56:06","Vault of the Valkyries",,green,af,,6230.00,https://politicsandwar.com/uploads/991b707ba4497e5e7e9a073c2257ce8eb28ef05fx289.jpeg
13275,"2024-10-09 16:56:05","Marvel Inc",MCU,orange,af,,971.03,https://politicsandwar.com/uploads/2d67a1571cc6e463c8cd1ca0f95b79cdeba43cf4x437.gif
13280,"2024-10-10 17:33:07","TWR P&W Unofficial Community",TWR,red,af,,1043.04,https://politicsandwar.com/uploads/5f6796f655b2144423208c2b64719ba9e847af5ax157.png
13281,"2024-10-10 20:01:11","International Independence Institution",III,red,af,,0.00,https://politicsandwar.com/uploads/a5c262deb9f536615a7174ac9b1d3ec676234792500x333267.png
13283,"2024-10-11 03:52:48",DoomSquad,,black,af,,1112.19,https://politicsandwar.com/uploads/7d8d91284f1f04de860a25bcb74fd089c8024002x578.jpg
13286,"2024-10-12 19:31:43",Primal,,lime,af,https://discord.gg/B8gS88N348,37073.92,https://politicsandwar.com/uploads/ef8062cf82bfd7badf213f2b63657a0db018b40e500x281367.jpg
13288,"2024-10-13 04:59:48","North Atlantic Treaty Organization",NATO,blue,af,,2678.51,https://politicsandwar.com/uploads/2a8caec6829e6bf6af90422a2a2c3a3db01976e1250x185502.jpeg
13289,"2024-10-13 12:16:56","FREE CITIES TRADE ALLIANCE",,aqua,af,,2702.46,https://politicsandwar.com/uploads/a9ebc7cbc4900dfce4230ba4a57a232574cae8de925.jpg
13290,"2024-10-13 18:21:55",Spaghetti,SGI,black,af,https://discord.gg/qD3Dqraqhc,585.00,https://politicsandwar.com/uploads/9a250b72cee3056dbf009825538b1718773a20e2300x300159.jpg
13294,"2024-10-14 17:52:44","Port Alba",PA,green,af,,7013.50,https://politicsandwar.com/uploads/c34a00f6132a3fed19b986ce8e0efecbfeb34822x291.jpeg
13295,"2024-10-16 01:10:25",Retribution,RTRB,white,af,https://discord.gg/U7hTU4bXjc,63092.84,https://politicsandwar.com/uploads/d8bf9a08b9edf38f2a2c65976b77be2af847caa7x746.png
13299,"2024-10-18 13:48:41","Graig Imperial Federation",GIF,brown,af,https://discord.gg/DusdXKQjtt,223.10,https://politicsandwar.com/uploads/33b50119635273310e295f1d179fe6250dbabcc5500x306527.png
13300,"2024-10-19 02:29:37","Econ Haven",,blue,af,,1444.50,https://politicsandwar.com/uploads/48bea043a361d53cb688dabbc9eb2b59bbd3c9ec250x166232.png
13304,"2024-10-19 20:34:24","The Cavalry of Stal",,red,af,,875.12,https://politicsandwar.com/uploads/57b695fe30612ead824539e881b16e6c51716569x177.jpeg
13310,"2024-10-21 00:29:30","The Gamerite Syndicate",TGS,aqua,af,,864.04,https://politicsandwar.com/uploads/3a8416bcafe47d18a1ba5c2e295863bba1d236a3500x333484.png
13311,"2024-10-21 11:06:57","General Area of Three Ostritches",,brown,af,,7742.25,https://politicsandwar.com/img/flags/latvia.jpg
13313,"2024-10-21 21:07:56","Union Of Afrikan States",U.A.S,white,af,,4083.77,https://politicsandwar.com/uploads/63f45866ab81fc40e4f9169219baa330aff9120e500x306487.png
13314,"2024-10-21 21:09:51","District one",,red,af,,3799.67,https://politicsandwar.com/uploads/4b00cd349e6d672cd7a741aca0fee0abafdf659f500x300733.jpeg
13316,"2024-10-23 19:49:25","Middle East Union",MEU,yellow,af,,0.00,https://politicsandwar.com/uploads/6a7dc32492ea58c43a33d484647826dd397cc4ab500x219997.png
13318,"2024-10-25 19:17:21","The Prethoryn Scourge",TPS,black,af,https://discord.gg/NKGxcvu2Cz,5983.18,https://politicsandwar.com/uploads/83ae0be373b4ad1e8d4388724372c7154e696a27x90.jpg
13319,"2024-10-25 23:40:23","Perverted Alliance",,white,af,,1059.22,https://politicsandwar.com/uploads/534841b429428c5954ac617ec65d6ed7d3fe14ec1000x687121.jpg
13320,"2024-10-26 02:36:52","Imperial Republic",,black,af,,1223.78,https://politicsandwar.com/img/flags/betsy_ross.jpg
13321,"2024-10-26 06:33:10","Fascist Armed Forces",FAF,yellow,af,,446.00,https://politicsandwar.com/uploads/52c6989412111f9f8bb748d13f4545fc196805c3x633.webp
13322,"2024-10-26 06:36:39","The Scratchy Bears",TSB,brown,af,,1224.68,https://politicsandwar.com/uploads/0ec2ef9f40e745e7d101b06aa9f31f841fe2ff91500x306875.png
13324,"2024-10-28 14:56:35","Operation Fortune",,blue,af,,2187.50,https://politicsandwar.com/img/flags/piratesheep.png
13325,"2024-10-29 09:14:35","The Imperial Alliance",,yellow,af,,2585.50,https://politicsandwar.com/uploads/6befd371b8fd0678f83be293f3de31b768f0644d500x334509.jpeg
13326,"2024-10-29 12:28:32","The Franatic Kingdom",,yellow,af,,2567.14,https://politicsandwar.com/uploads/2049f57fde432fbae78301dc4579c8f1b59ad0f9500x312353.jpeg
13327,"2024-10-29 14:11:01",Sanctorum,,purple,af,,1555.13,https://politicsandwar.com/uploads/26b6fc648cb97f96bcc698797f928c5f688ec104500x315230.webp
13328,"2024-10-30 03:45:54","Los Paises Unidos",LPU,black,af,,1262.55,https://politicsandwar.com/img/flags/tibet.jpg
13330,"2024-10-30 21:46:18","The Iron Order",,aqua,af,,327.66,https://politicsandwar.com/uploads/9176721b5b4a3b431159836531921650f6d83a6e500x49995.png
13331,"2024-10-30 23:06:26","The Red Knights",,red,af,,1072.17,https://politicsandwar.com/uploads/29a490edb3e1c39676103a930de33281042db776x573.png
13332,"2024-10-31 11:46:54","Just a test",,aqua,af,,1108.72,https://politicsandwar.com/img/flags/romania.jpg
13333,"2024-11-01 13:14:55","W NATO QH",,purple,af,,3185.99,https://politicsandwar.com/img/flags/blooper.jpg
13334,"2024-11-01 18:06:57",Spectre,Spec,white,af,,9046.80,https://politicsandwar.com/uploads/93901f80717dd50ba4601ec77b8bc4bfb1ccaffb500x342435.png
13335,"2024-11-01 23:31:16","Not So Easy Street",,white,af,,5961.51,https://politicsandwar.com/uploads/f7ec3fd2ea28fe3f5430110d3023adcd1d3b2e151000x600221.png
