﻿alliance_id,date_created,name,acronym,color,continent,discord_server,score,flag_url
615,"2014-08-05 12:32:17","Seven Kingdoms",SK,orange,Ar,https://discord.gg/3uCF26s,37349.08,https://politicsandwar.com/uploads/86bdc587ed74b9544f5c2f523bb490d6016c483a500x281478.jpg
619,"2014-08-05 19:39:15",Guardian,Guardian,orange,Ar,https://discord.gg/wFbUzM2,303797.82,https://politicsandwar.com/img/imgur-old/200afe185770407ae6a603ade7ba9bfbad379813917.png
622,"2014-08-06 13:37:26","United Purple Nations",UPN,purple,Ar,https://discord.gg/mfUxYv7CyR,169254.55,https://politicsandwar.com/img/imgur-old/3f9d76b849ff553846c11a6097af797b3b9570bf680.png
623,"2014-08-07 10:12:02",Acadia,Acadia,aqua,Ar,https://discord.gg/9wKzZbU,0.00,https://politicsandwar.com/uploads/53a996d6308d048c5ad0b73e8897545657b86834773.png
770,"2014-10-26 13:21:40",770,LC,olive,Ar,,10062.95,https://politicsandwar.com/uploads/7e68e8a4fe661b701f8dea48baf5cec8bc118650500x300477.png
790,"2014-11-04 23:13:16",Rose,🌹,pink,Ar,https://discord.gg/Fp5Ngqg,762430.88,https://politicsandwar.com/uploads/44281a3850798414f684dd71788f77f00934c81a500x300893.png
831,"2014-11-21 17:26:29","The Syndicate",t$,green,Ar,https://discord.gg/qGPezMbPNw,504363.06,https://politicsandwar.com/uploads/4943f976375bf77cafa3a32b9df7772dd8d5da1a500x300258.png
866,"2014-12-08 09:18:04","Guardians of the Galaxy",GoG,lime,Ar,https://discord.gg/DVGzNXM,0.00,https://politicsandwar.com/uploads/111dd01422c16de66f4d06040c7451118efd002b957.png
877,"2014-12-12 23:23:13","Black Knights",👽,black,Ar,https://discord.gg/VrJFQMBH2R,198619.27,https://politicsandwar.com/uploads/daf9da0074799df3058008183e1069aa377fde16x990.png
913,"2014-12-19 14:34:25",Arrgh,Arrgh!,black,Ar,https://discord.gg/jCAQFtJ,164108.78,https://politicsandwar.com/img/imgur-old/c4ad8a85a57d1fedc2df54ac0d34bc882a83b441644.png
1023,"2015-01-26 15:22:05","The Fighting Pacifists",TFP,white,Ar,https://discord.gg/5yT5tWS,381902.08,https://politicsandwar.com/uploads/7e7434fbad13be647053a749c6e59174ade74f32500x3339.png
1210,"2015-03-21 22:52:21","World Task Force",WTF,maroon,Ar,https://discord.gg/3AXHN5B,104892.52,https://politicsandwar.com/uploads/7f1b6b4092cde322a7209affa489041e91427225216.png
1246,"2015-03-29 20:09:40",Farkistan,FU,blue,Ar,https://discord.gg/HDjRySg,78254.38,https://politicsandwar.com/uploads/100fe13335b6c085e46e699bf8d856d1ee996207315.png
1584,"2015-06-29 17:25:50","The Knights Radiant",TKR,orange,Ar,https://discord.gg/t7dzPAV,614563.14,https://politicsandwar.com/uploads/dd591ec853545bb030a9e9f674a8045570024897468.png
1634,"2015-07-13 22:58:28","Nuclear Knights",NK,pink,Ar,,2978.27,https://politicsandwar.com/img/imgur-old/2789fc1020e3724279488982a02ab4a29b558dad25.png
1723,"2015-08-08 02:13:24","TRUMP 2016",TRUMP,pink,na,,125.84,https://politicsandwar.com/img/imgur-old/e7f77385327365d10712e34790c1d27b19984cb4595.jpg
1742,"2015-08-14 18:32:07","The Wei",TW,white,Ar,https://discordapp.com/invite/B7rpfvx,134950.18,https://politicsandwar.com/uploads/bfa5f687341e5ad799acfdc9384f313d37fe537b500x300348.png
1896,"2015-10-05 16:50:32",Pantheon,🏛️,yellow,Ar,https://discord.gg/8w5mHFe,11931.68,https://politicsandwar.com/img/imgur-old/aabdb8d0f25956ba861bb1c365c404835995c5a5705.png
2082,"2015-12-01 16:15:42","New Pacific Order",NPO,brown,Ar,https://discord.gg/g5x6UZ4,4685.01,https://politicsandwar.com/uploads/f6d9d9cd426226b55504e8fe7c941c10cb7eb6ba700.png
2358,"2016-02-16 19:50:46",Polaris,NpO,blue,Ar,https://discord.gg/XkymPz2,117583.23,https://politicsandwar.com/uploads/cd836d96e3d94d2a00b7284a23e614bffdc519c0500x265423.png
2510,"2016-03-20 06:51:10","Order of the White Rose",OWR,green,Ar,https://discord.gg/NcugYxp,0.00,https://politicsandwar.com/uploads/df37fe596437c09410b1148dfc0a23c474cb1160500x300359.png
2594,"2016-04-04 10:01:03","United Socialist Nations",USN,red,Ar,https://discord.gg/e2VvhPwnb7,91497.02,https://politicsandwar.com/uploads/b359bc0758d97a417b49d116c1e147674fdfa9b3500x30032.png
3339,"2016-09-23 00:04:24","Grumpy Old Bastards",Grumpy,green,Ar,https://discord.gg/8BZztQQ,323896.94,https://politicsandwar.com/uploads/c3c6b42d867ffd38eafedaf07cdfda4469e82998454.png
3427,"2016-10-07 17:28:42","The Commonwealth",tCW,maroon,Ar,https://discord.gg/Gv26Kzr8ZU,256608.20,https://politicsandwar.com/uploads/ad35ecf48a1c3501ad40894ab7a47f4fdff81d95500x270195.jpg
3554,"2016-10-22 11:20:03","One is the loneliest number",Lonely,lime,Ar,https://discord.gg/8npsj67,1303.65,https://politicsandwar.com/uploads/1e49178196abe3b9f6411b663b515dcf2620fc5b946.jpg
3683,"2016-11-08 20:24:05","House Stark",HS,olive,Ar,https://discord.gg/qVRndGfJFc,172320.88,https://politicsandwar.com/uploads/2ca6c0f6672ee005f4b613520ad75bc63e9af00a500x333751.jpg
3940,"2016-12-20 00:38:26","The United Empire of ZahAharon",TUE,purple,Ar,https://discord.gg/yZmr9av,1665.00,https://politicsandwar.com/uploads/5ba2f1328cb1211b742c91c72d9c34db1248101b489.png
4124,"2017-02-01 17:00:43","Knights Templar",KT,green,Ar,https://discord.gg/Hkm7mMWGap,6434.07,https://politicsandwar.com/uploads/5ed63443e71713aae7819af4dd721beda896b1dd500x300832.png
4137,"2017-02-23 20:46:46","United Alliance for Freedom",UAF,olive,Ar,,1516.49,http://i.imgur.com/GfV4IMw.png
4149,"2017-03-17 18:06:30","Church of Spaceology","Evil Bo",purple,Ar,https://discord.gg/7rQ5vfY,2452.90,https://politicsandwar.com/uploads/319e04377bdb89d51581adcfe8401563cd82f61a651.jpg
4150,"2017-03-19 10:05:19",Yarr,GOLF,black,Ar,https://discord.gg/cbF74Dg,81968.73,https://politicsandwar.com/uploads/57056016e0494b5e9e860188582d4db5ac119883500x333979.png
4205,"2017-05-10 18:55:22","Cosa Nostra",CN,brown,Ar,,863.71,https://politicsandwar.com/uploads/157531a8ba85563bf518921e98ba9c91bf743cd3406.jpg
4221,"2017-06-11 12:22:29","Dark Brotherhood",DB,black,Ar,https://discord.gg/Uyn3m5D,180902.64,https://politicsandwar.com/uploads/3af8f5023602b9d1cd12588b7d379a0f9f896e43586.png
4271,"2017-08-09 02:18:58",Oblivion,"S H I T E",green,Ar,https://discord.gg/YRerfDpaKJ,82863.84,https://politicsandwar.com/uploads/a8910306b92fbce80d563dd429150b593f7cc575102.jpg
4397,"2017-12-10 03:25:36","Strickland Propane",Strickland,white,Ar,https://discord.gg/SFEpZNf,30349.29,https://politicsandwar.com/uploads/a118889f96a7c98bd6c465415353aaf6452d9915500x300529.png
4468,"2018-01-07 07:22:03","Purple Flower Garden",PFG,orange,Ar,,6535.00,https://politicsandwar.com/img/imgur-old/0f4f936ea7c16e834208f05cef1a98f6c0eddb47463.png
4567,"2018-02-23 02:31:21","The Golden Horde",TGH,yellow,Ar,,0.00,https://politicsandwar.com/uploads/0c2ce4037c47587bc3f2cb008800b6821f0850d7382.png
4568,"2018-02-23 08:41:56","Outer Heaven",OH,black,af,https://discord.gg/EdbQAyq,0.00,https://politicsandwar.com/img/imgur-old/2eb12dc171cecfd21d2fa45de656c0da27e45ffa683.png
4623,"2018-03-18 07:10:01","The Empire of the Moonlit Sakura",7K,pink,Ar,https://discord.gg/Df4AsDtbXh,0.00,https://politicsandwar.com/uploads/77a7d97093ba2365abccad3f88475c9d2769678584.jpg
4638,"2018-03-21 05:20:16","The Federation",TF,blue,Ar,https://discord.gg/DHT6kgc,121912.69,https://politicsandwar.com/uploads/bb7d4269a0b1df30032995f5d901db110a16bf73500x300919.png
4648,"2018-03-22 22:26:01",Aurora,AUR,green,Ar,https://discord.gg/ghbQ5QY,309456.62,https://politicsandwar.com/uploads/a5b0161b04704c3a80273041a3d613807015be24500x281702.jpg
4729,"2018-04-13 22:07:21","Church Of Atom",CoA,green,Ar,https://discord.gg/DCQsEuf,74065.93,https://politicsandwar.com/uploads/a18a33770a8efb8ce21bf21468d6f7d404e73392500x333798.png
4829,"2018-05-05 16:54:12","The Enterprise",e$,lime,Ar,https://discord.gg/B5QBJe6ZCZ,111027.38,https://politicsandwar.com/uploads/8a61e23ce14f9c3ae1a81548a7296a640477af01x691.jpg
4937,"2018-07-13 09:44:55",Camelot,🐲,maroon,Ar,https://discord.gg/AUVakUh53a,231047.78,https://politicsandwar.com/uploads/18336703d151779287112c3a4ee0c2a4b3465d2e500x30062.png
5012,"2018-08-19 21:19:31","Respublica Romana",R&R,pink,Ar,https://discord.gg/rUJyB4U,65727.95,https://politicsandwar.com/uploads/36d987062a4c564fc9496e64af9c71144da5fbff500x333737.jpeg
5039,"2018-09-09 00:20:10","Goon Squad",GS,green,Ar,https://discord.gg/uJGwKCK,32623.67,https://politicsandwar.com/uploads/f62cf330574ddc0dbd044b54a721efcbbef2d145647.jpg
5049,"2018-09-17 19:17:51",Carthago,CTO,olive,Ar,https://discord.gg/WAK7FWDkf8,214707.25,https://politicsandwar.com/uploads/9a7bcddab032abc1922f8e0821535c6b83e02067x109.png
5121,"2018-11-03 08:30:55","Lannister Mausoleum",,maroon,as,,0.00,https://politicsandwar.com/img/imgur-old/403b570738062b87c7e8982f6cca706324d65ff8303.jpg
5326,"2019-02-16 00:24:08","The United Armies",UA,red,Ar,https://discord.gg/pfZNF7ER7z,24427.22,https://politicsandwar.com/uploads/7fbf58ad4ca0b235b7b7087aba6dfb53be1ca00f500x25525.png
5343,"2019-02-25 01:03:00",Kazoku,KZ,yellow,Ar,https://discord.gg/HjfXc6H,559.80,https://politicsandwar.com/uploads/aa496341ce8393fa53c3e1c59e4b2586a47eecc2533.png
5476,"2019-05-06 16:50:03",Weebunism,🌸,brown,Ar,https://discord.gg/VMxbrMR,186375.55,https://politicsandwar.com/uploads/59f9326d615778b1cb789e4e4b5b9d652f0cdf21500x300580.png
5491,"2019-05-11 04:07:07","Si Hong",SH,red,Ar,https://discord.gg/TKJbwyJ,910.00,https://politicsandwar.com/uploads/730a1b5c50be58d2343759c9a83863bd96059c58125.png
5592,"2019-06-06 20:17:54","The Co-Prosperity Union",CPU,blue,Ar,https://discord.gg/BnzdHTb,1156.02,https://politicsandwar.com/uploads/fd796d900ca3403eef8a8ee805c3e26fd211d3df836.jpeg
5658,"2019-06-23 00:17:04","Unforgiven Legion",U.L.,purple,Ar,https://discord.gg/Wjek998,48932.78,https://politicsandwar.com/uploads/36d61fd23dfb027646186fdc247776350be7ddc8500x329366.jpg
5722,"2019-07-07 20:31:40","Whiskey Street",&,blue,Ar,https://discord.gg/RqWDk5Q,1624.17,https://politicsandwar.com/uploads/ebe4aedb7f3996d0fd30a11f67e825c50f6192e2500x300349.png
5735,"2019-07-12 10:10:05",Demacia,DEM,olive,Ar,https://discord.gg/Jhw3gqF,385.00,https://politicsandwar.com/uploads/811bba955c118239571e0e95f0d0c31f079f507c328.png
5796,"2019-07-22 00:48:26",Atlantis,ðŸ”±,aqua,Ar,https://discord.gg/eFTs7uR,0.00,https://politicsandwar.com/uploads/cf30a6de0dc187d67c51e9074f2b6e5688260560189.jpeg
5875,"2019-08-04 19:30:43","The Immortals",IMMORTALS,yellow,Ar,https://discord.gg/8w5mHFe,490101.41,https://politicsandwar.com/uploads/116d84b394b17c1268802788270d33c81370a6ebx767.png
5968,"2019-08-20 01:15:22","Green Protection Agency",OCTAVIA,green,Ar,,911.18,https://politicsandwar.com/uploads/ace09ba9e6759c7f52603ca86a0903a6573b5c9e64.png
6034,"2019-08-28 13:49:40",Mehh,Mehh,white,Ar,https://discord.gg/bQbkMcw,705.01,https://politicsandwar.com/uploads/ca272453a3f9462e54e3ce56e3f65992e5b90ead763.png
6076,"2019-09-04 21:51:01","Teutonic Order",NTTO,white,Ar,https://discord.gg/PJWybKapBB,0.00,https://politicsandwar.com/img/flags/sovietunion.jpg
6088,"2019-09-07 22:29:58","Terminus Est",💀,brown,Ar,https://discord.gg/7xSa8WrbJA,240395.99,https://politicsandwar.com/uploads/81d8cb1c9bbc1e79a04d44c72f6012b57e95b1aa500x300189.png
6126,"2019-09-14 03:39:06","The Lost Empire",TLE,pink,Ar,https://discord.gg/VNH3FpavTh,93169.88,https://politicsandwar.com/uploads/0e0f8f8f22770da805b604ea65075228a2f201f9500x258384.jpg
6143,"2019-09-16 21:48:55",Morningstar,🅼🆂13,black,Ar,https://discord.gg/SpxrYbq,77809.25,https://politicsandwar.com/uploads/71fa2df73a9bb2972e6b93d8a865aad33d11f3dax152.gif
6215,"2019-09-24 23:02:41","Soldiers of Liberty",SoL,blue,Ar,https://discord.gg/VkZQAUJQ9y,145605.82,https://politicsandwar.com/uploads/a520e30f32650b5855bf69b878f6e22f1df9a9dc500x300480.png
6696,"2019-12-06 07:02:25",AVENGERS,Avengers,brown,af,https://discord.gg/fAS8jH4,477.46,https://politicsandwar.com/uploads/58a76434a77202fc133e337d0f43b8f922babaa575.gif
6703,"2019-12-08 02:21:33",TheNorthWesternSouthRegionofthefarEast,NWSRFE,purple,af,https://discord.gg/D9rcD4n,4429.77,https://politicsandwar.com/uploads/bd3e8b523779389b08cd13b98e9676fe8853b8b3129.png
6811,"2019-12-29 00:12:47","Middle Eastern Pact",MEP,black,af,,645.74,https://politicsandwar.com/uploads/a88c47ed18fe54f8b95ceb6d951600380b77f4a7842.png
6877,"2020-01-07 23:40:55","Advanced Syndicalist Mechanics",ASM,white,af,https://discord.gg/SGgessb,123378.42,https://politicsandwar.com/uploads/1c8cb8d10c2166cb00c75e5c2e047eb76ba0cc5b450x300644.png
7000,"2020-01-19 18:26:32","Banana Stand",BS,green,af,https://discord.gg/t7dzPAV,28752.45,https://politicsandwar.com/uploads/1466a95f178f7afb9d62a46b63b6dd0fa2bfc043500x300988.png
7094,"2020-02-02 10:53:42","The Coal Mines",TCM,maroon,af,https://discord.gg/KuWBksWqwS,9348.59,https://politicsandwar.com/uploads/74ecc70a5b6a060b60e26a6675b4e0b27d151114x700.png
7183,"2020-02-10 04:10:44","Wizards Citadel",WC,purple,af,,1396.03,https://politicsandwar.com/uploads/650dccfaf831fbb93821ba62ab0413d8affa4d84275.png
7204,"2020-02-12 17:12:01",Elysium,ðŸ·,black,af,https://discord.gg/3xQtdrf,1059.06,https://politicsandwar.com/uploads/811f5f2040ae2da1c0c966c62a428a0ff2967380108.png
7249,"2020-02-19 19:32:31","The Firm",$f,green,af,,13083.75,https://politicsandwar.com/uploads/acde1ad6c273e804750867b1b278e85ffda51fb5589.jpg
7283,"2020-02-29 14:58:51","The Void Touched",VT,white,af,https://discord.gg/CqyqH3X,3569.15,https://politicsandwar.com/uploads/e4bf8c80bae18ad224f90387cb8c1ec17611b5a3616.png
7346,"2020-03-11 23:55:25","Chocolate Castle",CC,pink,af,https://discord.gg/V6Vmq96,14568.20,https://politicsandwar.com/uploads/ded131b45a77f67b7714b8cdd637041c914c8ba4500x333251.png
7366,"2020-03-17 17:48:08","Parisian Commune",,red,af,https://discord.gg/8gsTGb,2913.75,https://politicsandwar.com/uploads/ebb2052df6d96b2f1ef7e3fa3fc7502eb2ecffb2x243.png
7375,"2020-03-20 19:04:15","The Roxchean Confederations",ROX,maroon,af,https://discord.gg/YVVaGbB,0.00,https://politicsandwar.com/uploads/26eaf377d29b33c070e5da7e355ff04593a33b6037.png
7387,"2020-03-25 21:17:23","The World Civility Org",TWCO,blue,af,,391.26,https://politicsandwar.com/uploads/936596fb1e1c9f9109f9edba493536b848b015ec517.jpeg
7433,"2020-04-06 02:09:18","Almighty Corporation",ALMC,pink,af,https://discord.gg/aDnRmzH,10958.80,https://politicsandwar.com/uploads/f546e0e1042b03467c682e53bd214abff4fdaf5e500x3007.png
7450,"2020-04-12 18:27:50",Eclipse,☾,brown,af,https://discord.gg/sGzXF7P,432006.04,https://politicsandwar.com/uploads/4d9f63618d0efcb758bad4b9e1b5ae54c1ac2c9e500x300523.png
7452,"2020-04-13 19:15:17",Cataclysm,CATA,olive,af,https://discord.gg/QsJKSVzTmv,467451.60,https://cdn.discordapp.com/attachments/868735629108846592/993322927481167892/CATA_Flag.png
7484,"2020-04-25 14:13:28","Global Alliance & Treaty Organization",GATO,brown,af,https://discord.gg/E2vphryNYa,79657.00,https://politicsandwar.com/uploads/d754ecd4645f68c587ea065dd073a9ef1bfa726bx915.png
7515,"2020-05-08 20:44:08","The Atlantians",ATL,olive,af,https://discord.gg/G69KjEF,315.18,https://politicsandwar.com/uploads/7a9222af0ed22113d21d7d7abe414d15538f48fd490.png
7524,"2020-05-15 05:40:43","The United Republican Party",URP,olive,af,https://discord.gg/TX3ZeXqbt4,4747.83,https://politicsandwar.com/uploads/4e9fc32c3fa58bfccca8a2209f3a55ac9b84ce9981.png
7527,"2020-05-15 22:04:43",Oceania,1984,red,af,https://discord.gg/WwTKpCCeT8,10603.86,https://politicsandwar.com/uploads/7d62b113902894e7eb9e0047a2807c07666421ec500x298894.png
7530,"2020-05-16 17:20:32",Union,,black,af,,619.52,https://politicsandwar.com/img/flags/abkhazia.jpg
7531,"2020-05-17 03:20:14","Convent of Atom",CoA,blue,af,https://discord.gg/DCQsEuf,35817.13,https://politicsandwar.com/uploads/3be8eda535bbda4aa19bcc9d957141892af7fbbf500x333368.png
7536,"2020-05-18 22:40:16","Atlantian Council",AC,black,af,https://discord.gg/YpTqgmna,5176.93,https://politicsandwar.com/uploads/2d0c3536dbc8e0143b058913c1eb82916570189d678.png
7540,"2020-05-19 20:11:02","The Dead Rabbits",5P,white,af,https://discord.gg/YYFfrwSXyS,118353.02,https://politicsandwar.com/uploads/d3886ec292cf41f7d31fb0dbf812f70f0f51a00b300x300788.png
7545,"2020-05-21 00:06:20","Refugee Farmers","JOIN OR DI",green,af,,824.67,https://politicsandwar.com/uploads/4299bcad4d3d5f328c1bca6743cc118be192bef1641.jpg
7559,"2020-05-23 01:40:38","The Crimson Order",TCO,aqua,af,https://discord.gg/A4WhDwF,1250.06,https://politicsandwar.com/uploads/1430059a4ebb50a21a775944ce958ba2a2641e5c960.jpeg
7565,"2020-05-25 09:29:37","negeri johor",,orange,af,,3125.91,https://politicsandwar.com/uploads/2bf41fd1d21948a7c539d55f3b820492ccd61329676.png
7570,"2020-05-28 07:09:25","Prima Victoria",PV,white,af,https://discord.gg/P4cJZDP,296.19,https://politicsandwar.com/uploads/cb64434078a98f2f3fb45f822722bd45b8599478500x300234.png
7571,"2020-05-28 08:03:57","CENTRELINK AAA",Yam,brown,af,https://discord.gg/s4r2xuwEY5,1296.37,https://politicsandwar.com/uploads/e83cc4fec8a3d8b02147ea2108414997f2c12a10x810.jpg
7580,"2020-05-31 06:19:19","The Legion",SPQR,purple,af,https://discord.gg/RvEAPsp,228358.46,https://politicsandwar.com/uploads/8a7c1bf4941cd42ee3ab2b2f557a18673b53e9aex509.png
7584,"2020-06-01 23:25:07","The Pow Pow squad",,aqua,af,,565.26,https://politicsandwar.com/uploads/321809fc3cf1b9fb3935249251e982652a39163e978.jpg
7590,"2020-06-03 21:05:08","Shark Tank 2",,aqua,af,,1412.92,https://politicsandwar.com/uploads/73cdd4afc64c1d701ccc2c49f486ec25c5315fe9406.jpeg
7594,"2020-06-06 18:38:16","The no tax alliance",,yellow,af,,637.99,https://politicsandwar.com/img/flags/unitedstates.jpg
7622,"2020-06-20 22:52:38","Northern Lights",,pink,af,,652.39,https://politicsandwar.com/img/flags/sweden.jpg
7635,"2020-06-27 04:47:37",ThunderStruck,AC/DC,black,af,https://discord.gg/ZdsvZhUzfh,8405.63,https://politicsandwar.com/uploads/d54fb5193c0663b86b921ea0665f149d750a7067x29.jpg
7642,"2020-06-30 18:06:47",Titanio,T22,lime,af,https://discord.gg/bWCxJD3WJj,647.05,https://politicsandwar.com/uploads/fb81a440f7a2d1c304156441614bce21365e0865500x277587.jpg
7647,"2020-07-03 02:32:24","micro pockyclypse",AYY,pink,af,https://discord.gg/Wheaevc,0.00,https://politicsandwar.com/uploads/e753e8e61132b16df52cb57cb3eb5b00d43621f4500x312953.jpg
7674,"2020-07-15 00:11:14","The Mortals",TM,lime,af,https://discord.gg/8w5mHFe,30700.93,https://politicsandwar.com/uploads/29391cc46b88243fb532bd7ceabe958d1a4ab9f0500x333380.jpg
7698,"2020-07-24 06:27:38",NukaWorld,7K-7G-NW,maroon,af,https://discord.gg/rB9nEf9,760.69,https://politicsandwar.com/uploads/ad36737cfc320fafb79dbfe33848edefca2ddecfx377.gif
7699,"2020-07-24 20:20:41","New World Order",RRLOL,aqua,af,https://discord.gg/d9yZU4c,485.96,https://politicsandwar.com/uploads/644d86d658eef1e52e4074f16c49f560cd34d755384.jpeg
7704,"2020-07-27 11:18:43",boat,,aqua,af,,2408.78,https://politicsandwar.com/img/flags/cambodia.jpg
7707,"2020-07-29 02:04:53","Dragon Confederacy",DC,black,af,https://discord.gg/5BTpjEh,7322.19,https://politicsandwar.com/uploads/48cc3a386eb6ae5b4b6a03a2783e8ddbbc86721f500x300674.png
7722,"2020-08-04 05:05:13","bright rays",,blue,af,https://discord.gg/2sq83R,791.73,https://politicsandwar.com/uploads/b0e34fe0dbc50d3721ef7b0c9719e53b66ad28b4379.png
7750,"2020-08-17 07:27:40","United Ummah",UU,lime,af,https://discord.gg/8Q25CyE,88395.83,https://politicsandwar.com/uploads/7f1eb197aca5abbcab44a3486aac59fda9b77d56500x299362.png
7756,"2020-08-19 17:36:49","The Archangels",TA,yellow,af,https://discord.gg/vKFZ3NG,0.00,https://politicsandwar.com/uploads/c4cfa12a17f2b50b53bd1ec79c085bc43e430499890.jpeg
7757,"2020-08-19 18:32:31",Economica,,orange,af,https://discord.gg/6VZuSkn,329.63,https://politicsandwar.com/uploads/97e584f3d126dfd19c3af8abda8a6091978b7f91622.png
7758,"2020-08-21 21:42:04","District X",DX,blue,af,https://discord.gg/YtYGC95,535.00,https://politicsandwar.com/uploads/60c6fcc9bd540467d056f9461d15611a47c588fb760.png
7787,"2020-08-28 20:50:41","Black and white",,white,af,https://discord.gg/pEMf7hj,1048.01,https://politicsandwar.com/uploads/66a6ce025e94c7231252462e5054cc69aeccb5ce422.png
7797,"2020-08-30 14:18:00","Holy Roman Empire",HRE,maroon,af,https://discord.gg/mjk6rU,310.90,https://politicsandwar.com/uploads/640424b89579b62f63c28057819a4ca481ddc48f553.jpg
7802,"2020-09-01 17:11:37","Human Over",HO,black,af,https://discord.gg/4UQhnDM,3458.71,https://politicsandwar.com/uploads/fa9e221e74c4940701a321d0a33a5d946b768232796.png
7803,"2020-09-01 18:10:25","Laffeys Lair",LL,green,af,,5923.60,https://politicsandwar.com/uploads/132c6602ea53eb7450694a69cd63e36454a86b57356.png
7806,"2020-09-02 21:00:48","Neon Dystopia",,lime,af,https://discord.gg/CQ3b55G,1725.01,https://politicsandwar.com/uploads/a5dbad95a2446481c856407a104da68c772d872c286.jpg
7815,"2020-09-06 15:23:49","99942 Apophis",99A,black,af,https://discord.gg/yF24Mgk,24939.75,https://politicsandwar.com/uploads/d451c53bf1a6b5030083bf6f48aed590524d78dcx741.jpg
7817,"2020-09-07 13:07:35","Viridian Entente",Oink,green,af,,4835.13,https://politicsandwar.com/uploads/6b9f52504a4c973a23dd344460415d46d98655efx335.png
7843,"2020-09-20 02:47:16","United and Prosperous",,maroon,af,https://discord.gg/2RMsG8,1103.73,https://politicsandwar.com/uploads/8d9b894411890367c1150f318b60e463d63a11ae294.png
7868,"2020-09-28 21:47:03",Vibe,VB,blue,af,https://discord.gg/SYKDkBufqM,1411.33,https://politicsandwar.com/uploads/a3b242b9a263a7af7da65ac0cbe19cb939b8f054500x35754.jpeg
7870,"2020-09-29 19:21:14","The International Bloc",,green,af,,647.08,https://politicsandwar.com/img/flags/abkhazia.jpg
7882,"2020-10-05 15:58:19","Tierra media",,olive,af,,0.00,https://politicsandwar.com/img/flags/bolivia.jpg
7902,"2020-10-14 20:02:26","Wigglytuffs Guild",WG,pink,af,,0.00,https://politicsandwar.com/uploads/a10a4137bc22372c4ebff841c2bc43d855307dc5198.png
7930,"2020-10-23 04:52:39","The Eagle Federation",🦅,orange,af,https://discord.gg/nadhCMRge7,396.19,https://politicsandwar.com/uploads/668500e6f0fbafc8a5853a63e035ceab28783bb8500x300166.png
7931,"2020-10-23 14:48:43","The Imperial Federation",TIF,green,af,https://discord.gg/ssw9TZp,0.00,https://politicsandwar.com/uploads/7f0d7a36c405692df53d960f5b79ebd4d8045481344.jpg
7937,"2020-10-24 17:19:03","Concord Dawn System",CDS,yellow,af,,0.00,https://politicsandwar.com/uploads/aa603c20747893e90fd6783e891beaa602c1b85f917.jpg
7944,"2020-10-27 02:23:23",Acanthus,AH,yellow,af,https://discord.gg/3faDAWY,272.09,https://politicsandwar.com/uploads/f3d08320a9c158c8f8b27e89e838a22f8301f2ad276.png
7952,"2020-10-29 10:50:34",rally,,aqua,af,,723.95,https://politicsandwar.com/img/flags/andorra.jpg
7989,"2020-11-03 09:39:48","Corporate Union",CU,purple,af,https://discord.gg/sDpYRF8yDf,0.00,https://politicsandwar.com/uploads/85997d2bac2ad4f47e8dcc486a70a76d3ee9372c851.png
8027,"2020-11-10 16:36:26","The United Treaties",Welcome,maroon,af,https://discord.com/channels/891526189188001792/891745704765165578,869.94,https://politicsandwar.com/img/flags/croatia.jpg
8043,"2020-11-13 19:47:07","Spank Bank",SB,black,af,,0.00,https://politicsandwar.com/img/imgur-old/917568acf2b88122f2e687d5bcfe41c8db855e95744.png
8059,"2020-11-18 16:15:35","The Forum Cause",FC,green,af,,734.63,https://politicsandwar.com/uploads/9caba92d7e6de2cf974804271788fee7a6af3ff0256.jpg
8065,"2020-11-19 16:54:21",Deez,DK,pink,af,https://discord.gg/SKsmhM2p4Z,3057.67,https://politicsandwar.com/uploads/324114b495d89288bab41adef0a808e78c60d0cd103.jpeg
8080,"2020-11-22 17:21:55",Macedonia,,red,af,https://discord.gg/yBsUqqHQ,765.95,https://politicsandwar.com/uploads/eb8466ed2fbf33d4a0cc7d6b768e9f1eb5cb2eb5164.jpg
8100,"2020-11-28 23:15:28","The Company",TC,green,af,https://discord.gg/hJQ8jjHe2k,0.00,https://politicsandwar.com/uploads/704674ae503ff04b97feedba4c57540fd09712d2500x333411.jpeg
8136,"2020-12-14 16:52:15","United Contributes of North America",UCNA,blue,af,https://discord.gg/8mnHKSBSyc,410.76,https://politicsandwar.com/uploads/3fb80a8d6879d86958d00a7ca18dd4f0e1261fd9500x242208.png
8161,"2020-12-18 20:58:18","Ethereal Gang",EG,pink,af,https://discord.gg/ctDyD8pxSe,4301.91,https://politicsandwar.com/uploads/6d7fa89abe833d7f323fbd9f9120f9086ca0ff3e500x281682.jpg
8172,"2020-12-21 15:56:35","The Britlandish Union",TBU,purple,af,https://discord.gg/cuGnmPF2k5,1358.32,https://politicsandwar.com/uploads/9f11a7ec8fea4c123838cb292538beb06bc295dbx384.png
8173,"2020-12-21 16:16:11",Daedalus,DD,red,af,https://discord.gg/6JC4YB3Esz,48756.09,https://politicsandwar.com/uploads/84c124c04ff2a94ef8e8d22c21645c9ca5703124x676.jpg
8179,"2020-12-22 16:16:04","High Gods",,yellow,af,https://discord.gg/X5QJJgtr3z,363.76,https://politicsandwar.com/uploads/3d78f74319e8aa8dcace419a5a13bffe101059bc44.png
8206,"2021-01-04 02:39:03","Alpha Centauri",ACE,black,af,https://discord.gg/ev2WuPF2Hu,754.66,https://politicsandwar.com/uploads/4bbe80285731f06993ac137bbf463fd49110241d500x309406.jpeg
8207,"2021-01-04 19:53:30","The Monarchy",TM,red,af,https://discord.gg/7t48u4gNQy,4429.10,https://politicsandwar.com/uploads/8cd45b985680d1512a86c8ff4bf5b3adf201e42e500x248449.jpeg
8213,"2021-01-08 22:16:29","Order of Aster",OA,black,af,https://discord.gg/4ETMJwp8ab,368.30,https://politicsandwar.com/uploads/41174a1794c6e9812bc60ffeb5e4191757a725f1500x293100.jpg
8236,"2021-01-16 16:23:43","Name Withheld",❓,orange,af,https://discord.gg/UR6xqsBnVz,132654.94,https://politicsandwar.com/uploads/fd4511a43c82705c017f910df4397e9d84322481500x298939.jpeg
8239,"2021-01-17 18:53:54","Federation of kaia",,pink,af,https://discord.com/channels/800499138432204820/800499138432204823,0.00,https://politicsandwar.com/uploads/cbed14b430359d2c38c621949458ef5c226f9a7dx668.png
8249,"2021-01-23 07:20:02","United Monarchies of Orbis",UMO,aqua,af,https://discord.gg/eXStc6d44y,7500.13,https://politicsandwar.com/uploads/0f785bb4da8b6168e422538b07252549cf1cdda5500x300104.png
8250,"2021-01-23 19:14:53","United Bonkers",,white,af,,996.70,https://politicsandwar.com/uploads/da41a6f974ca2cd6f05dc008129727d87525d204500x341374.jpg
8257,"2021-01-25 05:26:14","rose but better",,red,af,,0.00,https://politicsandwar.com/uploads/a52d1789972fedd91e8698a4b3552454736ea0fd800.jpg
8266,"2021-01-28 13:56:34","THE WORLD ORDER",,aqua,af,,1614.05,https://politicsandwar.com/uploads/c9965c63c3808a2ac74e621098a4a7fd74ee10c7500x333685.png
8274,"2021-02-02 16:55:22","Capi Hnizdo",,purple,af,,0.00,https://politicsandwar.com/uploads/13a61a00deef7f1cd170f544a8d6bb32ccc109b363.png
8282,"2021-02-10 08:15:01","Antarctic Empire",AE,lime,af,https://discord.gg/4nAQM7RPj4,874.03,https://politicsandwar.com/img/flags/uganda.jpg
8283,"2021-02-10 10:25:47","Alcoholics Anonymous",AA,green,af,https://discord.gg/mMaT42Qv,1142.13,https://politicsandwar.com/uploads/adf2070e791ac5ad7fc5dc82698184070aae3cf3x420.jpg
8296,"2021-02-16 16:17:07","DCC nation",,pink,af,,1930.01,https://politicsandwar.com/uploads/a9d91d6fc7ea24516c9b3a105b8bb917d123e3ebx448.jpeg
8304,"2021-02-21 11:28:10",OPU,,aqua,af,,613.82,https://politicsandwar.com/img/flags/zaire.jpg
8317,"2021-02-27 14:49:28","Nations Over Seas",,purple,af,https://discord.gg/B9yCfBu,628.63,https://politicsandwar.com/uploads/dcb6db61f08c5488843b910056a71fbe0d552710500x333158.jpg
8319,"2021-03-01 05:16:27","The Republic",,maroon,af,,1066.78,https://politicsandwar.com/uploads/cae86be0228c271173f053ac97ed15c8bb7b2461505.jpg
8328,"2021-03-06 17:19:31","The Greater Hirvioitan Colonial Empire",GHE,blue,af,https://discord.gg/JxENchCar6,362.96,https://politicsandwar.com/uploads/564b9172350a002bd9dd836d3cec32b83a571e4c500x333980.png
8332,"2021-03-07 21:56:41","Special Antarctic Alliance",SDMA,pink,af,https://discord.gg/BfgtCXxSWs,695.55,https://politicsandwar.com/uploads/6e9279853232f57efd3ae1488af81f5be2de0ee7500x300170.jpeg
8336,"2021-03-08 20:17:20","League of Nations",LON,green,af,https://discord.gg/VWWtcE6mxt,421.73,https://politicsandwar.com/uploads/15eb57c89e0d7104fb1a425422400e3cbc3e0144500x300409.png
8338,"2021-03-09 22:28:19","The Fascist Order",,aqua,af,,699.59,https://politicsandwar.com/uploads/637e8fe8863f19de5c523b4e9d5a33d11227a96f1000x599431.png
8340,"2021-03-12 22:38:43","Hidden Leaf Village",HLV,red,af,https://discord.gg/wnzPnwbsKg,1533.51,https://politicsandwar.com/uploads/239751dd992b1523ef7a435b09b08367f878508dx620.png
8343,"2021-03-13 12:51:59","The Armed Peacekeepers",TAP,lime,af,https://discord.gg/5yT5tWS,138537.43,https://politicsandwar.com/uploads/605a88b5dd09ad8afe646e9cbff512684dc8aa8bx511.png
8344,"2021-03-13 15:36:30","United Nations of Canerica",UNC,lime,af,https://discord.gg/PtPd35BC46,1996.07,https://politicsandwar.com/uploads/b30e5d3ece8ef5ed35ab67ad8d8b643eb3dc22ea500x300809.png
8345,"2021-03-14 02:19:03","Temple of Morningstar",,black,af,,2151.25,https://politicsandwar.com/img/flags/europeanunion.jpg
8349,"2021-03-14 23:04:25","The Aegis Alliance",TAA,purple,af,https://discord.gg/p3ArwefDJf,35831.28,https://politicsandwar.com/uploads/00781fc1786e5d3e6ecde45c3f2df4855cae554cx186.jpg
8354,"2021-03-18 06:36:50","The Unity",,black,af,,574.66,https://politicsandwar.com/img/flags/betsy_ross.jpg
8363,"2021-03-23 13:13:18","Ukrainian Team",Ukrairus,blue,af,https://discord.gg/g49fzJyX,999.29,https://politicsandwar.com/uploads/4f49d0239b05df32c783d29c55ca0fc4981236c1500x281189.png
8365,"2021-03-23 16:13:37",GudeLand,GUD,purple,af,https://discord.gg/JPUY6qryy2,324.22,https://politicsandwar.com/uploads/31a249911990a27e7059a2d4fb79f933ff66cf94500x31698.png
8366,"2021-03-24 01:34:08","Imperial Union",TIU,maroon,af,https://discord.gg/QZwTvYy27v,650.39,https://politicsandwar.com/uploads/5f289a360fbfdc6f167cfcf1338d769332c5a075x497.png
8368,"2021-03-24 06:02:08",Sanctuary,Sanct.,blue,af,https://discord.gg/kyHg9dumN8,103725.51,https://politicsandwar.com/uploads/d0140d1a6f4ce4487051c6bab51f7ce96eaf3dd4500x30067.png
8375,"2021-03-26 03:29:15","Council of Nations",CoN,olive,af,https://discord.gg/AwdwjMpesb,1055.07,https://politicsandwar.com/uploads/12e647cc9e58b48a7956d14246372a5e73bab8aax173.jpg
8381,"2021-03-29 04:13:30",Sunrisers,,aqua,af,,665.95,https://politicsandwar.com/img/flags/india.jpg
8383,"2021-03-29 19:40:52","Mutual Support Nations",TMSN,lime,af,https://discord.gg/HypVNrZXub,944.91,https://politicsandwar.com/img/flags/germany.jpg
8395,"2021-04-02 00:04:35","The Winter Council",WC,purple,af,https://discord.gg/tZYUvAPzT6,842.76,https://politicsandwar.com/uploads/57df345c3bec990d045fd7013ae9446655fbfc85x92.png
8398,"2021-04-03 21:05:15","Not Only Satanic Anarchism",N.O.S.A.,black,af,https://discord.gg/z8Cf4vvgza,1465.76,https://politicsandwar.com/uploads/f87c7b1fbdb97e589bee112094e90ec575799c07500x281880.gif
8399,"2021-04-03 23:18:39","Ancient Germanic Tribes",AGT,red,af,,2144.95,https://politicsandwar.com/img/flags/germany.jpg
8406,"2021-04-07 18:12:43","British Empire",,red,af,,574.71,https://politicsandwar.com/img/flags/greatbritain.png
8414,"2021-04-09 02:55:09","Socialist Union",SU,red,af,https://discord.gg/fJmU5GCB,0.00,https://politicsandwar.com/uploads/88b772377447a0c13353b13b080d7416efd6e512500x250873.png
8416,"2021-04-09 17:14:28","Christian Minecraft Server",,green,af,,885.01,https://politicsandwar.com/uploads/99e53a2266351665cf4a547188c2d02ecd25b192300x30019.jpg
8426,"2021-04-12 02:39:19","The Southern Union",SU,red,af,https://discord.gg/Gj2uGBuW9m,583.38,https://politicsandwar.com/uploads/5fc964f41f531a1624839889a2f23ec14737d883500x436800.jpg
8427,"2021-04-12 13:06:01","The Chicken Sea Horse Alliance",CSHA,white,af,,895.82,https://politicsandwar.com/uploads/ce9890da6ec76c587cdf7a908bb6f9a758897e7a1000x599499.png
8428,"2021-04-13 04:11:07","The Bro",,red,af,,328.61,https://politicsandwar.com/uploads/dcbc71550ba44ca12c4df743ae3849937ef223691000x587421.png
8429,"2021-04-13 11:24:15","The Elites",TE,black,af,https://discord.gg/8Bu48ZPsRv,150644.38,https://politicsandwar.com/uploads/7cdd3d01c45feb1ff27745c9f72d7ab26daa0884x187.jpg
8439,"2021-04-16 22:04:37","House Of Tragedy",HT,brown,af,https://discord.gg/hxZrR7HCnu,0.00,https://politicsandwar.com/uploads/b036d26275fd6c8f5d21cad0334daa241101386b500x33338.png
8442,"2021-04-18 18:00:44","The Inquisition",TIQ,brown,af,https://discord.gg/apnP6SZ5Je,79127.92,https://politicsandwar.com/uploads/c78dda262478847c616fe845636d88edd9e3d28d500x300202.png
8445,"2021-04-19 22:26:49",Galaxias,gLx,lime,af,,3411.94,https://politicsandwar.com/uploads/fbe27012ddb1470c04802b102f17f875a0fe6709500x300279.jpg
8451,"2021-04-21 20:35:16","Big Brain Bureau",BBB,white,af,,2951.80,https://politicsandwar.com/uploads/71136d8179bbd31921826882fb0bafdab04b4a8b250x205248.jpeg
8459,"2021-04-23 17:20:18",Genesis,GNS,aqua,af,https://discord.gg/Yhv73hftkU,124603.29,https://politicsandwar.com/uploads/0ed07e89f4be80b9de2639cb4b282803e2917f7d253x150482.png
8463,"2021-04-24 20:25:59","The Valyrian Freehold","DEATH TO A",red,af,https://discord.gg/gJhhdQkNV3,2396.97,https://politicsandwar.com/uploads/f7f2bd114b2498d407e6a6815f0edfd8364b9c01500x300836.jpg
8467,"2021-04-25 17:51:42","The United Order of Concordia",UOC,purple,af,https://discord.gg/akDKXyAyur,604.53,https://politicsandwar.com/uploads/65184fd813466a9aeedac0a2656e36d790b8a2d4500x281396.png
8470,"2021-04-26 12:25:32","The Elementals",T£,purple,af,https://discord.gg/uPS5ZZHs,10190.93,https://politicsandwar.com/uploads/4f293a2f03076f10121cd164eac6a80cfb994d4ex593.png
8481,"2021-04-29 18:05:18",Alliance,APP,white,af,https://discord.gg/y8nq6cCNUJ,925.53,https://politicsandwar.com/uploads/136809f20e0f89c8d4d35ee0ff17cf69c5cc9f36500x300535.png
8488,"2021-04-30 20:44:31","United Nations of Manufacturing States",UNMS,aqua,af,,278.01,https://politicsandwar.com/uploads/cae86be0228c271173f053ac97ed15c8bb7b2461505.jpg
8498,"2021-05-02 22:40:32","Fear and Loathing",FNL,orange,af,,556.84,https://politicsandwar.com/uploads/f22518b990094f5489e0f9f02c6c5158a27dd753237.jpeg
8502,"2021-05-03 01:54:43",Paragon,Paragone,green,af,https://discord.gg/MDYdBkzFh4,362.78,https://politicsandwar.com/uploads/bac0fbb1528b844805721eaeef3607a1086eb085500x281584.jpeg
8514,"2021-05-05 04:40:42","Republic of Nassau",Nassau,black,af,,2526.68,https://politicsandwar.com/uploads/d72022e51f6b9a55781d1d3134e401d3f480fa5f500x250329.gif
8519,"2021-05-05 20:20:50",Raiders,,orange,af,,1417.16,https://politicsandwar.com/uploads/7858b007e83575381cc329b7ced0b619e973e858500x497257.png
8520,"2021-05-05 22:39:08","Dawn Rising",DR,green,af,,6887.10,https://politicsandwar.com/uploads/40b090b6c5e9457fc4c0a26ebde1f84a100dab5a500x285618.png
8523,"2021-05-06 11:58:58",Syndicate,,green,af,,0.00,https://politicsandwar.com/img/imgur-old/50f00358efcff087771bef75555e341d5e56b302578.jpg
8531,"2021-05-07 17:08:54","Union of Soviet Socialist Republics",USSR,red,af,https://discord.gg/8C8cSUqHaM,104765.70,https://politicsandwar.com/uploads/6bcd8aaec61fb540c5ce901185cac4b36459e8c4500x300215.png
8550,"2021-05-11 14:18:01","Regni Animalis",RA,yellow,af,https://discord.gg/y7mm9X6mzG,2616.71,https://politicsandwar.com/uploads/543006b9f45367df5349fe90b064c33c0fb1f057250x166617.jpg
8556,"2021-05-13 04:39:23","The underworld",,green,af,,580.20,https://politicsandwar.com/img/flags/newzealand.jpg
8561,"2021-05-13 18:43:32","Freaks and Geeks Alliance",F&G,blue,af,,1546.22,https://politicsandwar.com/img/flags/americansomoa.jpg
8568,"2021-05-15 18:54:20","Axis Powers",,blue,af,https://discord.gg/8VNA7943,483.06,https://politicsandwar.com/uploads/51b862379ce9450784e95ca984c8935c88bd1b5d500x333305.jpeg
8570,"2021-05-15 20:34:52","Stormtrooper Corps",SC,red,af,,919.58,https://politicsandwar.com/uploads/c78e4d202f6ac0d695c373131c54e1d3b8660a06500x278712.png
8577,"2021-05-17 12:58:42","Heung Shing Corporation",HSC,maroon,af,https://discord.gg/uGXdCrZ8Sh,34565.60,https://politicsandwar.com/uploads/47dc0f39100b21e36f84c8e16db124adebb15d35500x497903.jpg
8582,"2021-05-19 03:44:26","The Arcane",,purple,af,,346.16,https://politicsandwar.com/uploads/1ee59cffd6fb78bba29b1a903e09109309b1c4d2500x281366.jpg
8586,"2021-05-19 22:14:29","Bad Company",,green,af,,0.00,https://politicsandwar.com/uploads/e0398def67fa2dea329e74ef2e4dcfa692b4fc6d690.png
8594,"2021-05-21 15:55:19","Otaku Shougaku",OS,aqua,af,https://discord.gg/DtM8GP8kXd,49512.24,https://politicsandwar.com/uploads/8b120c02b79caff2c7564d1380249cb3442bcb9c500x300864.png
8596,"2021-05-22 02:08:16",vectored,,green,af,,536.68,https://politicsandwar.com/uploads/2fe08518e757a713006eafa1d23b711a0d04c499x767.jpg
8598,"2021-05-23 06:06:53","Money Revolution",,maroon,af,https://discord.gg/AyWWgZWT65,606.15,https://politicsandwar.com/uploads/a2a631e63f72846f8c5af619a72608a87ffc79f8300x300323.jpg
8607,"2021-05-24 19:53:41","Concordian Entente",,white,af,https://discord.gg/cZWhbMRVdh,870.00,https://politicsandwar.com/uploads/cb3cc517ceefafd231da96440e2552f85eb960f8500x285864.png
8616,"2021-05-25 05:37:20",HedgeFund,♙HEDGE,maroon,af,https://discord.gg/ZfgyFDTeYg,17707.88,https://politicsandwar.com/uploads/3a161ec7fca34d7173873eaeb4dd1901fb16e504500x333394.png
8617,"2021-05-25 08:37:16","Free Palestine",Pali,white,af,,1332.23,https://politicsandwar.com/img/imgur-old/f8780813dabb760f0ac92421e737f2abb40ab1a217.png
8624,"2021-05-25 23:47:05",Wizards,Wzds,olive,af,,5591.85,https://politicsandwar.com/uploads/0944af58a43f58e06d93bbc812756294005eec2b19.png
8634,"2021-05-27 04:34:13",Argenlet,,aqua,af,,270.71,https://politicsandwar.com/img/flags/betsy_ross.jpg
8635,"2021-05-27 04:42:23","The Dark Conclave",,olive,af,,0.00,https://politicsandwar.com/img/imgur-old/b104ce060d6d84a97dece130e63d84b3a6577563971.png
8649,"2021-05-30 00:36:52","Grand Imperial Federation",GIF,lime,af,https://discord.gg/2T9EW6Gp8z,3606.88,https://politicsandwar.com/uploads/
8650,"2021-05-30 02:16:51",Wellington,WELL,blue,af,https://discord.gg/4NwpDyV3E9,1572.89,https://politicsandwar.com/uploads/1bfbfd55206b6f50b1abafa09a3a1088796a1cf5500x300182.png
8651,"2021-05-30 04:06:28","United Commerce Republic",UCR,blue,af,https://discord.gg/285PzvEbqE,58271.89,https://politicsandwar.com/uploads/81c427bce43293d96cfc1e852f72c4d549312b09x947.png
8658,"2021-05-31 19:30:04","Union of Costal States",UCS,green,af,,1090.89,"https://upload.wikimedia.org/wikipedia/commons/4/41/Flag_of_Orlando,_Florida.png"
8660,"2021-06-01 16:02:13","The Alexandrian Council",,black,af,https://discord.gg/vrA8EW4sB5,1483.74,https://politicsandwar.com/uploads/ec918adba721e4197e0593f6945a69ae45944cb3500x333870.png
8680,"2021-06-04 21:17:42",TARGARYEN,,black,af,https://discord.gg/PEsyV9m,803.21,https://politicsandwar.com/uploads/cc0d5960a3ef5ded64e243a8652f33d35436ff89500x281547.jpg
8696,"2021-06-07 15:24:52","The Peaceful Alliance",,green,af,,836.83,https://politicsandwar.com/img/flags/canada.jpg
8701,"2021-06-08 22:40:06",abcxyz,AZ,red,af,,610.45,https://politicsandwar.com/img/flags/default.png
8712,"2021-06-11 01:11:23","Angry Cats",Cats,olive,af,https://discord.gg/nhjQV6nZCJ,845.32,https://politicsandwar.com/uploads/f2e0256fa1e46f58624e4766fe1d66e431463f77500x375849.jpg
8716,"2021-06-12 04:49:07","Standard Steel",Eses,red,af,https://discord.gg/Jpwc7xs3FR,8173.48,https://politicsandwar.com/uploads/fed9662a456d1d7f5a1802a2fc89d507b3984208500x460906.png
8734,"2021-06-16 08:05:45","EG 2",,pink,af,,0.00,https://politicsandwar.com/img/flags/betsy_ross.jpg
8738,"2021-06-17 17:37:33","Spetsnaz Mercenary","The METRO",red,af,https://discord.gg/HbcXwpyK,514.23,https://politicsandwar.com/uploads/9ef52b3b8e657f5178a42070073bd2a4abff06b2314x300541.jpeg
8739,"2021-06-17 20:26:02",TUF,,red,af,,750.01,https://politicsandwar.com/img/imgur-old/d8c1a874f60de1a1b993163e84152484bdec5b72262.png
8746,"2021-06-19 18:51:06",Bombardier,BOMB,white,af,https://discord.gg/RCmEGrQStU,1435.41,https://politicsandwar.com/uploads/0554b6a62d4cfddaecb948d3773d9d3020cf6c0e500x300362.png
8752,"2021-06-20 22:41:26","Coalition of the Freshest",,red,af,https://discord.gg/KKjEg6bs3a,1936.77,https://politicsandwar.com/uploads/f1594427fa5dc5ca0f42fe96a88d0762d04af127500x283937.png
8755,"2021-06-22 01:11:56",Dirty_Deeds_Done_Cheap,,aqua,af,,1325.73,https://politicsandwar.com/img/flags/texas.jpg
8762,"2021-06-24 20:39:20","Confederation of Nations",,aqua,af,,777.74,https://politicsandwar.com/img/imgur-old/d33bdef049ea1efcc72a76ba005395ead45624ae697.png
8774,"2021-06-29 15:28:59","Asian Co-Prosperity Sphere",,green,af,,596.01,https://politicsandwar.com/uploads/37a1291a58a62f55ac452b681349779351165658500x375243.jpeg
8777,"2021-06-30 23:42:37","Bourbon Street",Bourbon,blue,af,https://discord.gg/UaKrXSJEa4,135284.52,https://politicsandwar.com/uploads/a060341ddb3c7e7f7038510de31201f14295c7c5500x300478.png
8785,"2021-07-03 09:13:08","The League of Independence",,green,af,https://discord.gg/yXsErAem,378.73,https://politicsandwar.com/uploads/cae86be0228c271173f053ac97ed15c8bb7b2461505.jpg
8788,"2021-07-05 01:21:19",CANZUK,CANZUK,red,af,https://discord.gg/mVaDzhtq,1277.15,https://politicsandwar.com/uploads/ef8e90011e051454da120e4d46ca29c8a67ed667500x260413.png
8791,"2021-07-06 04:26:13","Xin xi",,red,af,,581.26,https://politicsandwar.com/uploads/5b507fa1149bf15f368da0358348cb66884a8b12x910.png
8799,"2021-07-09 08:34:26",Disney18+,D,lime,af,https://discord.gg/hVQBGZT5Cs,0.00,https://politicsandwar.com/uploads/728615fc1e1e7c2566f7a4ab1b1150ec213ed56b500x333396.png
8804,"2021-07-10 00:35:18",Serpentis,SERP,purple,af,https://discord.gg/Rnyvj3NMp7,157385.23,https://politicsandwar.com/uploads/b86cddce18a6c83ca99b09eae9cd5f6c7b8d490c500x281987.jpeg
8809,"2021-07-11 23:38:35",INTERKOSMOS,,red,af,,636.51,https://politicsandwar.com/uploads/df0b06e6150cccaf53d0fa9fa672d5ba2d241af1500x250402.png
8815,"2021-07-14 22:18:06","Diamond Forces",DF,aqua,af,https://discord.gg/sst3Pvj4XD,1077.56,https://politicsandwar.com/uploads/1d51a66b15e60d689bf7e628f2f79e44e05cdd00500x333158.jpeg
8818,"2021-07-15 08:51:42","Royal Trading Company",RTC,pink,af,,350.12,https://politicsandwar.com/uploads/0968bedcabfcac5a97e0eb62ccbc8c715b70201d218x300613.jpg
8819,"2021-07-15 20:20:04","The Hive",tH,red,af,https://discord.gg/UBQsYVYDGn,70227.70,https://politicsandwar.com/uploads/c7296ade8e0b439c627ec7b833659430c5be85d7500x30070.png
8824,"2021-07-19 01:32:35","Western European Free Trade Alliance",WEFTA,white,af,,1805.65,https://politicsandwar.com/uploads/85c4bb2980de0042748e3b2a10c4fcae4d2e6cdc446x300508.png
8838,"2021-07-24 04:17:17","Just a bank",,aqua,af,,705.28,https://cdn.discordapp.com/attachments/442900043683332096/443503770748452864/es_flag.jpg
8840,"2021-07-24 15:15:07","Kings Ransom",,black,af,,820.78,https://politicsandwar.com/img/imgur-old/ecae298217bb0247313e5e4d339715d9cd521c8a14.png
8846,"2021-07-25 05:58:11","Peace Alliance",P.E.A.C.E,white,af,https://discord.gg/gZefndyfHp,355.91,https://politicsandwar.com/uploads/869d0480b6d2e6e1e36b1ebb4bb67eec58ad83fbx952.jpg
8854,"2021-08-01 14:04:02","The Noble Federation",TNF,white,af,https://discord.gg/Ek7zv4ZxAt,1146.43,https://politicsandwar.com/uploads/a32fa721727d9f16075e82629c8e1193feb888a9500x333640.png
8856,"2021-08-01 21:49:55","The allied mercenary armys",,aqua,af,,0.00,https://politicsandwar.com/uploads/cae86be0228c271173f053ac97ed15c8bb7b2461505.jpg
8868,"2021-08-04 23:08:26","The Imperial Army & Aerospace Forces",IAAF7K,blue,af,https://discord.gg/PK9yK5M,0.00,https://politicsandwar.com/uploads/18244bfed7077385b7b057233194e19bebc9560e466.png
8869,"2021-08-05 23:06:13",OnionGang,,green,af,,2706.95,https://politicsandwar.com/uploads/361637cc653a0d1bca6805ac6ae41f5b59fca25ex207.png
8877,"2021-08-11 01:34:12","Special Diplomatic Alliance",SDA,pink,af,,1354.27,https://politicsandwar.com/uploads/cae86be0228c271173f053ac97ed15c8bb7b2461505.jpg
8889,"2021-08-14 02:03:59","Vanguard Alliance",VA,lime,af,https://discord.gg/t4YbYMrScY,1037.31,https://politicsandwar.com/uploads/516deca4135dbc4a114f17a46572f5637ef9e118500x300850.png
8899,"2021-08-16 18:09:58","Federated States of Orbis",FSO,blue,af,https://discord.gg/FbjJnx37ea,163111.95,https://politicsandwar.com/uploads/d31ac957e405ffd4ae2f551a5c8df955ef95d977500x300669.jpg
8900,"2021-08-17 20:31:54","Admin Alliance",,aqua,af,,4800.01,https://politicsandwar.com/uploads/37ca458b5444264e04dc8d7fcd0d77e46d03eecfx3.gif
8906,"2021-08-18 05:57:37",DEFCON-5,DC5,purple,af,https://discord.gg/bVGSSCVjmg,12608.80,https://politicsandwar.com/uploads/e45f96c6bd8bf91e52b553af4019517caf44e5ec366x300895.gif
8911,"2021-08-18 20:54:29","the axsis",,purple,af,,0.00,https://politicsandwar.com/img/imgur-old/d33bdef049ea1efcc72a76ba005395ead45624ae697.png
8923,"2021-08-20 00:23:47","The Soul Society",,white,af,,0.00,https://politicsandwar.com/img/imgur-old/bc0d4e40ed2b8f89a514c7ed0e6cb5c7660b46c3375.png
8926,"2021-08-20 02:34:45",Gallowglass,,yellow,af,,13414.73,https://politicsandwar.com/uploads/1879c42868e24115dfad9204c812d002bddc96ca500x331191.jpg
8934,"2021-08-22 08:51:20",Excalibur,,maroon,af,https://discord.gg/R63vEfPa2c,0.00,https://politicsandwar.com/uploads/dc16ee04d4aeb1dc00949b816e9fa49cc93a6b5c500x366912.png
8940,"2021-08-23 08:35:50","Grand Lynx Alliance",GLA,red,af,https://discord.gg/fA79jJ66yR,2136.45,https://politicsandwar.com/uploads/99256ef62c31fcc48b5450a046b25f84b433112e500x300190.png
8948,"2021-08-24 15:14:24","Farmer Warrior",,white,af,,1700.50,https://politicsandwar.com/img/flags/taiwan.jpg
8972,"2021-08-29 00:02:41","Brotherhood of Flames",TBF,aqua,af,https://discord.gg/BRQ7muzmVr,748.50,https://politicsandwar.com/uploads/7185418d272ea39e5fdd5e32f97335d9f7fb75c8500x300460.png
8981,"2021-08-30 16:30:40",Amazon,AZ,white,af,https://discord.gg/hnJP8u4QJJ,545.54,https://politicsandwar.com/uploads/85f03700cbc7f0d72e6c604066ec333012e38351274x150456.png
8990,"2021-08-31 23:39:47","Pax Pacifica","PAX PAC",white,af,,461.12,https://politicsandwar.com/uploads/34abbc460f14136af632f6a0b781a480aefb3aca1000x500673.png
9000,"2021-09-01 02:53:36","The Hand of Fate",HoF,orange,af,https://discord.gg/RyPP7hBKqs,186017.22,https://politicsandwar.com/uploads/edcab00901317bd2b386ea4dd4ddd6d4958b58bf500x300991.png
9011,"2021-09-05 03:07:18","Rio Socialist Republic",,aqua,af,https://discord.gg/YPafPQC7qy,1375.03,https://politicsandwar.com/img/imgur-old/d33bdef049ea1efcc72a76ba005395ead45624ae697.png
9024,"2021-09-08 02:55:42","Comintern of Icropolis",,red,af,,1987.58,https://politicsandwar.com/uploads/3c0380146e62fc336a8daa9f98ee6d256a4511d1500x334629.png
9027,"2021-09-08 13:30:10","A Group of Nations",,aqua,af,,0.00,https://politicsandwar.com/img/flags/texas.jpg
9032,"2021-09-09 00:57:19","NEW SITH EMPIRE",NSE,blue,af,https://discord.gg/KqBaSxSm,3664.04,https://politicsandwar.com/uploads/70e23555b0ce02be2cfae8d2ba00c9f141a1dd08x21.png
9034,"2021-09-09 10:31:21","The Firestorm Pact",,aqua,af,https://discord.gg/fpGZbNpa,365.07,https://politicsandwar.com/img/imgur-old/173d0e2fd98a1c7dadf08f244780fd7e5e29ed30406.jpg
9039,"2021-09-10 14:03:20","The Millennial Global Empire",MGE,white,af,https://discord.gg/rdDhQRSPyS,2236.72,https://politicsandwar.com/uploads/237b92ed217dd2d2b1bef209c0ae4cf1001dab761000x600719.jpg
9041,"2021-09-10 20:22:55","The Cosmic Entente",,blue,af,https://discord.gg/eXXyuYpX9y,1156.15,https://politicsandwar.com/uploads/8bc6de5858919486aa0e187697f446a3868c3138x593.png
9050,"2021-09-14 00:05:33","Diamond Space Research Alliance",D.S.R.A,white,af,https://discord.gg/9qDEsFxHD7,2189.13,https://politicsandwar.com/uploads/b02ad9d3d507296138a34bf6f4f42295ce87e1e7500x333400.jpg
9070,"2021-09-17 03:00:43",UNWD,UNWD,red,af,,1124.20,https://politicsandwar.com/uploads/91213d8056774e64e47a1a32a20c4ba0f9cfc151500x260322.jpeg
9084,"2021-09-20 01:39:36","The Monastery",MONK,pink,af,https://discord.gg/nNChbpC7aT,25794.88,https://politicsandwar.com/uploads/757a5241438f72baf14253fff945bad11cfb492b500x300130.png
9093,"2021-09-23 11:01:36","The houses of Maitland",,pink,af,,851.66,https://politicsandwar.com/img/flags/greatbritain.png
9095,"2021-09-23 21:22:04","The Cult of Raccoon",CoR,aqua,af,https://discord.gg/PGDf7QfMAh,5132.49,https://politicsandwar.com/uploads/d721d305cfdf9276a10e4fcfde51a49bbdf90abf500x279550.png
9099,"2021-09-24 19:07:32","Not Rohans Bank",,white,af,,13518.13,https://politicsandwar.com/uploads/d887bb748e907714ac30ff8eea0d261c79226448500x298692.png
9104,"2021-09-26 14:10:57",AESIR,AESIR,aqua,af,https://discord.gg/FBpjMqeuvX,615.91,https://politicsandwar.com/uploads/a51274b30aec06d6f518210e61e5c2e391a0ae46x290.png
9105,"2021-09-26 21:42:07","The Brooding Brothers",TBB,blue,af,,1720.77,https://politicsandwar.com/uploads/b8139d100d73be5695fbda1e65bef69b1b0fb13a500x294692.jpeg
9110,"2021-09-28 21:10:35",Odyssey,OD,pink,af,https://discord.gg/QK3Q6kD7J7,117293.17,https://politicsandwar.com/uploads/e42918023234270a62927fed160a1713663cfaeb500x300445.png
9114,"2021-09-30 13:29:13","The Treefort",🌲🎃,brown,af,https://discord.gg/MQ749mPqNY,320.81,https://politicsandwar.com/uploads/1994af673dda3f57ad226d5a01c4de187d83563a500x300257.png
9119,"2021-10-02 18:02:25",Pong,Pong,blue,af,https://discord.gg/dYjHXgpShC,1108.49,https://politicsandwar.com/uploads/1d8c786f709264fafdd4d116de31b7ca13b36d9ax524.jpg
9133,"2021-10-06 23:07:19",Blaze,🔥,maroon,af,https://discord.gg/Qd3W6Cmc99,0.00,https://politicsandwar.com/uploads/8b97898d80079086ff484b451d3e6caa93225dadx951.jpg
9134,"2021-10-07 01:25:43","Partido dos Trabalhadores",,black,af,,2441.12,https://politicsandwar.com/img/flags/brazil.jpg
9137,"2021-10-08 06:10:16",Metalheads,,aqua,af,,542.13,https://politicsandwar.com/img/flags/norway.jpg
9140,"2021-10-10 04:39:54",ISAF,,aqua,af,,636.37,https://politicsandwar.com/uploads/c33d9202d925022ee485e60542164d35acdbb395x229.png
9143,"2021-10-10 15:03:39",Jacquisse,,green,af,,796.36,"https://upload.wikimedia.org/wikipedia/commons/4/41/Flag_of_Orlando,_Florida.png"
9145,"2021-10-11 17:08:56",Kshatrias,,aqua,af,,2258.44,https://politicsandwar.com/img/flags/bahrain.jpg
9148,"2021-10-12 18:44:03","The Grand Federation",TGF,black,af,https://discord.gg/63tH2vAXZh,49886.76,https://politicsandwar.com/uploads/70ac9d13948977fbd31b5b25b250c9678ab855e0x543.png
9149,"2021-10-13 00:33:54","New California Republic",NCR,red,af,,0.00,https://politicsandwar.com/uploads/f6dcf65739dc26c843a317552b42f01b05c4f248500x292927.png
9151,"2021-10-14 21:14:10","The Grand Diamond Army",TGDA,white,af,https://discord.gg/epRNEzZXm3,2419.33,https://politicsandwar.com/uploads/75b5ece7c55f002b857a2705a5453adf02ead38dx46.jpeg
9161,"2021-10-18 17:37:47","Mutual Protection",MP,maroon,af,https://discord.gg/ZWj8rv2BGC,338.44,https://politicsandwar.com/uploads/dafd57d90b0aac072452d04b9b9c0cdbf78816f3500x30673.png
9169,"2021-10-20 23:29:23","The Future",,aqua,af,,1057.42,https://politicsandwar.com/uploads/22cb34681f4e6a56fa4ebf073d5067c54de51d09430x300464.png
9172,"2021-10-22 00:14:08",AMTO,,blue,af,,552.75,https://politicsandwar.com/img/flags/unitedstates.jpg
9173,"2021-10-22 01:06:44",NAACP,,blue,af,,834.87,https://politicsandwar.com/img/flags/unitedstates.jpg
9177,"2021-10-23 01:26:39","Conservatives alliance",UAA,olive,af,https://discord.gg/7F7GCnzYjV,377.97,https://politicsandwar.com/uploads/66c40929af41e51e224dced8e11845972cb34d83500x333797.jpeg
9181,"2021-10-23 13:56:05","Martian Federation",,red,af,,1540.02,https://politicsandwar.com/img/flags/mars.png
9182,"2021-10-23 14:27:18","The Corleone Family",TCF,orange,af,https://discord.gg/xQ9cyPGM4p,707.70,https://politicsandwar.com/uploads/5354f3863915e9d9e119af6e63bea7c3bd972e23500x281584.png
9190,"2021-10-26 02:05:43",AllianceForPeacefulEconomicDevelopment,A-PED,blue,af,,334.90,https://politicsandwar.com/img/flags/southkorea.jpg
9192,"2021-10-28 03:46:03",LATAM,LATAM,blue,af,https://discord.gg/URPMbNeHeS,65722.18,https://politicsandwar.com/uploads/cac9c1fa6db890825c64bf7781fa4cb243722d24500x280249.png
9195,"2021-10-28 17:11:53","The Allied Nations",AN,blue,af,https://discord.gg/xN4Qdth5,85.00,https://politicsandwar.com/img/imgur-old/ff8f5c8d23b0323b1786bee542eb97b15fb63f79586.jpg
9202,"2021-11-01 22:49:52","The Wright Way",,pink,af,,0.00,https://politicsandwar.com/img/flags/betsy_ross.jpg
9203,"2021-11-02 14:48:14",NoIdeaName,,aqua,af,,703.32,https://politicsandwar.com/img/flags/switzerland.jpg
9207,"2021-11-03 04:56:11",Sidera,SDA,green,af,https://discord.gg/ccWb5Ba6wQ,845.80,https://politicsandwar.com/uploads/62903d809a15560b12cd9d422f648c24de780036500x371922.jpg
9208,"2021-11-03 05:34:31",ShroomTroopers,,green,af,,1711.38,https://politicsandwar.com/uploads/2661d6879b7b93dad5dd885e71b4780ecef070851000x666258.png
9210,"2021-11-03 19:56:31","The Worlds Republic",TWR,blue,af,,1312.97,https://politicsandwar.com/uploads/d55a67d7270541d3aeab9e9281507849ecb8b250x903.png
9212,"2021-11-05 04:52:38","New commonwealth",,white,af,,1140.85,https://politicsandwar.com/img/flags/betsy_ross.jpg
9214,"2021-11-05 16:15:58","The Triad",tT,brown,af,https://discord.gg/hxAwmhqzsC,273.17,https://politicsandwar.com/uploads/b76abdd0cd7cb24ae530bd08a9fa6959d67bd752300x300382.jpg
9217,"2021-11-07 00:15:13","Steel Force",,lime,af,https://discord.gg/Ac6Edbj9Dc,1072.58,https://politicsandwar.com/uploads/427337f155d43aa20a9441b3574ff5fcfa3dad5f500x300520.png
9218,"2021-11-07 03:28:47","Committee of Nations",C.O.N.,red,af,,1485.89,https://politicsandwar.com/uploads/fcdf988b939c16441c792cda63e30ce7519dd520x670.png
9221,"2021-11-09 03:36:21","New Atlantic",,pink,af,,367.07,https://politicsandwar.com/img/flags/mars.png
9222,"2021-11-09 05:21:43","peace Together",,white,af,,1854.34,https://politicsandwar.com/img/flags/indonesia.jpg
9230,"2021-11-10 23:48:30","The Grand Imperial Army",TGIA,red,af,https://discord.gg/p8DhUxfN2e,61109.10,https://politicsandwar.com/uploads/b217b937bc09f312b24791b8de10902b2806e402500x289684.png
9231,"2021-11-11 02:10:34","The Yakuza",yak,red,af,https://discord.gg/M9VBFrkc9W,1009.11,https://politicsandwar.com/uploads/9432d4d06e5988f45e56ec11eaad97ede2ff7f33300x300964.png
9236,"2021-11-15 10:19:18","the lords covenant",,aqua,af,,1196.12,https://politicsandwar.com/img/flags/macedonia.jpg
9239,"2021-11-16 15:37:24",Eden,,white,af,,0.00,https://politicsandwar.com/uploads/24c51e35c781fefc94f81bde811554741d09449d123.png
9241,"2021-11-17 03:56:43",ArkbooOM,,black,af,,2719.05,https://politicsandwar.com/uploads/0abaea88b53ebd9fb8e464a2706fcbea9a094fcb895.png
9247,"2021-11-18 12:42:22","United Nations",U.N.,aqua,af,https://discord.gg/YhJtWDwfzS,999.49,https://politicsandwar.com/uploads/ae06909bc008c4343c2fce08c4b00c2b679c289ex921.png
9251,"2021-11-19 13:30:27","United Communists Nations",UCN,red,af,,0.00,https://politicsandwar.com/uploads/3f0df818f05194953f71bf9d45494c71f1d86ebdx645.jpeg
9253,"2021-11-19 21:24:18","United Americas",UA,aqua,af,,816.52,https://politicsandwar.com/uploads/68823f0f67537e8036cd5c1bde0c38d4ef39ae9f500x25065.png
9256,"2021-11-22 15:57:55","Moms Friendly Robot Company",MFR,maroon,af,https://discord.gg/6Aqqv2zSPY,51512.50,https://politicsandwar.com/uploads/fb2a72fc37f78d730652939fb1be2f75f5500273500x300851.jpg
9257,"2021-11-23 03:54:29",WATO,,red,af,https://discord.gg/v3sVqWC3,366.47,https://politicsandwar.com/uploads/d8a07b63a627e2ace4976853eec8f4a484e5d293500x368808.png
9267,"2021-11-29 20:10:48","The Andromedrian Pact",,aqua,af,,1215.01,https://politicsandwar.com/img/imgur-old/48664f573e2391f1770adf56fc7371eba506b385277.png
9268,"2021-11-30 07:14:37","Galactic Senate of the Republic",,red,af,https://discord.gg/6dkT9qEh3A,775.44,https://politicsandwar.com/uploads/18da8ee678cab0b4acd04b7510478eef689d9a74x992.jpeg
9277,"2021-12-03 01:36:19","Da Club",DAC,pink,af,,1187.22,https://politicsandwar.com/uploads/9d20ef3107f88da2f7de586a3cceef5d911422a8500x333575.png
9278,"2021-12-03 17:10:58",Lunacy,LUN,black,af,https://discord.gg/unE2Qq83cs,9484.31,https://politicsandwar.com/uploads/d486f6fc2c1adb42aeac8514839514516328243d500x43858.jpeg
9279,"2021-12-04 12:02:22","The other side","The Bakery",aqua,af,https://discord.gg/R7mb63Kc,392.60,https://politicsandwar.com/uploads/5ac19b081a3b28ed62ef4c0e8276fb0e3301978b500x299401.png
9281,"2021-12-06 02:18:31","The Flying Dandies",,pink,af,,492.89,https://politicsandwar.com/img/imgur-old/7fd411247afbe6dbc30ab8723e6b7331e43b5a170.png
9283,"2021-12-06 19:15:18","Thunder Road",,maroon,af,,1729.04,https://politicsandwar.com/uploads/13b7040c50a0101da6ecc33fef52d3fef8e4cb70500x245917.jpg
9286,"2021-12-07 21:42:12",mergk234,M234,orange,af,,0.00,https://politicsandwar.com/img/flags/chad.jpg
9288,"2021-12-08 03:39:32","The CHAD alliance of chickens",,black,af,,1063.53,https://politicsandwar.com/uploads/d8e7f696c01c5b1da1d0a9530f5e7190227d7460x300.jpeg
9289,"2021-12-08 12:52:08","Raiders Offshore",,green,af,,645.37,https://politicsandwar.com/img/flags/canada.jpg
9292,"2021-12-10 04:42:23","Iosef Stalin alliance",JSA,red,af,,975.00,https://politicsandwar.com/uploads/226e4d03145684bda6b11eda6b5144e6a3e237f0500x250708.jpg
9293,"2021-12-10 07:07:16","Missing In Action",MIA,black,af,https://discord.gg/npdzRkScjJ,0.00,https://politicsandwar.com/uploads/d1cfa1946a2dd44b2d3990f859af745419def022500x466762.jpg
9313,"2021-12-13 02:25:05","Ethereal Light",EL,black,af,https://discord.gg/XdCbyvg9,2080.37,https://politicsandwar.com/uploads/6d5dba0cece07f54ba702a51b91174bf9b6e4ee1500x417964.png
9320,"2021-12-13 17:23:36","The Coalition of Sheels Shrubs",CSS,red,af,,709.13,https://politicsandwar.com/uploads/cae86be0228c271173f053ac97ed15c8bb7b2461505.jpg
9330,"2021-12-15 17:49:50","Reunited Nations",,black,af,,1692.79,https://politicsandwar.com/img/flags/barbados.jpg
9331,"2021-12-15 18:26:44","Barber Shop",,lime,af,,3890.25,https://politicsandwar.com/uploads/99834a5b45417fe1349a4d08d1b9c37d51a71393250x250916.jpg
9332,"2021-12-16 11:51:57","the Roaldlandian Commonwealth",ROALDLAND,purple,af,,0.00,https://politicsandwar.com/uploads/f664eba13088cbda02331701bea352e56a946076500x300321.png
9340,"2021-12-19 20:45:14",CLAN,CLAN,pink,af,,997.28,https://politicsandwar.com/img/imgur-old/0a31900529966f483de4a2a137d8f8074909fb12171.png
9358,"2021-12-22 01:01:37",Placentica,,green,af,,0.00,https://politicsandwar.com/img/flags/vietnam.jpg
9363,"2021-12-22 11:28:35","Castle Camelot",C-KOM,maroon,af,https://discord.gg/6W2BU4aMYy,98451.54,https://politicsandwar.com/uploads/b25981c7036f5a752201aed737d991df2c447056x710.png
9370,"2021-12-23 15:51:13","The Meat Vault",,lime,af,,0.00,https://politicsandwar.com/uploads/17e0fa412ce56bf8571a84bf21f0fb41b499312a500x230940.png
9375,"2021-12-24 08:47:26","united africa",,green,af,https://discord.com/channels/924296534512762900/924296534512762903,922.79,https://politicsandwar.com/img/flags/egypt.jpg
9402,"2021-12-30 04:09:40","United Anti Discord Front",UADF,purple,af,,3966.47,https://politicsandwar.com/uploads/5a7723b5282a70b585d639ede42bd5bee2f46cbf300x300904.png
9406,"2021-12-31 04:58:17","Crimson Dragons",CD,maroon,af,https://discord.gg/KYtxkwnzX6,29875.34,https://politicsandwar.com/uploads/67b82fc68ecb5d9b117a44124c8ef596a7e1df19500x300150.png
9407,"2021-12-31 07:37:38","The Confederation of Socialist Nations",CSN,red,af,https://discord.com/channels/946965567674384425/946965568307732492,1855.36,https://politicsandwar.com/uploads/69127736dd5c231c45e7d4af8dc5087e50c41098x679.png
9418,"2022-01-02 03:28:39","Phantom Troupe",,brown,af,https://discord.gg/tDyM9Gg6wp,0.00,https://politicsandwar.com/uploads/8a028f9b41e9e7233a34418737e80024aad6d0a6500x31285.png
9423,"2022-01-04 14:08:41","The godly division",Smileisgod,blue,af,,687.45,https://politicsandwar.com/uploads/d9fed8a5131e106cc8554639b69d8fb9f363d61f250x251562.jpeg
9426,"2022-01-05 03:06:21","United Confederation",,black,af,https://discord.gg/QKXmJVFD3J,858.17,https://politicsandwar.com/uploads/d57d2784a97cdaa1756420f45a2b7ab2989c2b0ex204.png
9427,"2022-01-05 17:04:28",Apollo,A,lime,af,https://discord.gg/sGzXF7P,34127.54,https://politicsandwar.com/uploads/01ff0ba8071d73f87dbec43d1ccfb5d6a9765887x916.png
9429,"2022-01-07 10:28:11","Divine Immortality Empire",MOVED,green,af,,322.90,https://politicsandwar.com/img/flags/betsy_ross.jpg
9431,"2022-01-07 22:51:46",ONION,O,blue,af,,3220.78,https://upload.wikimedia.org/wikipedia/en/thumb/3/3f/Australian_Aboriginal_Flag.svg/1200px-Australian_Aboriginal_Flag.svg.png
9432,"2022-01-08 00:41:52",Orchid,DtC,green,af,,8157.50,https://politicsandwar.com/uploads/3f1913b41987d7f62106fff3398ee08b7c8ac5a1500x300661.png
9435,"2022-01-09 11:03:40","Imperial Army",IA,aqua,af,https://discord.gg/shX7C7H4bb,909.43,https://politicsandwar.com/uploads/5f20c1af37dd6685e7d0ed9699304f05f91c53cbx917.png
9437,"2022-01-09 21:26:00",Lordaeron,,pink,af,,2249.11,https://politicsandwar.com/img/imgur-old/c48fcf754dc2465674253c6da89836d19de9197a751.png
9438,"2022-01-09 22:17:48","Prusso Roman Imperial Union",PRIU,purple,af,https://discord.gg/gUtnzRT8zG,38330.31,https://politicsandwar.com/uploads/a6974069630bc43884e3f448ad67719443cb3f7a500x336968.png
9440,"2022-01-10 10:06:15","The Imperium",RSS,orange,af,,0.00,https://politicsandwar.com/img/flags/india.jpg
9445,"2022-01-11 20:26:59","The Galactic Empire",TGE,black,af,https://discord.gg/RNXU6x32,85513.47,https://politicsandwar.com/uploads/1925d7a4c64f243fc1158bb3cf749fe5426001c5500x281425.jpg
9446,"2022-01-11 22:04:23","Palpatines Empire",IMP,red,af,,648.14,https://politicsandwar.com/uploads/7e54aca49cc124ea1ebb95f914734ab147268eee500x300417.png
9447,"2022-01-12 11:38:59","The Libertalia Minutemen",7k-7g7a,maroon,af,https://discord.gg/Dg9kgXUgUn,0.00,https://politicsandwar.com/uploads/7a5e402903ee08d3d777b3ec82c48bbd388d8644500x300158.png
9452,"2022-01-14 04:47:02","North Atlantic Treaty Organization",STANDBY,aqua,af,,0.00,https://politicsandwar.com/uploads/60c617cbceda48ef5d596f6c2a5a26f108347477500x281694.jpeg
9453,"2022-01-15 16:58:27",INTERCOSMOS,INTCMS,red,af,https://discord.gg/q4CZw7GQfh,1308.49,https://politicsandwar.com/uploads/6dc46ddc7ad39f323369543757c80cf519c9808d500x243168.jpeg
9455,"2022-01-16 13:24:26",Spartans,300,aqua,af,https://discord.gg/pFEbn3XByQ,12941.07,https://politicsandwar.com/uploads/f25aab0517531278809650f4091e598a2a257de9476x300881.png
9456,"2022-01-17 01:54:38","Union of Socialist Nations",,red,af,,5321.15,https://politicsandwar.com/img/flags/sovietunion.jpg
9465,"2022-01-20 22:30:59","Section 31",SS31,brown,af,,0.00,https://politicsandwar.com/uploads/442fc092d2ac1a1107680ac483d934e25a26321cx472.jpg
9502,"2022-01-28 19:15:55","The United Federation",TUF,black,af,Https://discord.gg/RSmq3sxq,789.62,https://upload.wikimedia.org/wikipedia/commons/4/49/Cape_Verde_flag_-_watermark_000_percent.jpg
9504,"2022-01-29 09:26:53","World empire",W.E,lime,af,https://discord.gg/5ScbUqjwKu,7383.39,https://politicsandwar.com/uploads/5c10ed1de807948981ca14ee8777522801ccae16x10.png
9522,"2022-01-31 14:23:16","Buckle Gang",,aqua,af,https://discord.gg/kbunCrDU,1106.33,https://politicsandwar.com/uploads/b23c65d8fdba9acff56ded7f703633ece65fba77x504.png
9523,"2022-01-31 23:42:11","deez nuts",,aqua,af,,2341.66,https://politicsandwar.com/uploads/a0812ebbbfee57c9e497e1f1813448ea91c05608x764.gif
9535,"2022-02-02 17:31:19","The Entente of Global Prosperity",EoGP,blue,af,https://discord.gg/6Uhf4HaJvq,24337.51,https://politicsandwar.com/uploads/754f2375a153cc1bb91a930cf7f49e0ea3bab8eb500x299764.png
9542,"2022-02-03 15:09:26","Specyian Pact",SP,pink,af,https://discord.gg/UxqHfuGYjA,0.00,https://politicsandwar.com/uploads/c892a8d832b730c964fb792d6391bf1473442372x589.png
9543,"2022-02-03 17:53:28",X-pact,XP,red,af,https://discord.gg/u9cRNMBauR,405.00,https://politicsandwar.com/uploads/87d3e8d4d57007b9d8de2449896378bcc9d6e6f4500x333356.png
9554,"2022-02-06 18:12:18",Empyrea,E.M.,aqua,af,https://discord.gg/YGFcrZXxzB,281.35,https://politicsandwar.com/uploads/cf4d2e995d5998e2ff5bb0770fa3c9878deb2e8fx237.png
9557,"2022-02-07 21:13:20","El Pollo Loco",EPL,maroon,af,,2857.03,https://politicsandwar.com/img/flags/greatbritain.png
9564,"2022-02-09 07:44:05","Sunray Gigabyte",,aqua,af,,0.00,https://politicsandwar.com/uploads/ac60b45bb078d2791c4cab5b4ac602b7f53f9c0d1000x671834.png
9566,"2022-02-09 08:44:30","Baguette Cult",,brown,af,,2272.96,https://politicsandwar.com/uploads/d6b8dccedaf23fd1cc8fd4b496a98f3163e1fe80500x375885.jpeg
9569,"2022-02-10 00:31:52","Space invader",,green,af,https://discord.gg/Qy2mNB7xDh,545.44,https://politicsandwar.com/img/flags/piratesheep.png
9573,"2022-02-10 21:33:48","The Coven",🔮,black,af,https://discord.gg/ZbvR59TjEb,75540.31,https://politicsandwar.com/uploads/6f117c023e5bebcf494c7f7f2ba393ee1110053fx495.png
9575,"2022-02-11 02:01:41",OSAT,,aqua,af,,1024.06,https://politicsandwar.com/uploads/326fabd79afb6202a32cf9fb1704df42134f3bfb500x333779.png
9577,"2022-02-11 11:27:49",Empire,EPE,black,af,https://discord.com/invite/cYBjgQdH8T,5464.60,https://politicsandwar.com/uploads/b80196cc64f85720314298190924bd1cb66b5cc0500x333986.jpg
9582,"2022-02-12 20:25:41",Lighthouse,LH💡🏠,blue,af,https://discord.gg/ZUgpyDuYHq,1605.39,https://politicsandwar.com/uploads/3c81cba72a737df35e13f8ed370f7af0d0f5fa32500x33398.png
9588,"2022-02-14 20:18:00","Ghost Division",CHICKEN,green,af,,2332.32,https://politicsandwar.com/uploads/7464b3243e7ed162ff5911a3ec53ddc96a1dc234300x300304.jpg
9595,"2022-02-17 01:54:17","Epic gamers",,aqua,af,,0.00,https://politicsandwar.com/uploads/a822b10fbd66bb7f6f13e3e84c9d586d90e9bef1310.png
9596,"2022-02-17 19:44:41","PaxingBayern Trade Federation",BTF,red,af,,1592.63,https://politicsandwar.com/img/imgur-old/5c1b77715300d803ec2b290035fbe5f045d20d1b314.png
9598,"2022-02-18 01:36:22","The Hegemony",HEMY,purple,af,https://discord.gg/a7Jra75HeH,2023.78,https://politicsandwar.com/uploads/69098abb589a9e8737add276378d1e94827fec64x146.png
9600,"2022-02-18 09:18:22","Roman Empire",SPQR,purple,af,https://discord.gg/24nPmTggsr,77876.75,https://politicsandwar.com/uploads/8e9d06738a7dfd5a52383cf10de0f6fa149dd248500x291456.png
9611,"2022-02-22 02:10:22",Vikings,ANTICHRIST,maroon,af,https://discord.gg/C2EAPcpET3,19054.43,https://politicsandwar.com/uploads/9ac789df5dbb22ff8519697b032f4f9487ba4114500x375773.png
9615,"2022-02-23 19:08:14","The Leaf People",TLP,lime,af,,323.71,https://politicsandwar.com/uploads/b0da89f2e9111e769212fe608b4336812ad9f7df500x333674.png
9624,"2022-02-26 01:43:27","The Solitude",TS,green,af,https://discord.gg/6Qq8x9DD8J,639.05,https://politicsandwar.com/uploads/2c3737ecf570cc5ffbd660340f1add5604021433300x300862.png
9627,"2022-02-28 06:13:58","United States Of Noakhali",,black,af,https://discord.gg/7RZxf7YByW,400.43,https://politicsandwar.com/uploads/3977ed6707eacd77c618d843866b2c38566aaa11500x263425.jpg
9629,"2022-02-28 19:20:58",Lyre,Lyr,pink,af,https://discord.gg/sWKnaM9jQE,8381.09,https://politicsandwar.com/uploads/6974d5912809fed3cd61cd9eda6ce17ca9006277500x374889.png
9631,"2022-02-28 21:05:33","The Chrompe Company",TCC,lime,af,,1650.58,https://politicsandwar.com/uploads/c6025947c81a88232566e1f18443d5d5df8028e1x490.gif
9634,"2022-03-01 19:28:03","De Buiz",,purple,af,,2569.12,https://politicsandwar.com/uploads/3cd418f1ce6b48bbd33dbf22b6f8233d46e68146284x300275.png
9635,"2022-03-01 20:39:16",Nibelheim,,green,af,,5677.50,https://politicsandwar.com/img/flags/iceland.jpg
9637,"2022-03-02 18:22:43","Creationist Callers",CC,lime,af,https://discord.gg/SS5XuEWyBk,676.22,https://politicsandwar.com/img/imgur-old/d33bdef049ea1efcc72a76ba005395ead45624ae697.png
9645,"2022-03-07 00:10:39","Water Drinking Fountain",,black,af,,10.03,https://politicsandwar.com/img/flags/betsy_ross.jpg
9649,"2022-03-07 16:29:02","Band of the Falcon",BotF,aqua,af,https://discord.gg/Rhtchrtf8f,23823.75,https://politicsandwar.com/uploads/3a8df2ff88570ae1321120d3466a4e672509a657500x300597.jpg
9651,"2022-03-08 14:09:47","Sunray 1-1","\[T]/",black,af,https://discord.gg/S72KrBsDkY,1197.27,https://politicsandwar.com/uploads/dcb175d5cadb17c3547fc62a20596c0b5bd3b8a4500x28172.png
9652,"2022-03-08 15:01:06","Bayern Corporative Confederation",BCC,maroon,af,,1637.67,https://politicsandwar.com/uploads/96c50e0c1195e64eedf15a97f36dfcf3e2bd2dc1500x333785.jpeg
9657,"2022-03-09 00:24:51","soy bois",,aqua,af,,1843.04,https://politicsandwar.com/img/flags/japan.jpg
9659,"2022-03-09 10:35:13","European Defensive Alliance",EDA,aqua,af,https://discord.gg/3FhAamZmQY,2586.82,https://politicsandwar.com/uploads/faca86d9847d41855740bec2a147448a2dcb24d6500x250195.png
9661,"2022-03-09 21:48:50","Pika Party",PIKA,olive,af,https://discord.gg/KVGCbWFc3K,4631.83,https://politicsandwar.com/uploads/68302f01c83f91af0cbfb3c65ab9417f9a0db422500x300177.png
9665,"2022-03-11 12:51:33","Union of Perthton",,aqua,af,,975.52,https://politicsandwar.com/uploads/d6ba77453ccb2b8c4d8e56802afa8464c1298e55x632.png
9676,"2022-03-14 20:30:06","The Vision",TV,aqua,af,https://discord.gg/HsuUyYVg3E,6596.10,https://politicsandwar.com/uploads/8298917e5af6b0656abc2408b121b641df946549x265.jpeg
9681,"2022-03-15 14:42:07","Ping Sri Lanka 001",,brown,af,https://discord.gg/2UGTBGuh8y,956.51,https://politicsandwar.com/uploads/63d1a72db75f964593f347ac3d0e93aeb974d06a500x281328.png
9682,"2022-03-15 23:26:06",Yatagarasu,TSO,lime,af,,2383.08,https://politicsandwar.com/uploads/19a6a3b53481eaf2c4b357530b07157dbdfa913f500x329194.jpg
9685,"2022-03-16 19:43:53","WestSide Insurgency",,pink,af,,2747.19,https://politicsandwar.com/uploads/ed288acb713f510ccbdea3157e71cc2f745611b3x233.png
9695,"2022-03-20 14:21:59","Star League Defense Force",,aqua,af,,1071.55,https://politicsandwar.com/img/flags/mars.png
9699,"2022-03-21 03:48:02",Lovemuffin,MFFN,lime,af,https://discord.gg/pS3nBsE5KC,393.76,https://politicsandwar.com/uploads/7c9792da62a1563c0d920f39cdcc3b766713afa7500x401103.jpg
9703,"2022-03-21 17:04:38","Global Military Coalition",G.M.C.,green,af,,1677.98,https://politicsandwar.com/uploads/6d6169cb8b39f18ed28ddc1f332cc8c3950dba36500x281543.png
9711,"2022-03-23 12:41:46","The Mega Powers",,blue,af,,366.77,https://politicsandwar.com/uploads/53ce1415b9d39bf165e75a00c3ecdf68a36fe70a1000x729465.jpeg
9712,"2022-03-23 13:35:09",Zenith,,yellow,af,,2403.50,https://politicsandwar.com/img/imgur-old/48664f573e2391f1770adf56fc7371eba506b385277.png
9717,"2022-03-24 00:49:13","Raging Hogs",RHS,aqua,af,,1264.94,https://politicsandwar.com/img/flags/betsy_ross.jpg
9721,"2022-03-24 16:14:01","No Clue",,aqua,af,https://discord.gg/DgbqBGT2,1278.79,https://politicsandwar.com/img/imgur-old/bc0d4e40ed2b8f89a514c7ed0e6cb5c7660b46c3375.png
9722,"2022-03-24 16:49:06","Polar Kingdom of the Bear",,aqua,af,,1346.60,https://politicsandwar.com/img/flags/piratesheep.png
9732,"2022-03-26 00:28:43","Republic of Peace Keepers",RPK,blue,af,https://discord.gg/U4xrqRWT,6733.19,https://politicsandwar.com/uploads/077f0545bae054901df9a35e2d41a5960510e642x617.png
9734,"2022-03-26 05:01:17","Liberty Union",L.U,brown,af,https://discord.gg/Atj95FBrxK,961.85,https://politicsandwar.com/uploads/f268fef6ad563c0bd01eb985b46b58359705e4e1500x332260.jpeg
9745,"2022-03-28 18:30:22","Raiden Inc",🌸,brown,af,,5638.50,https://politicsandwar.com/uploads/eed5bc6be82872dc20114c7c7005791f035c96e6500x279144.jpg
9756,"2022-04-01 12:46:55","The Lucky Diamond Boys",💎,green,af,,1197.14,https://politicsandwar.com/uploads/b41f062319edbd74fbac30211f3a2d1b1c4b371f500x300530.png
9762,"2022-04-02 19:21:09","THE BLUE ARMY",TBA,blue,af,https://discord.gg/ztMjRTKYQg,1330.63,https://politicsandwar.com/uploads/9f8397eebec06028da3432d3630d4dcfd44d53e5500x483410.png
9764,"2022-04-03 23:03:58","United Black Sea socialist Union",,aqua,af,,899.45,https://politicsandwar.com/uploads/b387964da396f376b69c8529797631bfee219cb01000x565767.jpeg
9767,"2022-04-05 02:00:54",Infinity,∞,maroon,af,https://discord.gg/gHjUhCxhef,1135.16,https://politicsandwar.com/uploads/908ab246b199c3c091ffde0fed3f902adcfa9e8b500x333890.jpg
9774,"2022-04-06 02:37:08","United Worlds",,green,af,,662.78,https://politicsandwar.com/uploads/ff41ec3a2bb5d1c82c8aa1985d4caa3191d8ac7e500x250137.png
9788,"2022-04-08 20:15:07","New york knights",,aqua,af,,1299.88,https://politicsandwar.com/img/flags/unitedstates.jpg
9801,"2022-04-14 01:12:24","The LordStrum Vanity Project",LordStrum,black,af,,0.00,https://politicsandwar.com/uploads/3a375b9b86ad87cc69b86649104b73eeb49095a4500x281277.png
9802,"2022-04-14 12:16:33",NATO,NATO,blue,af,https://discord.gg/E9rrWyG83U,1884.06,https://politicsandwar.com/uploads/58693aaf434b03ff03d0993fcdcba48595c3c694500x300124.png
9805,"2022-04-15 06:04:29",Exodus,EXO,aqua,af,https://discord.gg/KTCdF45cuQ,978.66,https://politicsandwar.com/uploads/db5b2aa3456b75b0a54f553d62b56c15bf01b695x812.png
9806,"2022-04-15 10:09:03","The Dynasty of Da Yuan","Da Yuan D.",yellow,af,,1047.97,https://politicsandwar.com/uploads/cfff56f1d51c3ea30dce995ec2aa75560d804e06x932.png
9808,"2022-04-15 16:55:21","Sons of Anarchy",,green,af,,680.84,https://politicsandwar.com/img/flags/angola.jpg
9809,"2022-04-16 08:11:26","Legionary defensive pact",,red,af,,1544.03,https://politicsandwar.com/uploads/a9ebc7cbc4900dfce4230ba4a57a232574cae8de925.jpg
9810,"2022-04-16 18:07:32","Rashtriya Swayamsevak Sangh",,aqua,af,,891.95,https://politicsandwar.com/img/flags/india.jpg
9812,"2022-04-17 17:19:34","Covenant of the North Star",CNS,maroon,af,,2753.25,https://politicsandwar.com/uploads/f568b77b4cb08d634a77376ac2858166dd47cde5500x322679.jpeg
9822,"2022-04-19 15:35:08","The Encounter",e¢,purple,af,https://discord.gg/mpsecC6F7r,5015.80,https://politicsandwar.com/uploads/98db652254cbb604421d8eb283d7a736f904c2b4x171.gif
9825,"2022-04-20 11:14:36","North-Arctic Alliance",,green,af,,926.86,https://politicsandwar.com/uploads/41e845ceab117d59df26ab5e9acb8420a05df75a250x167599.png
9826,"2022-04-20 15:47:19","The Iriqu Kingdom of Freedom",TIKF,white,af,,0.00,https://politicsandwar.com/uploads/1eb1ac37d88a44ec2e8def46a220d37948371e17199x300819.jpeg
9836,"2022-04-22 21:03:52","Followers of the Acropolis",FotA,black,af,https://discord.gg/32C9ZYCEgb,5774.69,https://politicsandwar.com/uploads/d84561bbea59cbcfc6514f213fc3d9541d2279fa500x300867.png
9841,"2022-04-24 11:53:48","Blockadiers Incorporated",,black,af,https://discord.gg/PVNmUXU8s5,7389.43,https://politicsandwar.com/uploads/8777e37379fe6092fe5f2e5de07d128da93d7f4b500x304658.jpeg
9843,"2022-04-24 15:28:32","Las Vegas",👠,aqua,af,https://discord.gg/MySQReEjrt,27420.82,https://politicsandwar.com/uploads/0d5c503a3d36d4035eaef998fb84356949d97310500x329254.png
9845,"2022-04-24 19:24:12","International Resource Union",IRU,lime,af,https://discord.gg/3a6d8gEvag,527.54,https://politicsandwar.com/uploads/cca2221732bac2491d4fb5e72e112ee3b3af3080500x300795.png
9850,"2022-04-26 03:57:25",Starfleet,SFT,blue,af,https://discord.gg/NA9J4McRKe,19643.26,https://politicsandwar.com/uploads/69cbc4721b42b7f87ae879b617eaad7f3e5f3c9b500x300203.png
9853,"2022-04-26 22:33:30","Pan-Asian Economic Coalition",PANEC,yellow,af,https://discord.gg/rE8T3ESQP6,2922.26,https://politicsandwar.com/uploads/526da6cf23205de647847d237f21e534ca43ac02500x333348.png
9856,"2022-04-28 10:29:59","The United Lowlands",,red,af,,1874.92,https://politicsandwar.com/uploads/4bf059476bfeb64b18a50baa350ee8d0afe7ef8cx179.png
9857,"2022-04-29 02:14:16","The Church of Dong",DONG,pink,af,https://discord.gg/rFceyPts,945.55,https://politicsandwar.com/uploads/9d74e64775c863e27bf16786fa22a34700eaaf73500x300581.png
9860,"2022-04-29 14:43:11",Usaaaa,,brown,af,,1414.24,https://politicsandwar.com/uploads/49b77ab570d653c56dc1e7cf2b684ea54c7d2d23500x332131.png
9862,"2022-04-29 19:52:05","The Key",TK,aqua,af,https://discord.gg/CvsNTQpuAX,1482.08,https://politicsandwar.com/uploads/76db16cf48828074fbac82d68db70579f19e7f14x916.png
9866,"2022-05-01 06:49:11","The Texans",,green,af,,1350.82,https://politicsandwar.com/img/flags/texas.jpg
9879,"2022-05-05 14:50:31","Sparticus Legionis",SPL,lime,af,https://discord.gg/vbSxqJNk2k,463.99,https://politicsandwar.com/uploads/72b4404b294034f941933bc56da9300e2b6fbb09449x300627.jpg
9882,"2022-05-06 03:48:08",OMAIN,OMAIN,orange,af,https://discord.gg/csmRZNKeHw,34361.54,https://politicsandwar.com/uploads/f381efea650a3d4dcf584cb0853d85556d01a7f6500x309141.png
9883,"2022-05-06 12:21:34",OTSN,OTSN,blue,af,https://discord.gg/3A3YVQudMf,26181.91,https://politicsandwar.com/uploads/2f456b3f37ac9d81c42a9a0089c4325625af65a1x867.gif
9884,"2022-05-06 22:09:02","The Followers of Hylia",FoH,blue,af,https://discord.gg/9tRphJfFHj,214.24,https://politicsandwar.com/uploads/087fe56528ed7390021e0864f3b9964276fcb0d0500x299592.jpg
9886,"2022-05-08 17:33:02","House Umber",,green,af,,10238.75,https://politicsandwar.com/img/flags/ukraine.jpg
9888,"2022-05-09 00:53:11","Penumbra Banking Corporation",PBC,blue,af,https://discord.gg/hZwF6aEaRs,4312.50,https://politicsandwar.com/uploads/539b9ea37bef662ceca0bc7c516f3d24c2a61c1e500x300617.gif
9894,"2022-05-11 13:32:12","The Canadians",Eh!,red,af,,3320.75,https://politicsandwar.com/img/flags/canada.jpg
9896,"2022-05-11 17:26:29","The Free Nations Alliance",TFN,purple,af,https://discord.gg/pdBqTKGdvy,8995.61,https://politicsandwar.com/uploads/ec745451eb28fcb56294c17b2db37d997518a36b500x300653.png
9901,"2022-05-11 23:55:04",Blaze2,,red,af,https://discord.gg/Qd3W6Cmc99,12774.35,https://politicsandwar.com/uploads/d113bbeb1bce184b13342ad810d872e33e4f5213x84.png
9905,"2022-05-13 12:48:41","Global Development Coalition",GDC,blue,af,https://discord.gg/dSphhVJs6a,273.47,https://politicsandwar.com/uploads/61e65d36e24b31b09c69540ded159764e49cf4b3250x213384.jpeg
9907,"2022-05-13 18:07:12",Hampton,HN,maroon,af,https://discord.gg/JvCfYzVXPC,506.56,https://politicsandwar.com/uploads/9f1d0f8ecced342dd38e6b6cb14e9300c52c84cc500x281180.jpg
9910,"2022-05-15 03:53:01","Valley of Gold",VOG,brown,af,https://discord.gg/EYrudTee6f,198.22,https://politicsandwar.com/img/imgur-old/173d0e2fd98a1c7dadf08f244780fd7e5e29ed30406.jpg
9916,"2022-05-16 12:17:19","CAFINSA Organization",CAFINSA,white,af,,1382.92,https://politicsandwar.com/img/flags/ukraine.jpg
9919,"2022-05-17 16:14:47","The big stick policy",BSP,maroon,af,,3172.32,https://politicsandwar.com/uploads/af9e75c1ea7eb7181bc8e7ab3883163cbacf03c7500x375853.jpeg
9921,"2022-05-17 22:31:40","Sancta Epic Legio",,white,af,,1204.89,https://politicsandwar.com/uploads/6f02e40b0128a58ad73fa42ce815754f6ff6faecx432.jpg
9923,"2022-05-18 16:16:50","The Caliphate",,lime,af,,0.00,https://politicsandwar.com/uploads/fc9735c068e32212e131a2617266f653ecb528b1x710.png
9925,"2022-05-19 15:06:00","Coalition of Casuals",Cuh,pink,af,https://discord.gg/HnW3cvNBjc,1044.94,https://politicsandwar.com/img/flags/betsy_ross.jpg
9927,"2022-05-19 21:55:00","Serene Repubblica Fiorentina",SR,pink,af,https://discord.gg/H6BFjABGUB,95820.97,https://politicsandwar.com/uploads/0c394dc03fe5501841c338adb9e84846d8ff4987x886.jpg
9932,"2022-05-21 08:48:06","Union of Communists Republics",UCR,red,af,,3140.58,https://politicsandwar.com/uploads/91836c204bae957b1b625fcc3129d8775dc92b2e448x300534.png
9933,"2022-05-21 14:59:03","Rainbow Road",🕳️,green,af,,2237.32,https://politicsandwar.com/uploads/a830eec3fbc12f72b16856f2289184b8dc00f7b4x609.gif
9948,"2022-05-23 18:07:05","Bring Back Uncle Bens",,green,af,,7702.50,https://politicsandwar.com/uploads/011856fc5ec2da0d5a9df9c5223054686af259ba165.png
9950,"2022-05-24 09:43:39","Dr Pepper Vault",DPV,brown,af,https://discord.gg/UBQsYVYDGn,8065.58,https://politicsandwar.com/uploads/cf7518d666eb6689db1abbf7a4e3e1ab427b7c1b500x300855.png
9961,"2022-05-26 20:37:21",LegoLand,,maroon,af,,14767.18,https://politicsandwar.com/uploads/687cb3943be8ce534f7a46525a932da8491e0a1dx499.png
9964,"2022-05-27 14:18:41",Giga,GG,yellow,af,,812.55,https://politicsandwar.com/uploads/7eea5d2fa22390eb677427c0cdb39935ca81786f668.jpg
9968,"2022-05-27 21:56:21","The Church of Salt",SaLT,black,af,https://discord.gg/XncHCPrD,2064.57,https://politicsandwar.com/uploads/e27a2ce5c7879580882dcd9d398f29c2347ad07b500x29578.jpg
9984,"2022-05-30 05:48:20","Maurya Empire",ME,purple,af,https://discord.gg/dX8FfBbhUm,26604.81,https://politicsandwar.com/uploads/c4056a2525ace31b07f9c0a04c7d347898fc90a1500x281197.jpg
9986,"2022-05-31 02:16:06",Paradise,PDSE,white,af,,65585.46,https://politicsandwar.com/uploads/18d52369f7eac47bdf769201a77a9bf190bd2f6b500x300287.png
9989,"2022-05-31 16:52:23","United Sovereign Nations",USN,purple,af,https://discord.gg/NAD62VjcXk,184.74,https://politicsandwar.com/uploads/20fadcbef3ac549d6588647241719bc55881c77d500x300274.gif
9994,"2022-06-01 10:13:13","The Green Socialist Caliphate",,olive,af,,306.20,https://politicsandwar.com/uploads/d3473602ec990844555569946c9e4387ad369740x655.png
9995,"2022-06-01 14:22:53","Electronic Coins Corporation",,blue,af,https://discord.gg/U5XFdzFHyS,400.70,https://politicsandwar.com/uploads/0f337f3c40f3e68b04743cb5ac955e8a1c4c5827300x300488.png
9999,"2022-06-01 15:22:21",Rain,🌧️,brown,af,,13861.26,https://politicsandwar.com/uploads/e18d7fd8e391101a9289cef879cee1a681243b87500x300334.png
10000,"2022-06-01 15:22:34",Shuba10KM,,brown,af,,29125.05,https://politicsandwar.com/uploads/beb87dcd24ce60dff0ff2a4b8da0d88c0640e5a4x612.jpg
10005,"2022-06-03 02:16:44","Liberty Bank & Trust",LBT,yellow,af,https://discord.gg/37j49bNTW9,9495.91,https://politicsandwar.com/uploads/8497e41edf5655bfb7a2916c030fda6602401914500x300972.png
10008,"2022-06-03 12:03:42","The Orbis Empire",T.O.E,maroon,af,,2185.46,https://politicsandwar.com/uploads/0c9fce3079c131a8fe72b6c68b5a1f5cd147b2ffx407.jpeg
10013,"2022-06-05 08:17:20",Zippo,ZO,white,af,,2554.66,https://politicsandwar.com/uploads/602f919ca895099bd95b32319f31241626b21b92500x281415.jpg
10015,"2022-06-05 19:12:30","Christian Union",CRU,blue,af,https://discord.gg/vgCACnZDVJ,0.00,https://politicsandwar.com/uploads/152e1b012074b523fc5ffe37291fa07d62274c20500x333339.png
10020,"2022-06-06 04:10:52","The House Of The Elites",,maroon,af,https://discord.gg/vAd3AezQ6D,1798.38,https://politicsandwar.com/uploads/9968b1b80d341da87f4eb70351c6f24c73d9957f500x333645.jpeg
10022,"2022-06-06 16:23:43","Organisation of Free Nations",OFN,blue,af,https://discord.gg/uteC5mUxQm,9514.35,https://politicsandwar.com/uploads/cd74c239bd92d50c9274bbec794c8ad8a04fbf78500x325461.jpeg
10025,"2022-06-06 19:02:51","The Society",Dominus,red,af,https://discord.gg/7m6r3YrJ,1074.34,https://politicsandwar.com/uploads/55736717847095b22f67854b625080a3bb737c2e500x243705.jpeg
10028,"2022-06-07 06:25:33","Lone Star Above The Ocean",LSATO,aqua,af,,2457.70,https://politicsandwar.com/uploads/552aa5f11998d3340a4f933a9a46f69cc4f82330x639.png
10033,"2022-06-08 08:32:04","International Union Council",IUC,black,af,https://discord.gg/JKtJ59KQ,1872.17,https://politicsandwar.com/uploads/9c5cbe0be0f85f8f73c3c33a986f24f771f1986f500x333450.jpg
10037,"2022-06-08 22:34:08","The Glorious Federation",,blue,af,,9608.18,https://politicsandwar.com/img/imgur-old/5c1b77715300d803ec2b290035fbe5f045d20d1b314.png
10038,"2022-06-08 23:11:04","Meta Chees Co",Chees,yellow,af,,781.16,https://politicsandwar.com/uploads/9a8d5dfbb03edf64031c81ddf8fcbb5b4e8bc3cd500x296319.jpeg
10041,"2022-06-09 09:13:21","Basket Weaving LLC",BWL,purple,af,,6305.80,https://politicsandwar.com/uploads/6bb6d77fd2bad7327f18d10ba1457af6450fbfeax403.png
10042,"2022-06-10 04:43:01","THE HINDU","THE HINDU",aqua,af,https://discord.gg/dsSJ7EH93t,4820.15,https://politicsandwar.com/uploads/069d771949423befab2d7027d79db7ca444e898f500x295330.jpeg
10044,"2022-06-10 15:32:01","Masonic Order Of Widows Sons",VII,black,af,https://discord.gg/QeE9D3gK,983.33,https://politicsandwar.com/uploads/3bbf3b0e0fbb1f23bd3d0c21ae71e20d166cddd5500x48128.jpg
10050,"2022-06-12 02:52:30","High Temple",,green,af,,7665.00,https://politicsandwar.com/uploads/d264e39f5f7ad18d0f62525b7f33a10120fff38d500x321274.png
10051,"2022-06-12 20:20:56","Global Alliance Treaty Organization",GATO,blue,af,https://discord.gg/hR3eEqduyt,18771.68,https://politicsandwar.com/uploads/12267ec7bc64ce6bc8cdf684ff5a8010768ed372x919.png
10054,"2022-06-13 00:30:59","Wayne Enterprises Inc",,olive,af,,5490.00,https://politicsandwar.com/uploads/0079568e98f5dce07ed8408e3378b93256751761500x300497.png
10060,"2022-06-14 01:02:53","The Afterlyfe",AFLY,brown,af,https://discord.gg/Ex7y3x6FrT,57686.35,https://politicsandwar.com/uploads/d0b9701dc8ed767e840ca54d9ba37995f2250743500x30026.png
10063,"2022-06-14 11:43:08","New Federation of Sovereign Nations",NFSN,blue,af,https://discord.gg/KydzS2x8gs,33680.16,https://politicsandwar.com/uploads/c3c7396c7a8fe089dc4ea347f4414e2a5b9b2137500x300700.png
10069,"2022-06-14 23:58:57","The Crimson Entente",,purple,af,,656.48,https://politicsandwar.com/uploads/b1614f5ac89bb645cf7fbaf32dbc54fdcc63a410500x300386.png
10072,"2022-06-16 09:21:43","The Factory",,aqua,af,,548.72,https://politicsandwar.com/uploads/2fc643ac00cefa7369e86df27d6babea873eee4b500x375368.png
10074,"2022-06-16 13:01:09","The Naughty Step",,white,af,,3401.50,https://politicsandwar.com/uploads/d5e99757c260db242fb538d0e9b315d7cb0f85ce500x498241.jpg
10075,"2022-06-16 16:03:00","The New Sanghelios",TNS,olive,af,https://discord.gg/bGZ4mM9Pc9,30026.31,https://politicsandwar.com/uploads/d28226cb08d43a13c0f181a8ebaf4c628a6dba8b500x330977.png
10078,"2022-06-17 00:53:45",Voulez-Vous,,black,af,,1049.48,https://politicsandwar.com/img/imgur-old/de9827a319b0955769c504378684330540ce1d8c634.png
10083,"2022-06-17 20:34:53",Dawnstar,,orange,af,,3720.76,https://politicsandwar.com/uploads/819117c77a5d07fe30a3f0da1f5b23e830ea6eb5296x300304.png
10084,"2022-06-18 02:42:49","Totally Not Shady Offshores",TNSO,lime,af,,1197.00,https://politicsandwar.com/uploads/c2963feb4b51151dcbc96a90b134d5966fe37d65235x300226.png
10086,"2022-06-18 08:02:59",y-Achse,,maroon,af,,2320.91,https://politicsandwar.com/uploads/5057f08567cf63b4cef5ca1eb2d9c8a7a78a668bx556.png
10091,"2022-06-18 21:45:12",Fox,FOX,blue,af,,2046.90,https://politicsandwar.com/uploads/01b16bcf21fc621730925e1e7412c89ae419f882x107.jpg
10092,"2022-06-18 22:47:50","Black Crown Financial",,olive,af,https://discord.gg/bwAtM4mB7r,5148.78,https://politicsandwar.com/uploads/db478e765ada7a394ab4d830f6652b679468b399500x300659.png
10094,"2022-06-19 10:37:08","The Utopian Treaty",,aqua,af,,1354.69,https://politicsandwar.com/uploads/c7be50aed4dddf32a37437561fe9d5b6680a0d35500x300308.png
10103,"2022-06-22 00:45:51","Town Drunks",,aqua,af,,880.03,https://politicsandwar.com/img/flags/jamaica.jpg
10104,"2022-06-22 20:57:39","The Cove",,green,af,,4903.39,https://politicsandwar.com/uploads/59f110e7f88b4b05bc533064ae600f1b5215bf7a1000x625374.png
10109,"2022-06-23 23:55:45",TheTimePeople,,green,af,,4364.38,https://politicsandwar.com/uploads/5986b5340c23836d36bb0dcd0b3d5ec31a3b1991871.jpg
10115,"2022-06-25 15:26:33",EDO,EDO,yellow,af,,0.00,https://politicsandwar.com/uploads/a87e7db12b9bd2af245dcefa4d683b6e75f1b8d7500x306353.png
10116,"2022-06-26 02:02:16",Pepethefrog,,aqua,af,,916.55,https://politicsandwar.com/img/flags/betsy_ross.jpg
10117,"2022-06-26 05:05:42","Crusaders of the Holy Boogaloo",CHB,black,af,https://discord.gg/zYQvuzA,35560.29,https://politicsandwar.com/uploads/8185f75208d3909acf0a22b89b99e24907ed84d4500x281315.png
10124,"2022-06-27 08:34:19","Grand Confederation of the Laurels",GCOL,green,af,,1036.14,https://politicsandwar.com/uploads/1ab08565be39765897325a460570de100ff98111500x301995.png
10125,"2022-06-27 08:46:55","The Nuke Of Justice",TNT,red,af,,1654.34,https://politicsandwar.com/uploads/0371873ddbc8f830ea3aba893cbc31666fe78828500x37573.jpg
10128,"2022-06-28 18:51:19","BROWNIE EUROPEAN ALLIANCE",BEA,aqua,af,,1866.60,https://politicsandwar.com/uploads/c39e211f60e3e2c0210e9b055bec80c9249979f3225x300912.jpg
10132,"2022-06-29 21:09:56","Jesses Vacuum",,aqua,af,,1195.01,https://politicsandwar.com/img/flags/jamaica.jpg
10137,"2022-06-30 15:13:37","Holy League",HL,purple,af,https://discord.gg/vX5FgJTYpt,0.00,https://politicsandwar.com/uploads/db1d244760c6c6b96e5d3b8846838aa3da426c1ex794.jpg
10151,"2022-07-02 17:41:51","Stratosphere Marine Corps",SMC,blue,af,https://discord.gg/aPW32pmqt2,56604.90,https://politicsandwar.com/uploads/934fca95c216d5193cb7b56938c313fffadc66d6500x281786.jpg
10153,"2022-07-02 21:57:23","The Alliance of Astar",,aqua,af,,202.85,https://politicsandwar.com/uploads/a5a787d91c068c38871422e8fa233892589c9d4d1000x666892.png
10159,"2022-07-03 09:34:14","Union of Harmony Nations",UHN,aqua,af,,1938.28,https://politicsandwar.com/uploads/cae86be0228c271173f053ac97ed15c8bb7b2461505.jpg
10173,"2022-07-05 00:51:00","The Boogey Boys",TBB,white,af,https://discord.gg/q5hRJPMc,1208.02,https://politicsandwar.com/uploads/b1189b89edb46f96dd8a71c6fdd5a5df4477b7dd500x39771.jpeg
10177,"2022-07-05 12:25:54","Man I Love Frogs",MILF,maroon,af,https://discord.gg/3ZekYnkf3H,27649.38,https://politicsandwar.com/uploads/96473bf169405a85df0544419f7fc5781a01cf3c500x349967.jpg
10179,"2022-07-05 22:20:20","Dawn Arises",DA,aqua,af,https://discord.gg/zVn79Wpj,4955.30,https://politicsandwar.com/uploads/cce81638dc6c10889e153bf5acc1d85de6b2bdfa500x281341.png
10181,"2022-07-06 01:44:09","Band of the Falcons",BotFs,orange,af,,84.46,https://politicsandwar.com/uploads/a07d2ce156089ad10b903ffa8db834d13859eb7a500x291585.png
10183,"2022-07-06 04:56:41","Grand Emirates World Legion",,aqua,af,,981.30,https://politicsandwar.com/uploads/8ea89d2f91dab394080c84482f04755af6367930x8.png
10190,"2022-07-07 01:46:41","Bank Robbers",,green,af,,5622.55,https://politicsandwar.com/uploads/ef2674969e51cb7282194e284e39ad075a6f78a9324.png
10198,"2022-07-08 11:58:44","Damn I love Frogs",DILF,maroon,af,,731.92,https://politicsandwar.com/uploads/a9158e97976b32c6e650f53870e95551bd5d3783250x300605.jpeg
10207,"2022-07-09 18:03:05","The Independence Confederation",TiC,blue,af,https://discord.gg/zWtrYXqb5V,6302.55,https://politicsandwar.com/uploads/24ee36de975a65b26adb6b2b522dbb72744d680c500x281410.png
10213,"2022-07-10 20:12:27","The House Of Justice",HOJ,maroon,af,https://discord.gg/g7cwq9aWr9,6126.41,https://politicsandwar.com/uploads/864765f0386b6eaa2ad3aae35b9545e40fc6e8a3500x401520.jpeg
10217,"2022-07-11 16:53:39","Leonardo Corporation",,maroon,af,https://discord.gg/AnZFXds7NU,4170.85,https://politicsandwar.com/uploads/5991854b4e516d718ce13fde2db4e831b75ad3f6300x300577.jpeg
10240,"2022-07-16 14:13:33","Gods Of War",,blue,af,,216.42,https://politicsandwar.com/uploads/f52f10df0e5ee500520129fa55e24972afd66664500x312572.jpeg
10244,"2022-07-17 08:35:22","The great marksman ape alliance",,green,af,,123.55,https://politicsandwar.com/img/imgur-old/6fae4cb1c426376e13fdb6301430be39a6b45109513.png
10248,"2022-07-18 17:29:09","Pacific Polar",,maroon,af,,4363.75,https://politicsandwar.com/uploads/72cb4692d84920a0184715d1cf9c9ca7790fcc70x69.png
10250,"2022-07-19 10:06:17","Communist Commonwealth Nations",CCN,red,af,,6027.55,https://politicsandwar.com/uploads/5067416f818d61b0b526a436377cdad75bad8336500x25017.png
10251,"2022-07-19 11:15:31","World Alliance",WA,green,af,https://discord.gg/v3zCH2zUkm,1323.84,https://politicsandwar.com/uploads/8394520b591b05502a49853722008966bdb140c8x306.jpg
10252,"2022-07-19 18:08:29","The Orion Project",TOP,blue,af,https://discord.gg/DcjYkYnSMk,23723.92,https://politicsandwar.com/uploads/88e44fe76f740334c313c779e6dba6c7aeeb8d2c500x331448.png
10256,"2022-07-21 01:21:48","This is totally not an offshore",,blue,af,,7719.00,https://politicsandwar.com/uploads/1f85582e32ebb038d858660b2de9d7f7e51389541000x666369.jpg
10259,"2022-07-22 11:36:16",Aeterna,AETA,olive,af,https://discord.gg/tGxHBG2uGU,9838.94,https://politicsandwar.com/uploads/a416860e01cc22b1b3e5f134add31c44e8036365x533.png
10269,"2022-07-24 01:54:18",Mayhem,MYM,olive,af,https://discord.gg/ZMBdUkMngp,38205.29,https://politicsandwar.com/uploads/4b89fe5a80437d13301629730a0c84e411d7eeaa500x249809.png
10273,"2022-07-24 23:39:03","The Galactic Republic",TGR,blue,af,,1154.36,https://politicsandwar.com/uploads/5d4c6e0428a79e0f133a2a2397f20275560f88e3300x300213.jpg
10277,"2022-07-26 11:05:44","Cat Sphere",CP,aqua,af,https://discord.gg/9fb4tTvU6v,1517.79,https://politicsandwar.com/img/flags/default.png
10279,"2022-07-26 17:16:37","Arctic Ocean",,black,af,,17915.85,https://politicsandwar.com/uploads/5efb24e0fdc0f5a4f7436fc32a5101854f17c993265.gif
10280,"2022-07-26 19:44:38","The Wolf Pack",,green,af,https://discord.gg/WyEAWmJERy,1622.43,https://politicsandwar.com/uploads/3ed47c0c497529f2eee50b407ba97d0a5b94a3d1500x350145.png
10281,"2022-07-27 07:25:00","Central National Military",CNM,red,af,https://discord.gg/PPcZFVTK,1626.27,https://politicsandwar.com/uploads/65f2b3684e842d761c4aa9cb68f493391d0fa1a7500x278415.jpg
10283,"2022-07-27 22:53:53",BlackList,BL,white,af,,370.15,https://politicsandwar.com/uploads/f7d013742c74edcf9b48b82101e9660c85a08a1a500x281973.jpg
10285,"2022-07-28 01:21:54","Globalized Scotus Union",,white,af,https://discord.gg/vC6hMHju9v,6828.24,https://politicsandwar.com/uploads/84e6f643a090c72a51eaa2244dbc9404d94863f5500x294971.png
10297,"2022-07-31 04:32:59","Coalition of Island Nations",,brown,af,,3058.24,https://upload.wikimedia.org/wikipedia/commons/4/49/Cape_Verde_flag_-_watermark_000_percent.jpg
10298,"2022-07-31 08:31:53","ACC Official",ACC,black,af,,1976.79,https://politicsandwar.com/uploads/9dae231af2939bc92f76e75934c5d01b06ce3217500x306242.png
10299,"2022-07-31 14:21:49","The Legacy Force",TLF,maroon,af,https://discord.gg/qy7NcQUHSn,1779.39,https://politicsandwar.com/uploads/5858353747ecfb1f145da3467b3c5012d6ba895b500x275736.jpeg
10301,"2022-07-31 16:17:42","Dont Touch",,white,af,,10382.50,https://politicsandwar.com/img/flags/venezeula.jpg
10304,"2022-08-01 06:07:04",Samurai,,maroon,af,,2393.49,https://politicsandwar.com/uploads/710b23b783dfea26ebef0138f2a7c66f30031a38500x299247.png
10305,"2022-08-01 16:25:19","the boys",,black,af,,2114.57,https://politicsandwar.com/img/flags/blooper.jpg
10306,"2022-08-02 04:30:23","KLAN OF KLAWS",,black,af,,3579.75,https://politicsandwar.com/uploads/2b8401be4f586dd7714d0ee66d3165888c7e7956300x300470.jpg
10308,"2022-08-02 17:08:34",Aalu,,brown,af,,0.00,https://politicsandwar.com/img/flags/yemen.jpg
10309,"2022-08-02 21:32:19","American Lakes Alliance",ALA,pink,af,https://discord.gg/Vbu3Exqcsj,4497.86,https://politicsandwar.com/uploads/32c3e1aa5dca1d134f2b627b05e020e2df3fc502500x300606.jpg
10311,"2022-08-03 07:26:01","Lethean Dawn",☕,orange,af,,3337.62,https://politicsandwar.com/uploads/82be543a7005e10ffed2ba4d755515ba42613f86500x329665.png
10312,"2022-08-03 17:21:06",Sapia,,red,af,,1007.70,https://politicsandwar.com/img/flags/barbados.jpg
10316,"2022-08-05 05:55:04",Ogygia,,pink,af,,2607.50,https://politicsandwar.com/uploads/0d93714e9bdd1e614d9604dbab4eba21975ca56cx734.jpg
10321,"2022-08-05 19:12:26",Mordor,,green,af,,2523.13,https://politicsandwar.com/uploads/bcd4a10925ceaf746d0ac6ad662748443e9a9bf7500x350908.png
10322,"2022-08-05 19:21:40",BalticBlock,,orange,af,,2456.60,https://politicsandwar.com/uploads/a9ebc7cbc4900dfce4230ba4a57a232574cae8de925.jpg
10326,"2022-08-06 17:47:56",Stigma,,pink,af,,13872.50,https://politicsandwar.com/uploads/05fa105934fec28b27dac8d76d115576ba4bdc3d500x312273.png
10327,"2022-08-06 21:19:36","Melon Dynasty",,green,af,https://discord.gg/aU867Skzpm,534.72,https://politicsandwar.com/uploads/d01ac19c2bbd2a1ca112e9215e4dd2c2da3fffd3500x300314.png
10329,"2022-08-07 05:07:14","Sparkle Party People",,black,af,,9543.00,https://politicsandwar.com/uploads/3154d0fcdd05e3824a4e337899f3443d6763d23b500x312642.jpg
10334,"2022-08-08 16:27:36","Arkham Asylum",AKA,red,af,https://discord.gg/mv5gV7fFtD,21665.07,https://politicsandwar.com/uploads/91a6308994ff20d1ba1c931adc5856729e30de56500x312590.jpg
10335,"2022-08-08 16:52:15",gatorsrealm,,green,af,,5211.94,https://politicsandwar.com/uploads/34b0941d70c628fa6cdea9df7c91c6966f0be71689.jpeg
10336,"2022-08-08 17:26:40","British Raj",BR,maroon,af,https://discord.gg/vpuSspnG,796.10,https://politicsandwar.com/img/flags/greatbritain.png
10337,"2022-08-08 17:41:46","European Provisional Congress",,black,af,,1348.99,https://politicsandwar.com/uploads/c3d3f61ca762949c14838a42694cf27d1da688fd500x333739.jpeg
10338,"2022-08-09 19:21:53","Temporary Hiding spot",,white,af,,1771.13,https://upload.wikimedia.org/wikipedia/en/thumb/3/3f/Australian_Aboriginal_Flag.svg/1200px-Australian_Aboriginal_Flag.svg.png
10340,"2022-08-09 21:42:18",TRA,TRA,black,af,,1943.40,https://politicsandwar.com/uploads/e56f3cae0ffdf2552d2436d1ada1bfb9fa06d200x700.jpg
10342,"2022-08-10 03:02:46","Corn Silos",,yellow,af,,6909.75,https://politicsandwar.com/uploads/125eff51f3476cd5f24debb891968eeb58bef89a566.png
10347,"2022-08-10 19:17:46","Queen Anne Revenge",,aqua,af,,1825.73,https://politicsandwar.com/uploads/1052ae09e163f869caf5301408172f3a02192056271.jpg
10350,"2022-08-11 11:00:32","Techno-Democratic Alliance of Orbis",T-DAO,aqua,af,,1499.30,https://politicsandwar.com/uploads/186973806647dc93bae6f3ac2399fd6103c148b01000x676305.png
10351,"2022-08-11 13:03:33","Bank Co",,black,af,,1190.50,https://politicsandwar.com/img/flags/sweden.jpg
10353,"2022-08-12 00:17:42",Austria-Hungary,AUHU,white,af,https://discord.gg/VJMZBEhKvZ,2442.35,https://politicsandwar.com/uploads/e4ef08b1c7d47e704640c4327f861b2df02a95a0500x333857.png
10356,"2022-08-13 20:22:31","United Federation of Crows",UFC,olive,af,,2046.75,https://politicsandwar.com/uploads/c0c5d184e617a2158cb9483cbb5402624a798b63x395.jpeg
10358,"2022-08-14 02:27:10","Union of Federated States",UFS,blue,af,https://discord.gg/BBqph5jH5e,14823.10,https://politicsandwar.com/uploads/f484c28a0bc3fe35f00a238aad221a6ecb46d7d0495x300647.png
10359,"2022-08-14 11:32:47","Soviet Silacov Union",Fortress,red,af,https://discord.gg/QZAC7YKe,1071.19,https://politicsandwar.com/uploads/84c81fbcfd87d5cf2e575caa6d0290f62d023841300x300998.png
10360,"2022-08-15 06:48:38","Personal home",,aqua,af,,2020.86,https://politicsandwar.com/img/flags/sweden.jpg
10362,"2022-08-15 12:46:06",IWCC,IWCC,red,af,,0.00,https://politicsandwar.com/uploads/3cac1428d162a6b41b6c8c9ccc307660506e2a2e500x333902.jpeg
10363,"2022-08-15 13:20:08",Terratzia,TK,maroon,af,https://discord.gg/5w8rZSma5r,2685.87,https://politicsandwar.com/uploads/e314a215083da1d77e21f7b471232df9c6df52d4500x332497.png
10364,"2022-08-15 17:01:10",Nebula,,lime,af,,5020.38,https://politicsandwar.com/uploads/250b9be2b1caf68bdd39ae0865f8c1d4c421dbaa1000x924684.png
10366,"2022-08-15 19:04:39","Nephrops Norvegicus",,green,af,,18333.49,https://politicsandwar.com/uploads/9fff6a0ce5e0a0b51b1b20b773dd5e80668bf66a311.gif
10367,"2022-08-16 00:20:25","I got waided",,green,af,,4367.25,https://politicsandwar.com/uploads/614cfb63d8416dec9f7f86df6195fccb8a382acb500x281381.jpg
10368,"2022-08-16 02:28:25","Chaos Deviant",,black,af,,4720.87,https://politicsandwar.com/uploads/ce930017de4bcaff62b0435525fbcec71a4ac6a2500x335816.png
10370,"2022-08-16 08:22:04","Flying Dutchman",,green,af,,997.91,https://politicsandwar.com/img/flags/piratesheep.png
10374,"2022-08-17 12:01:10","The 3 Swords",TTS,lime,af,https://discord.gg/TeTPjFwWJQ,5252.93,https://politicsandwar.com/uploads/7c7bb9e17fa5b9e1a339bbeb2fce1d825ad00845x33.png
10375,"2022-08-17 19:41:15","Pravda Academy",PA,aqua,af,https://discord.gg/nbNxWRMA7k,1582.10,https://politicsandwar.com/uploads/eacdc2e10057c9e28fc168eae319a5d9d6e75ac6x774.gif
10376,"2022-08-17 20:15:54","Union of Nations",UFN,red,af,,1351.91,https://politicsandwar.com/uploads/1d62e6d8355b6ededb8b707ccb1d782316b0f393500x333486.jpg
10377,"2022-08-17 20:30:49","The Celtic Empire",TCE,lime,af,https://discord.gg/tRSP88TnxG,2621.75,https://politicsandwar.com/uploads/eb8b26a3b09fd67d6e34c8670d4a82cfe50eab5e500x300803.png
10378,"2022-08-18 14:47:29",Thunders,,red,af,,2095.67,https://politicsandwar.com/uploads/ecb4dd4f408cfc1126f69eaacc0169d2bb239c37500x281265.jpg
10379,"2022-08-19 04:34:33","The Union of the Phoenix",,purple,af,,998.30,https://politicsandwar.com/uploads/121ec5b4496857dbd08831a83e30bcef8a116e89500x333814.jpeg
10382,"2022-08-19 20:19:11",Fumo,ᗜˬᗜ,brown,af,,4449.00,https://politicsandwar.com/uploads/9e17980d2a930f678af7a26785da8231ba667564271x300747.png
10383,"2022-08-19 23:45:33","South Pacific Sunrise",,orange,af,,1100.65,https://politicsandwar.com/uploads/a17133ed91b592290e66ceb7f47cd2da004a62e0500x298394.png
