﻿alliance_id,date_created,name,acronym,color,continent,discord_server,score,flag_url
615,"2014-08-05 12:32:17","Seven Kingdoms",SK,orange,Ar,https://discord.gg/3uCF26s,0.00,https://politicsandwar.com/uploads/86bdc587ed74b9544f5c2f523bb490d6016c483a500x281478.jpg
619,"2014-08-05 19:39:15",Guardian,Guardian,orange,Ar,https://discord.gg/wFbUzM2,188965.14,https://politicsandwar.com/img/imgur-old/4ec297228f2995b3e5b9d7930411397051baa3e1895.jpg
622,"2014-08-06 13:37:26","United Purple Nations",UPN,purple,Ar,https://discord.gg/mfUxYv7CyR,233091.16,https://politicsandwar.com/img/imgur-old/3f9d76b849ff553846c11a6097af797b3b9570bf680.png
623,"2014-08-07 10:12:02",Acadia,Acadia,aqua,Ar,https://discord.gg/9wKzZbU,0.00,https://politicsandwar.com/uploads/53a996d6308d048c5ad0b73e8897545657b86834773.png
770,"2014-10-26 13:21:40",770,LC,yellow,Ar,,7359.14,https://politicsandwar.com/uploads/5f51cbbdf2e2e9e8f7087f683f8292e8f96948e5500x300422.png
790,"2014-11-04 23:13:16",Rose,🌹,pink,Ar,https://discord.gg/Fp5Ngqg,751863.14,https://politicsandwar.com/uploads/d4b2da02c4d59caa097c585e0d0860ffce9b83ec500x30019.png
831,"2014-11-21 17:26:29","The Syndicate",t$,green,Ar,https://discord.gg/qGPezMbPNw,602273.67,https://politicsandwar.com/uploads/4943f976375bf77cafa3a32b9df7772dd8d5da1a500x300258.png
866,"2014-12-08 09:18:04","Guardians of the Galaxy",GoG,lime,Ar,https://discord.gg/DVGzNXM,0.00,https://politicsandwar.com/uploads/111dd01422c16de66f4d06040c7451118efd002b957.png
877,"2014-12-12 23:23:13","Black Knights",👽,black,Ar,https://discord.gg/VrJFQMBH2R,178952.88,https://politicsandwar.com/img/imgur-old/0c580c98f956ff4e45acbdd54111c22bc6456b8e458.png
913,"2014-12-19 14:34:25",Arrgh,Arrgh!,black,Ar,https://discord.gg/jCAQFtJ,197894.37,https://politicsandwar.com/img/imgur-old/c4ad8a85a57d1fedc2df54ac0d34bc882a83b441644.png
1023,"2015-01-26 15:22:05","The Fighting Pacifists",TFP,white,Ar,https://discord.gg/5yT5tWS,675384.57,https://politicsandwar.com/uploads/0274364d1eac9928139376f0e84b6407270cfdbb500x300836.jpeg
1210,"2015-03-21 22:52:21","World Task Force",WTF,maroon,Ar,https://discord.gg/3AXHN5B,175095.22,https://politicsandwar.com/uploads/7f1b6b4092cde322a7209affa489041e91427225216.png
1246,"2015-03-29 20:09:40",Farkistan,FU,white,Ar,https://discord.gg/HDjRySg,18581.70,https://politicsandwar.com/uploads/100fe13335b6c085e46e699bf8d856d1ee996207315.png
1584,"2015-06-29 17:25:50","The Knights Radiant",TKR,orange,Ar,https://discord.gg/t7dzPAV,718317.53,https://politicsandwar.com/uploads/1638d0632ae76bfb5d49c1f27836e58be26b366d425.png
1723,"2015-08-08 02:13:24","TRUMP 2016",TRUMP,orange,na,,42.73,https://politicsandwar.com/img/imgur-old/e7f77385327365d10712e34790c1d27b19984cb4595.jpg
1742,"2015-08-14 18:32:07","Serene Wei",SW,pink,Ar,https://discord.gg/H6BFjABGUB,293012.68,https://politicsandwar.com/uploads/52ea169519feafe633bf5cc9d3a9b73b6126eb56x108.png
1896,"2015-10-05 16:50:32",Pantheon,🏛️,yellow,Ar,https://discord.gg/8w5mHFe,16692.27,https://politicsandwar.com/img/imgur-old/aabdb8d0f25956ba861bb1c365c404835995c5a5705.png
2082,"2015-12-01 16:15:42","New Pacific Order",NPO,brown,Ar,https://discord.gg/g5x6UZ4,6110.01,https://politicsandwar.com/uploads/f6d9d9cd426226b55504e8fe7c941c10cb7eb6ba700.png
2358,"2016-02-16 19:50:46","New Polar Order",NpO,blue,Ar,,12573.20,https://politicsandwar.com/img/imgur-old/a69030707aac568c9eb564ed58dfa6bacfa34da5165.png
2510,"2016-03-20 06:51:10","Order of the White Rose",OWR,orange,Ar,https://discord.gg/NcugYxp,8280.90,https://politicsandwar.com/uploads/df37fe596437c09410b1148dfc0a23c474cb1160500x300359.png
2594,"2016-04-04 10:01:03","United Socialist Nations",USN,red,Ar,https://discord.gg/e2VvhPwnb7,137100.77,https://politicsandwar.com/uploads/90485012606693dfe5d2407d9142e3e34f4c0699500x281849.png
3339,"2016-09-23 00:04:24","Grumpy Old Bastards",Grumpy,green,Ar,https://discord.gg/8BZztQQ,390453.84,https://politicsandwar.com/uploads/c3c6b42d867ffd38eafedaf07cdfda4469e82998454.png
3427,"2016-10-07 17:28:42","Legion Of Dawn",LoD,white,Ar,https://discord.gg/Gv26Kzr8ZU,265940.24,https://politicsandwar.com/uploads/eee2967dd685ba344b7b28410118d76e2ddf3f10500x281242.png
3683,"2016-11-08 20:24:05","House Stark",HS,olive,Ar,https://discord.gg/aRhfKtBzp8,143293.55,https://politicsandwar.com/uploads/6fbae734fd01b98e9bacfd741e8632b0908eea27500x333714.jpeg
3940,"2016-12-20 00:38:26","The United Empire of ZahAharon",TUE,purple,Ar,https://discord.gg/yZmr9av,2190.00,https://politicsandwar.com/uploads/5ba2f1328cb1211b742c91c72d9c34db1248101b489.png
4124,"2017-02-01 17:00:43","Knights Templar",KT,orange,Ar,https://discord.gg/RyPP7hBKqs,282308.51,https://politicsandwar.com/uploads/bfa32de0e7fc27438b7f53dd9803c43647b8f5c4x436.png
4150,"2017-03-19 10:05:19",Yarr,GOLF,black,Ar,https://discord.gg/cbF74Dg,109864.25,https://politicsandwar.com/uploads/57056016e0494b5e9e860188582d4db5ac119883500x333979.png
4221,"2017-06-11 12:22:29","Dark Brotherhood",DB,black,Ar,https://discord.gg/Uyn3m5D,118493.90,https://politicsandwar.com/uploads/3af8f5023602b9d1cd12588b7d379a0f9f896e43586.png
4271,"2017-08-09 02:18:58",Oblivion,"S H I T E",green,Ar,https://discord.gg/YRerfDpaKJ,63713.97,https://politicsandwar.com/uploads/77f48785108ccfdc120abfd909836623bddd89abx511.gif
4397,"2017-12-10 03:25:36","Strickland Propane",Strickland,maroon,Ar,https://discord.gg/SFEpZNf,33975.90,https://politicsandwar.com/uploads/a118889f96a7c98bd6c465415353aaf6452d9915500x300529.png
4468,"2018-01-07 07:22:03","Purple Flower Garden",PFG,orange,Ar,,8866.94,https://politicsandwar.com/img/imgur-old/98a8b298739254e20ae0ce0e6c101a90dd78b76d238.png
4567,"2018-02-23 02:31:21","The Golden Horde",TGH,yellow,Ar,https://discord.gg/nUGFqj4,56631.03,https://politicsandwar.com/img/imgur-old/712fee14d4ec9d50caf2c83ee623c0767f04ea41757.png
4568,"2018-02-23 08:41:56","Outer Heaven",OH,black,af,https://discord.gg/EdbQAyq,0.00,https://politicsandwar.com/img/imgur-old/2eb12dc171cecfd21d2fa45de656c0da27e45ffa683.png
4623,"2018-03-18 07:10:01","The Empire of the Moonlit Sakura",7K,pink,Ar,https://discord.gg/Df4AsDtbXh,0.00,https://politicsandwar.com/uploads/77a7d97093ba2365abccad3f88475c9d2769678584.jpg
4638,"2018-03-21 05:20:16","Sacrum Romanum Imperium",HRE,maroon,Ar,https://discord.gg/2WGKQGPPhY,38263.99,https://politicsandwar.com/uploads/7301cea65b528edb03d7f7a66a88d591b2e8d27f500x333596.png
4648,"2018-03-22 22:26:01",Aurora,AUR,green,Ar,https://discord.gg/yNcFYYdv8f,393756.26,https://images84.fotosik.pl/1023/f49d99150a877b08.jpg
4729,"2018-04-13 22:07:21","Church Of Atom",CoA,green,Ar,https://discord.gg/DCQsEuf,132580.91,https://politicsandwar.com/uploads/a18a33770a8efb8ce21bf21468d6f7d404e73392500x333798.png
4829,"2018-05-05 16:54:12","The Enterprise",e$,lime,Ar,https://discord.gg/B5QBJe6ZCZ,147417.23,https://cdn.discordapp.com/attachments/442900043683332096/443503770748452864/es_flag.jpg
4937,"2018-07-13 09:44:55",Camelot,🐲,maroon,Ar,https://discord.gg/camelot-465573583532589058,336007.78,https://politicsandwar.com/uploads/a5b77c979e049acb180bfe3cbff19ea5f20d5d7bx86.png
5012,"2018-08-19 21:19:31","Respublica Romana",R&R,pink,Ar,https://discord.gg/rUJyB4U,0.00,https://politicsandwar.com/uploads/b67280cb2aac79d9b005553bdba50f34c1172af3x271.jpg
5039,"2018-09-09 00:20:10","Goon Squad",GS,green,Ar,https://discord.gg/uJGwKCK,21118.78,https://politicsandwar.com/uploads/f62cf330574ddc0dbd044b54a721efcbbef2d145647.jpg
5049,"2018-09-17 19:17:51",Carthago,CTO,olive,Ar,https://discord.gg/WAK7FWDkf8,334730.67,https://politicsandwar.com/uploads/1b710a297535690863f29e6977660201264edbdf500x281343.png
5121,"2018-11-03 08:30:55","Lannister Mausoleum",,maroon,as,,0.00,https://politicsandwar.com/img/imgur-old/403b570738062b87c7e8982f6cca706324d65ff8303.jpg
5326,"2019-02-16 00:24:08","The United Armies",UA,red,Ar,https://discord.gg/pfZNF7ER7z,1939.22,https://politicsandwar.com/uploads/9d68d184f546ee1673c8d6185affe0b14f554fdfx152.png
5476,"2019-05-06 16:50:03",Weebunism,🌸,brown,Ar,https://discord.gg/VMxbrMR,272076.08,https://politicsandwar.com/uploads/59f9326d615778b1cb789e4e4b5b9d652f0cdf21500x300823.png
5658,"2019-06-23 00:17:04","Unforgiven Legion",U.L.,purple,Ar,https://discord.gg/Wjek998,118647.34,https://politicsandwar.com/uploads/36d61fd23dfb027646186fdc247776350be7ddc8500x329646.jpg
5796,"2019-07-22 00:48:26",Atlantis,ðŸ”±,aqua,Ar,https://discord.gg/eFTs7uR,0.00,https://politicsandwar.com/uploads/cf30a6de0dc187d67c51e9074f2b6e5688260560189.jpeg
5875,"2019-08-04 19:30:43","The Immortals",IMMORTALS,yellow,Ar,https://discord.gg/8w5mHFe,663710.63,https://politicsandwar.com/uploads/d448c7a0425053d47e71e9d61691ad1faec1f926x494.png
6076,"2019-09-04 21:51:01","Teutonic Order",TNTO,purple,Ar,https://discord.gg/PJWybKapBB,555.44,https://politicsandwar.com/uploads/334f36c358cee711b38520c88277d378594e470c500x300889.png
6088,"2019-09-07 22:29:58","Terminus Est",💀,brown,Ar,https://discord.gg/7xSa8WrbJA,130060.92,https://politicsandwar.com/uploads/b0cac855367acc367ae4619baaa337ba8060c2a4500x300891.gif
6126,"2019-09-14 03:39:06","The Lost Empire",TLE,aqua,Ar,https://discord.gg/nAe4GgBvN7,117672.83,https://politicsandwar.com/uploads/f335d2149c46a6b1f664d32592dc2d871b7c5dcc500x258931.png
6143,"2019-09-16 21:48:55",Morningstar,🅼🆂13,black,Ar,https://discord.gg/SpxrYbq,7381.33,https://politicsandwar.com/uploads/71fa2df73a9bb2972e6b93d8a865aad33d11f3dax152.gif
6215,"2019-09-24 23:02:41","The MinuteMen",MM,green,Ar,https://discord.gg/VkZQAUJQ9y,0.00,https://politicsandwar.com/uploads/de8e12c9059c297b08d9fa428684fd43cc898c94500x298264.png
6703,"2019-12-08 02:21:33",TheNorthWesternSouthRegionofthefarEast,NWSRFE,purple,af,https://discord.gg/D9rcD4n,0.00,https://politicsandwar.com/uploads/bd3e8b523779389b08cd13b98e9676fe8853b8b3129.png
6877,"2020-01-07 23:40:55","Advanced Syndicalist Mechanics",ASM,red,af,https://discord.gg/SGgessb,0.00,https://politicsandwar.com/uploads/1c8cb8d10c2166cb00c75e5c2e047eb76ba0cc5b450x300644.png
7000,"2020-01-19 18:26:32","Banana Stand",BS,orange,af,https://discord.gg/t7dzPAV,7951.47,https://politicsandwar.com/uploads/79d696c0316258b0cc84aa7e2fbaf63037c9c189x260.png
7094,"2020-02-02 10:53:42","The Coal Mines",TCM,pink,af,https://discord.gg/ybWe59czTf,210291.36,https://politicsandwar.com/uploads/5420444611f8efb69a6e86a613717f285b892602500x3006.png
7204,"2020-02-12 17:12:01",Elysium,ðŸ·,black,af,https://discord.gg/3xQtdrf,0.00,https://politicsandwar.com/uploads/811f5f2040ae2da1c0c966c62a428a0ff2967380108.png
7249,"2020-02-19 19:32:31","The Firm",$f,green,af,,9821.03,https://politicsandwar.com/uploads/acde1ad6c273e804750867b1b278e85ffda51fb5589.jpg
7346,"2020-03-11 23:55:25","Chocolate Castle",CC,pink,af,https://discord.gg/V6Vmq96,4327.67,https://politicsandwar.com/uploads/ded131b45a77f67b7714b8cdd637041c914c8ba4500x333251.png
7366,"2020-03-17 17:48:08","Parisian Commune",,red,af,https://discord.gg/8gsTGb,0.00,https://politicsandwar.com/uploads/ebb2052df6d96b2f1ef7e3fa3fc7502eb2ecffb2x243.png
7433,"2020-04-06 02:09:18","Almighty Corporation",ALMC,yellow,af,https://discord.gg/aDnRmzH,5748.40,https://politicsandwar.com/uploads/f546e0e1042b03467c682e53bd214abff4fdaf5e500x3007.png
7450,"2020-04-12 18:27:50",Eclipse,☾,brown,af,https://discord.gg/sGzXF7P,767886.63,https://politicsandwar.com/uploads/64c45acf7b258e6671f32addc4debb7d007e3fed500x300833.png
7452,"2020-04-13 19:15:17",Cataclysm,CATA,white,af,https://discord.gg/QsJKSVzTmv,5089.39,https://cdn.discordapp.com/attachments/868735629108846592/993322927481167892/CATA_Flag.png
7484,"2020-04-25 14:13:28","Global Alliance & Treaty Organization",GATO,brown,af,https://discord.gg/B6pTkZGP9U,233528.59,https://politicsandwar.com/uploads/8dbaa9776def2f62e555aea2a31c7ba5dc3b8cdd500x272324.png
7527,"2020-05-15 22:04:43",Oceania,1984,green,af,,360.73,https://politicsandwar.com/uploads/399f3618c507af0e1d899be39f105e56300cb043500x375156.gif
7531,"2020-05-17 03:20:14","Convent of Atom",CoA,purple,af,https://discord.gg/uszcTxr,31498.24,https://politicsandwar.com/uploads/3be8eda535bbda4aa19bcc9d957141892af7fbbf500x333368.png
7536,"2020-05-18 22:40:16","Atlantian Council",AC,black,af,https://discord.gg/YpTqgmna,0.00,https://politicsandwar.com/uploads/2d0c3536dbc8e0143b058913c1eb82916570189d678.png
7545,"2020-05-21 00:06:20","Refugee Farmers","JOIN OR DI",green,af,,950.02,https://politicsandwar.com/uploads/4299bcad4d3d5f328c1bca6743cc118be192bef1641.jpg
7580,"2020-05-31 06:19:19","The Legion",SPQR,purple,af,https://discord.gg/RvEAPsp,246378.56,https://politicsandwar.com/uploads/8f49867f1be18b75b417f36796ac57cfd7d7059d311x150133.jpeg
7584,"2020-06-01 23:25:07","The Pow Pow squad",,aqua,af,,0.00,https://politicsandwar.com/uploads/321809fc3cf1b9fb3935249251e982652a39163e978.jpg
7642,"2020-06-30 18:06:47",Titanio,T22,lime,af,https://discord.gg/bWCxJD3WJj,553.56,https://politicsandwar.com/uploads/fb81a440f7a2d1c304156441614bce21365e0865500x277587.jpg
7647,"2020-07-03 02:32:24","micro pockyclypse","AYY BANK",green,af,https://discord.gg/Wheaevc,7442.50,https://politicsandwar.com/uploads/11d1ce3354c6801c8cd4cc2e9b55a81e62b3051b500x299825.jpg
7674,"2020-07-15 00:11:14","The Mortals",TM,lime,af,https://discord.gg/8w5mHFe,33196.14,https://politicsandwar.com/uploads/29391cc46b88243fb532bd7ceabe958d1a4ab9f0500x333380.jpg
7698,"2020-07-24 06:27:38",NukaWorld,7K-7G-NW,maroon,af,https://discord.gg/rB9nEf9,0.00,https://politicsandwar.com/uploads/ad36737cfc320fafb79dbfe33848edefca2ddecfx377.gif
7707,"2020-07-29 02:04:53","Dragon Confederacy",DC,black,af,https://discord.gg/5BTpjEh,0.00,https://politicsandwar.com/uploads/c6b8abfd1bb2cf9f9db3992f79d50db28ba4aa76272x300860.png
7750,"2020-08-17 07:27:40","United Ummah",UU,lime,af,https://discord.gg/8Q25CyE,95476.03,https://politicsandwar.com/uploads/da8e37e9e8c605667cc604ca9e8f11314b5361e4x145.png
7787,"2020-08-28 20:50:41","Black and white",,white,af,https://discord.gg/pEMf7hj,0.00,https://politicsandwar.com/uploads/66a6ce025e94c7231252462e5054cc69aeccb5ce422.png
7803,"2020-09-01 18:10:25","Laffeys Lair",MAO,green,af,,3230.08,https://politicsandwar.com/uploads/5e2b74db3fb27b33bd1348984a43a2fd4919bf9ax898.png
7806,"2020-09-02 21:00:48","Neon Dystopia",,lime,af,https://discord.gg/CQ3b55G,2250.01,https://politicsandwar.com/uploads/a5dbad95a2446481c856407a104da68c772d872c286.jpg
7815,"2020-09-06 15:23:49","99942 Apophis",99A,black,af,https://discord.gg/yF24Mgk,25454.75,https://politicsandwar.com/uploads/d451c53bf1a6b5030083bf6f48aed590524d78dcx741.jpg
7817,"2020-09-07 13:07:35","Viridian Entente",Oink,olive,af,,6566.90,https://politicsandwar.com/uploads/536c0a3b7ca0ceb6ff5fc1d66ddaf509bba91231x899.jpg
7868,"2020-09-28 21:47:03",Vibe,VB,blue,af,https://youtu.be/dQw4w9WgXcQ,942.85,https://politicsandwar.com/uploads/a3b242b9a263a7af7da65ac0cbe19cb939b8f054500x35754.jpeg
7902,"2020-10-14 20:02:26","Wigglytuffs Guild",WG,pink,af,,0.00,https://politicsandwar.com/uploads/a10a4137bc22372c4ebff841c2bc43d855307dc5198.png
7930,"2020-10-23 04:52:39","The Eagle Federation",🦅,orange,af,https://discord.gg/nadhCMRge7,0.00,https://politicsandwar.com/uploads/668500e6f0fbafc8a5853a63e035ceab28783bb8500x300166.png
7989,"2020-11-03 09:39:48","Corporate Union",CU,purple,af,https://discord.gg/sDpYRF8yDf,0.00,https://politicsandwar.com/uploads/85997d2bac2ad4f47e8dcc486a70a76d3ee9372c851.png
8100,"2020-11-28 23:15:28","The Company",TC,green,af,https://discord.gg/hJQ8jjHe2k,0.00,https://politicsandwar.com/uploads/704674ae503ff04b97feedba4c57540fd09712d2500x333411.jpeg
8173,"2020-12-21 16:16:11",Daedalus,DD,red,af,https://discord.gg/QsJKSVzTmv,0.00,https://politicsandwar.com/uploads/84c124c04ff2a94ef8e8d22c21645c9ca5703124x676.jpg
8236,"2021-01-16 16:23:43","Name Withheld",❓,orange,af,https://discord.gg/UR6xqsBnVz,152193.34,https://politicsandwar.com/uploads/95ca62148d74e362c63c5f3f86d4c6a0c8f5476d500x300869.gif
8249,"2021-01-23 07:20:02","United Monarchies of Orbis",UMO,aqua,af,https://discord.gg/eXStc6d44y,0.00,https://politicsandwar.com/uploads/0f785bb4da8b6168e422538b07252549cf1cdda5500x300104.png
8250,"2021-01-23 19:14:53","United Bonkers",,white,af,,0.00,https://politicsandwar.com/uploads/da41a6f974ca2cd6f05dc008129727d87525d204500x341374.jpg
8257,"2021-01-25 05:26:14","rose but better",,red,af,,0.00,https://politicsandwar.com/uploads/a52d1789972fedd91e8698a4b3552454736ea0fd800.jpg
8332,"2021-03-07 21:56:41","Special Antarctic Alliance",SDMA,pink,af,https://discord.gg/BfgtCXxSWs,0.00,https://politicsandwar.com/uploads/6e9279853232f57efd3ae1488af81f5be2de0ee7500x300170.jpeg
8343,"2021-03-13 12:51:59","The Armed Peacekeepers",TAP,lime,af,https://discord.gg/5yT5tWS,106038.38,https://politicsandwar.com/uploads/285d608958eb41f2f10015503d5460f324f50a80500x300189.png
8399,"2021-04-03 23:18:39","Ancient Germanic Tribes",AGT,red,af,,0.00,https://politicsandwar.com/img/flags/germany.jpg
8427,"2021-04-12 13:06:01","The Chicken Sea Horse Alliance",CSHA,white,af,,0.00,https://politicsandwar.com/uploads/ce9890da6ec76c587cdf7a908bb6f9a758897e7a1000x599499.png
8442,"2021-04-18 18:00:44","The Inquisition",TIQ,brown,af,,8038.46,https://politicsandwar.com/uploads/c78dda262478847c616fe845636d88edd9e3d28d500x300202.png
8451,"2021-04-21 20:35:16","Big Brain Bureau",BBB,lime,af,,0.00,https://politicsandwar.com/uploads/71136d8179bbd31921826882fb0bafdab04b4a8b250x205248.jpeg
8459,"2021-04-23 17:20:18",Genesis,GNS,aqua,af,https://discord.gg/Yhv73hftkU,1432.56,https://politicsandwar.com/uploads/fe518f7402c90c78b5aa5f22bf4fce2225649cf1x161.gif
8463,"2021-04-24 20:25:59","The Valyrian Freehold","DEATH TO A",red,af,https://discord.gg/gJhhdQkNV3,710.35,https://politicsandwar.com/uploads/f7f2bd114b2498d407e6a6815f0edfd8364b9c01500x300836.jpg
8470,"2021-04-26 12:25:32","The Elementals",TE,green,af,https://discord.gg/gRtTkACyBv,0.00,https://politicsandwar.com/uploads/9f88cef368bf97997988c96971fed4edc144fc3c500x280658.jpg
8514,"2021-05-05 04:40:42","Republic of Nassau",Nassau,black,af,,0.00,https://politicsandwar.com/uploads/d72022e51f6b9a55781d1d3134e401d3f480fa5f500x250329.gif
8577,"2021-05-17 12:58:42","Heung Shing Corporation",HSC,red,af,https://discord.gg/uGXdCrZ8Sh,34864.26,https://politicsandwar.com/uploads/47dc0f39100b21e36f84c8e16db124adebb15d35500x497903.jpg
8598,"2021-05-23 06:06:53","Money Revolution",,maroon,af,https://discord.gg/AyWWgZWT65,0.00,https://politicsandwar.com/uploads/a2a631e63f72846f8c5af619a72608a87ffc79f8300x300323.jpg
8607,"2021-05-24 19:53:41","Concordian Entente",,white,af,https://discord.gg/cZWhbMRVdh,0.00,https://politicsandwar.com/uploads/cb3cc517ceefafd231da96440e2552f85eb960f8500x285864.png
8616,"2021-05-25 05:37:20",HedgeFund,♙HEDGE,olive,af,https://discord.gg/AcCBa5KYTn,1132.41,https://politicsandwar.com/uploads/3a161ec7fca34d7173873eaeb4dd1901fb16e504500x333394.png
8649,"2021-05-30 00:36:52","Grand Imperial Federation",GIF,lime,af,https://discord.gg/2T9EW6Gp8z,0.00,https://politicsandwar.com/uploads/10224be951fe87df169a589b0ba5de522c290b51265x3000.jpeg
8651,"2021-05-30 04:06:28","United Commerce Republic",UCR,blue,af,https://discord.gg/PZcawYZHqh,41788.43,https://politicsandwar.com/uploads/81c427bce43293d96cfc1e852f72c4d549312b09x947.png
8660,"2021-06-01 16:02:13","The Alexandrian Council",,black,af,https://discord.gg/vrA8EW4sB5,717.43,https://politicsandwar.com/uploads/ec918adba721e4197e0593f6945a69ae45944cb3500x333870.png
8712,"2021-06-11 01:11:23","Angry Cats",Cats,olive,af,https://discord.gg/nhjQV6nZCJ,1010.06,https://politicsandwar.com/uploads/f2e0256fa1e46f58624e4766fe1d66e431463f77500x375849.jpg
8716,"2021-06-12 04:49:07","Standard Steel",Eses,red,af,https://discord.gg/N7YqnMNNNQ,3354.42,https://politicsandwar.com/uploads/fed9662a456d1d7f5a1802a2fc89d507b3984208500x460906.png
8739,"2021-06-17 20:26:02",TUF,,red,af,,0.00,https://politicsandwar.com/img/imgur-old/d8c1a874f60de1a1b993163e84152484bdec5b72262.png
8777,"2021-06-30 23:42:37","Bourbon Street",Bourbon,blue,af,https://discord.gg/UaKrXSJEa4,208798.90,https://politicsandwar.com/uploads/8957a8151bc2c2ef358a5dde93b7d902a2a7a476500x300103.png
8785,"2021-07-03 09:13:08","The League of Independence",,green,af,https://discord.gg/yXsErAem,0.00,https://politicsandwar.com/uploads/cae86be0228c271173f053ac97ed15c8bb7b2461505.jpg
8788,"2021-07-05 01:21:19",CANZUK,CANZUK,red,af,https://discord.gg/mVaDzhtq,0.00,https://politicsandwar.com/uploads/ef8e90011e051454da120e4d46ca29c8a67ed667500x260413.png
8804,"2021-07-10 00:35:18",Borealis,Burora,purple,af,https://discord.gg/w2M6SJ3f,125600.81,https://politicsandwar.com/uploads/ea91029936232f9616372f5ddf433b3763933fcb500x281603.png
8819,"2021-07-15 20:20:04","The Hive",tH,purple,af,https://discord.gg/UBQsYVYDGn,79335.49,https://politicsandwar.com/uploads/1d5a2ce435813eed65b5b3bfd6179dd2277be98c500x30074.png
8868,"2021-08-04 23:08:26","The Imperial Army & Aerospace Forces",IAAF7K,pink,af,https://discord.gg/PK9yK5M,0.00,https://politicsandwar.com/uploads/18244bfed7077385b7b057233194e19bebc9560e466.png
8899,"2021-08-16 18:09:58","Federated States of Orbis",FSO,purple,af,https://discord.gg/FbjJnx37ea,147078.55,https://politicsandwar.com/uploads/d31ac957e405ffd4ae2f551a5c8df955ef95d977500x300637.jpeg
8900,"2021-08-17 20:31:54","Admin Alliance",,aqua,af,,659.00,https://politicsandwar.com/uploads/37ca458b5444264e04dc8d7fcd0d77e46d03eecfx3.gif
8926,"2021-08-20 02:34:45",Gallowglass,,yellow,af,,45465.05,https://politicsandwar.com/uploads/1879c42868e24115dfad9204c812d002bddc96ca500x331191.jpg
8948,"2021-08-24 15:14:24","Farmer Warrior",,aqua,af,,1762.87,https://politicsandwar.com/img/flags/taiwan.jpg
9000,"2021-09-01 02:53:36","The Hand of Fate",HoF,orange,af,https://discord.gg/RyPP7hBKqs,17213.50,https://politicsandwar.com/uploads/edcab00901317bd2b386ea4dd4ddd6d4958b58bf500x300991.png
9024,"2021-09-08 02:55:42","Comintern of Icropolis",,red,af,,0.00,https://politicsandwar.com/uploads/3c0380146e62fc336a8daa9f98ee6d256a4511d1500x334629.png
9032,"2021-09-09 00:57:19","NEW SITH EMPIRE",NSE,blue,af,https://discord.gg/KqBaSxSm,5455.18,https://politicsandwar.com/uploads/70e23555b0ce02be2cfae8d2ba00c9f141a1dd08x21.png
9093,"2021-09-23 11:01:36","The houses of Maitland",,pink,af,,0.00,https://politicsandwar.com/img/flags/greatbritain.png
9104,"2021-09-26 14:10:57",AESIR,AESIR,aqua,af,https://discord.gg/FBpjMqeuvX,0.00,https://politicsandwar.com/uploads/a51274b30aec06d6f518210e61e5c2e391a0ae46x290.png
9110,"2021-09-28 21:10:35","Skull & Bones",SKULLS,olive,af,https://discord.gg/d7JHGK9484,235808.15,https://politicsandwar.com/uploads/0626f2c6fa29aa3385f14f999df6ca4cdf99765c500x29973.png
9145,"2021-10-11 17:08:56",Kshatrias,,aqua,af,,3077.07,https://politicsandwar.com/img/flags/bahrain.jpg
9148,"2021-10-12 18:44:03","The Grand Federation",TGF,black,af,https://discord.gg/63tH2vAXZh,54141.99,https://politicsandwar.com/uploads/70ac9d13948977fbd31b5b25b250c9678ab855e0x543.png
9190,"2021-10-26 02:05:43",AllianceForPeacefulEconomicDevelopment,APEDU,black,af,,0.00,https://politicsandwar.com/uploads/dd062aaca91df10ac00ec5f04c1fa70d8ea5a2b4500x333992.png
9192,"2021-10-28 03:46:03",LATAM,LATAM,blue,af,https://discord.com/invite/46s5CuYsRq,67964.23,https://politicsandwar.com/uploads/51cce0b6f72ee0c8cc64e16849dfbbe806c12b47500x280922.png
9208,"2021-11-03 05:34:31",ShroomTroopers,,green,af,,0.00,https://politicsandwar.com/uploads/2661d6879b7b93dad5dd885e71b4780ecef070851000x666258.png
9218,"2021-11-07 03:28:47","Committee of Nations",C.O.N.,red,af,,760.38,https://politicsandwar.com/uploads/fcdf988b939c16441c792cda63e30ce7519dd520x670.png
9221,"2021-11-09 03:36:21","New Atlantic",,pink,af,,0.00,https://politicsandwar.com/img/flags/mars.png
9256,"2021-11-22 15:57:55","Moms Friendly Robot Company",MFR,aqua,af,https://discord.gg/6Aqqv2zSPY,112359.12,https://politicsandwar.com/uploads/fb2a72fc37f78d730652939fb1be2f75f5500273500x300851.jpg
9292,"2021-12-10 04:42:23","Iosef Stalin alliance",JSA,red,af,,1275.00,https://politicsandwar.com/uploads/226e4d03145684bda6b11eda6b5144e6a3e237f0500x250708.jpg
9313,"2021-12-13 02:25:05","Ethereal Light",EL,black,af,https://discord.gg/XdCbyvg9,242.07,https://politicsandwar.com/uploads/6d5dba0cece07f54ba702a51b91174bf9b6e4ee1500x417964.png
9331,"2021-12-15 18:26:44","Barber Shop",,lime,af,,3853.10,https://politicsandwar.com/uploads/99834a5b45417fe1349a4d08d1b9c37d51a71393250x250916.jpg
9363,"2021-12-22 11:28:35","Castle Camelot",C-KOM,red,af,https://discord.gg/6W2BU4aMYy,158034.69,https://politicsandwar.com/uploads/a5b77c979e049acb180bfe3cbff19ea5f20d5d7bx269.png
9375,"2021-12-24 08:47:26","united africa",,green,af,https://discord.com/channels/924296534512762900/924296534512762903,0.00,https://politicsandwar.com/img/flags/egypt.jpg
9402,"2021-12-30 04:09:40","United Anti Discord Front",UADF,purple,af,,553.80,https://politicsandwar.com/uploads/5a7723b5282a70b585d639ede42bd5bee2f46cbf300x300904.png
9418,"2022-01-02 03:28:39","Phantom Troupe",,brown,af,https://discord.gg/tDyM9Gg6wp,0.00,https://politicsandwar.com/uploads/8a028f9b41e9e7233a34418737e80024aad6d0a6500x31285.png
9432,"2022-01-08 00:41:52",Orchid,DtC,green,af,,7073.61,https://politicsandwar.com/uploads/3f1913b41987d7f62106fff3398ee08b7c8ac5a1500x300661.png
9445,"2022-01-11 20:26:59","Atlas Corporation",Atlas,red,af,https://discord.gg/Z4QrzbyAdmhttps://discord.gg/Z4QrzbyAdmhttps://discord.gg/Z4QrzbyAdm,128468.66,https://politicsandwar.com/uploads/eaf252f3e5cdb448e521b36a987eb1ffdfe9e59c500x300296.png
9455,"2022-01-16 13:24:26",Spartans,300,aqua,af,https://discord.gg/pFEbn3XByQ,438.57,https://politicsandwar.com/uploads/f25aab0517531278809650f4091e598a2a257de9476x300881.png
9456,"2022-01-17 01:54:38","Union of Socialist Nations",,red,af,,0.00,https://politicsandwar.com/img/flags/sovietunion.jpg
9504,"2022-01-29 09:26:53","World empire",W.E,pink,af,https://discord.gg/5ScbUqjwKu,390.68,https://politicsandwar.com/uploads/5c10ed1de807948981ca14ee8777522801ccae16x10.png
9522,"2022-01-31 14:23:16","Buckle Gang",,aqua,af,https://discord.gg/kbunCrDU,0.00,https://politicsandwar.com/uploads/b23c65d8fdba9acff56ded7f703633ece65fba77x504.png
9569,"2022-02-10 00:31:52","Space invader",,green,af,https://discord.gg/Qy2mNB7xDh,0.00,https://politicsandwar.com/img/flags/piratesheep.png
9573,"2022-02-10 21:33:48","Black Skies",⚓,black,af,https://discord.gg/ZbvR59TjEb,170151.83,https://politicsandwar.com/uploads/496133dadea8506c6e0fc8a0d301c1282a50df53x935.jpg
9577,"2022-02-11 11:27:49","Desi Boyz",DB,yellow,af,https://discord.gg/zBvxm68WMe,0.00,https://politicsandwar.com/uploads/abce2392b5cd953676882ee00419e50539eb4e31500x300961.png
9588,"2022-02-14 20:18:00","Ghost Division",CHICKEN,green,af,,1153.52,https://politicsandwar.com/uploads/7464b3243e7ed162ff5911a3ec53ddc96a1dc234300x300304.jpg
9600,"2022-02-18 09:18:22","Imperium of Man",IoM,purple,af,https://discord.gg/5NskGyXGCS,69436.93,https://politicsandwar.com/uploads/a40f552b529e62d3ac522b769291bfa036bcf620500x360805.png
9611,"2022-02-22 02:10:22",Vikings,"RED VIKING",red,af,https://discord.gg/M5cH3wEu,1374.77,https://politicsandwar.com/uploads/a44d034aa574f63102bf160d00b46341a7bc395c500x300873.png
9629,"2022-02-28 19:20:58",Lyre,Lyr,lime,af,https://discord.gg/rFzSZ9jVaj,2065.71,https://politicsandwar.com/uploads/6c4599d3e2d7b3f758c44d955f9294fe44cb9b51500x280335.png
9657,"2022-03-09 00:24:51","soy bois",blight,aqua,af,,759.58,https://politicsandwar.com/uploads/95cdd44e0fa66a81a6ba214dceaed100d4e1bebax738.png
9659,"2022-03-09 10:35:13","European Defensive Alliance",EDA,aqua,af,https://discord.gg/3FhAamZmQY,0.00,https://politicsandwar.com/uploads/faca86d9847d41855740bec2a147448a2dcb24d6500x250195.png
9661,"2022-03-09 21:48:50","Pika Party",PIKA,olive,af,https://discord.gg/KVGCbWFc3K,5562.25,https://politicsandwar.com/uploads/5c75f29ee88e876de6ac046ed46099553f751421500x300524.png
9665,"2022-03-11 12:51:33","Union of Perthton",,green,af,,1064.31,https://politicsandwar.com/uploads/d6ba77453ccb2b8c4d8e56802afa8464c1298e55x632.png
9676,"2022-03-14 20:30:06","The Vision",TV,aqua,af,,1005.53,https://politicsandwar.com/uploads/8298917e5af6b0656abc2408b121b641df946549x265.jpeg
9681,"2022-03-15 14:42:07","Ping Sri Lanka 001",,brown,af,https://discord.gg/2UGTBGuh8y,0.00,https://politicsandwar.com/uploads/63d1a72db75f964593f347ac3d0e93aeb974d06a500x281328.png
9682,"2022-03-15 23:26:06",Yatagarasu,TSO,lime,af,,0.00,https://politicsandwar.com/uploads/19a6a3b53481eaf2c4b357530b07157dbdfa913f500x329194.jpg
9685,"2022-03-16 19:43:53","WestSide Insurgency",,pink,af,,0.00,https://politicsandwar.com/uploads/ed288acb713f510ccbdea3157e71cc2f745611b3x233.png
9712,"2022-03-23 13:35:09",Zenith,,yellow,af,,0.00,https://politicsandwar.com/img/imgur-old/48664f573e2391f1770adf56fc7371eba506b385277.png
9722,"2022-03-24 16:49:06","Polar Kingdom of the Bear",,aqua,af,,1480.04,https://politicsandwar.com/img/flags/piratesheep.png
9745,"2022-03-28 18:30:22","Raiden Inc",🌸,purple,af,,6617.50,https://politicsandwar.com/uploads/eed5bc6be82872dc20114c7c7005791f035c96e6500x279144.jpg
9767,"2022-04-05 02:00:54",Infinity,∞,maroon,af,,0.00,https://politicsandwar.com/uploads/908ab246b199c3c091ffde0fed3f902adcfa9e8b500x333890.jpg
9788,"2022-04-08 20:15:07","New york knights",NYK,red,af,,6289.29,https://politicsandwar.com/uploads/3b9c290a831db6c5d2ffcbb22331cdbb4de64f57500x266948.png
9801,"2022-04-14 01:12:24","The LordStrum Vanity Project",LordStrum,black,af,,0.00,https://politicsandwar.com/uploads/3a375b9b86ad87cc69b86649104b73eeb49095a4500x281277.png
9802,"2022-04-14 12:16:33",NATO,NATO,blue,af,https://discord.gg/E9rrWyG83U,292.76,https://politicsandwar.com/uploads/58693aaf434b03ff03d0993fcdcba48595c3c694500x300124.png
9825,"2022-04-20 11:14:36","North-Arctic Alliance",,green,af,,1434.60,https://politicsandwar.com/uploads/41e845ceab117d59df26ab5e9acb8420a05df75a250x167599.png
9850,"2022-04-26 03:57:25",Starfleet,SFT,blue,af,https://discord.gg/NA9J4McRKe,0.00,https://politicsandwar.com/uploads/69cbc4721b42b7f87ae879b617eaad7f3e5f3c9b500x300803.png
9853,"2022-04-26 22:33:30","Pan-Asian Economic Coalition",PANEC,yellow,af,https://discord.gg/rE8T3ESQP6,0.00,https://politicsandwar.com/uploads/526da6cf23205de647847d237f21e534ca43ac02500x333348.png
9857,"2022-04-29 02:14:16","The Church of Dong",DONG,pink,af,https://discord.gg/rFceyPts,580.43,https://politicsandwar.com/uploads/9d74e64775c863e27bf16786fa22a34700eaaf73500x300581.png
9862,"2022-04-29 19:52:05","The Key",UTK,aqua,af,https://discord.gg/XBXkA6K7pk,3372.67,https://politicsandwar.com/uploads/b8c7b37b25726bfa5262792c961ade2a36aed2a1x402.png
9882,"2022-05-06 03:48:08",OMAIN,OMAIN,maroon,af,https://discord.gg/csmRZNKeHw,0.00,https://politicsandwar.com/uploads/f381efea650a3d4dcf584cb0853d85556d01a7f6500x309141.png
9896,"2022-05-11 17:26:29","The Free Nations Alliance",TFN,purple,af,https://discord.gg/pdBqTKGdvy,0.00,https://politicsandwar.com/uploads/ec745451eb28fcb56294c17b2db37d997518a36b500x300653.png
9905,"2022-05-13 12:48:41","Global Development Coalition",GDC,blue,af,https://discord.gg/dSphhVJs6a,0.00,https://politicsandwar.com/uploads/61e65d36e24b31b09c69540ded159764e49cf4b3250x213384.jpeg
9916,"2022-05-16 12:17:19","CAFINSA Organization",CAFINSA,lime,af,,0.00,https://politicsandwar.com/img/flags/ukraine.jpg
9927,"2022-05-19 21:55:00","Serene Dojo",SD,lime,af,https://discord.gg/H6BFjABGUB,23549.09,https://politicsandwar.com/uploads/a097ebf617b8bf7b752509f5721b4428a5c7f652500x281175.jpg
9932,"2022-05-21 08:48:06","Union of Communists Republics",UCR,red,af,,0.00,https://politicsandwar.com/uploads/91836c204bae957b1b625fcc3129d8775dc92b2e448x300534.png
9948,"2022-05-23 18:07:05","Bring Back Uncle Bens",,green,af,,10758.86,https://politicsandwar.com/uploads/011856fc5ec2da0d5a9df9c5223054686af259ba165.png
9950,"2022-05-24 09:43:39","Dr Pepper Vault",DPV,green,af,https://discord.gg/UBQsYVYDGn,3186.62,https://politicsandwar.com/uploads/10abdd0be69c2ab8d7f5e860ff82a6a76aadffacx688.png
9961,"2022-05-26 20:37:21",LegoLand,LL,green,af,,15733.73,https://politicsandwar.com/uploads/687cb3943be8ce534f7a46525a932da8491e0a1dx499.png
9964,"2022-05-27 14:18:41",Giga,GG,yellow,af,,0.00,https://politicsandwar.com/uploads/7eea5d2fa22390eb677427c0cdb39935ca81786f668.jpg
9999,"2022-06-01 15:22:21",Rain,🌧️,brown,af,,18993.30,https://politicsandwar.com/uploads/0aaee65c84d3f001fba04122c7d006a895404364500x300864.png
10000,"2022-06-01 15:22:34",Shuba10KM,,brown,af,,20113.15,https://politicsandwar.com/uploads/852342d97e42a6c6698cf0147b01be1c30ff7585250x140895.gif
10005,"2022-06-03 02:16:44","Liberty Bank & Trust",LBT,yellow,af,https://discord.gg/37j49bNTW9,0.00,https://politicsandwar.com/uploads/8497e41edf5655bfb7a2916c030fda6602401914500x300972.png
10008,"2022-06-03 12:03:42","The Orbis Empire",T.O.E,maroon,af,,671.86,https://politicsandwar.com/uploads/0c9fce3079c131a8fe72b6c68b5a1f5cd147b2ffx407.jpeg
10022,"2022-06-06 16:23:43","Organisation of Free Nations",OFN,blue,af,https://discord.gg/uteC5mUxQm,1974.95,https://politicsandwar.com/uploads/cd74c239bd92d50c9274bbec794c8ad8a04fbf78500x325461.jpeg
10037,"2022-06-08 22:34:08","The Glorious Federation",,blue,af,,1222.01,https://politicsandwar.com/img/imgur-old/5c1b77715300d803ec2b290035fbe5f045d20d1b314.png
10042,"2022-06-10 04:43:01","THE HINDU","THE HINDU",aqua,af,https://discord.gg/dsSJ7EH93t,0.00,https://politicsandwar.com/uploads/069d771949423befab2d7027d79db7ca444e898f500x295330.jpeg
10063,"2022-06-14 11:43:08","New Federation of Sovereign Nations",NFSN,blue,af,https://discord.gg/KydzS2x8gs,0.00,https://politicsandwar.com/uploads/c3c7396c7a8fe089dc4ea347f4414e2a5b9b2137500x300700.png
10072,"2022-06-16 09:21:43","The Factory",,aqua,af,,337.40,https://politicsandwar.com/uploads/2fc643ac00cefa7369e86df27d6babea873eee4b500x375368.png
10075,"2022-06-16 16:03:00",Vault-Tec,VTC,purple,af,https://discord.gg/bGZ4mM9Pc9,100959.04,https://politicsandwar.com/uploads/78152fa9a87803ab13749e3a24cac4e248b19a32500x281782.png
10078,"2022-06-17 00:53:45",Voulez-Vous,,black,af,,0.00,https://politicsandwar.com/img/imgur-old/de9827a319b0955769c504378684330540ce1d8c634.png
10117,"2022-06-26 05:05:42","Crusaders of the Holy Boogaloo",CHB,black,af,https://discord.gg/zYQvuzA,1690.15,https://politicsandwar.com/uploads/51a720571643c9d050f7e6d1f4fd0558e45c0664500x281662.png
10124,"2022-06-27 08:34:19","Grand Confederation of the Laurels",GCOL,green,af,,0.00,https://politicsandwar.com/uploads/1ab08565be39765897325a460570de100ff98111500x301995.png
10128,"2022-06-28 18:51:19","BROWNIE EUROPEAN ALLIANCE",BEA,aqua,af,,1229.79,https://politicsandwar.com/uploads/c39e211f60e3e2c0210e9b055bec80c9249979f3225x300912.jpg
10137,"2022-06-30 15:13:37","Holy League",HL,purple,af,https://discord.gg/vX5FgJTYpt,0.00,https://politicsandwar.com/uploads/db1d244760c6c6b96e5d3b8846838aa3da426c1ex794.jpg
10177,"2022-07-05 12:25:54","Man I Love Frogs",MILF,maroon,af,https://discord.gg/3ZekYnkf3H,66175.53,https://politicsandwar.com/uploads/2b699ec5ecaf96d6b74b92c922697cac645942fb500x345381.jpg
10190,"2022-07-07 01:46:41","Bank Robbers",,green,af,,0.00,https://politicsandwar.com/uploads/ef2674969e51cb7282194e284e39ad075a6f78a9324.png
10198,"2022-07-08 11:58:44","Damn I love Frogs",DILF,white,af,https://discord.gg/3ZekYnkf3H,11172.50,https://politicsandwar.com/uploads/708946175ed3b30d533e4924ec58e4e8d62c76c0265x30077.png
10240,"2022-07-16 14:13:33","Gods Of War",,green,af,,0.00,https://politicsandwar.com/uploads/f52f10df0e5ee500520129fa55e24972afd66664500x312572.jpeg
10250,"2022-07-19 10:06:17","Communist Commonwealth Nations",CCN,black,af,https://discord.gg/TZGyM7mZM5,2451.70,https://politicsandwar.com/uploads/5bfb705d6db0d4f04caed86e06c48d91d95c6b28x142.png
10252,"2022-07-19 18:08:29","The Orion Project",TOP,blue,af,https://discord.gg/DcjYkYnSMk,1814.03,https://politicsandwar.com/uploads/88e44fe76f740334c313c779e6dba6c7aeeb8d2c500x331448.png
10259,"2022-07-22 11:36:16","Iron Crow Syndicate",ICS,red,af,https://discord.gg/tGxHBG2uGU,55446.72,https://politicsandwar.com/uploads/1bf6d7fc4a7842eaf6227a4c814918b295e50dfa500x333825.png
10269,"2022-07-24 01:54:18",Mayhem,MYM,yellow,af,https://discord.gg/ZMBdUkMngp,110987.34,https://politicsandwar.com/uploads/1fefacc87175bf03d81e505dc819f690312c3ae3x116.png
10279,"2022-07-26 17:16:37","Arctic Ocean",,black,af,,14372.25,https://politicsandwar.com/uploads/5efb24e0fdc0f5a4f7436fc32a5101854f17c993265.gif
10297,"2022-07-31 04:32:59","Coalition of Island Nations",,yellow,af,,4539.07,https://upload.wikimedia.org/wikipedia/commons/4/49/Cape_Verde_flag_-_watermark_000_percent.jpg
10301,"2022-07-31 16:17:42","Dont Touch",,white,af,,0.00,https://politicsandwar.com/img/flags/venezeula.jpg
10304,"2022-08-01 06:07:04",Samurai,,maroon,af,,28588.23,https://politicsandwar.com/uploads/8110fd5ca6520b867dec457a234755359adf23bd500x300173.png
10309,"2022-08-02 21:32:19","American Lakes Alliance",ALA,pink,af,https://discord.gg/Vbu3Exqcsj,0.00,https://politicsandwar.com/uploads/32c3e1aa5dca1d134f2b627b05e020e2df3fc502500x300606.jpg
10334,"2022-08-08 16:27:36","Arkham Asylum",AKA,red,af,https://discord.gg/mv5gV7fFtD,68652.57,https://politicsandwar.com/uploads/ecb7a06ac1e61e5bfa4223680caa2e889f5ad515500x270445.jpg
10338,"2022-08-09 19:21:53","Temporary Hiding spot",,white,af,,0.00,https://upload.wikimedia.org/wikipedia/en/thumb/3/3f/Australian_Aboriginal_Flag.svg/1200px-Australian_Aboriginal_Flag.svg.png
10340,"2022-08-09 21:42:18",TRA,TRA,black,af,,1120.75,https://politicsandwar.com/uploads/e56f3cae0ffdf2552d2436d1ada1bfb9fa06d200x700.jpg
10358,"2022-08-14 02:27:10","Union of Federated States",UFS,blue,af,https://discord.gg/BBqph5jH5e,357.71,https://politicsandwar.com/uploads/f484c28a0bc3fe35f00a238aad221a6ecb46d7d0495x300647.png
10377,"2022-08-17 20:30:49","The Celtic Empire",TCE,lime,af,https://discord.gg/XU59nVMRHv,44773.73,https://politicsandwar.com/uploads/23d58e9be5487be1f0330c3ee29c81406d1928eax694.jpg
10379,"2022-08-19 04:34:33","The Union of the Phoenix",,blue,af,,968.55,https://politicsandwar.com/uploads/121ec5b4496857dbd08831a83e30bcef8a116e89500x333814.jpeg
10382,"2022-08-19 20:19:11",Fumo,ᗜˬᗜ,brown,af,,6586.00,https://politicsandwar.com/uploads/9e17980d2a930f678af7a26785da8231ba667564271x300755.png
10384,"2022-08-20 02:25:11","GASH LOYAL",GL,lime,af,,1243.40,https://politicsandwar.com/uploads/d94c7f967457812a265630385fe98f26c55a5141362x300840.jpg
10400,"2022-08-24 14:26:55","United Soviet Socialists Retards",,red,af,,0.00,https://politicsandwar.com/img/flags/sovietunion.jpg
10402,"2022-08-25 00:26:54","The Cessation",TC,blue,af,https://discord.gg/YSutffZ8,4128.83,https://politicsandwar.com/uploads/961500632eb62acedeb15db8704f04fd4d06fb52500x291797.png
10455,"2022-09-04 07:21:12","Anti-Horridism Obocchama Kun",AHOK,blue,af,https://discord.gg/YEbNwtGk,9967.59,https://politicsandwar.com/uploads/498d9e44335edc06e65a95abbd900242aef3ba65x737.jpeg
10459,"2022-09-05 16:14:08","Task Force 45",TF45,lime,af,,0.00,https://politicsandwar.com/uploads/aaaeae3ca45dbf3f66bf5bdd354d9a37f89e29a11000x56295.jpeg
10470,"2022-09-07 14:08:26",Requiem,REQ,green,af,,15738.12,https://politicsandwar.com/uploads/7eda10630882af34a3e50baa1830054b4d42f0ee500x300752.png
10488,"2022-09-11 10:03:13","The World War Response Forces",LOL,lime,af,https://discord.gg/GH7nsNZ2es,0.00,https://politicsandwar.com/uploads/32463288f973369cad36beabda3649f2e753c07d500x40259.jpeg
10493,"2022-09-12 16:46:51","The prime howlers",,green,af,,2111.69,https://politicsandwar.com/img/imgur-old/173d0e2fd98a1c7dadf08f244780fd7e5e29ed30406.jpg
10497,"2022-09-13 20:28:31","Freehold of the Wolves Offshore",FTW,orange,af,https://discord.gg/2yYEjbH5Gd,1393.00,https://politicsandwar.com/uploads/ccf87b51a36f9b72b98a2661c2e66ce4545c67d1500x300659.png
10498,"2022-09-13 20:51:42","The Forgotten Realms",TFR,red,af,https://discord.gg/yFBZweHpBv,103836.47,https://politicsandwar.com/uploads/d36ea084601e7958e2286ef83dd82efa7990737f500x281344.jpg
10522,"2022-09-19 01:02:49","Cleetum International Senate",C.I.S,black,af,https://discord.gg/PaUpjrx9aM,585.97,https://politicsandwar.com/img/imgur-old/66f83b5f82f65351dc56d657fd4da8cfdbdd6394607.png
10523,"2022-09-19 09:12:10",Valinor,,pink,af,,10381.40,https://politicsandwar.com/uploads/9d193f3cad4c1e3ff36604b47fafe11729176837500x300478.png
10526,"2022-09-20 13:05:19","Internal Protection Block",IPB,blue,af,https://discord.gg/dmGEKpFRhp,0.00,https://politicsandwar.com/uploads/af74fe9fac47ed18b6728b3a8f1fffc71f0acedb1000x666573.png
10533,"2022-09-22 23:58:25","The Horde",TWD,black,af,https://discord.gg/ZBuWFbPBFg,717.21,https://politicsandwar.com/uploads/6e35272ed878b6925161c181960cc7095dbe394cx898.png
10537,"2022-09-24 05:48:33","Assassins Creed",☯︎,black,af,https://discord.gg/UvH7Ugu4Mj,0.00,https://politicsandwar.com/uploads/981ac1e9bddb7715685e2236b77f570e419657ba500x375844.jpg
10548,"2022-09-26 05:51:21","The Greater Pancasila Sphere",GPS,aqua,af,,0.00,https://politicsandwar.com/uploads/8f550471d1775a87690e162d1e678b326a2c7948500x299909.jpeg
10555,"2022-09-28 01:40:36",Akatsuki,Aka,maroon,af,https://discord.gg/fzWJ3pXmyY,43661.51,https://politicsandwar.com/uploads/a5c7b99d360c0cacddac83f7915243e164d7514a500x312411.png
10563,"2022-09-29 14:36:41","Federated Syndicalists of Orbis",🔴,black,af,,2133.18,https://politicsandwar.com/uploads/32b01015d82ecc7bd2e1608cff9c51d026f8740d500x280316.png
10574,"2022-10-01 15:44:46","Mole Rats",MRC,red,af,https://discord.gg/KFAUhW7EhM,828.11,https://politicsandwar.com/uploads/31fe7c94dca05d7085e338ed198d4e56c716ffb6500x320992.jpg
10590,"2022-10-05 07:38:51","The Curse Of The Damned",,purple,af,,0.00,https://politicsandwar.com/uploads/b1c4333befc91cda619f2197e05552f7a4b885b8x249.png
10604,"2022-10-10 19:01:59","Holy Roman Imperium",HRE,white,af,https://discord.gg/p93Tzk5zcX,703.16,https://politicsandwar.com/uploads/f2b46def94052ad90adf2f56a3e2f48504b3c719500x333606.png
10607,"2022-10-11 02:20:24","Kiln Of The First Flame",KFF,blue,af,https://discord.gg/MQhsVYwRCa,797.35,https://politicsandwar.com/uploads/409b06b46d9f4e775086912cd05c0c30e9fb2ef5500x280148.png
10613,"2022-10-15 09:46:32","Union of Socialist Soviet Republicz",USSRz,red,af,https://discord.gg/c4We74sTet,8071.72,https://politicsandwar.com/uploads/cde5d470112f379c8ac2f93df10554eae47edb6dx900.png
10615,"2022-10-15 14:38:41","The Liberty",,brown,af,,0.00,https://politicsandwar.com/uploads/c44a3680475c1cfb92583c2c47de4d8fefb7ade6500x307157.jpg
10616,"2022-10-16 18:11:16","Hogwarts School of Wizardry",,blue,af,,489.02,https://politicsandwar.com/uploads/1f7f7b3000b1a8a9931962108196573f3457deb1x203.png
10617,"2022-10-16 22:18:06","2nd Pedatstanpedople Accord",2PA,blue,af,,2495.68,https://politicsandwar.com/uploads/0e9d44341d5e017a48365c14a4e12f9b7a9bc508500x300408.png
10619,"2022-10-17 14:24:37","Back In Black",BIB,blue,af,https://discord.gg/jtHs3cmZx7,2343.41,https://politicsandwar.com/img/flags/unitedstates.jpg
10629,"2022-10-21 07:04:53","Momento Mori",MM,orange,af,https://discord.gg/nAbW2mgYsm,7283.34,https://politicsandwar.com/uploads/1cc101c17195f374e265607d070c0ff50494facf300x300372.jpeg
10641,"2022-10-25 13:52:02","Yasukuni Sakura",桜會,red,af,https://discord.gg/2ksRu8YkYd,0.00,https://politicsandwar.com/uploads/13c1501f055110906291f3df217b8633c5fe0eec500x382406.jpeg
10646,"2022-10-26 07:07:55","The Neutral Alliance",,blue,af,,0.00,https://politicsandwar.com/uploads/4affd46b2936a8a696e9ec9f18ecdd067829a1b7500x300183.png
10659,"2022-10-30 17:02:51",Panem,PN,red,af,https://discord.gg/WAR9y2afs6,19507.75,https://politicsandwar.com/uploads/0779fcb20e98c76d6c1d7bd6da6442f591d062e7500x285698.jpeg
10664,"2022-10-31 20:57:15","Canyon Memorial",,white,af,https://discord.gg/mSvNJYGpAp,0.00,https://politicsandwar.com/uploads/ef6c336e76b5857fa6ea4bf2fb75442f4a2a71de300x300529.png
10667,"2022-11-03 05:51:26","Mountanious Spartans",MS,blue,af,,0.00,https://politicsandwar.com/img/flags/betsy_ross.jpg
10670,"2022-11-05 07:17:30","The Historians",THS,blue,af,,905.88,https://politicsandwar.com/uploads/dd74823d4619bf5f686680a5e0dd5eba985c7c21500x312893.png
10671,"2022-11-05 10:15:13","The Persian Empire",Persia,black,af,https://discord.gg/UtdA4QCnRP,67087.20,https://politicsandwar.com/uploads/431dbb563f372fa6bfa3d25170fab49864038a8f500x312979.png
10675,"2022-11-06 07:42:12","Chemical X",Fratricide,purple,af,,6115.35,https://politicsandwar.com/uploads/591d81ea0f395f2820bfa68be56ea4930b709431250x250651.png
10685,"2022-11-09 22:15:31","The Royal Monarchy",,red,af,,722.45,https://politicsandwar.com/img/flags/greatbritain.png
10688,"2022-11-11 00:29:35","Anti-anime coalition",A.A.C,green,af,,1050.65,https://politicsandwar.com/uploads/59378950d8d0a3710a0ed55944ccbc57586c30e61000x498639.png
10706,"2022-11-13 14:01:37","The Islamic Union",TIU,black,af,https://discord.gg/cX4bRrX7rf,2734.37,https://politicsandwar.com/uploads/cee666e82f622390bef3ab735adad310f893ecc5500x285208.png
10718,"2022-11-15 05:06:46","Imperial Union of Free Nations",IUFN,red,af,https://discord.gg/U7vAABSYHM,0.00,https://politicsandwar.com/uploads/f2ea773b0934a6b6319b186c196647ea1754cbc6500x316198.png
10751,"2022-11-22 19:48:02","Scarlet Order",S/O,red,af,https://discord.gg/sRVF8qTh7a,1198.65,https://politicsandwar.com/uploads/b4c27978c9696090887b741ed1b12f84b4d9bc38500x281311.png
10752,"2022-11-22 21:16:49","The Peoples Union",,brown,af,,1187.15,https://politicsandwar.com/uploads/ba9a3e737f24e03a1fde799949bdb55f0c1a1206500x248845.png
10762,"2022-11-24 18:43:05",Koda,KODA,red,af,https://discord.gg/gTfMQwVD34,0.00,https://politicsandwar.com/uploads/5660f7f738d57c5144b5429584efd834a1f4d3ee500x27837.png
10776,"2022-11-28 19:04:53","The House of the Dragon",,green,af,,2569.70,https://politicsandwar.com/img/imgur-old/498183c2cca81725326494f28ec07669b2df4888985.png
10781,"2022-11-29 04:32:27","United Orbis Nations",U.O.N.,red,af,,621.66,https://politicsandwar.com/uploads/e93e2d2cd4979ac3e3f5f3a668f9ccb9c46ca314500x333818.png
10786,"2022-11-30 10:21:09","El baso mafia",,aqua,af,,1033.51,https://politicsandwar.com/uploads/07afa6231203d513ec4b23d197ca5690b63c5919500x304105.jpeg
10788,"2022-11-30 21:54:31","The Aequitas International",T.A.I.,black,af,https://discord.gg/ZfvDwxCJHh,62424.03,https://politicsandwar.com/uploads/20a59b275382c03eb84a067b591da03bd0736a4e500x272955.png
10807,"2022-12-04 04:26:55","The Global Empire League of Nations",TGE,yellow,af,https://discord.gg/wv88N2S2ak,0.00,https://politicsandwar.com/uploads/62648ed012419d87f1559054ea3e88b9ebe970af500x33228.jpeg
10810,"2022-12-04 23:14:13","Double Double",,red,af,,0.00,https://politicsandwar.com/img/flags/canada.jpg
10814,"2022-12-06 01:19:39","Bambys Minions",,blue,af,,0.00,https://politicsandwar.com/img/flags/chinook.jpg
10827,"2022-12-09 09:08:23","Skiero ciero",,purple,af,,0.00,https://politicsandwar.com/uploads/3aafbf44dfeb5bdffecad80e20f0c65625cc1f31500x280956.jpeg
10832,"2022-12-10 16:20:53","The Phoenix League",TPL,blue,af,https://discord.gg/zPKRKz23FN,655.74,https://politicsandwar.com/uploads/0b45d5e5409fe07647d05ccde5aeb55518e9521a500x375288.png
10853,"2022-12-17 21:32:44","Allied Forces of the Galactic Republic",,aqua,af,,0.00,https://politicsandwar.com/uploads/e88759f2c3f4cc94f29df2fb4057c15ba729c084200x300540.jpg
10858,"2022-12-19 11:05:42","Hashibira Clan",青空,blue,af,,0.00,https://politicsandwar.com/uploads/45641264fa91aee609218eaaba211877875f43bbx821.jpg
10884,"2022-12-24 15:20:20","Black Sun",,black,af,,1345.09,https://politicsandwar.com/uploads/0f0e6a729f3d9d84685c0a0cd22136126265827b500x250615.jpg
10888,"2022-12-25 12:13:23","Korean Alliance",KOR,red,af,,0.00,https://politicsandwar.com/img/flags/southkorea.jpg
10897,"2022-12-27 02:26:37","Our Tribe",CAKE,red,af,https://discord.gg/fDrnp3SxdX,1765.39,https://politicsandwar.com/uploads/90ed441df6cc3767db4ee0a859674dc108d533ef500x333714.png
10903,"2022-12-29 10:22:43",Infusion,INF,blue,af,https://discord.gg/a7RXqUr8kn,0.00,https://politicsandwar.com/uploads/532fb8c150f6782b2953087d5b20d3994b68d8d4x414.png
10918,"2023-01-02 15:12:37","Strategic Defense Coalition",SDC,black,af,,0.00,https://politicsandwar.com/uploads/927d62d544f303899b072ffed5ff886316646ffc500x33268.jpeg
10930,"2023-01-04 04:39:34","Macao Reserve Group",,yellow,af,,0.00,https://politicsandwar.com/uploads/5e37df1ddb622c1ea7b56389163168384623c20b500x300690.png
10939,"2023-01-05 19:12:02","International Grand Prix Alliance",IGPA,pink,af,,0.00,https://politicsandwar.com/img/flags/unitedstates.jpg
10948,"2023-01-06 23:43:30","North Atlantic Treaty Organization",NATO,blue,af,https://discord.gg/shR7hmddb4,946.59,https://politicsandwar.com/uploads/5f7a3248dece268721573d6461e7027277725a4c500x333391.png
10958,"2023-01-10 15:27:55","Citadel Financial Services",CFS,black,af,https://discord.gg/peRUBP2XdB,890.46,https://politicsandwar.com/uploads/1a20985ead2d5a6ff459088d5bfb0b9fd7ba731cx783.png
10970,"2023-01-15 03:28:27","Presidential Republic of Igua-sul",,green,af,,1399.32,https://politicsandwar.com/uploads/710ac4605317baebbf708c6f7969983cf67c88ddx963.png
10976,"2023-01-15 21:25:42","Doom Legion",DL,aqua,af,https://discord.gg/88avMm5bJk,6908.40,https://politicsandwar.com/uploads/defe58659133d1832aa47dea5bf603760a43f53f500x300825.png
10981,"2023-01-16 07:17:28","The Northmen",,purple,af,,1488.23,https://politicsandwar.com/uploads/a38f4aafb5f1c4a31af169fb6d5ba127e7834175500x333822.png
10982,"2023-01-16 17:03:28","Iron Curtain Coalition",ICC,aqua,af,https://discord.gg/N8uubtwvEP,2222.98,https://politicsandwar.com/uploads/b0a01828dbeaabfacabc8bf05d19f8981a10a060x4.jpeg
10983,"2023-01-16 18:01:51","Brothers in Christ",BiC,white,af,,15926.24,https://politicsandwar.com/uploads/55637f80517488c68811e423a2d3066a4277d90c500x30040.png
10988,"2023-01-17 15:33:04","Fallen Monarchy",👑,brown,af,,2200.78,https://politicsandwar.com/uploads/6b04bbe82017a8dda9140b8ff758278bbf14927c500x38786.jpg
10993,"2023-01-19 11:26:34","Hermit Island",HERMIT,green,af,,0.00,https://politicsandwar.com/img/flags/bahamas.jpg
11001,"2023-01-21 01:14:14","Rashidune Caliphate",,yellow,af,,0.00,https://politicsandwar.com/uploads/a7550b408142f10d7992c8773336db8a9f881608500x251908.png
11002,"2023-01-21 10:14:46","The Totally Real Alliance",TRA,aqua,af,,0.00,https://politicsandwar.com/uploads/451ed6b9ac310f124ef71ed53d2c149224a19dff899x60084.png
11003,"2023-01-21 12:24:09","Arkans Safe House",AS,aqua,af,,1666.38,https://politicsandwar.com/uploads/7db8a1c7f1edecd9444801c8a2e2080a6e6f9859500x300332.jpg
11007,"2023-01-22 09:42:58","United Eurosphere",,lime,af,,0.00,https://politicsandwar.com/uploads/cae86be0228c271173f053ac97ed15c8bb7b2461505.jpg
11009,"2023-01-23 02:08:31","The Republic of Libertas",RoL,red,af,https://discord.gg/YKsVJGfCsS,52198.09,https://politicsandwar.com/uploads/6f1e56bc3288c9333e5abfadd4619bfbdc526d9a500x333324.png
11012,"2023-01-24 01:34:08","United Federation of Cridneyan Nations",,aqua,af,,995.39,https://flagspot.net/images/a/az-artsa.gif
11015,"2023-01-24 10:16:26","Federated Manchurian Socialist States",FMSS,red,af,,2001.57,https://politicsandwar.com/img/imgur-old/7f05a9ee05509e8a40e653ed33ca1da102ba30ee417.png
11018,"2023-01-24 23:49:46","Grand Union of Nations",GUN,blue,af,https://discord.gg/WNT2Gcg2SH,0.00,https://politicsandwar.com/uploads/74f9ac784a90f25518ae7d3076bbfe39ce63d7b2500x300293.jpeg
11020,"2023-01-26 09:23:14","The Commonwealth",Tcw,green,af,https://discord.gg/eC9Tx4ehpW,77134.17,https://politicsandwar.com/uploads/67bacd84f9cccf8f978f43e46484f3acf545f8c9x954.png
11026,"2023-01-28 01:14:54","Nomad Rebels",,aqua,af,,3097.22,https://politicsandwar.com/uploads/94aad9f73cf1ffab7d40e71aa4363628e878e281241x300950.jpeg
11028,"2023-01-28 04:55:54","Union of Elites",,red,af,https://discord.gg/HyaKFTjRaX,1102.73,https://politicsandwar.com/uploads/fdd7c8980209ea0ef50960c11515312e1833e343500x300785.png
11032,"2023-01-29 00:52:26","The Firefly Militia",FFM,red,af,https://discord.gg/mJVfB7n723,93495.32,https://politicsandwar.com/uploads/40bf76aaffd3e6a56d61815fd77acde988be277e500x332312.jpg
11033,"2023-01-29 05:14:07","Confederation of Socialist Nations",CSN,red,af,,3238.51,https://politicsandwar.com/img/imgur-old/ad13cb7d06558eb3997694f21a471ca4bf42df74912.png
11037,"2023-01-30 00:47:28",TITANS,,blue,af,,1257.22,https://politicsandwar.com/uploads/2e5bea3392c7356770ba0524e713a815ea4e0fb8500x281526.jpg
11041,"2023-01-30 10:29:13","The Union of Russian States",UORS,brown,af,,210.64,https://politicsandwar.com/uploads/44a2e3923c8309819be5f36aeaf6527d519de16b250x167998.jpeg
11045,"2023-01-31 20:01:54",UEA,,orange,af,,830.74,https://politicsandwar.com/uploads/b07007dbc8b387437e314432946abb10f2acfde8500x344747.jpg
11046,"2023-01-31 22:51:22","Antarctic Pirates",AP,green,af,https://discord.gg/uyUsXRp5HW,13115.41,https://politicsandwar.com/uploads/6470bdff4506f83f9604d9a8a85786261695e4c8500x300596.png
11047,"2023-02-01 05:22:38","The Book Dragon",TBD,lime,af,,0.00,https://politicsandwar.com/uploads/fa39a3720c76972b3aa98c9101a07a3f77879720500x493830.png
11048,"2023-02-01 09:25:35","Empire of the Romans",SPQR,purple,af,https://discord.gg/eotr,118518.98,https://politicsandwar.com/uploads/0d221e4b005b20620795b98187df2540da7c55e2500x3335.jpeg
11051,"2023-02-01 18:14:48",Temple,,green,af,,11064.18,https://politicsandwar.com/uploads/d264e39f5f7ad18d0f62525b7f33a10120fff38d500x321371.png
11054,"2023-02-02 18:23:04","Progressive Nations Alliance",PNA,black,af,,990.31,https://politicsandwar.com/uploads/e664646647a2f1fbf2d85f335ab954e9070a9576500x23190.jpg
11056,"2023-02-03 03:39:10","THE LOTUS TREATY",,orange,af,https://discord.gg/UerNypea,0.00,https://politicsandwar.com/img/flags/india.jpg
11062,"2023-02-05 15:00:08","Antarctica Alliance",,aqua,af,,55884.32,https://politicsandwar.com/uploads/e59049052b780f665b5f2b1e0fd59d661d0d8ef2x600.png
11066,"2023-02-06 23:07:15","The Black League",TBL,black,af,https://discord.gg/fEEYHGgNAA,2187.01,https://politicsandwar.com/uploads/50a81defd820cf0ff9d03475f15ab8c2aa506537500x317855.png
11069,"2023-02-07 13:17:27","The Pirates Of The Caribbean",⛵💵,green,af,,571.57,https://politicsandwar.com/uploads/a49d701d39b4cdf4dd8b63567003e3bcf112f2f5x270.gif
11081,"2023-02-10 14:24:33","British Spy Divison",SFA,brown,af,https://discord.gg/EEqgxQe3,1152.54,https://politicsandwar.com/uploads/5cc11e78ba1039a2dd10337b12abcca213acaa29x721.jpg
11085,"2023-02-10 22:40:22","Radio X",RX,black,af,https://discord.gg/MtQKga6nu9,0.00,https://politicsandwar.com/uploads/e1adf90b3f1651c006a9160931d7d24e868a82d9500x284911.jpg
11087,"2023-02-11 03:15:33","FEDERATION OF JUSTICE",JOF,black,af,https://discord.gg/gNWd7862,1545.40,https://politicsandwar.com/uploads/bad2c2edc86701f12d17ffc40c8e37917ba1a958500x300673.jpg
11095,"2023-02-12 16:23:37",TD,,aqua,af,,797.16,https://politicsandwar.com/img/flags/germany.jpg
11104,"2023-02-15 04:42:06","Cat Hat",CH,black,af,,0.00,https://politicsandwar.com/uploads/bce0b55a799a9a0313bd6f176cb25c606d9501df500x333239.jpg
11105,"2023-02-16 04:51:22","The Deep State",TDS,black,af,,0.00,https://politicsandwar.com/img/flags/russia.jpg
11108,"2023-02-16 23:31:10","7 Deadly Sins",7DS,black,af,https://discord.gg/Q3rSCtFYke,61504.45,https://politicsandwar.com/uploads/c791b51ce13658f3bca50ed809fe9bc2f0ae8dc6500x312535.png
11126,"2023-02-21 15:21:51","Union of Soviet Republic",USR,brown,af,https://discord.gg/n7abBJqf,0.00,https://politicsandwar.com/uploads/53b8e52e07a60133c5efa9d7e35f209993b48094500x250713.jpg
11140,"2023-02-25 22:42:59","Big Apple Bank",BAB,orange,af,https://discord.gg/QuTHeFgEKD,13032.16,https://politicsandwar.com/uploads/00cdcd2c25673fcd6bd13c07d11e7af7972df5f6500x375423.png
11143,"2023-02-27 06:36:06","The Cherokee Empire",Eeeeee,maroon,af,https://discord.gg/UJtpyXgyU4,1164.89,https://politicsandwar.com/uploads/39530e36f065df9c910900efab053b0189569cc5x372.png
11149,"2023-02-28 21:19:33","Nevermore Academy",🪄,black,af,https://discord.gg/dszYFF96N9,1250.70,https://politicsandwar.com/uploads/0a314a3e49495105d09829b639862ebc69fbd779500x312606.png
11153,"2023-03-02 14:40:22",Philadelhpia,PHILA,green,af,https://discord.gg/zA54F9UFhn,0.00,https://politicsandwar.com/uploads/1efb38a83a4ce13123360e88e86408a7b79568a6x805.gif
11159,"2023-03-03 03:56:50","Clash Cartel",,aqua,af,,1455.09,https://politicsandwar.com/uploads/9c16178221b2c1496e80d98ec4a50611061264a7500x285493.png
11160,"2023-03-03 14:36:21",SilaNil,SN,white,af,,802.37,https://politicsandwar.com/img/imgur-old/0a31900529966f483de4a2a137d8f8074909fb12171.png
11162,"2023-03-03 19:43:48","Unified Pacifist Galactic Nations",UPGN,black,af,https://discord.gg/ZB6zv4WxNr,0.00,https://politicsandwar.com/uploads/cae86be0228c271173f053ac97ed15c8bb7b2461505.jpg
11177,"2023-03-05 20:40:08",Snuggia,,green,af,,0.00,https://politicsandwar.com/uploads/b66315c030fd52587f2c02c93d5dd1ffff7b8411500x250405.png
11184,"2023-03-06 15:17:27","Shadow Sect",,purple,af,,0.00,https://politicsandwar.com/uploads/8d02e52eb9e84d9cfbcea7f196a3e96b1d7e41dc500x300657.jpg
11186,"2023-03-06 16:48:43","The Republic Senate",TRS,black,af,https://discord.gg/qehZCnUghx,1755.77,https://politicsandwar.com/uploads/d709c2fbd6ece679451a3884972fdba1d5d40fb9x187.jpg
11189,"2023-03-07 22:06:23","Weaponized Assault Penguins",WAP,yellow,af,https://discord.gg/GVufsd7Kac,177854.65,https://politicsandwar.com/uploads/2c91b2a7e2d3a9504856c078602447fd4ecf93c5500x300650.png
11192,"2023-03-08 18:11:59","The Monkey Council",TMC,brown,af,,6234.21,https://politicsandwar.com/uploads/b2627020ad933cec37f6f250ff4af9d593808e46x596.jpeg
11198,"2023-03-10 04:21:54","Under gratified nations of the world",UGNOTW,purple,af,https://discord.gg/RNezuCfX,0.00,https://politicsandwar.com/uploads/a9ebc7cbc4900dfce4230ba4a57a232574cae8de925.jpg
11199,"2023-03-10 07:16:09",N00B,N00B,pink,af,https://discord.gg/5Pv6RpBy,3187.85,https://politicsandwar.com/uploads/f430866582945c91d2ee398c89dffa1212911ed2x795.png
11201,"2023-03-10 16:52:35","League of Coastal Nations",LCN,orange,af,,991.36,https://politicsandwar.com/uploads/cae86be0228c271173f053ac97ed15c8bb7b2461505.jpg
11202,"2023-03-10 17:24:54",Arrkboom,,aqua,af,,4754.14,https://politicsandwar.com/uploads/0abaea88b53ebd9fb8e464a2706fcbea9a094fcb895.png
11209,"2023-03-11 22:34:48","The Imperial Vault",,white,af,https://discord.gg/xHX285Kj3x,6185.50,https://politicsandwar.com/uploads/315f9bd848fc3e7f4cc362f0d69882755b438adc500x312689.png
11216,"2023-03-14 08:20:54","Who do",,aqua,af,,1276.32,https://upload.wikimedia.org/wikipedia/en/thumb/b/be/Flag_of_England.svg/800px-Flag_of_England.svg.png
11221,"2023-03-17 00:20:49","The United Weapon Wielders",U.W.W.,black,af,https://discord.gg/6AupzKHG,532.67,https://politicsandwar.com/uploads/6d558a8b03e19d0848c0452b5c487f5fa3481dc9500x333525.jpg
11222,"2023-03-17 00:56:22","Eucatix Military Alliance",,red,af,,0.00,https://politicsandwar.com/uploads/99a4deb173d58272943b7318fd7a67439265b66d500x333471.jpg
11223,"2023-03-17 01:18:37","Native American Union",,aqua,af,,0.00,https://politicsandwar.com/uploads/4ffc182c3d8f2e1182ea35fb81ae0b24a8e48ab8500x281585.png
11224,"2023-03-17 05:07:58","The Eternal Alliance",2EZ,red,af,,0.00,https://politicsandwar.com/uploads/28778b3748e6780838bac44ff7be761eab4ab8eb1000x561695.jpeg
11234,"2023-03-20 14:37:57","The World Safety Commission",,aqua,af,,0.00,https://politicsandwar.com/uploads/76f2b142e36edea1dcdab79b3a0fc5f99c6b4cc5500x28114.png
11238,"2023-03-21 16:01:43",Peg,,orange,af,,0.00,https://politicsandwar.com/img/flags/abkhazia.jpg
11255,"2023-03-27 04:10:26","The Ring of Fire",RoF,olive,af,https://discord.gg/ewUTyAU8jW,3011.16,https://politicsandwar.com/uploads/5026089793efa93fe41dc11616e9b509c3301a02300x300525.png
11256,"2023-03-27 07:50:16","Kingdom O War Crimes",K.O.WAR.C.,red,af,https://discord.gg/NWPpAhfZ4k,876.79,https://politicsandwar.com/uploads/2dbda3635577914b62cd55d51b86de17a8a19cf0500x306248.png
11258,"2023-03-27 22:47:39","Guns N Roses",GNR,purple,af,https://discord.gg/5fY3Q6VV9G,53505.19,https://politicsandwar.com/uploads/193fca897727b422de8ccbea7a35a1f2787db247500x333769.png
11259,"2023-03-28 06:12:25","Union of Innlandet",,aqua,af,,1272.50,https://politicsandwar.com/uploads/830e9220419f6a13599f8e990037cdc8f1aacd46500x494187.png
11273,"2023-04-02 07:53:55","Maurya Empire",ME,purple,af,https://discord.gg/Xjbu2PKbxk,42519.39,https://politicsandwar.com/uploads/19265be23d547ef1eb5eaaec36b42f7ff239ead4500x311427.png
11275,"2023-04-02 13:15:07","Seven Flags",,maroon,af,,1095.53,https://upload.wikimedia.org/wikipedia/en/thumb/3/3f/Australian_Aboriginal_Flag.svg/1200px-Australian_Aboriginal_Flag.svg.png
11278,"2023-04-03 03:08:57",DLCFD,,aqua,af,,3066.85,https://politicsandwar.com/img/flags/wyoming.jpg
11279,"2023-04-04 07:19:30","HOUSE OF LORDS",HOL,green,af,https://discord.gg/sKrKpCKfj,7552.34,https://politicsandwar.com/uploads/43d1ada8360b844bc69c81dad7c27c92210cb5e01000x969597.png
11281,"2023-04-04 13:31:49",Britonnia,,brown,af,https://discord.gg/2FfHbNEk2w,2613.30,https://politicsandwar.com/uploads/66a8161bf61ebce6f4f7f19346d4373e8be2bef7500x290236.jpg
11286,"2023-04-06 06:39:37","Pixel hunters",PHE,blue,af,https://discord.gg/g5NpBUZzUy,2092.33,https://politicsandwar.com/uploads/09e124e68494da646482a6b311942675936c7b93500x300531.png
11289,"2023-04-06 17:49:46",OTSN,OTSN,aqua,af,https://discord.gg/CHppJBqPFY,5464.05,https://politicsandwar.com/uploads/2f456b3f37ac9d81c42a9a0089c4325625af65a1x730.gif
11293,"2023-04-09 01:20:01","Thug Shakers United",TSU,white,af,,811.34,https://politicsandwar.com/uploads/0c3588301505b9c4698058097df74911b997fb5d250x195979.jpg
11311,"2023-04-13 02:31:17","The New Axis",XNA,red,af,,1769.09,https://politicsandwar.com/uploads/3e86f43bf54fc2a15bd3c70eef968c06f8f44281500x30049.png
11317,"2023-04-14 07:13:55","The Order of the White Lotus",OWL,aqua,af,,0.00,https://politicsandwar.com/img/flags/betsy_ross.jpg
11322,"2023-04-16 20:54:23","No Taxes",,aqua,af,,3979.25,https://politicsandwar.com/uploads/9d67eebd69f26ef195b958898feb2e5078c41731x446.png
11324,"2023-04-17 06:39:53","Warrior INC",WIN,purple,af,https://discord.gg/swUYTxcY9V,56979.81,https://politicsandwar.com/uploads/21d67216a74000ba0a3ffe7ab6ae2a0249bde29c500x250663.png
11327,"2023-04-17 19:03:24","Greater Realm of the Legate",GRotL,blue,af,,1141.29,https://politicsandwar.com/uploads/13d3392b1774a8c918e1ea57893383d212309167x683.png
11330,"2023-04-18 08:21:52","Men In Black",MiB,green,af,,3888.81,https://politicsandwar.com/uploads/89e96946736d32b8f0ac8d2212d22b59440e5150x485.gif
11331,"2023-04-18 12:07:05","BROTHERHOOD FAMILY",BroFam,aqua,af,https://discord.gg/bpdygqGkKs,114555.35,https://politicsandwar.com/uploads/a77ba3674a1efaa802967839dfec4d86dee75089500x294707.png
11339,"2023-04-21 07:30:05","The High Table",THT,red,af,https://discord.gg/3jJ52gcJg2,144968.25,https://politicsandwar.com/uploads/3819d7fae1b1efe93df130245c4e8a29c3f6ba21x713.png
11340,"2023-04-21 12:59:41","Orbis Peace Organization",OPO,aqua,af,https://discord.gg/KJVpuc9MGX,28300.82,https://politicsandwar.com/uploads/52469c97f9d045ec5b7899c5c26b07d62ecd5982500x289376.png
11343,"2023-04-22 14:32:22","Unity of Progress and Development",UPD,purple,af,,0.00,https://politicsandwar.com/uploads/c43bb25f2f1ee888181560774da1374580f7ad31661x600331.jpg
11344,"2023-04-23 01:59:25",UN,UN,aqua,af,https://discord.gg/MjHytmWdXG,3897.00,https://politicsandwar.com/uploads/32573585c2297bf4518d023f532902ac50d8508ax788.png
11349,"2023-04-24 07:56:09",Shamballa,"UGF S",aqua,af,,0.00,https://politicsandwar.com/uploads/8c394d4257b5ff358538a4324b65be1bd4ee6ce9500x252606.png
11355,"2023-04-26 05:49:04","The Order of the Red Lotus",ORL,red,af,https://discord.gg/PQCKKdwM,702.66,https://politicsandwar.com/uploads/dd5e64480550e119d8d0190d9e8baf3ec409a121500x300959.png
11357,"2023-04-26 12:15:46","One Night Stand",ONS,black,af,,10057.25,https://politicsandwar.com/img/flags/mongolia.jpg
11363,"2023-04-26 21:42:44","Band of the Bread",BOTB,lime,af,https://discord.gg/TWUfptW7,2753.46,https://politicsandwar.com/uploads/bdace3b4c8b4b914411e1662dc253502d056e210500x332411.png
11364,"2023-04-27 00:29:24","United Defensive Front",UDF,lime,af,,2194.84,https://politicsandwar.com/uploads/fd9c87e89f2bd5c6db1dc92398fd7431b54a3175500x333245.png
11369,"2023-04-27 18:44:52",Konoha,,maroon,af,,6600.70,https://politicsandwar.com/uploads/72cb4692d84920a0184715d1cf9c9ca7790fcc70x69.png
11392,"2023-05-01 15:06:53",Big1G,,blue,af,,440.32,https://politicsandwar.com/img/imgur-old/4d010baead02b402172d5166729956428ebde385559.png
11393,"2023-05-01 17:58:38","Alliance of the despair",,red,af,,872.45,https://politicsandwar.com/uploads/72f17c24bcbb753e6efde498c31a61832c5bfb81500x333330.jpg
11397,"2023-05-02 01:54:01","The Gentlemans Club",TGC,purple,af,,1134.20,https://politicsandwar.com/uploads/ce0b31e38b629bb7c6d84a5deba1b65bb8f4e8f4x161.png
11410,"2023-05-04 16:51:37","Deer Island",DI,olive,af,,7087.50,https://politicsandwar.com/uploads/ebe3bbe0e3a5af2b600783de8679e2e96b54a1bb500x375151.jpg
11411,"2023-05-04 17:18:55","The Colony",,aqua,af,,1167.84,https://politicsandwar.com/img/flags/unitedstates.jpg
11414,"2023-05-04 21:54:11","Heart Emoji",,pink,af,,0.00,https://politicsandwar.com/uploads/3a822c6605e72adad2bd42c6f25b06335747ca01x541.png
11418,"2023-05-05 12:31:10","Antarctic Communist Commonwealth",ACC,olive,af,https://discord.gg/8m3tCBabrD,7460.54,https://politicsandwar.com/uploads/22de241a8bf2e47822c209da61c69ae365a800e2500x375145.png
11422,"2023-05-06 04:23:22","Esquire Templar",ET,green,af,,6782.25,https://politicsandwar.com/uploads/b0fc0da8474729a2a06550b888cd4fb2adf65fc4500x304873.png
11425,"2023-05-07 15:43:45","The United Staes",TUS,pink,af,,306.98,https://politicsandwar.com/uploads/b24bf4dd5383dd7e6335c07f0be4e302eadd5767500x281455.png
11427,"2023-05-07 17:28:45","Free Democratic Alliance Afrika",,orange,af,,1524.50,https://politicsandwar.com/img/flags/africanunion.jpg
11428,"2023-05-07 17:56:49",USA2,USA2,pink,af,https://discord.gg/mAUeXxyXU8,498.05,https://politicsandwar.com/uploads/62f94ed9a12711efecd68bac6b7185dfa05630edx408.png
11433,"2023-05-08 21:47:55","Divine Followers",,black,af,,1062.10,https://politicsandwar.com/uploads/f066fa3830e36b6d3c8e06dc2092bfe8c3fee59fx793.jpg
11442,"2023-05-10 23:29:15","The protectorate of casual players",,yellow,af,,0.00,https://politicsandwar.com/uploads/c397b0b07dca8525c3b999b951a35598d9b14cbax288.jpg
11452,"2023-05-13 00:10:03","Order of Steel",OoS,blue,af,https://discord.gg/5Zjk9kuPmz,4163.74,https://politicsandwar.com/uploads/92ba10dcb3e60f457308e7c16a7e513923145cce300x300652.png
11455,"2023-05-13 01:21:50","Penguin Party",,yellow,af,,5718.65,https://politicsandwar.com/uploads/2475e31869405a6bb5365bd930fb8696fc546d93x535.png
11456,"2023-05-13 05:02:55",VASO,,black,af,,1760.70,https://politicsandwar.com/uploads/1dd655a818488f279009e4afd040b8d35c6939ed262x300251.jpg
11458,"2023-05-13 11:54:33","North Atlantic Treaty Organisation",NATO,red,af,,2278.78,https://politicsandwar.com/uploads/f440a800de3fd4d78ea7ef7718e9825e319ccd94250x187935.png
11466,"2023-05-15 16:36:08","reddemers of man alliance",,red,af,,1436.35,https://politicsandwar.com/uploads/3f57acbac193101046623a37652377d9152b0766x285.png
11467,"2023-05-15 21:26:44","The Family of Nations",TFN,aqua,af,,1270.23,https://politicsandwar.com/uploads/cae86be0228c271173f053ac97ed15c8bb7b2461505.jpg
11468,"2023-05-16 01:21:56","The Great Alliance of Maine",G.A.M,green,af,,2121.37,https://politicsandwar.com/uploads/8a17c099147969e7fac1e5dc33cfd7344239eac3500x33324.png
11475,"2023-05-17 12:55:57","Get Fooked Topia",,aqua,af,,1080.71,https://politicsandwar.com/img/flags/canada.jpg
11476,"2023-05-17 15:12:21","United Republic countries",,aqua,af,https://discord.gg/fr3aJzHUQU,1264.46,https://politicsandwar.com/uploads/4e193fa3c2b93cead443261a0ce10d93ec212bccx66.png
11480,"2023-05-18 03:09:23","United New World Order",,red,af,,1763.51,https://politicsandwar.com/uploads/6c50bf63b2a4374ba99a9efa7f4289931f15efb9500x35190.jpeg
11483,"2023-05-18 06:55:18","Intergalactic Council",I.C,green,af,https://discord.gg/KGcxuAvwEH,3062.99,https://politicsandwar.com/uploads/e7788e7c5d7e49bb20b9b99b0b633521a0410c20500x333465.png
11485,"2023-05-18 16:02:42","The Galactic Empiree",,white,af,,1550.25,https://politicsandwar.com/uploads/debc9f5d4f6673d0ade227dd328e5a3600d3e9281000x600167.png
11489,"2023-05-19 11:22:39","The Imperial Legion",I.L,maroon,af,https://discord.gg/CBYQ4RDra,1354.01,https://politicsandwar.com/uploads/eab110a886ae24e70a5518044e8e00d11a146e43500x300834.png
11492,"2023-05-21 18:32:10","Capitalist Union",TCU,orange,af,,377.08,https://politicsandwar.com/uploads/3c33640ff4822f48b532ee73e0a88535cce7c970x747.png
11494,"2023-05-22 09:34:31","New Church Republic",,purple,af,,3829.20,https://politicsandwar.com/uploads/c74211cd13fce0b98c39280993d69a8562db394cx428.png
11503,"2023-05-24 12:34:38","The Tosovian Brethren",TTB,blue,af,https://discord.gg/n2fXGABykw,1777.36,https://politicsandwar.com/uploads/f21a5ec086ebfb75cf85e1623db9d0df33038e94400x600101.jpeg
11504,"2023-05-24 12:41:04",H0D0R,,purple,af,,0.00,https://politicsandwar.com/uploads/cb309b07947e0c1884f6342503f71b253d2f68701000x584484.png
11505,"2023-05-24 17:36:18","Evergreen Pact",EGP,blue,af,https://discord.gg/sdk29T4pqt,6424.91,https://politicsandwar.com/uploads/934750e626d23db39287d1a192d7dbbcc22ae0c7x298.png
11508,"2023-05-25 12:07:11","The Asian Alliance",A.A.,orange,af,,5273.90,https://politicsandwar.com/uploads/0be0a303c03aee66a038cf2b2bcc1f41cf59218bx751.png
11513,"2023-05-26 00:48:16","Magister Mortalis",M&M,black,af,https://discord.gg/HunsjyyxU4,52132.13,https://politicsandwar.com/uploads/188676e455b018f8f210903c4a4bf02666e12b6d500x312503.jpg
11521,"2023-05-28 15:30:39","The Zucre Pact",,brown,af,,0.00,https://politicsandwar.com/uploads/f9910e1cdfe8abb0d5d80491aab7ae27ed7397a9500x333856.png
11527,"2023-05-29 20:42:03","The NATO",NATO,aqua,af,,975.38,https://politicsandwar.com/img/flags/europeanunion.jpg
11529,"2023-05-31 00:16:09","The Modern Rome Confederation",,green,af,,2065.74,https://politicsandwar.com/uploads/95f6695be1bab9d62bba4158f2a724c2d52a515b231x30097.png
11535,"2023-06-02 00:27:41","King Raiders",,pink,af,,866.60,https://politicsandwar.com/uploads/acc793152c641cc6c17959ff32d52354e81d6da5x487.jpg
11541,"2023-06-03 00:10:55",YattaBOOM,YATTA,orange,af,https://discord.gg/M8FBtmEvDn,0.00,https://politicsandwar.com/uploads/707353fafcbe22a284e6be06343280694dedd67dx237.png
11545,"2023-06-03 21:31:20",300OMEGALULweasels,,green,af,,0.00,https://politicsandwar.com/uploads/84d7798f9bbddbc48858d48cf392f0375f3370fcx668.png
11546,"2023-06-03 23:01:45","SCANIA co",SC,aqua,af,https://discord.gg/VJMZBEhKvZ,0.00,https://politicsandwar.com/uploads/bf6b732647efaf9fa188e3bedbc0ae20f9f8d5531000x923248.png
11550,"2023-06-05 14:30:14","Princetonian Alliance",PA,aqua,af,,1407.82,https://politicsandwar.com/img/flags/new_jersey.jpg
11553,"2023-06-06 00:35:35","Globglogabgalab Inc",GIN,blue,af,https://www.youtube.com/watch?v=xvFZjo5PgG0,4979.24,https://politicsandwar.com/uploads/e89b1db990b21ac57bcd373086913b85cf081441500x334651.jpg
11555,"2023-06-06 08:19:34","Starfleet Command",SFC,blue,af,https://discord.gg/URuyTuFNxn,21062.50,https://politicsandwar.com/uploads/69cbc4721b42b7f87ae879b617eaad7f3e5f3c9b500x30099.png
11557,"2023-06-07 17:00:04","Alliance of Phan",,pink,af,,986.89,https://politicsandwar.com/img/flags/vietnam.jpg
11562,"2023-06-10 10:26:33",Maintenance,Añañin,maroon,af,,961.88,https://politicsandwar.com/uploads/ddc44a0c3c2660c13372589038f7aae038acef97500x224992.jpg
11568,"2023-06-11 14:31:16","The Paladin",,aqua,af,,17963.57,https://politicsandwar.com/img/flags/europeanunion.jpg
11569,"2023-06-12 13:34:26","The Privateers",,green,af,,1064.64,https://politicsandwar.com/uploads/b7a302a1ec78d1ab2fd9ffec8563ca06c9174f8bx929.png
11572,"2023-06-15 10:08:18","Hope of Heart",None,red,af,,1469.44,https://politicsandwar.com/img/flags/americansomoa.jpg
11574,"2023-06-16 18:21:41","Merchant Marine Command",MMC,blue,af,https://discord.gg/j3kcT5cvfB,1432.24,https://politicsandwar.com/uploads/1249ad9221a31308d1c8f4f8719f2efe0fb0a503313x300672.png
11577,"2023-06-18 14:36:01",Beno,,aqua,af,,1338.22,https://politicsandwar.com/img/flags/greatbritain.png
11581,"2023-06-19 21:23:07","Hanka Robotics",HaRo,brown,af,,177.42,https://politicsandwar.com/uploads/99c264e3071cdcab736f143a5d9296df70e7302a500x292671.jpeg
11584,"2023-06-20 20:25:23","one wei or another",,green,af,,6698.47,https://politicsandwar.com/uploads/562357b2758d88f144e9ec02191eba4f2bfc5ccdx706.png
11594,"2023-06-22 16:21:58","The Fallen Knights",TFK,black,af,https://discord.gg/2veWvxmzYg,36476.38,https://politicsandwar.com/uploads/6d29b8453a17c4d98e432b77862d8fed64a459ba500x306860.png
11604,"2023-06-26 14:22:04","Palo Mayombe",,green,af,,7403.30,https://politicsandwar.com/uploads/863cb4e7d96c8ff4d20861ff21c3b21489d9f411x963.png
11605,"2023-06-26 15:23:41",Whermst,,aqua,af,,1395.00,https://politicsandwar.com/img/imgur-old/7fd411247afbe6dbc30ab8723e6b7331e43b5a170.png
11606,"2023-06-28 00:50:56","The Shrekolytes",TSKY,brown,af,https://discord.com/channels/1137483084296626188/1137483388241063968,10461.68,https://politicsandwar.com/uploads/fd6f373f7c2d23c2f069b9d82486f05e4d4a5fca500x491858.png
11607,"2023-06-28 04:27:43","Triggered Vanguard",,black,af,https://discord.gg/wNTQcHgZe3,10437.68,https://politicsandwar.com/uploads/0da260e53fc622a9c1919793165c865759307af0500x281665.png
11608,"2023-06-28 06:28:31","The Jura Tempest Federation",,white,af,,905.26,https://politicsandwar.com/uploads/5537734886f384189d1f200fe362add32c6c0ad4500x246158.png
11609,"2023-06-28 20:28:17","Petrograd Soviet",,red,af,,4559.75,https://politicsandwar.com/uploads/c440dd74be0958760791169c8e5d8d3386581b77500x333761.png
11610,"2023-06-28 23:57:54","New California Republic",7k7g7a-NCR,maroon,af,https://discord.gg/W9kb72gbcD,8352.90,https://politicsandwar.com/uploads/8b16a97f5f206f5bdf7dd5acd43e62377e05b563500x333929.jpg
11611,"2023-06-29 00:31:03","The United Communist Empire",,red,af,,1084.98,https://politicsandwar.com/uploads/eba58e352ccc466c3b741fd9e6fc6b5033da87c9x729.png
11619,"2023-07-01 04:42:39","Mouseleys Superfan Fun Cheese Corner 5",,maroon,af,,8170.75,https://politicsandwar.com/uploads/f4e0c05ae348e1abc3e2f52df9addee6e9c692b8x271.jpg
11620,"2023-07-01 11:16:59",HSBC,HK$,green,af,,417.75,https://politicsandwar.com/uploads/9d67eebd69f26ef195b958898feb2e5078c41731x446.png
11621,"2023-07-02 00:17:36","United Corportist Front",,aqua,af,,2242.77,https://politicsandwar.com/img/flags/portugal.jpg
11622,"2023-07-03 00:59:18","Communist Republic",,green,af,,1617.61,https://politicsandwar.com/img/flags/russia.jpg
11623,"2023-07-03 01:40:10","Beach Bum",,white,af,,6952.75,https://politicsandwar.com/img/flags/switzerland.jpg
11627,"2023-07-04 07:22:56","The empires",,red,af,,2280.93,https://politicsandwar.com/uploads/df9ed9e267741bb58715a8f091874c50aea22eb5300x300536.png
11628,"2023-07-04 07:24:17","The SweetBabyGang",,olive,af,,2771.20,https://politicsandwar.com/img/flags/unitedstates.jpg
11629,"2023-07-04 13:10:20","A PO Box in Delaware",📭,brown,af,,354.50,https://politicsandwar.com/uploads/2d748671a8313e0f98fa278c4b3fe274785d7b19500x333143.png
11630,"2023-07-04 14:57:37","Nationalist government of Canton",NGOC,red,af,,6110.20,https://politicsandwar.com/uploads/6dbbc4f51d3980b1df42c76ee8bb6b08a038202cx393.png
11631,"2023-07-06 01:44:04","Empire of Calondia",,orange,af,,6957.60,https://politicsandwar.com/uploads/86f671a87a66134100468ee60c2e959f6a809d1c39.png
11634,"2023-07-07 02:42:52","The Awakening",AwA,maroon,af,https://discord.gg/PKTSr2P7Gy,18915.88,https://politicsandwar.com/uploads/145e0d61adb8d3acfc00135cba592c1270ea0bca500x30034.png
11640,"2023-07-08 15:58:30","BRICS ALLIANCE",,lime,af,,1754.03,https://politicsandwar.com/uploads/4cb8784627c3b47f8aef9a6ad18a8ab203451110500x290937.jpg
11641,"2023-07-08 20:07:43","The National Allied Confederation",NAC,black,af,https://discord.gg/BPvv7xA3,2832.31,https://politicsandwar.com/uploads/a3d81a466ee5bc6947533e09c629e1e0f4c6e6ef500x306335.png
11644,"2023-07-09 14:42:03","Double Cross Ranch",DCR,brown,af,,142.21,https://politicsandwar.com/uploads/342ff7517540dc4b35668b5102e6ec467fbfae36199x300735.jpeg
11651,"2023-07-11 08:54:29","Barbary Corsairs",CS,olive,af,https://discord.gg/b58nSDddW,19422.41,https://politicsandwar.com/uploads/52a2b84b29f4a26ae4b619989465a752026018c3300x300226.jpg
11655,"2023-07-14 02:06:39","The Knights of the Cross",KoC,aqua,af,,0.00,https://politicsandwar.com/uploads/15089aa6c3d7d1652f8cb891753f41e04af6083d500x489686.jpg
11657,"2023-07-14 12:14:08",Singularity,SIN,blue,af,https://discord.com/invite/uxCm7YkEcF,555202.94,https://politicsandwar.com/uploads/45621d5380718d3ae372e1bbce756a895fe7da49500x333130.png
11659,"2023-07-14 14:47:43","North Atlantis Treaty Organization",NAT0,brown,af,,126.50,https://politicsandwar.com/uploads/982165000314166a8426fc2d6b2c699558a65644500x375219.jpeg
11660,"2023-07-14 22:42:19",Pokimans,PKM,white,af,https://discord.gg/wqa4GfHTSE,50926.58,https://politicsandwar.com/uploads/8eda6f576a6d9c93a414f9ff58f852b21796d04c500x312278.jpg
11663,"2023-07-15 10:09:58","The Scythe",,aqua,af,,1889.07,https://politicsandwar.com/uploads/dc826e53d053919506d510763d5e54afff8e1c39x618.png
11665,"2023-07-15 15:55:27","Mutual Defense Pact",MDP,green,af,https://discord.gg/Nah59MpgDc,1259.52,https://politicsandwar.com/img/flags/tibet.jpg
11668,"2023-07-16 01:42:13","Alliance Name",,white,af,,24275.68,https://politicsandwar.com/img/imgur-old/0a31900529966f483de4a2a137d8f8074909fb12171.png
11671,"2023-07-17 02:12:05","Pravda Bloc",UwU,red,af,https://discord.gg/X8krFdPDs5,1671.35,https://politicsandwar.com/uploads/238e39328e609c83c04d29db1777e423c99bcafd1000x562237.png
11674,"2023-07-18 13:00:00",Hovel,H,green,af,,4442.50,https://politicsandwar.com/img/flags/canada.jpg
11676,"2023-07-19 02:40:52",Jacal,JAT,black,af,https://discord.gg/K3r5UyGM,0.00,https://politicsandwar.com/uploads/e4ff9632be1b3889600530f85fcf0dd0cf51daeb500x332953.png
11677,"2023-07-19 14:48:47","Cargill Incorporated",CRG,brown,af,,2876.23,https://politicsandwar.com/uploads/94e55a882ecd7470bf13ec61d08245ccaeda6b68500x236123.jpeg
11678,"2023-07-20 04:49:39",Tootenfarties,,green,af,,1055.90,https://politicsandwar.com/img/imgur-old/7f05a9ee05509e8a40e653ed33ca1da102ba30ee417.png
11680,"2023-07-20 09:54:41","Holy British Empire",,red,af,,2661.17,https://politicsandwar.com/img/flags/greatbritain.png
11682,"2023-07-20 23:32:01",Miski,,black,af,,1153.64,https://politicsandwar.com/img/flags/guyana.jpg
11683,"2023-07-21 10:18:50","Coallition of the forrest demons",,blue,af,,2555.38,https://politicsandwar.com/uploads/b474b973488c58717d273d1f5d7d1214722434671000x687930.jpg
11684,"2023-07-21 16:41:32","The Stalitler Coalition",,pink,af,,2815.22,https://politicsandwar.com/uploads/9bf33ed54650a9fbdedc4a9906b754aa7a1190b21000x618278.jpg
11688,"2023-07-22 15:53:09","Secret Brotherhood Society",,green,af,,989.75,https://politicsandwar.com/img/flags/piratesheep.png
11692,"2023-07-23 01:51:34","The Intergalactic Union",,aqua,af,https://discord.gg/H6TXBTnN,1388.25,https://politicsandwar.com/uploads/3b0b41a2fc853070e2a2846c2f616042e04a94731000x727617.png
11696,"2023-07-24 12:09:41","Potato Pirates",P.P,purple,af,,987.78,https://politicsandwar.com/img/flags/piratesheep.png
11698,"2023-07-24 17:54:42","COMING SOON",CMNG,white,af,,22814.14,https://politicsandwar.com/uploads/81d5df794dba2901934c9c7327188f2e5e53a197x562.png
11701,"2023-07-25 04:11:34","Nations of Neutrality",NoN,aqua,af,https://discord.gg/Kj9mUCMZ,20135.56,https://politicsandwar.com/uploads/46f5467b1d9b571549cbd78a51eae54faaa10beb1000x540469.jpeg
11703,"2023-07-25 12:22:27","Equality-Democracy Pact",EDP,purple,af,,0.00,https://politicsandwar.com/uploads/6d1c92691085a3ca7793c88d7a12c5f9ac3bf830500x25027.png
11705,"2023-07-25 18:41:14","The Krieg Brigade",TKB,blue,af,https://discord.gg/z7UXK9V2N,5494.04,https://politicsandwar.com/uploads/ff7ff02264c1c7ef218584ff238933e5a01cf2c6500x353177.jpg
11706,"2023-07-25 20:34:24","Salvation Army",SA,green,af,,4366.90,https://politicsandwar.com/uploads/895b177134200d0ce820d6bfd9e2c9a9a1fa0da0125x150994.png
11713,"2023-07-26 01:35:02","Ignis Aternum",Ignis,yellow,af,,3682.01,https://politicsandwar.com/uploads/bb3641f7a56529d1ef02887367d585fc10515334500x300699.jpg
11717,"2023-07-26 06:27:40","Union of Russian Speakers",,aqua,af,,4431.71,https://politicsandwar.com/uploads/342766dc3163e622d980e6fa380fd225c416a2d0500x347719.png
11723,"2023-07-26 23:21:34","panaka palu",,black,af,,7301.14,https://politicsandwar.com/img/imgur-old/917568acf2b88122f2e687d5bcfe41c8db855e95744.png
11724,"2023-07-27 00:55:04",NFNA,,aqua,af,,307.00,https://politicsandwar.com/img/imgur-old/6fae4cb1c426376e13fdb6301430be39a6b45109513.png
11726,"2023-07-27 06:30:43","Clearwater Combine",CCC,aqua,af,https://discord.gg/CFX4RMRk5U,544.70,https://politicsandwar.com/uploads/ae37429fab7f2f3948a27a45146e211da7ed80bc500x320710.jpeg
11727,"2023-07-27 10:11:05",Advent,,green,af,,11626.43,https://politicsandwar.com/img/imgur-old/5dd661b245f116d7220762458df6eb9df784822a390.jpg
11734,"2023-07-28 08:47:06","The Warsaw Pact",WP,red,af,,1472.80,https://politicsandwar.com/uploads/62833427f09faed40be5dbce6ea67051f67967d3250x250286.png
11735,"2023-07-28 14:01:27","Javskarian Socalist Alliance",,red,af,,353.97,https://politicsandwar.com/img/flags/sovietunion.jpg
11736,"2023-07-28 16:35:42","United Eastern Canada",UEC,red,af,,1285.50,https://politicsandwar.com/img/flags/canada.jpg
11738,"2023-07-29 03:06:11","General Area of Three Ostritches",,brown,af,,5264.93,https://politicsandwar.com/uploads/d2f19b742f1c7112041a7b127faf2530dbea3e13500x250897.png
11741,"2023-07-29 13:13:37","Global Alliance of Nations",GAR,yellow,af,https://discord.gg/UrMN5Ztz6W,1598.26,https://politicsandwar.com/uploads/f23ac9cb643484229c0b152076a5d011478d9c241000x666729.png
11742,"2023-07-29 15:35:01","Iperial republic",Ip,aqua,af,https://discord.gg/DH8JkNqk,0.00,https://politicsandwar.com/uploads/b518aa18f91aee66bdce9060ba61011e5f35dde9500x333726.png
11743,"2023-07-29 19:41:35","NXT LEVEL SPORTS",,aqua,af,,990.46,https://politicsandwar.com/img/flags/california.jpg
11745,"2023-07-30 00:54:40",SumorianKandonianAlliance,ska,black,af,,1289.73,https://politicsandwar.com/uploads/73488d31b86a7f3c4f354245c6861c7e299fe255500x357167.png
11746,"2023-07-30 12:18:29","The Orphanage",,green,af,,9816.28,https://politicsandwar.com/uploads/5c2ed7d9a06bacfef52d81c242d813f1353f6031300x30082.jpeg
11748,"2023-07-30 18:01:14","Holy Hell Bringers",,aqua,af,,3091.45,https://politicsandwar.com/img/flags/dominicanrepublic.jpg
11750,"2023-07-30 22:18:32","Dharma Initiative",LOST,black,af,,813.46,https://politicsandwar.com/uploads/3974c879be6564d117ee0490bf112d0486c71cc1500x312183.jpeg
11751,"2023-07-31 04:23:53","Halo Revived",,orange,af,,6056.40,https://politicsandwar.com/uploads/7f000c992ffd789c56b9bbb93ebe92a5a57832681000x500856.jpeg
11752,"2023-07-31 13:32:17","Orbis Economic Forum",,aqua,af,,1344.00,https://politicsandwar.com/uploads/1838c39b6c8c71752d9b1f7ac90da0d3fee263a5500x281556.png
11754,"2023-07-31 22:52:26","Cities XL",,purple,af,,15399.98,https://politicsandwar.com/img/flags/unitedstates.jpg
11755,"2023-08-01 04:50:03","Anti-Horridism Obocchama Kun Fan Club",,white,af,,4734.87,https://politicsandwar.com/uploads/ae7cea467e6e0473df020729065de34410b7c6961000x59918.jpg
11756,"2023-08-01 08:55:37","United Orbis Federation",UOF,maroon,af,,0.00,https://politicsandwar.com/uploads/cae86be0228c271173f053ac97ed15c8bb7b2461505.jpg
11758,"2023-08-01 13:36:53","Mercenaries of Orbis",Moo,green,af,https://discord.gg/VbqwQUBM,7935.36,https://politicsandwar.com/uploads/a0d5e93b6420c3c8c53b85af413def2968796d8bx831.png
11759,"2023-08-01 14:05:31",ENTO,,aqua,af,,1163.98,https://politicsandwar.com/uploads/29e01e9d77674e764678b86f5e8a01f254b4ea1b1000x727705.png
11762,"2023-08-01 16:05:07","The War Bound Peacemakers",,red,af,,2340.58,https://politicsandwar.com/uploads/34be79c14eb653893610e9ad3df541bfa00cc894500x452256.png
11768,"2023-08-02 16:02:28","Orbis Reserves",$r,green,af,,18108.51,https://politicsandwar.com/img/imgur-old/0a31900529966f483de4a2a137d8f8074909fb12171.png
11771,"2023-08-02 17:25:05","The Burroughs Alliance",,purple,af,,2428.66,https://politicsandwar.com/uploads/c62881b2b4accbf88d6d9302a4a4a5b10f689a491000x706321.jpeg
11773,"2023-08-03 03:40:57","The Lost Legion",,aqua,af,https://discord.gg/nAe4GgBvN7,16841.14,https://politicsandwar.com/uploads/f7039c4c855ef31489df700c395b7de090c5bee5500x32039.jpg
11775,"2023-08-03 11:47:06","Indians unite",,lime,af,,2155.45,https://politicsandwar.com/img/flags/abkhazia.jpg
11778,"2023-08-04 20:26:17","Val Taro",AT,yellow,af,,1956.15,https://politicsandwar.com/uploads/823fbd70612494a30424e5932b1e4da33a8a0446300x300809.jpg
11782,"2023-08-06 01:47:40","Cats Cuddling in Cafes",,white,af,,4184.60,https://cdn.discordapp.com/attachments/672310912090243092/1137563652560539768/5075604.jpg
11786,"2023-08-06 15:40:01",Charleston,HOC,red,af,https://discord.gg/ZZGGmbegeX,1288.39,https://politicsandwar.com/uploads/02d284c60480dfa0afb93f0f17951ae5146df74b500x333857.png
11787,"2023-08-06 19:05:21","District One",D1,red,af,,1746.91,https://politicsandwar.com/uploads/be9815eb29de8d8c8ecd52f947023d976f7db9b0500x293959.png
11788,"2023-08-07 02:06:18",Lorien,LOR,orange,af,,7941.10,https://politicsandwar.com/uploads/1beb91d1b0684065ae9b8d092e437491c08a0d9fx365.jpeg
11789,"2023-08-07 06:12:40","Federated Commonwealth of Free States",(FCOFS),green,af,,1425.24,https://upload.wikimedia.org/wikipedia/commons/thumb/b/b8/Flag_of_Liberia.svg/1140px-Flag_of_Liberia.svg.png
11791,"2023-08-07 19:01:21","National Alliance Of Communist Nations",NAOCN,green,af,https://discord.gg/yfzxNQYC,2224.95,https://politicsandwar.com/uploads/7c71921461cbf7b7b9e4ed0e46f29dc4ff18b6f91000x559345.png
11792,"2023-08-07 22:59:40","Titan Arum",,pink,af,,5553.49,https://politicsandwar.com/uploads/0c3f3747d24e2fa49e5b13192e7906ec3ff04ac4250x116273.jpg
11795,"2023-08-08 14:33:26","The General Pact",,aqua,af,https://discord.gg/bnStc56q,2205.85,https://politicsandwar.com/img/flags/sierraleone.jpg
11796,"2023-08-08 19:47:52","Adams Gambling Fund",,yellow,af,,8121.29,https://politicsandwar.com/uploads/de7a8e6f8cfe9d277d86d6618e0e1f284c34e159x935.png
11797,"2023-08-08 20:50:45","TCM Extension",,yellow,af,,11428.62,https://politicsandwar.com/uploads/6b4c039aa49d670efe3353ff516de948beca1ba1x125.jpg
11798,"2023-08-09 00:27:06","Balmoral Castle",,black,af,,3175.99,https://politicsandwar.com/img/imgur-old/7a6fc15b6be2d18a1d5528857d160584fa4172b3325.png
11799,"2023-08-09 02:26:43","NZ ONLY",,white,af,,3498.66,https://politicsandwar.com/img/flags/newzealand.jpg
11802,"2023-08-09 17:02:49",Providence-,,aqua,af,,0.00,https://politicsandwar.com/uploads/973b1729edd53f39adeca82c906075d4469754a71000x750415.jpg
11804,"2023-08-10 00:21:01",Nibelheim,,green,af,,5149.42,https://politicsandwar.com/img/flags/iceland.jpg
11805,"2023-08-10 01:51:01","House Stark Crypto Wallet",,olive,af,,4495.24,https://politicsandwar.com/uploads/08dcf7d81765dc88f1eabb226fd5cbad2fef4369500x281228.jpeg
11807,"2023-08-10 09:40:13","Balkan Defender Pact",,aqua,af,,1926.17,https://politicsandwar.com/uploads/145e81abe90bb2a6940d4e130c04a8c7d68f4290x947.jpg
11809,"2023-08-10 17:17:55","Divine Egypt Peacekeepers",DEP,orange,af,,4171.65,https://politicsandwar.com/img/flags/zimbabwe.jpg
11811,"2023-08-10 22:05:31","Bohemian Grove",,olive,af,,6388.60,https://politicsandwar.com/uploads/5034d03185b6e1b13328371882553b6ecc0a99bf500x429637.png
11812,"2023-08-11 09:23:06","Ubuyashiki Estate",,orange,af,,4440.14,https://politicsandwar.com/uploads/706f31f163dfcb5ad8199a335cbc0253355117e1500x281929.png
11813,"2023-08-11 11:44:34","Caoscotlian Commonwealth",CC,lime,af,,1851.46,https://politicsandwar.com/uploads/a6938ef7419f74fcb8d464e372f43e33ce82c0ac500x311735.png
11814,"2023-08-11 13:13:51","Commonwealth of Independent States",CIS,orange,af,,1319.63,https://politicsandwar.com/uploads/8198cfa807b7356b39693f7e0aa251a572818c95500x281353.png
11815,"2023-08-11 18:06:31","Annunaki legion",,purple,af,https://discord.gg/ya88k6n2,14274.43,https://politicsandwar.com/uploads/ca8400f11b0e6afe652af40b339029ae3eda1f92450x300902.jpeg
11818,"2023-08-12 02:13:02","Protector and developer of the weak",,orange,af,,2258.01,https://politicsandwar.com/img/flags/new_york.jpg
11819,"2023-08-12 14:14:10","The Knights Have Risen",,black,af,,2359.12,https://politicsandwar.com/img/imgur-old/aa40381ad961527eb1970e8eba144a78bb929775854.png
11820,"2023-08-12 15:35:34","The Afro-European Defence Organization",AEDO,white,af,,0.00,https://politicsandwar.com/uploads/28dc7478327e5ca0e3d4e93ad08ac5be588747ea500x31494.png
11821,"2023-08-13 02:32:53","Mensa HQ",,orange,af,,18188.33,https://politicsandwar.com/uploads/69eda5d999a0b014131f3083f1b710233580bb08x22.jpg
11824,"2023-08-14 02:31:16","Pride and Prejudice",,aqua,af,,359.11,https://upload.wikimedia.org/wikipedia/en/thumb/b/be/Flag_of_England.svg/800px-Flag_of_England.svg.png
11825,"2023-08-14 06:31:50","Test Protected by Aurora",,green,af,,4477.19,https://politicsandwar.com/uploads/4a1970459fe3b8defaa02f930008fa05d2f0adce500x284737.jpeg
11827,"2023-08-14 23:46:36","Domination Araga",,red,af,,1468.10,https://politicsandwar.com/img/flags/brazil.jpg
11828,"2023-08-15 13:12:59",Oreo,,pink,af,,15196.50,https://politicsandwar.com/uploads/3e4789fbb0e00c023ad713e9c03b393fb0f5a799323x150472.jpg
11829,"2023-08-15 14:54:50","Orbis Federal Bank",{OFB},black,af,https://discord.gg/KkV2Ena9vS,1510.56,https://politicsandwar.com/uploads/ffacdd3a36294cd5f1f98e753ae4359ee24e68e213.jpg
11830,"2023-08-15 21:32:59",Elfers,Elfers,orange,af,,24479.19,https://politicsandwar.com/uploads/5a9b1e8f454200247d50efb27844627fc45bec4e445x300215.jpg
11831,"2023-08-16 00:40:59","Totally Not HS Crypto Wallet",,aqua,af,,4817.57,https://politicsandwar.com/img/imgur-old/498183c2cca81725326494f28ec07669b2df4888985.png
11832,"2023-08-16 18:24:04","Descretion Advised",,aqua,af,,566.25,https://politicsandwar.com/uploads/7eea5d2fa22390eb677427c0cdb39935ca81786f668.jpg
11833,"2023-08-16 19:12:03","The Lachlandish Alliance",,maroon,af,,1060.61,https://politicsandwar.com/img/flags/new_york.jpg
