﻿alliance_id,date_created,name,acronym,color,continent,discord_server,score,flag_url
615,"2014-08-05 12:32:17","Seven Kingdoms",SK,orange,Ar,https://discord.gg/3uCF26s,55505.95,https://politicsandwar.com/uploads/86bdc587ed74b9544f5c2f523bb490d6016c483a500x281478.jpg
619,"2014-08-05 19:39:15",Guardian,Guardian,pink,Ar,https://discord.gg/wFbUzM2,223986.78,https://politicsandwar.com/img/imgur-old/200afe185770407ae6a603ade7ba9bfbad379813917.png
622,"2014-08-06 13:37:26","United Purple Nations",UPN,purple,Ar,https://discord.gg/mfUxYv7CyR,149127.56,https://politicsandwar.com/img/imgur-old/3f9d76b849ff553846c11a6097af797b3b9570bf680.png
623,"2014-08-07 10:12:02",Acadia,Acadia,aqua,Ar,https://discord.gg/9wKzZbU,1595.17,https://politicsandwar.com/uploads/53a996d6308d048c5ad0b73e8897545657b86834773.png
770,"2014-10-26 13:21:40",Taith,CYMR,red,Ar,https://discord.gg/FGS7jr7,2485.39,https://politicsandwar.com/uploads/9b268167c28c6f41efa7c29f0ece98b7c5b5e3c2500x281966.png
790,"2014-11-04 23:13:16",Rose,🌹,pink,Ar,https://discord.gg/Fp5Ngqg,663844.55,https://politicsandwar.com/uploads/e97004b1d95820ca14e0284c44208ed0cadb3a26500x300989.png
831,"2014-11-21 17:26:29","The Syndicate",t$,green,Ar,https://discord.gg/FZqJY5m,465185.94,https://politicsandwar.com/uploads/4943f976375bf77cafa3a32b9df7772dd8d5da1a500x300138.png
866,"2014-12-08 09:18:04","Guardians of the Galaxy",GoG,lime,Ar,https://discord.gg/DVGzNXM,0.00,https://politicsandwar.com/uploads/111dd01422c16de66f4d06040c7451118efd002b957.png
877,"2014-12-12 23:23:13","Black Knights",BK,black,Ar,https://discord.gg/9h2XQjb,163277.08,https://politicsandwar.com/uploads/df0cb73dc52b14d97fcd1c3381f73f039e0ae7ee500x281307.png
913,"2014-12-19 14:34:25",Arrgh,Arrgh!,black,Ar,https://discord.gg/jCAQFtJ,80607.84,https://politicsandwar.com/uploads/7d36c616d97b8bdbb32464a75c6fb500683f4aeb500x365832.png
1023,"2015-01-26 15:22:05","The Fighting Pacifists",TFP,white,Ar,https://discord.gg/5yT5tWS,389156.85,https://politicsandwar.com/uploads/a00f82c9c0fb96ee59197bfd7f29494556f659df500x375809.jpeg
1210,"2015-03-21 22:52:21","World Task Force",WTF,maroon,Ar,https://discord.gg/3AXHN5B,176366.84,https://politicsandwar.com/uploads/7f1b6b4092cde322a7209affa489041e91427225258x150328.png
1246,"2015-03-29 20:09:40",Farkistan,FU,blue,Ar,https://discord.gg/HDjRySg,182617.83,https://politicsandwar.com/uploads/100fe13335b6c085e46e699bf8d856d1ee996207315.png
1280,"2015-04-08 19:16:27",Alpha,Alpha,green,Ar,https://discord.gg/keUvfs9,154256.76,https://politicsandwar.com/uploads/3adc6997105a98d4b1b7e7b726b7a7ab8ec52d59565.jpg
1584,"2015-06-29 17:25:50","The Knights Radiant",USCFC,orange,Ar,https://discord.gg/t7dzPAV,529171.63,https://politicsandwar.com/uploads/e93881f5506376cab9833b384a8a9f9b00b4f4ba500x2994.png
1634,"2015-07-13 22:58:28","Nuclear Knights",NK,pink,Ar,,7723.58,https://politicsandwar.com/img/imgur-old/2789fc1020e3724279488982a02ab4a29b558dad25.png
1723,"2015-08-08 02:13:24","TRUMP 2016",TRUMP,pink,na,,88.70,https://politicsandwar.com/img/imgur-old/e7f77385327365d10712e34790c1d27b19984cb4595.jpg
1742,"2015-08-14 18:32:07","The Wei",TW,lime,Ar,https://discordapp.com/invite/B7rpfvx,112112.81,https://politicsandwar.com/uploads/bfa5f687341e5ad799acfdc9384f313d37fe537b500x300375.png
1896,"2015-10-05 16:50:32",Pantheon,🏛️,yellow,Ar,https://discord.gg/JH3XZ4HHDx,1508.67,https://politicsandwar.com/img/imgur-old/aabdb8d0f25956ba861bb1c365c404835995c5a5705.png
2082,"2015-12-01 16:15:42","New Pacific Order",NPO,brown,Ar,https://discord.gg/AQMFg2A,6221.18,https://politicsandwar.com/uploads/f6d9d9cd426226b55504e8fe7c941c10cb7eb6ba700.png
2358,"2016-02-16 19:50:46",Polaris,,blue,Ar,https://discord.gg/XkymPz2,119614.94,https://politicsandwar.com/img/imgur-old/a69030707aac568c9eb564ed58dfa6bacfa34da5165.png
2510,"2016-03-20 06:51:10","Order of the White Rose",OWR,olive,Ar,https://discord.gg/NcugYxp,124771.70,https://politicsandwar.com/img/imgur-old/8dc7a6507cf64b9adcc879036b6e4886e83825e0638.png
2594,"2016-04-04 10:01:03","United Socialist Nations",USN,red,Ar,https://discord.gg/ZWQZfHk,113253.85,https://politicsandwar.com/uploads/2e3b987e44b4cc9596795b208dc1dcfc4808a0c5500x334591.png
3339,"2016-09-23 00:04:24","Grumpy Old Bastards",Grumpy,green,Ar,https://discord.gg/8BZztQQ,305145.16,https://politicsandwar.com/uploads/c3c6b42d867ffd38eafedaf07cdfda4469e82998454.png
3427,"2016-10-07 17:28:42","The Commonwealth",tCW,green,Ar,https://discord.gg/Gv26Kzr8ZU,260519.21,https://politicsandwar.com/uploads/50d160788d8eac0fb127fcc78e5cbcebd4899385500x270463.jpg
3554,"2016-10-22 11:20:03","One is the loneliest number",Lonely,lime,Ar,https://discord.gg/8npsj67,2822.05,https://politicsandwar.com/uploads/1e49178196abe3b9f6411b663b515dcf2620fc5b946.jpg
3683,"2016-11-08 20:24:05","House Stark",HS,olive,Ar,https://discord.gg/eVRjDy6,124783.56,https://politicsandwar.com/img/imgur-old/bfb8a262c1c2191984edc9463d991f504f05ce49291.jpg
3940,"2016-12-20 00:38:26","The United Empire of ZahAharon",TUE,purple,Ar,https://discord.gg/yZmr9av,2190.01,https://politicsandwar.com/uploads/5ba2f1328cb1211b742c91c72d9c34db1248101b489.png
4124,"2017-02-01 17:00:43","Knights Templar",KT,maroon,Ar,https://discord.gg/Jd2bu7f,126777.25,https://politicsandwar.com/uploads/5ed63443e71713aae7819af4dd721beda896b1dd500x300832.png
4137,"2017-02-23 20:46:46","United Alliance for Freedom",UAF,olive,Ar,,638.78,http://i.imgur.com/GfV4IMw.png
4144,"2017-03-10 00:36:03",Akatsuki,AK,maroon,Ar,https://discord.gg/z2Ztdh5,12234.67,https://politicsandwar.com/uploads/24e95e1ff1ccae75e96069fff83d122b56b098fb142.png
4149,"2017-03-17 18:06:30","Church of Spaceology","Evil Bo",purple,Ar,https://discord.gg/7rQ5vfY,0.00,https://politicsandwar.com/uploads/319e04377bdb89d51581adcfe8401563cd82f61a651.jpg
4150,"2017-03-19 10:05:19",Yarr,GOLF,black,Ar,https://discord.gg/cbF74Dg,122540.08,https://politicsandwar.com/uploads/27b263414c1138cbe1ffcc942dd2bf15345bde5579.jpg
4205,"2017-05-10 18:55:22","Cosa Nostra",CN,brown,Ar,,326.74,https://politicsandwar.com/uploads/157531a8ba85563bf518921e98ba9c91bf743cd3406.jpg
4209,"2017-05-20 00:40:25","The Scottish Empire",TSE,white,Ar,https://discord.gg/X5fWTvJ,0.00,https://politicsandwar.com/img/imgur-old/7a6fc15b6be2d18a1d5528857d160584fa4172b3325.png
4221,"2017-06-11 12:22:29","Dark Brotherhood",DB,black,Ar,https://discord.gg/Uyn3m5D,131725.21,https://politicsandwar.com/uploads/3af8f5023602b9d1cd12588b7d379a0f9f896e43586.png
4271,"2017-08-09 02:18:58",Oblivion,shite,green,Ar,,59446.75,https://politicsandwar.com/uploads/a8910306b92fbce80d563dd429150b593f7cc575102.jpg
4323,"2017-10-11 01:22:11",Horsemen,THM,lime,Ar,https://discord.gg/hyMZjtg,0.00,https://politicsandwar.com/uploads/3fd928c9f764b651d4719533d04ad5536ee3407e873.jpg
4397,"2017-12-10 03:25:36","Strickland Propane",Strickland,brown,Ar,https://discord.gg/SFEpZNf,40389.94,https://politicsandwar.com/uploads/a118889f96a7c98bd6c465415353aaf6452d9915500x30046.png
4451,"2018-01-03 04:51:53","Riad NWO",,black,Ar,,0.00,https://politicsandwar.com/img/flags/poland.jpg
4468,"2018-01-07 07:22:03","Purple Flower Garden",PFG,pink,Ar,,11906.27,https://politicsandwar.com/uploads/2f4a9fb6069cb8356913ec360909eed4b9560c40538.png
4567,"2018-02-23 02:31:21","The Golden Horde",TGH,green,Ar,,0.00,https://politicsandwar.com/uploads/0c2ce4037c47587bc3f2cb008800b6821f0850d7382.png
4568,"2018-02-23 08:41:56","Outer Heaven",OH,black,af,https://discord.gg/EdbQAyq,0.00,https://politicsandwar.com/img/imgur-old/2eb12dc171cecfd21d2fa45de656c0da27e45ffa683.png
4623,"2018-03-18 07:10:01","The Empire of the Moonlit Sakura",7K,blue,Ar,https://discord.gg/BHtwcHg,2442.18,https://politicsandwar.com/uploads/77a7d97093ba2365abccad3f88475c9d2769678584.jpg
4638,"2018-03-21 05:20:16","The Federation",TF,blue,Ar,https://discord.gg/DHT6kgc,115982.66,https://politicsandwar.com/uploads/bb7d4269a0b1df30032995f5d901db110a16bf73205.png
4648,"2018-03-22 22:26:01",Aurora,AUR,purple,Ar,https://discord.gg/ghbQ5QY,180119.43,https://politicsandwar.com/uploads/11decc0984f52fd10c7d92268a16156b670a097b500x281353.gif
4729,"2018-04-13 22:07:21","Church Of Atom",CoA,green,Ar,https://discord.gg/DCQsEuf,115360.26,https://politicsandwar.com/uploads/a18a33770a8efb8ce21bf21468d6f7d404e73392500x333743.png
4829,"2018-05-05 16:54:12","The Enterprise",e$,brown,Ar,https://discord.gg/UPuqa8s,106453.47,https://politicsandwar.com/uploads/8a61e23ce14f9c3ae1a81548a7296a640477af01x691.jpg
4878,"2018-05-18 02:10:14","The Boys",TCJ,blue,Ar,https://discord.gg/rF2Urk9,0.00,https://politicsandwar.com/uploads/9d2ff4785f3086121806003654d6b993578b26fc424.jpg
4899,"2018-06-01 03:46:32","The Covenant",COV,blue,Ar,https://discord.gg/JGKWFGm,0.00,https://politicsandwar.com/uploads/a949557a071f473afc7ad8090913edf660452c4e470.png
4937,"2018-07-13 09:44:55",Camelot,🐲,maroon,Ar,https://discord.gg/yuXYQ8kYs5,326018.95,https://politicsandwar.com/uploads/82bac1e78fc5fea34665588abbb99988971e4899500x300567.png
5012,"2018-08-19 21:19:31","Respublica Romana",R&R,brown,Ar,https://discord.gg/rUJyB4U,97253.50,https://politicsandwar.com/uploads/9ba7bc196efd55ef08704bc63f7ecfb8cc596811x759.png
5039,"2018-09-09 00:20:10","Goon Squad",GS,green,Ar,https://discord.gg/uJGwKCK,16716.87,https://politicsandwar.com/uploads/f62cf330574ddc0dbd044b54a721efcbbef2d145647.jpg
5049,"2018-09-17 19:17:51",Carthago,CTO,olive,Ar,https://discord.gg/kxM7V3V,169743.83,https://politicsandwar.com/uploads/19f7e3ca6df33432d00d54708d1cf72d1dff1405500x300792.png
5121,"2018-11-03 08:30:55","Lannister Mausoleum",,maroon,as,,0.00,https://politicsandwar.com/img/imgur-old/403b570738062b87c7e8982f6cca706324d65ff8303.jpg
5205,"2018-12-09 09:47:39","The Hanseatic League",THL,green,Ar,https://discord.gg/DuwzX8B,5820.00,https://politicsandwar.com/uploads/8aad3da1973ad4357c4ea548921a76295c3babd5x885.png
5214,"2018-12-14 16:59:51","Code of Honor","Dr. Love",brown,Ar,,0.00,https://politicsandwar.com/uploads/39fe6365ef059ce90ad2047efa52bf9118445839497.jpg
5267,"2019-01-15 16:19:14","United Maharlika Empire",Maharlika,red,Ar,https://discord.gg/xVMW3D2,1323.79,https://politicsandwar.com/uploads/8f687958bdc2d2187bb521ad7f4013a4d3146ab7844.jpg
5303,"2019-02-02 11:13:21",Peace,,green,Ar,,35.68,https://upload.wikimedia.org/wikipedia/en/thumb/b/be/Flag_of_England.svg/800px-Flag_of_England.svg.png
5326,"2019-02-16 00:24:08","The United Armies",UA,red,Ar,https://discord.gg/uwdckJs,106115.56,https://politicsandwar.com/uploads/1649d4bf8159717bb2b5590c179a68f81486809463.png
5343,"2019-02-25 01:03:00",Kazoku,KZ,yellow,Ar,https://discord.gg/HjfXc6H,0.00,https://politicsandwar.com/uploads/aa496341ce8393fa53c3e1c59e4b2586a47eecc2533.png
5436,"2019-04-12 21:37:17","The Global Union",TGU,white,Ar,https://discord.gg/q5SdUhz,2368.49,https://politicsandwar.com/uploads/3b427c9bb612872c771df027222b2b4ddd7ca5bd866.png
5455,"2019-04-22 21:48:50",Vanguard,VNG,black,Ar,https://discord.gg/qkT4taP,546.02,https://politicsandwar.com/uploads/46c1e2c2ac4774864c4dbe596127f258b5109cd3392.jpg
5476,"2019-05-06 16:50:03",Weebunism,🌸,blue,Ar,https://discord.gg/VMxbrMR,158355.10,https://politicsandwar.com/uploads/5e8d264b6f93affa3a3543cf8124a14db9c661ca250x250847.png
5481,"2019-05-08 11:43:45","Galactic Empire",GE,black,Ar,https://discord.com/invite/uby3uHX4vx,108677.46,https://politicsandwar.com/uploads/ad31c0be7112c66a84fb867bbca146e001474cbb500x300390.png
5491,"2019-05-11 04:07:07","Si Hong",SH,red,Ar,https://discord.gg/TKJbwyJ,0.00,https://politicsandwar.com/uploads/730a1b5c50be58d2343759c9a83863bd96059c58125.png
5592,"2019-06-06 20:17:54","The Co-Prosperity Union",CPU,blue,Ar,https://discord.gg/BnzdHTb,1543.67,https://politicsandwar.com/uploads/fd796d900ca3403eef8a8ee805c3e26fd211d3df836.jpeg
5608,"2019-06-11 22:24:00","Fix The Damn Game Sheepy",FTDGS,orange,Ar,,4550.71,https://politicsandwar.com/uploads/58ca4deeb48169c11517a28b77a11c84804b37fd201.png
5618,"2019-06-16 22:46:48","The UnOriginals",UMCR,aqua,Ar,https://discord.gg/Wrk278u,0.00,https://politicsandwar.com/uploads/a02a6fcb8ba30c5a362042af0d77ba164d84dece914.png
5658,"2019-06-23 00:17:04","Unforgiven Legion",U.L.,olive,Ar,https://discord.gg/Wjek998,42515.25,https://politicsandwar.com/uploads/a7283f2853be19098de839a16b6a05fb50533a7d500x29814.jpg
5722,"2019-07-07 20:31:40","The Ampersand",&,blue,Ar,https://discord.gg/RqWDk5Q,168278.08,https://politicsandwar.com/uploads/98b9062bd7b0485118c23c69718d8baf0ae5ead8450x300347.png
5735,"2019-07-12 10:10:05",Demacia,DEM,olive,Ar,https://discord.gg/Jhw3gqF,510.18,https://politicsandwar.com/uploads/811bba955c118239571e0e95f0d0c31f079f507c328.png
5767,"2019-07-18 01:44:58",Haven,HAVN,black,Ar,https://discord.gg/vhehBpF,0.00,https://politicsandwar.com/uploads/b6e096593df78caa99c01b2ac5aa545b765b89ca986.jpg
5796,"2019-07-22 00:48:26",Atlantis,ðŸ”±,aqua,Ar,https://discord.gg/eFTs7uR,0.00,https://politicsandwar.com/uploads/cf30a6de0dc187d67c51e9074f2b6e5688260560189.jpeg
5875,"2019-08-04 19:30:43","The Immortals",IMMORTALS,yellow,Ar,https://discord.gg/8w5mHFe,443977.15,https://politicsandwar.com/uploads/f658b8d433a3e2c8835383d90f691254ecdab94dx436.png
5947,"2019-08-16 18:37:55","Major Leek Baseball",MLB,green,Ar,,0.00,https://politicsandwar.com/uploads/e94e8c256ed882c049145a19b114ccb64d9c416a102.png
5968,"2019-08-20 01:15:22","Green Protection Agency",OCTAVIA,green,Ar,,0.00,https://politicsandwar.com/uploads/ace09ba9e6759c7f52603ca86a0903a6573b5c9e64.png
6034,"2019-08-28 13:49:40",Mehh,Mehh,white,Ar,https://discord.gg/bQbkMcw,0.00,https://politicsandwar.com/uploads/ca272453a3f9462e54e3ce56e3f65992e5b90ead763.png
6035,"2019-08-28 16:27:48","The Int Defense and Economic Alliance",IDEA,blue,Ar,https://discord.gg/BRzkEcB,0.00,https://politicsandwar.com/img/flags/europeanunion.jpg
6074,"2019-09-04 16:48:40","New Cornhusker Confederacy",,yellow,Ar,,0.00,https://politicsandwar.com/uploads/9ce52f7889b7402cf42a0c29a652c66ee74316b7860.png
6076,"2019-09-04 21:51:01","Teutonic Order",NTTO,white,Ar,https://discord.gg/PJWybKapBB,1009.57,https://politicsandwar.com/img/flags/sovietunion.jpg
6088,"2019-09-07 22:29:58","Terminus Est",TEst,maroon,Ar,https://discord.gg/7XAqQte,0.00,https://politicsandwar.com/uploads/07bfd4680246f1320646bb54586653ac345489fd614.gif
6126,"2019-09-14 03:39:06","The Lost Empire",TLE,aqua,Ar,https://discord.gg/2sF9rYj,228651.69,https://politicsandwar.com/uploads/b0194ac28bbb88136e2a480397eabb355b032e73500x299667.png
6143,"2019-09-16 21:48:55",Morningstar,🅼🆂,black,Ar,https://discord.gg/SpxrYbq,7602.67,https://politicsandwar.com/uploads/7a954bada765b91a409d5b5ba7af95e26309facb184.png
6198,"2019-09-22 20:43:08","The Red Banner",TRB,red,Ar,https://discord.gg/GXX5PXw,0.00,https://politicsandwar.com/uploads/d1437031c04353af66f8988c1c59e5654599aa7a406.png
6215,"2019-09-24 23:02:41","Soldiers of Liberty",SoL,white,Ar,https://discord.gg/zhzw3c4,105151.13,https://politicsandwar.com/uploads/37c9ce897eb7e96cb816a5573e84104673fc22e3642.jpg
6270,"2019-10-04 23:51:33","The Warriors",TW,purple,Ar,https://discord.gg/z66rpQ7,0.00,https://politicsandwar.com/uploads/51890fe1e387b537f4ceeccc108b7bd56ea9aa98524.jpg
6308,"2019-10-09 20:31:44","The Ascendant",ASC,black,Ar,https://discord.gg/TxgSapc,1290.01,https://politicsandwar.com/uploads/d449d2dd15a1e90cb200aa0ed00d0cab8422bb3f74.png
6403,"2019-10-24 22:21:50","The Originals",TO,brown,Ar,https://discord.gg/T2CqbVs,0.00,https://politicsandwar.com/uploads/8664868cbb897c78d22ab59bab9321b11b13faa2396.jpg
6474,"2019-11-02 03:24:56","The Family",,aqua,Ar,,0.00,https://politicsandwar.com/img/flags/italy.jpg
6675,"2019-12-03 22:58:32","Bird Weed",WEEDBIRD,black,af,https://discord.gg/6ex3uY8,1079.81,https://politicsandwar.com/uploads/7cf07f3481ad1ca564687361fa89235cc30297bf674.png
6680,"2019-12-04 11:43:51","The Panzer Elite",,orange,af,,0.00,https://politicsandwar.com/uploads/e8b30aba92019685e85af1fd3d35e3f816c1e325764.jpg
6696,"2019-12-06 07:02:25",AVENGERS,Avengers,brown,af,https://discord.gg/fAS8jH4,650.21,https://politicsandwar.com/uploads/58a76434a77202fc133e337d0f43b8f922babaa575.gif
6703,"2019-12-08 02:21:33",TheNorthWesternSouthRegionofthefarEast,NWSRFE,purple,af,https://discord.gg/D9rcD4n,38214.93,https://politicsandwar.com/uploads/bd3e8b523779389b08cd13b98e9676fe8853b8b3129.png
6718,"2019-12-11 21:45:52","Legio Christi",LC,black,af,,0.00,https://politicsandwar.com/uploads/3159c5d05bedd256f783b202f4aac7efc4ce8663144.png
6724,"2019-12-12 02:11:50","The norther hemisphere alliance",TNHA,olive,af,https://discord.gg/yqFZgub,0.00,https://politicsandwar.com/uploads/5ea15144e44eae56d6b0754c61c3ef5055a561db980.jpg
6811,"2019-12-29 00:12:47","Middle Eastern Pact",MEP,black,af,,0.00,https://politicsandwar.com/uploads/a88c47ed18fe54f8b95ceb6d951600380b77f4a7842.png
6862,"2020-01-05 07:04:46",Attrition,,black,af,,0.00,https://politicsandwar.com/img/flags/sovietunion.jpg
6877,"2020-01-07 23:40:55","Advanced Syndicalist Mechanics",ASM,red,af,https://discord.gg/meQSAmc,141661.11,https://politicsandwar.com/uploads/24da9889feff93a400b43f69b5163d5373315660500x333792.png
7000,"2020-01-19 18:26:32","Banana Stand",BS,green,af,,18895.45,https://politicsandwar.com/uploads/60091fdd06fcbf59641885517f514c3660f474a2x98.png
7025,"2020-01-23 02:21:44","The North Atlantic Empire",NAE,blue,af,https://discord.gg/vpTbANf,0.00,https://politicsandwar.com/uploads/e8b9bdbfd46c74eb20721324866f0fb33eb7c4ec403.jpeg
7032,"2020-01-24 00:51:47","UNITED NATIONS",UN,red,af,https://discord.gg/EgeT4P,0.00,https://politicsandwar.com/uploads/721b394a18bc12920ce8bcbefd37e5b4cf219771913.jpg
7053,"2020-01-27 04:33:37","The Imperium",TIm,lime,af,https://discord.gg/fdPECfF,1572.33,https://politicsandwar.com/uploads/558a7e81bf6a7165ee7851389da469441fcffd1bx249.jpg
7094,"2020-02-02 10:53:42","The Coal Mines",TCM,blue,af,https://discord.gg/hgUr36P,70718.60,https://politicsandwar.com/uploads/89e84d9fa225f6cf16a4a6890e4f7ba2198d7f62500x297364.jpg
7098,"2020-02-03 09:07:48","Jst Chilling",,aqua,af,,0.00,https://politicsandwar.com/uploads/35d9f059be4e7e76d4b53e7a4a34e916fb7abfa5350.png
7111,"2020-02-04 00:44:34",Temple,,green,af,,12285.00,https://politicsandwar.com/uploads/cb70765c1f56e7ef22481eeee2c2cdf1a205d231265.png
7183,"2020-02-10 04:10:44","Wizards Citadel",WC,purple,af,,0.00,https://politicsandwar.com/uploads/650dccfaf831fbb93821ba62ab0413d8affa4d84275.png
7204,"2020-02-12 17:12:01",Elysium,ðŸ·,black,af,https://discord.gg/3xQtdrf,1422.85,https://politicsandwar.com/uploads/811f5f2040ae2da1c0c966c62a428a0ff2967380108.png
7237,"2020-02-17 19:12:46","The Kree Empire",TKE,brown,af,https://discord.gg/ESNsek2,0.00,https://politicsandwar.com/uploads/c1f5c778a61a5a3e84197563ae734b3f15a4fd50645.png
7249,"2020-02-19 19:32:31","The Firm",$f,green,af,,10963.75,https://politicsandwar.com/uploads/acde1ad6c273e804750867b1b278e85ffda51fb5589.jpg
7266,"2020-02-25 23:41:12",Psi,,olive,af,,0.00,https://politicsandwar.com/img/flags/americansomoa.jpg
7277,"2020-02-28 08:05:43","Bilingual Baguettes",BB,pink,af,https://discord.gg/mzsHwge,0.00,https://politicsandwar.com/uploads/d4e92bdc5f5f133a7ec4bc70dd7b79867af9f38f809.png
7283,"2020-02-29 14:58:51","The Void Touched",VT,white,af,https://discord.gg/CqyqH3X,16628.20,https://politicsandwar.com/uploads/e4bf8c80bae18ad224f90387cb8c1ec17611b5a3616.png
7306,"2020-03-05 04:32:00","Atlas Technologies",AT,red,af,https://discord.gg/ayGZRej,120750.22,https://politicsandwar.com/uploads/76e5d28d038c02fa0c79b48dbc474be1aeee837bx107.png
7346,"2020-03-11 23:55:25","Chocolate Castle",MINT,pink,af,https://discord.gg/V6Vmq96,105061.26,https://politicsandwar.com/uploads/c9c94e337fd9c7022cd9818d632427aec32741b7500x275109.png
7365,"2020-03-17 04:30:31","The Confederacy of Iron States",CIS,purple,af,https://discord.gg/d4ASPrA,0.00,https://politicsandwar.com/uploads/cc38e9f39d6d16b17602fab1099b15f642caa2a057.png
7366,"2020-03-17 17:48:08","Parisian Commune",,red,af,https://discord.gg/8gsTGb,3090.19,https://politicsandwar.com/uploads/1483635df97745760e0d7beb0dd29ba7c598331a500x3343.png
7375,"2020-03-20 19:04:15","The Roxchean Confederations",ROX,maroon,af,https://discord.gg/YVVaGbB,0.00,https://politicsandwar.com/uploads/26eaf377d29b33c070e5da7e355ff04593a33b6037.png
7380,"2020-03-23 20:55:29","The Greater Unitary Republic",TGUR,purple,af,https://discord.gg/Dm7jX7Y,64375.07,https://politicsandwar.com/uploads/3c5733d36f0052863d7b7985ea7afd9a34128451500x300711.jpeg
7381,"2020-03-24 00:06:20","Amarr Empire",AE,purple,af,https://discord.gg/SPqZnhb,67149.28,https://politicsandwar.com/uploads/5b487fd8285b20f231ea709f85c70829d51a8b78500x277840.jpg
7387,"2020-03-25 21:17:23","The World Civility Org",TWCO,blue,af,,0.00,https://politicsandwar.com/uploads/936596fb1e1c9f9109f9edba493536b848b015ec517.jpeg
7399,"2020-03-28 21:05:20","Rothschild Family",RF,olive,af,https://discord.gg/NwbnJv5H,39499.52,https://politicsandwar.com/uploads/2e5119a56b1da536a08241e254ee287bf853fde4643.png
7413,"2020-04-01 00:07:15","Error 404",E404,brown,af,https://discord.gg/rpmvjWr,203014.33,https://cdn.discordapp.com/attachments/724023354465714217/766532136160591892/Error_404_Flag.gif
7421,"2020-04-02 23:10:52",CIA,,lime,af,,0.00,https://politicsandwar.com/img/flags/unitedstates.jpg
7427,"2020-04-04 17:24:03","Stratosphere Marine Corps",SMC,black,af,https://discord.gg/GawApvE,89559.95,https://politicsandwar.com/uploads/ff06a4752fc3d881552b5fa3b527c74123fdfc97500x281472.png
7433,"2020-04-06 02:09:18","Almighty Corporation",ALMC,green,af,https://discord.gg/aDnRmzH,10338.30,https://politicsandwar.com/uploads/d48bc97f09032f95f8be67e3e1ea0024b184ff13500x300708.png
7450,"2020-04-12 18:27:50",Eclipse,Eggclipse,blue,af,https://discord.gg/sGzXF7P,221478.93,https://politicsandwar.com/uploads/b9621efc4625a4f50d47cae9d33cf95563835edd500x283230.jpg
7451,"2020-04-13 16:40:40","Crusaders of the Holy Boogaloo",CHB,black,af,https://discord.gg/zYQvuzA,7620.63,https://politicsandwar.com/uploads/a9b468509f6abf5485ce70a896eb3bbf2da6d4b4500x472158.jpg
7452,"2020-04-13 19:15:17","Children of the Light",CotL,olive,af,https://discord.gg/QsJKSVzTmv,232296.32,https://politicsandwar.com/uploads/ff871c578db9337767c22626b9197efa4bae88b5500x300814.png
7461,"2020-04-18 00:16:14","Ordo Draconis",OD,red,af,https://discord.gg/BXKmMqd,0.00,https://politicsandwar.com/uploads/043dcf9b8b6d4fd83f623b120700caa79b1228c5564.png
7484,"2020-04-25 14:13:28","Global Alliance & Treaty Organization",GATO,brown,af,https://discord.gg/GyfPraT,91544.75,https://politicsandwar.com/uploads/6e87f944461e68fbf438149a47f272d7c7d8d8b7401.png
7485,"2020-04-25 23:11:09","The United Front",,aqua,af,,0.00,https://politicsandwar.com/uploads/966fb79e2b73ed85de9b0fe6685cb73ed72137ba669.png
7493,"2020-04-28 23:16:55","The Snow Knights",TSK,white,af,,0.00,https://politicsandwar.com/uploads/6281500d6f7096cd482965f7f24ed28f73f66b4c503.png
7495,"2020-04-29 03:23:18","Sons of Anarchy",SAMCRO,black,af,https://discord.gg/fuMsa4z,0.00,https://politicsandwar.com/uploads/90877b1c796cc393823443063f6ab7bc56d61c9a510.jpg
7499,"2020-05-01 19:14:02",Agon,AGON,black,af,https://discord.gg/JGJGCFD,0.00,https://politicsandwar.com/uploads/62f35dbe4348e1f9346f577855235d96d03a35c5280.png
7514,"2020-05-08 20:27:10","House of Ologies",HoO,blue,af,https://discord.gg/REa2RA5,0.00,https://politicsandwar.com/uploads/13c9b42b8ad0d6b51f6980f9faba0db7f8271c77172.png
7515,"2020-05-08 20:44:08","The Atlantians",ATL,olive,af,https://discord.gg/G69KjEF,424.56,https://politicsandwar.com/uploads/7a9222af0ed22113d21d7d7abe414d15538f48fd490.png
7516,"2020-05-10 02:20:30",NCR,NCR,red,af,https://discord.gg/2RpxRfP,176.07,https://politicsandwar.com/uploads/d5c696356597dd7ae91eec21a0a5ed572d758d2f985.jpg
7524,"2020-05-15 05:40:43","The United Republican Party",URP,white,af,,4003.03,https://politicsandwar.com/uploads/4e9fc32c3fa58bfccca8a2209f3a55ac9b84ce9981.png
7527,"2020-05-15 22:04:43",Oceania,1984,red,af,https://discord.gg/WwTKpCCeT8,83160.96,https://politicsandwar.com/uploads/f5a75ea1cc94ef77237de96bcb89ff3f29a137c9483.png
7530,"2020-05-16 17:20:32",Union,,black,af,,0.00,https://politicsandwar.com/img/flags/abkhazia.jpg
7531,"2020-05-17 03:20:14","Convent of Atom",CoA,blue,af,https://discord.gg/DCQsEuf,65720.74,https://politicsandwar.com/uploads/3be8eda535bbda4aa19bcc9d957141892af7fbbf261.png
7536,"2020-05-18 22:40:16","Atlantian Council",AC,black,af,https://discord.gg/G69KjEF,51299.47,https://politicsandwar.com/uploads/2d0c3536dbc8e0143b058913c1eb82916570189d678.png
7540,"2020-05-19 20:11:02","The Rohirrim",ROHAN,orange,af,https://discord.gg/yPFMs99eMA,85935.00,https://politicsandwar.com/uploads/bfa6b249ba5fb56d50d1856deca4ca1a75bde26e500x300134.png
7543,"2020-05-19 23:43:26","Ministry of Image",MoI,white,af,https://discord.gg/34yW8YV,1011.62,https://politicsandwar.com/uploads/d2499d5a0663166a9e67329863a7c346be7e9211937.jpg
7545,"2020-05-21 00:06:20","Refugee Farmers","JOIN OR DI",green,af,,1065.55,https://politicsandwar.com/uploads/4299bcad4d3d5f328c1bca6743cc118be192bef1641.jpg
7547,"2020-05-21 02:06:22","Komitet Gosudarstvennoy Bezopasnosti",K.G.B,red,af,,0.00,https://politicsandwar.com/uploads/0104aea3724b5f370f9eb9cac28f268bff129d1953.jpg
7548,"2020-05-21 07:40:26","The Syndication",,pink,af,,136.26,https://politicsandwar.com/img/flags/latvia.jpg
7559,"2020-05-23 01:40:38","The Crimson Order",TCO,aqua,af,https://discord.gg/A4WhDwF,1722.13,https://politicsandwar.com/uploads/1430059a4ebb50a21a775944ce958ba2a2641e5c960.jpeg
7560,"2020-05-23 19:19:14",Mandalore,Mando,yellow,af,https://discord.gg/MN8ndnR,38492.17,https://politicsandwar.com/uploads/5e938e34edbe467601a8b5995c6d4b654f833908371.png
7562,"2020-05-24 13:08:46",GOONS,,black,af,,1490.07,https://politicsandwar.com/uploads/e36b515519edcdf514744f7e396d195d252b6606350.png
7564,"2020-05-24 21:06:55","The Livonian Confederation",TLC,black,af,https://discord.gg/uDhUnc2,2076.16,https://politicsandwar.com/uploads/f16965b4b2654eb2af4ebbbb2cd1b025995eeef9724.jpeg
7565,"2020-05-25 09:29:37","negeri johor",,orange,af,,4509.44,https://politicsandwar.com/uploads/2bf41fd1d21948a7c539d55f3b820492ccd61329676.png
7567,"2020-05-27 18:27:26",Central,,pink,af,,103.16,https://politicsandwar.com/img/imgur-old/48664f573e2391f1770adf56fc7371eba506b385277.png
7568,"2020-05-27 19:32:13",KonoSuba,CAVE,green,af,https://discord.gg/dvf7QsY,0.00,https://politicsandwar.com/img/flags/americansomoa.jpg
7570,"2020-05-28 07:09:25","Prima Victoria",VIC,blue,af,https://discord.gg/UfdVFGt,31033.36,https://politicsandwar.com/uploads/8edcf564c7e16cd8cab6f518d953d12be120dced500x300909.png
7571,"2020-05-28 08:03:57","CENTRELINK AAA",Yam,brown,af,https://discord.gg/NUXk4CegQx,3291.88,https://politicsandwar.com/uploads/e83cc4fec8a3d8b02147ea2108414997f2c12a10x810.jpg
7580,"2020-05-31 06:19:19","The Legion",SPQR,purple,af,https://discord.gg/RvEAPsp,145320.52,https://politicsandwar.com/uploads/d84ab168ba31e54eca54bcf7d815804e75725287293.png
7584,"2020-06-01 23:25:07","The Pow Pow squad",,aqua,af,,753.48,https://politicsandwar.com/uploads/321809fc3cf1b9fb3935249251e982652a39163e978.jpg
7590,"2020-06-03 21:05:08","Shark Tank 2",,aqua,af,,0.00,https://politicsandwar.com/uploads/73cdd4afc64c1d701ccc2c49f486ec25c5315fe9406.jpeg
7591,"2020-06-05 12:38:46","The hand of Atom",,aqua,af,,0.00,https://politicsandwar.com/uploads/4e703d2e22140384bafae7470f718366a46d551a804.jpg
7594,"2020-06-06 18:38:16","The no tax alliance",,yellow,af,,0.00,https://politicsandwar.com/img/flags/unitedstates.jpg
7598,"2020-06-08 15:04:06","New Cruor Federation",NCF,olive,af,,4490.00,https://politicsandwar.com/uploads/7eb90960bb036d6f8a171fdbaf48b7c9491d5707469.png
7599,"2020-06-08 18:21:51","The Holy Frog Empire",H.F.E,aqua,af,https://discord.gg/ywSgatz,0.00,https://politicsandwar.com/uploads/8deb406d9d09628fa83953b084d56701ba29eb45336.png
7618,"2020-06-20 01:42:14","KALMAR UNION","The Union",white,af,https://discord.gg/M2yBR9R,0.00,https://politicsandwar.com/uploads/0ae70b35adf774107183da23c9426a64b89f5797405.png
7622,"2020-06-20 22:52:38","Northern Lights",,pink,af,,0.00,https://politicsandwar.com/img/flags/sweden.jpg
7633,"2020-06-26 03:51:03","The Air Nomads",,aqua,af,,1756.02,https://politicsandwar.com/img/imgur-old/66f83b5f82f65351dc56d657fd4da8cfdbdd6394607.png
7635,"2020-06-27 04:47:37","Black Skies",BS,black,af,https://discord.gg/YpJKyRz,108356.16,https://politicsandwar.com/uploads/496133dadea8506c6e0fc8a0d301c1282a50df53x227.jpg
7641,"2020-06-30 06:44:08","united communist legion",U.C.L,red,af,,0.00,https://politicsandwar.com/uploads/1dec50f067681b0fee57f475ee1655007d6288f4428.png
7642,"2020-06-30 18:06:47","The Lost Legion",TLL,lime,af,https://discord.gg/2sF9rYj,55735.41,https://politicsandwar.com/uploads/34d27f7b535f6c1724a856070cc6a59f2227f94ex744.png
7645,"2020-07-01 20:31:55","The Freedom Empire",TFE,brown,af,,0.00,https://politicsandwar.com/uploads/e7fd04d20912447c9c44a7df852123268139454513.png
7646,"2020-07-02 07:50:42",Samar,,black,af,,0.00,https://politicsandwar.com/uploads/a188827091c5c7d12752796fe4e7ed1fb872a5b7918.png
7647,"2020-07-03 02:32:24","micro pockyclypse",AYY,pink,af,https://discord.gg/Wheaevc,0.00,https://politicsandwar.com/uploads/e753e8e61132b16df52cb57cb3eb5b00d43621f4500x312953.jpg
7648,"2020-07-03 14:57:50",Verde,,green,af,https://discord.gg/9HkKAq,0.00,https://politicsandwar.com/img/flags/italy.jpg
7651,"2020-07-06 23:09:54",Concord,CD,brown,af,https://discord.gg/xxaxRTmPGk,27920.34,https://politicsandwar.com/uploads/9f1d0f8ecced342dd38e6b6cb14e9300c52c84cc500x281719.jpg
7652,"2020-07-07 01:39:11","Delian League",TDA,green,af,,0.00,https://politicsandwar.com/uploads/abdcd6f88b0c9bda6b430700e717221cc05de6a2462.png
7668,"2020-07-12 17:15:37",LINEGANG,#LINEGANG,aqua,af,https://discord.gg/5kcYxP,0.00,https://politicsandwar.com/uploads/8431583a56552c77eba8d13881059f644fbb08d1409.png
7669,"2020-07-13 10:16:08","Balkan Alliance",,aqua,af,,0.00,https://politicsandwar.com/img/flags/serbia.jpg
7674,"2020-07-15 00:11:14","The Mortals",TM,lime,af,https://discord.gg/kHbdR6n,53830.75,https://politicsandwar.com/uploads/29391cc46b88243fb532bd7ceabe958d1a4ab9f0500x333380.jpg
7680,"2020-07-17 00:35:44",tt,,aqua,af,,0.00,https://politicsandwar.com/uploads/1d24460269d578bd3f12dafa22d894d74cc28ee627.jpeg
7681,"2020-07-17 18:34:38","Union of Passive Nations",,white,af,,0.00,https://politicsandwar.com/img/flags/mars.png
7692,"2020-07-21 17:54:46","PANDEMIC LEGION",,purple,af,https://discord.gg/ksAFJcS,0.00,https://politicsandwar.com/uploads/14ff4d0c3207272fcb23167dc20f8bc8d7850955485.png
7697,"2020-07-22 07:07:00","Wolves Den",,black,af,,0.00,https://politicsandwar.com/uploads/21374573f2c1ef2f113785256645e4368e28d7cd496.png
7698,"2020-07-24 06:27:38",NukaWorld,7K-NW,black,af,https://discord.gg/QsssfHB,2413.62,https://politicsandwar.com/uploads/534b10928653f182efc00ce8ef9cbae47e129901636.gif
7699,"2020-07-24 20:20:41","New World Order",RRLOL,aqua,af,https://discord.gg/d9yZU4c,688.27,https://politicsandwar.com/uploads/644d86d658eef1e52e4074f16c49f560cd34d755384.jpeg
7703,"2020-07-27 10:46:58","Brotherhood of the Clouds",BoC,white,af,,0.00,https://politicsandwar.com/uploads/c68964d1a2a08c64ed7afcf40177692b60815cce640.png
7704,"2020-07-27 11:18:43",boat,,aqua,af,,0.00,https://politicsandwar.com/img/flags/cambodia.jpg
7707,"2020-07-29 02:04:53","Dragon Confederacy",DC,black,af,https://discord.gg/5BTpjEh,53315.62,https://politicsandwar.com/uploads/48cc3a386eb6ae5b4b6a03a2783e8ddbbc86721f500x300674.png
7709,"2020-07-30 15:49:26","The Kings Empire",,maroon,af,https://discord.gg/f5CuzQY,0.00,https://politicsandwar.com/img/imgur-old/12515ac83eed8e41d2349be8d57e0a8bcaa03f8c567.png
7711,"2020-07-31 02:38:45","The Padamaians",TPA,pink,af,https://discord.gg/fmtFZaN,0.00,https://politicsandwar.com/uploads/19cd7e18f48854dd63d77fd1cacdddd6f41439ef83.jpeg
7712,"2020-07-31 14:25:15","The Confederation",,aqua,af,,0.00,https://upload.wikimedia.org/wikipedia/en/thumb/b/be/Flag_of_England.svg/800px-Flag_of_England.svg.png
7714,"2020-07-31 16:25:41","The Merchants Guild",TMG,black,af,https://discord.gg/ZEq4Nxv,0.00,https://politicsandwar.com/uploads/edd8359fa1c4a3c00f301f2e68b1059870bac983766.png
7719,"2020-08-02 04:54:57",SwingSet,Swing,white,af,https://discord.gg/eK5Cx22,24951.59,https://politicsandwar.com/uploads/dedc0f4ff2d5d39c7f8f504ac9a09b12293cdfda500x300970.png
7722,"2020-08-04 05:05:13","bright rays",,blue,af,https://discord.gg/2sq83R,440.55,https://politicsandwar.com/uploads/b0e34fe0dbc50d3721ef7b0c9719e53b66ad28b4379.png
7728,"2020-08-05 20:52:50","The Precipice",,green,af,,0.00,https://politicsandwar.com/uploads/059fd3aff5b5e8a7854ccad7c3acea6b4afa3d5d335.png
7729,"2020-08-06 02:43:34",Hi5,Hi5,aqua,af,https://discord.gg/kyachF,0.00,https://politicsandwar.com/uploads/1884ebe414c472c5109664db73d2fbde80549310367.png
7733,"2020-08-08 00:36:40","HORDE EMPIRE",,red,af,https://discord.gg/9mr38qn,0.00,https://politicsandwar.com/uploads/eb2acc45444968aa9dde86d831dc787ccf95a33e972.jpg
7739,"2020-08-13 00:14:11",Tsuyoi,,aqua,af,https://discord.gg/B4ehd5h,0.00,https://politicsandwar.com/img/flags/blackfeet.jpg
7740,"2020-08-13 09:25:05","Just For Fun",,black,af,,0.00,https://politicsandwar.com/img/flags/austria.jpg
7744,"2020-08-14 15:09:24","Collaboration of Socialist Entities",CSE,red,af,,0.00,https://politicsandwar.com/uploads/14bc7d6f522e947a1c0ade38ce358702a3ded63f825.png
7749,"2020-08-17 06:18:44",Worksafe,,aqua,af,,10.25,https://politicsandwar.com/uploads/472f25131f09d6bf7b2df9fff94dc5cef263570b672.jpg
7750,"2020-08-17 07:27:40","United Ummah",UU,lime,af,https://discord.gg/8Q25CyE,77555.61,https://politicsandwar.com/uploads/80c03dfb80f292bdd5e13000febb9b541552fe25x113.gif
7756,"2020-08-19 17:36:49","The Archangels",TA,yellow,af,https://discord.gg/vKFZ3NG,0.00,https://politicsandwar.com/uploads/c4cfa12a17f2b50b53bd1ec79c085bc43e430499890.jpeg
7757,"2020-08-19 18:32:31",Economica,,orange,af,https://discord.gg/6VZuSkn,1591.50,https://politicsandwar.com/uploads/97e584f3d126dfd19c3af8abda8a6091978b7f91622.png
7758,"2020-08-21 21:42:04","District X",DX,blue,af,https://discord.gg/YtYGC95,2333.20,https://politicsandwar.com/uploads/60c6fcc9bd540467d056f9461d15611a47c588fb760.png
7765,"2020-08-23 01:51:23","The Bounty Hunters Guild",TBHG,brown,af,,0.00,https://politicsandwar.com/uploads/499995b12a01d027163eae0a1bc47637dbc50220651.png
7787,"2020-08-28 20:50:41","Black and white",,white,af,https://discord.gg/pEMf7hj,2347.53,https://politicsandwar.com/uploads/66a6ce025e94c7231252462e5054cc69aeccb5ce422.png
7789,"2020-08-29 01:16:05","College of Winterhold",,black,af,,5333.20,https://politicsandwar.com/uploads/819117c77a5d07fe30a3f0da1f5b23e830ea6eb5296x300479.png
7797,"2020-08-30 14:18:00","Holy Roman Empire",HRE,maroon,af,https://discord.gg/mjk6rU,388.77,https://politicsandwar.com/uploads/640424b89579b62f63c28057819a4ca481ddc48f553.jpg
7800,"2020-08-31 02:05:23","Shadow Marauders",SM,yellow,af,https://discord.gg/3faDAWY,0.00,https://politicsandwar.com/uploads/4575912e15b1b80e4cf9bec90f4728cc8cc8eed3657.png
7802,"2020-09-01 17:11:37","Human Over",,black,af,https://discord.gg/4UQhnDM,13865.33,https://politicsandwar.com/uploads/fa9e221e74c4940701a321d0a33a5d946b768232796.png
7803,"2020-09-01 18:10:25","Laffeys Lair",LL,blue,af,,3361.50,https://politicsandwar.com/uploads/132c6602ea53eb7450694a69cd63e36454a86b57356.png
7804,"2020-09-02 01:57:49","Sakura Pact",TSP,maroon,af,,0.00,https://politicsandwar.com/uploads/722562787c752ab827de26d8278902bc9b241fc8927.png
7806,"2020-09-02 21:00:48","Neon Dystopia",,lime,af,https://discord.gg/CQ3b55G,2159.85,https://politicsandwar.com/uploads/a5dbad95a2446481c856407a104da68c772d872c286.jpg
7815,"2020-09-06 15:23:49","99942 Apophis",99A,black,af,https://discord.gg/yF24Mgk,17228.52,https://politicsandwar.com/uploads/0084f8a462ff540e5f8914460475c4ef75a169d8500x30058.png
7817,"2020-09-07 13:07:35","Viridian Entente",Oink,lime,af,,0.00,https://politicsandwar.com/uploads/b30d4dea71f2974ec55a609e9037c96ef15c31e1692.jpg
7818,"2020-09-08 00:36:45",Shu,Han,lime,af,https://discord.gg/pasTH6A,0.00,https://politicsandwar.com/uploads/e7b27b2289909db37e0656f3cbd2138042fd81b6177.png
7820,"2020-09-08 22:29:47","Red Skies",RS,black,af,https://discord.gg/ukJajMd,0.00,https://politicsandwar.com/uploads/061fc89df36b3c5a7e4db8af891f305e4899c9cc646.jpg
7828,"2020-09-11 06:17:47",Europa,,olive,af,,0.00,https://politicsandwar.com/uploads/a513e9fcd08d513454c5ba0783c7b182178ea922551.png
7830,"2020-09-12 23:24:18",Benediximus,BNDX,black,af,,9442.25,https://politicsandwar.com/uploads/b050a6082327880830ae411649e993781163b11856.jpg
7832,"2020-09-15 05:56:31",NATO,I,olive,af,https://discord.gg/Nc9Pek6,0.00,https://politicsandwar.com/img/flags/betsy_ross.jpg
7841,"2020-09-19 08:58:29","Nuka-Cola Bottling Company",7K-NW2,blue,af,https://discord.gg/QsssfHB,2434.57,https://politicsandwar.com/uploads/b9005a10ceb975446ddd103efeda997115891bed991.gif
7843,"2020-09-20 02:47:16","United and Prosperous",,maroon,af,https://discord.gg/2RMsG8,1801.16,https://politicsandwar.com/uploads/8d9b894411890367c1150f318b60e463d63a11ae294.png
7848,"2020-09-20 17:52:45","Vibe Squad",VS,pink,af,https://discord.gg/T3tcQH6,0.00,https://politicsandwar.com/uploads/c36ab77141fbaa0a8505da820a57e7521dd5309a266.png
7849,"2020-09-20 20:03:31","Orbital Bank",OB,aqua,af,,314.71,https://politicsandwar.com/uploads/74f4a1666d8da26e716107557a521166e33fb93347.png
7866,"2020-09-28 19:38:40","Socialist Union of Nova Roma",SUNR,aqua,af,https://discord.gg/eSsthwa,138682.47,https://politicsandwar.com/uploads/9f8bcefb7b02a88007fc72fd88373bcdf2c4b8b2500x300928.jpg
7868,"2020-09-28 21:47:03",Vibe,VB,pink,af,https://discord.gg/RqqjUjn,2354.48,https://politicsandwar.com/uploads/b02bbf9e2a128413ad479eccbc12fccef37084ba639.gif
7870,"2020-09-29 19:21:14","The International Bloc",,green,af,,0.00,https://politicsandwar.com/img/flags/abkhazia.jpg
7875,"2020-10-02 13:18:59","Codex Security",C.O.D.E.X,blue,af,https://discord.gg/UwtUxy9nv4,0.00,https://politicsandwar.com/uploads/4aac1e544892a35c88cdb45e42d3a743b0ef2bb3804.png
7882,"2020-10-05 15:58:19","Tierra media",,olive,af,,0.00,https://politicsandwar.com/img/flags/bolivia.jpg
7890,"2020-10-10 16:09:23","The Nations",,purple,af,,10.25,https://politicsandwar.com/img/flags/poland.jpg
7891,"2020-10-10 17:40:36","PolarFreeze Warehouse 47",,blue,af,,5315.72,https://politicsandwar.com/img/imgur-old/a69030707aac568c9eb564ed58dfa6bacfa34da5165.png
7901,"2020-10-13 20:40:19","The Intercontinental",INTC,white,af,https://discord.gg/WPg5nJzkKh,0.00,https://politicsandwar.com/uploads/f2a77362ebbe9a750624e978ffc3901de2953992500x256195.png
7902,"2020-10-14 20:02:26","Wigglytuffs Guild",WG,pink,af,,3820.75,https://politicsandwar.com/uploads/a10a4137bc22372c4ebff841c2bc43d855307dc5198.png
7903,"2020-10-15 02:04:37","The Sea Of Meow",,aqua,af,,0.00,https://politicsandwar.com/img/flags/argentina.jpg
7904,"2020-10-15 16:24:35",rucker,,aqua,af,,273.21,https://politicsandwar.com/img/flags/wyoming.jpg
7908,"2020-10-17 17:12:49",Allgangs,,brown,af,,0.00,https://politicsandwar.com/img/flags/mexico.jpg
7920,"2020-10-20 20:25:41","Prusso Roman Imperial Union",PRIU,purple,af,https://discord.gg/v262gEp,20649.07,https://politicsandwar.com/uploads/7930e7515a83fac4620713d6c8070bbe36de12b1753.png
7930,"2020-10-23 04:52:39",HYDRA,🐲,orange,af,https://discord.gg/ARdfnRY,5589.10,https://politicsandwar.com/uploads/7340fd0dfecd14e1756560f9b31a63a0519adae5123.png
7931,"2020-10-23 14:48:43","The Imperial Federation",TIF,green,af,https://discord.gg/ssw9TZp,372.25,https://politicsandwar.com/uploads/7f0d7a36c405692df53d960f5b79ebd4d8045481344.jpg
7933,"2020-10-23 17:42:58","Imperial Rome",IR,aqua,af,https://discord.gg/hQXwVQUzP2,0.00,https://politicsandwar.com/uploads/fa1701612d20be9cf653036470cc71cc3a99643e173.png
7937,"2020-10-24 17:19:03","Concord Dawn System",CDS,yellow,af,,310.79,https://politicsandwar.com/uploads/aa603c20747893e90fd6783e891beaa602c1b85f917.jpg
7938,"2020-10-25 08:26:19","Federal Cooperative Republic",FCR,lime,af,https://discord.gg/hNrEsfkBJc,53408.10,https://politicsandwar.com/uploads/e85e1e843d23fd98a04e6ec009c4a49d74879435500x300226.png
7939,"2020-10-26 02:13:02",Rebels,,aqua,af,https://discord.gg/vHE37xa,0.00,https://politicsandwar.com/img/flags/mars.png
7940,"2020-10-26 19:25:40","Bad Batch Entente",,pink,af,,0.00,https://politicsandwar.com/uploads/313c9dab1a03f8d2a027dc55bbe30befa7f8f6cb707.png
7943,"2020-10-27 01:11:03","The Camel Lot",tCL,maroon,af,https://discord.gg/wxfHngZg5t,0.00,https://politicsandwar.com/uploads/b5fb6e7e7c50c24419b016ce9aa72d531073e38c553.png
7944,"2020-10-27 02:23:23",Acanthus,AH,yellow,af,https://discord.gg/3faDAWY,322.09,https://politicsandwar.com/uploads/f3d08320a9c158c8f8b27e89e838a22f8301f2ad276.png
7946,"2020-10-27 10:59:26","The Royal Commonwealth",,aqua,af,,0.00,https://politicsandwar.com/img/flags/little_shell.jpg
7952,"2020-10-29 10:50:34",rally,,aqua,af,,0.00,https://politicsandwar.com/img/flags/andorra.jpg
7956,"2020-10-29 17:55:10","The Federalist Union",TFU,green,af,,0.00,https://politicsandwar.com/img/flags/americansomoa.jpg
7970,"2020-10-31 23:04:49",Infamous,,red,af,https://discord.gg/gKnu6UTPgy,0.00,https://politicsandwar.com/uploads/0c5b4e343a2b1cf86868e40d747aaecd6a42b3f7509.jpg
7983,"2020-11-02 02:49:41","Her Divine Imperial Majestys Throne",7K-I,blue,af,https://discord.gg/ccBd4utnEd,0.00,https://politicsandwar.com/uploads/4e54e68be3504de20fbb142ae9e66dde6e8e0789670.jpg
7989,"2020-11-03 09:39:48","Corporate Union",CU,purple,af,https://discord.gg/Ugzp5xufEX,50519.19,https://politicsandwar.com/uploads/85997d2bac2ad4f47e8dcc486a70a76d3ee9372c851.png
7990,"2020-11-03 14:56:16","The Outhouse",,green,af,,7548.50,https://politicsandwar.com/uploads/9428511f381009bc85472767cccafd2bb6c1645a776.jpeg
7994,"2020-11-04 00:15:34","Just Taiga",JT,olive,af,,6579.22,https://politicsandwar.com/uploads/85f5e0c8d1ce5b3496a31cadd0d0a90e02edeebd500x300286.png
7995,"2020-11-04 00:50:22","Niflheim Empire",,red,af,https://discord.gg/9JSsdytgB7,457.01,https://politicsandwar.com/uploads/99e999aa720c20bdf0d04d167bf0459fd35c03da833.png
7997,"2020-11-04 02:50:41","Mothership Zeta",7K-NW3,blue,af,https://discord.gg/RVb7E3m,1253.83,https://politicsandwar.com/uploads/ad36737cfc320fafb79dbfe33848edefca2ddecf416.gif
8010,"2020-11-06 20:03:16",Asylum,,green,af,,5077.50,https://politicsandwar.com/uploads/cc16735c0b3f750a2b177d62b4bb77f824c9c7e8500x281559.gif
8027,"2020-11-10 16:36:26","The United Treaties",,blue,af,,0.00,https://politicsandwar.com/img/flags/croatia.jpg
8032,"2020-11-11 18:56:35",Gladiators,Glads,black,af,https://discord.gg/7xQPVVAsWP,4154.18,https://politicsandwar.com/uploads/fc13d455602ef8c4bf20fa16de9356bcb4018abb937.png
8033,"2020-11-11 23:56:21",Krapmussmells,,olive,af,,4422.50,https://politicsandwar.com/uploads/a559dc1c774a19d0d044a77491e24a7a6f91887c500x300892.png
8034,"2020-11-12 02:51:55","Global Peace Treaty Organization",GPTO,blue,af,https://discord.gg/ZYU85Uf5YU,0.00,https://politicsandwar.com/img/imgur-old/d63d8ea6cd409d7c6912beb629620058c261fe91171.png
8041,"2020-11-13 18:05:16","Kebab Store",,lime,af,,3246.25,https://politicsandwar.com/uploads/133f4a7d369967b6a9bb54bd024ad3c07c221290813.png
8043,"2020-11-13 19:47:07","Spank Bank",,black,af,,8540.60,https://politicsandwar.com/img/imgur-old/917568acf2b88122f2e687d5bcfe41c8db855e95744.png
8048,"2020-11-15 00:02:22","City Builders",,aqua,af,,0.00,https://politicsandwar.com/img/flags/angola.jpg
8059,"2020-11-18 16:15:35","The Forum Cause",FC,green,af,,1927.21,https://politicsandwar.com/uploads/9caba92d7e6de2cf974804271788fee7a6af3ff0256.jpg
8062,"2020-11-19 12:45:15","The Rooster",tR€,black,af,,10.00,https://politicsandwar.com/uploads/396606fd718da0c07322f1846a015134def1a762449x300434.png
8065,"2020-11-19 16:54:21",Deez,DK,pink,af,https://discord.gg/SKsmhM2p4Z,6996.02,https://politicsandwar.com/uploads/324114b495d89288bab41adef0a808e78c60d0cd103.jpeg
8080,"2020-11-22 17:21:55",Macedonia,,red,af,https://discord.gg/yBsUqqHQ,1371.81,https://politicsandwar.com/uploads/eb8466ed2fbf33d4a0cc7d6b768e9f1eb5cb2eb5164.jpg
8094,"2020-11-26 05:14:13","The Disunited Armies",DA,red,af,,4807.00,https://politicsandwar.com/uploads/53033ed8142d2a3ec79474825df9d54a76004c35881.jpg
8100,"2020-11-28 23:15:28","The Company",TC,green,af,https://discord.gg/hJQ8jjHe2k,94523.25,https://politicsandwar.com/uploads/04432c9e474c56258214ad9af46114e2de5d84f1500x300145.jpg
8105,"2020-11-30 15:40:59","Confederate Nations of Orbis",C.N.O.,white,af,https://discord.gg/MxDASpVF,1051.50,https://politicsandwar.com/uploads/d43fb00ab60bcf6f937178843c6fdf1d24f7fab5500x262840.png
8111,"2020-12-03 08:13:32","Golden Dawn",ꓷꓨ,yellow,af,https://discord.gg/ATE5MpvXbb,35057.93,https://politicsandwar.com/uploads/6e9fd09e3fff3eb0fbf92bcbb9594c785538e2ff500x300930.png
8113,"2020-12-03 17:28:04",Providence,,olive,af,https://discord.gg/D6NeFTuD3b,7434.14,https://politicsandwar.com/uploads/de6bbf9129e3458a44775fe48614d97eef2b5525500x30053.jpg
8120,"2020-12-07 06:19:54","The Japanese Trade Bloc",,maroon,af,https://discord.gg/bxq4kCDVHD,0.00,https://politicsandwar.com/img/flags/japan.jpg
8126,"2020-12-11 02:28:27","The Grox",,white,af,,4679.75,https://politicsandwar.com/uploads/106c2c1252d26d190a27edcae65820eff2c757db264x300868.png
8136,"2020-12-14 16:52:15","United Contributes of North America",UCNA,blue,af,https://discord.gg/8mnHKSBSyc,261.53,https://politicsandwar.com/uploads/3fb80a8d6879d86958d00a7ca18dd4f0e1261fd9500x242208.png
8139,"2020-12-15 00:29:11","House Karstark",HKB,olive,af,https://discord.gg/hgtxSmETAa,9678.65,https://politicsandwar.com/uploads/d0f3e4b1cb279c250cb8ffa93e10f0e79b6d5a60x119.jpg
8145,"2020-12-15 21:17:54",FrenchM,,green,af,,14000.00,https://politicsandwar.com/uploads/702110343372ced487018a9a12e7ba40acbdd41e500x290480.jpg
8146,"2020-12-16 13:48:13","The Squirrels",,brown,af,,3500.69,https://politicsandwar.com/uploads/8988194a742cdfa78c0514e15cda7a23be1333b4900.jpg
8148,"2020-12-16 21:26:23",Shuriken,✯,maroon,af,,6510.00,https://politicsandwar.com/uploads/59e1d2aabb6161bd5464e636d5232f0dccec5b68x107.png
8154,"2020-12-17 17:22:04","Rockefeller Group",RG,yellow,af,https://discord.gg/4YBPctv,11305.56,https://politicsandwar.com/uploads/f5726f791d5d82071b73c50bdd00089b06619f94x567.png
8161,"2020-12-18 20:58:18","Ethereal Gang",EG,pink,af,https://discord.gg/ctDyD8pxSe,14959.25,https://politicsandwar.com/uploads/6d7fa89abe833d7f323fbd9f9120f9086ca0ff3e500x281682.jpg
8171,"2020-12-21 13:00:37","The Black Death",TBD,black,af,https://discord.gg/t2waacJ464,10305.19,https://politicsandwar.com/uploads/37655450925ad318cac1137c81c45ed5742b7ac2x481.gif
8172,"2020-12-21 15:56:35","The Britlandish Union",TBU,purple,af,https://discord.gg/cuGnmPF2k5,943.49,https://politicsandwar.com/uploads/9f11a7ec8fea4c123838cb292538beb06bc295dbx384.png
8173,"2020-12-21 16:16:11","Swords of Sanghelios",SoS,white,af,https://discord.gg/gJhhdQkNV3,97019.89,https://cdn.discordapp.com/attachments/791003711672549376/826935438538309676/image0.jpg
8177,"2020-12-21 23:04:35","The poggers playground",nou,black,af,,1023.82,https://politicsandwar.com/img/flags/somalia.jpg
8178,"2020-12-22 15:47:47","Warriors of Valhalla",TKBO,white,af,https://discord.gg/tB5VdPSVmu,34456.53,https://politicsandwar.com/uploads/818e04820d80548f613f8744e424d68bf37d20c9481x300452.png
8179,"2020-12-22 16:16:04","High Gods",,yellow,af,https://discord.gg/X5QJJgtr3z,3936.68,https://politicsandwar.com/uploads/3d78f74319e8aa8dcace419a5a13bffe101059bc44.png
8190,"2020-12-28 18:55:10","Not Rohans Bank",💰ROHAN,orange,af,,7144.00,https://politicsandwar.com/uploads/ab6ac6dd0b4a097c5d4dd17eb56e45f2c278d70b500x300126.png
8197,"2020-12-30 23:16:33","altra vez",,aqua,af,,1161.88,https://politicsandwar.com/uploads/77eb9eca388c7dc2ace9ebf9e716dbbd2469097a704.png
8202,"2021-01-02 01:09:29","Angry Horde of Steel",AHS,black,af,https://discord.gg/56PzyX6SbX,1864.30,https://politicsandwar.com/uploads/71a15040c7d8b1c52a714ebb24cb3ad098a3000f500x330755.png
8204,"2021-01-03 12:57:07",Offshore,,green,af,,7658.00,https://politicsandwar.com/uploads/e80ba66083b482282f94e000d9d616422b62dfce500x269529.png
8206,"2021-01-04 02:39:03","Alpha Centauri",ACE,black,af,https://discord.gg/ev2WuPF2Hu,1383.22,https://politicsandwar.com/uploads/4bbe80285731f06993ac137bbf463fd49110241d500x309406.jpeg
8207,"2021-01-04 19:53:30","The Monarchy",TM,red,af,https://discord.gg/7t48u4gNQy,20974.04,https://politicsandwar.com/uploads/8cd45b985680d1512a86c8ff4bf5b3adf201e42e500x248449.jpeg
8213,"2021-01-08 22:16:29","Order of Aster",OA,black,af,https://discord.gg/4ETMJwp8ab,751.14,https://politicsandwar.com/uploads/41174a1794c6e9812bc60ffeb5e4191757a725f1500x293100.jpg
8214,"2021-01-09 16:51:23","United Communes of UMU",UCOU,red,af,https://discord.gg/ZhRWhAd2mj,566.10,https://politicsandwar.com/uploads/87aa306bb2bf035964d339570630adb8f9d7d8a3500x291196.png
8215,"2021-01-09 21:41:18",Unity,,blue,af,,1448.89,https://politicsandwar.com/uploads/08363304b28bb6af221e36b7e4169d938c04af7d500x259196.jpg
8216,"2021-01-10 07:55:38","The Kingdom of New Lamplight",7K-NWa,black,af,https://discord.gg/XWQknhh73U,636.50,https://politicsandwar.com/uploads/00f5a3408e821dc1e57c163478b7a0016df5b6ad500x300875.gif
8223,"2021-01-11 05:27:41","Resistance Allegiance",RA🛡️,olive,af,https://discord.gg/dAHzBe3JME,619.42,https://politicsandwar.com/uploads/fac5b85b0a71bee4ecaa5633ec80c13c3a47d22cx238.png
8224,"2021-01-11 06:54:43","Transcontinental League",TCon,purple,af,,2132.75,https://politicsandwar.com/uploads/bef7319609066003414f0cbaa9c90e34e85cffba500x300315.png
8225,"2021-01-12 18:10:15","The Phoenix Legion",TPL,black,af,https://discord.gg/DXXWRvjU7z,9910.19,https://politicsandwar.com/uploads/11fa7d2176d4816e177d847f888d8fef92b89776500x300919.png
8233,"2021-01-15 21:31:33","Barbary Coast",,maroon,af,,867.40,https://politicsandwar.com/img/flags/betsy_ross.jpg
8234,"2021-01-15 22:37:22",Virtue,V,maroon,af,,1920.33,https://politicsandwar.com/uploads/106fd0e2d55fad2515bae35fc4fdbc9d0b68e41dx458.png
8236,"2021-01-16 16:23:43","Name Withheld",❓,orange,af,https://discord.gg/UR6xqsBnVz,57803.25,https://politicsandwar.com/uploads/0f16043b1e46b1cc7c5c977e79ec7e308a6766f9500x298207.png
8239,"2021-01-17 18:53:54","Federation of kaia",,pink,af,https://discord.com/channels/800499138432204820/800499138432204823,320.50,https://politicsandwar.com/uploads/cbed14b430359d2c38c621949458ef5c226f9a7dx668.png
8243,"2021-01-20 18:40:38","The Order",TO,maroon,af,https://discord.gg/3FYkKfn3ra,210578.56,https://politicsandwar.com/uploads/7570ae7602dd4b247df1d4d167890f46004b01f7500x2798.png
8246,"2021-01-22 04:22:03","The Abyss",TA,yellow,af,https://discord.gg/DegFNa3hs7,45042.55,https://politicsandwar.com/uploads/b407d096341429cc1aa69c3083e741f6a91f7c8d500x33377.jpg
8248,"2021-01-23 02:28:42","The Infinite Empire",TIE,aqua,af,https://discord.gg/RphAfxc8xE,0.00,https://politicsandwar.com/uploads/a047a3a673e08328b06e55be8112bc60f296d4b7500x281346.png
8249,"2021-01-23 07:20:02","United Monarchies of Orbis",UMO,black,af,https://discord.gg/a4xav63s,2702.77,https://politicsandwar.com/uploads/1eb726a2165b2a11451ad0bc4c2fac89d28dd264500x300363.png
8250,"2021-01-23 19:14:53","United Bonkers",,white,af,,1407.97,https://politicsandwar.com/uploads/da41a6f974ca2cd6f05dc008129727d87525d204500x341374.jpg
8252,"2021-01-24 12:03:50","Brotherhood Family",BF,yellow,af,https://discord.gg/6nfZwS2Fa7,106825.21,https://politicsandwar.com/uploads/631896740e05cf9273edb59d5f6ad8c842ad943b500x319114.png
8254,"2021-01-24 19:17:44","Independent Republic of Orange Nations",IRON,orange,af,https://discord.gg/hQZ5Hxf4yj,18452.96,https://politicsandwar.com/uploads/40c67652b1c0b48e3443fbb9000a5e2b5ba5219d500x266854.jpeg
8255,"2021-01-24 22:13:32","Space Monke",MONKE,brown,af,,697.36,https://politicsandwar.com/uploads/40c67652b1c0b48e3443fbb9000a5e2b5ba5219d500x266979.jpg
8256,"2021-01-25 01:58:54","European Union",EU,white,af,https://discord.gg/v7Gn765RYT,11409.36,https://politicsandwar.com/uploads/a10fedbec5710e27fadd48e7d54ae6ca07f98187500x333497.png
8257,"2021-01-25 05:26:14","rose but better",,red,af,,0.00,https://politicsandwar.com/uploads/a52d1789972fedd91e8698a4b3552454736ea0fd800.jpg
8259,"2021-01-25 08:44:26","Deep Intriguing Cool Kids",🤏,red,af,,5142.50,https://politicsandwar.com/uploads/6a32fcd8089abbd5daef79e419ab4dd7ec4227ec500x334595.jpeg
8261,"2021-01-25 22:05:03","The Dominion",T.D.,white,af,https://discord.gg/gG4knkmCFQ,13674.05,https://politicsandwar.com/uploads/86032f75294fa3b78388a33f114ba438c4bfa90c500x281802.png
8263,"2021-01-26 15:51:13","The Royal Houses",TRH,orange,af,https://discord.gg/JkKprqjJjD,4508.53,https://politicsandwar.com/uploads/39536a20c4725cc0dbb5aec28a8192509a742eadx38.png
8264,"2021-01-27 07:36:21","The Collective",,green,af,,10549.38,https://politicsandwar.com/uploads/7e29389f8cce045ed1937c5d3807e47befcc33d6345.png
8266,"2021-01-28 13:56:34","THE WORLD ORDER",,aqua,af,,1705.95,https://politicsandwar.com/uploads/c9965c63c3808a2ac74e621098a4a7fd74ee10c7500x333685.png
8267,"2021-01-30 08:17:20","Alliance of Wild Classmates",,aqua,af,,940.93,https://politicsandwar.com/img/flags/crow.jpg
8270,"2021-02-01 01:59:03","Wolfs Clan",,black,af,,346.31,https://politicsandwar.com/uploads/1e8345e9e54b866e3514fcd1ad71e553c9c16e78300x300538.jpg
8272,"2021-02-02 13:41:41","ROARING REVELS","R R",pink,af,https://discord.gg/7SUhtVYjfs,404.23,https://politicsandwar.com/img/flags/betsy_ross.jpg
8274,"2021-02-02 16:55:22","Capi Hnizdo",,purple,af,,1638.74,https://politicsandwar.com/uploads/13a61a00deef7f1cd170f544a8d6bb32ccc109b363.png
8278,"2021-02-06 01:32:38","Imperial Army & Aerospace Forces",IAAF7K,blue,af,https://discord.gg/PK9yK5M,1218.53,https://politicsandwar.com/uploads/342d8efbdd3387ddf12a7101ec56e801a84c6ea9500x333639.png
8280,"2021-02-10 01:00:05","Diamond City",tDC,blue,af,https://discord.gg/Gv26Kzr8ZU,27405.86,https://politicsandwar.com/uploads/f7c50f3a8e046066b3ca77b37b061b9fc841c446x765.png
8281,"2021-02-10 03:08:34","The Agricultural Federation",,aqua,af,,1428.42,https://politicsandwar.com/uploads/861d8ab9e7bc29430b9baaacb36a818c8d66eff2500x335362.png
8282,"2021-02-10 08:15:01","Antarctic Empire",AE,lime,af,https://discord.gg/4nAQM7RPj4,3566.27,https://politicsandwar.com/img/flags/uganda.jpg
8283,"2021-02-10 10:25:47","Alcoholics Anonymous",AA,green,af,https://discord.gg/mMaT42Qv,1670.01,https://politicsandwar.com/uploads/adf2070e791ac5ad7fc5dc82698184070aae3cf3x420.jpg
8287,"2021-02-13 19:24:22",Arawra,,yellow,af,https://discord.gg/Fr68g5G,5480.38,https://politicsandwar.com/uploads/b461559c46035055b1229af09dc30235daed6202500x285204.png
8289,"2021-02-14 20:11:49","The Cult of Osiris",TCO,lime,af,https://discord.gg/5GQXQdceKC,48149.48,https://politicsandwar.com/uploads/b9c3a736f4d729d54afa524ec7cfc8d79fab81fe500x281592.png
8290,"2021-02-15 02:14:28","Creatio Ex Nihilo",CeN,purple,af,https://discord.gg/CmRhVTAs3X,6644.84,https://politicsandwar.com/uploads/d86d83a02ae30b0f2579f19bc693ed34db4e9d01500x371399.jpg
8294,"2021-02-16 03:28:12","The Secret Society",TSS,aqua,af,,10.00,https://politicsandwar.com/uploads/a9ebc7cbc4900dfce4230ba4a57a232574cae8de925.jpg
8296,"2021-02-16 16:17:07","DCC nation",,pink,af,,2116.21,https://politicsandwar.com/uploads/a9d91d6fc7ea24516c9b3a105b8bb917d123e3ebx448.jpeg
8298,"2021-02-17 16:12:23",Zamelot,,white,af,,2523.52,https://politicsandwar.com/uploads/66e10341cd63496dc9bd4388e7283d8f8c37fa0d873.png
8300,"2021-02-17 17:40:22","BF Hood",,yellow,af,,4715.50,https://politicsandwar.com/img/flags/zimbabwe.jpg
8304,"2021-02-21 11:28:10",OPU,,aqua,af,,1003.17,https://politicsandwar.com/img/flags/zaire.jpg
8313,"2021-02-24 15:15:18","The Midas Group",Eurasia,red,af,,3211.25,https://politicsandwar.com/uploads/98c5e486d99038bd0c03201b53a7c81322b29095500x311880.png
8317,"2021-02-27 14:49:28","Nations Over Seas",,purple,af,https://discord.gg/B9yCfBu,907.87,https://politicsandwar.com/uploads/dcb6db61f08c5488843b910056a71fbe0d552710500x333158.jpg
8319,"2021-03-01 05:16:27","The Republic",,maroon,af,,2422.36,https://politicsandwar.com/uploads/cae86be0228c271173f053ac97ed15c8bb7b2461505.jpg
8323,"2021-03-03 03:29:36","Blind Eternities",BETS,purple,af,https://discord.gg/PEsyV9m,12335.74,https://politicsandwar.com/uploads/3448e361521210e607855a3443531c6e57dd3d2a500x333977.jpg
8324,"2021-03-04 03:20:26","United Coalition of Nations",,olive,af,,1944.80,https://politicsandwar.com/img/imgur-old/d33bdef049ea1efcc72a76ba005395ead45624ae697.png
8328,"2021-03-06 17:19:31","The Greater Hirvioitan Colonial Empire",GHE,blue,af,https://discord.gg/JxENchCar6,4901.77,https://politicsandwar.com/uploads/564b9172350a002bd9dd836d3cec32b83a571e4c500x333980.png
8329,"2021-03-06 17:52:15","RING OF REVELS","R. R.",pink,af,https://discord.gg/7ZMhXaSC,10801.11,https://politicsandwar.com/uploads/b78a9e32da5f471010d75e9b24ad5511f471f1cf500x300819.jpg
8332,"2021-03-07 21:56:41","Special Antarctic Alliance",SAA,pink,af,https://discord.gg/m8ckahEh,5319.42,https://politicsandwar.com/uploads/6e9279853232f57efd3ae1488af81f5be2de0ee7500x300170.jpeg
8333,"2021-03-07 22:15:12","International Orbis Bank",IOB,green,af,,863.77,https://politicsandwar.com/uploads/d3ff208604eb14dd42f11cd31a8fc9787d273b58500x29983.jpg
8335,"2021-03-08 19:41:37",Borealis,Burora,lime,af,https://discord.gg/6YKv9Pcna3,24578.73,https://politicsandwar.com/uploads/2340d331ebf685fb25708baf307afc4d9167edcfx110.gif
8336,"2021-03-08 20:17:20","League of Nations",LON,green,af,https://discord.gg/VWWtcE6mxt,1566.78,https://politicsandwar.com/uploads/15eb57c89e0d7104fb1a425422400e3cbc3e0144500x300409.png
8338,"2021-03-09 22:28:19","The Fascist Order",,aqua,af,,1099.11,https://politicsandwar.com/uploads/637e8fe8863f19de5c523b4e9d5a33d11227a96f1000x599431.png
8340,"2021-03-12 22:38:43","Hidden Leaf Village",HLV,red,af,https://discord.gg/wnzPnwbsKg,5733.83,https://politicsandwar.com/uploads/ff878396cd472d1a97cb86b29e6db8a15e9d7bd4250x280784.jpg
8342,"2021-03-13 04:41:06","The Union of Royale Armies",U.R.A,white,af,https://discord.gg/sqFEzdTc,2343.95,https://politicsandwar.com/uploads/c9662b5dcfa835329b713145d84fd9f0d7f7c6b5500x316564.png
8343,"2021-03-13 12:51:59","The Armed Peacekeepers",TAP,lime,af,https://discord.gg/n99h993x,99212.15,https://politicsandwar.com/uploads/654bd3b6b4e73d7415e556d3f25d114619a75c55250x183347.png
8344,"2021-03-13 15:36:30","United Nations of Canerica",UNC,white,af,,8349.15,https://politicsandwar.com/uploads/b30e5d3ece8ef5ed35ab67ad8d8b643eb3dc22ea500x300809.png
8345,"2021-03-14 02:19:03","Temple of Morningstar",,black,af,,3295.76,https://politicsandwar.com/img/flags/europeanunion.jpg
8347,"2021-03-14 13:41:33","Dutch-British Empire",DBE,orange,af,https://discord.gg/zD8ufXw7SB,1787.11,https://politicsandwar.com/uploads/f92cb33b554f0dbe38d85c6b1c511fd64039a5c4x183.png
8348,"2021-03-14 17:37:17","Midwest Federal",MF,purple,af,,3925.00,https://politicsandwar.com/uploads/c73ee7274a096ef6245c2d55e0050467c0c8b0e4500x317685.png
8349,"2021-03-14 23:04:25","The Aegis Alliance",TAA,white,af,https://discord.gg/RUutNyDte2,5183.11,https://politicsandwar.com/uploads/00781fc1786e5d3e6ecde45c3f2df4855cae554cx186.jpg
8351,"2021-03-17 04:32:58","Dak kah Da Tribal Union",DKD,red,af,https://discord.gg/HJ45BFgC4G,3826.53,https://politicsandwar.com/uploads/84fb1fd4f132048e8c14dd10530ae46d4d2af29e250x166123.jpg
8354,"2021-03-18 06:36:50","The Unity",,black,af,,1169.20,https://politicsandwar.com/img/flags/betsy_ross.jpg
8356,"2021-03-19 23:51:34",ChillOut,CO,yellow,af,https://discord.gg/gnfBcNn6,2325.16,https://politicsandwar.com/uploads/e3df5e3f6453cee65314ac0280896c1b0cb2d854224x300918.png
8363,"2021-03-23 13:13:18","Ukrainian Team",Ukraine,blue,af,https://discord.gg/g49fzJyX,2300.71,https://politicsandwar.com/uploads/39ca1b978c0a77a7700c1e43cd2fa7ca05542304500x281166.png
8365,"2021-03-23 16:13:37",GudeLand,GUD,purple,af,https://discord.gg/JPUY6qryy2,6982.61,https://politicsandwar.com/uploads/31a249911990a27e7059a2d4fb79f933ff66cf94500x31698.png
8366,"2021-03-24 01:34:08","Imperial Union",TIU,maroon,af,https://discord.gg/QZwTvYy27v,1091.33,https://politicsandwar.com/uploads/5f289a360fbfdc6f167cfcf1338d769332c5a075x497.png
8368,"2021-03-24 06:02:08",Sanctuary,SANCT,blue,af,https://discord.gg/kyHg9dumN8,23635.32,https://politicsandwar.com/uploads/d0140d1a6f4ce4487051c6bab51f7ce96eaf3dd4500x300430.png
8370,"2021-03-25 10:20:43",Shutzstaffel,,aqua,af,,1887.10,https://politicsandwar.com/img/flags/germany.jpg
8372,"2021-03-25 19:18:06","White Empire",White,purple,af,,1060.57,https://politicsandwar.com/uploads/74e0914d93ca3d9169d9483eeccb0e514e386311x900.png
8373,"2021-03-25 19:41:11","Vernadsky Accord",,yellow,af,,0.00,https://politicsandwar.com/uploads/296c498edd573a95bc0b05e78963dd7655141f05500x309116.png
8375,"2021-03-26 03:29:15","Council of Nations",CoN,olive,af,https://discord.gg/AwdwjMpesb,2071.55,https://politicsandwar.com/uploads/12e647cc9e58b48a7956d14246372a5e73bab8aax173.jpg
8376,"2021-03-26 16:38:24","Titan Group",,lime,af,,4075.00,https://politicsandwar.com/uploads/46da015e53430c2b11a8c013cf3082c903ad8072500x300758.jpg
8377,"2021-03-27 02:42:20","The United Nations",UN,red,af,https://discord.com/channels/825301026910502923/825314430127439913,1045.66,https://politicsandwar.com/uploads/0e456ed36dec85cc5fe5ede1f1e117db6dee0854500x428584.jpeg
8381,"2021-03-29 04:13:30",Sunrisers,,aqua,af,,1045.16,https://politicsandwar.com/img/flags/india.jpg
8382,"2021-03-29 12:18:13","Median Syndicalist Mechanics",,green,af,,6041.23,https://politicsandwar.com/uploads/375017fda27c0ba4c67d5f89ad60e9da313c85f5x639.png
8383,"2021-03-29 19:40:52","Mutual Support Nations",TMSN,lime,af,https://discord.gg/HypVNrZXub,2188.83,https://politicsandwar.com/img/flags/germany.jpg
8384,"2021-03-30 03:51:40",OTAN,,lime,af,,1167.90,https://politicsandwar.com/uploads/ee33087f9ff831fb64c73b5b26268ae985d007af500x276567.png
8385,"2021-03-30 14:14:48","The Atlantic Organization",,aqua,af,,0.00,https://politicsandwar.com/img/flags/lebanon.jpg
8386,"2021-03-30 14:42:39",iangeeat,,aqua,af,,1183.55,https://politicsandwar.com/img/flags/uruguay.jpg
8387,"2021-03-31 04:10:51","Orangutan Outpost",,green,af,,3445.53,https://politicsandwar.com/uploads/45a120001c77c57ccf45f35fe219a404d9530efc500x350906.jpg
8388,"2021-03-31 18:20:00","The Cosmic Nations",TCN!,olive,af,https://discord.gg/hKCUdEFz,1997.50,https://politicsandwar.com/uploads/bd28f24797bb177349308f0a67c3aa0b4220fc45500x262388.jpg
8391,"2021-04-01 15:22:12",Eastasia,,red,af,,3447.50,https://politicsandwar.com/uploads/b43cab260166b1a89fdb96c5a3fd1b1208534318500x300911.png
8392,"2021-04-01 15:23:04",ASEAN,ASEAN,blue,af,,1152.00,https://politicsandwar.com/uploads/a74f741895a87560bb368553b8be79667ca5cad0500x333452.png
8393,"2021-04-01 19:00:07","British Empire",,red,af,,1461.75,https://politicsandwar.com/img/flags/greatbritain.png
8394,"2021-04-01 22:16:52","TWELVE MONKEYS",,green,af,,8817.85,https://politicsandwar.com/uploads/32a8c136d9963e13a2c58f387bb960f43e5df7c0500x300524.png
