﻿alliance_id,date_created,name,acronym,color,continent,discord_server,score,flag_url
615,"2014-08-05 12:32:17","Seven Kingdoms",SK,orange,Ar,https://discord.gg/3uCF26s,0.00,https://politicsandwar.com/uploads/86bdc587ed74b9544f5c2f523bb490d6016c483a500x281478.jpg
619,"2014-08-05 19:39:15",Guardian,Guardian,pink,Ar,https://discord.gg/wFbUzM2,421510.62,https://politicsandwar.com/img/imgur-old/200afe185770407ae6a603ade7ba9bfbad379813917.png
622,"2014-08-06 13:37:26","United Purple Nations",UPN,purple,Ar,https://discord.gg/mfUxYv7CyR,252919.50,https://politicsandwar.com/img/imgur-old/3f9d76b849ff553846c11a6097af797b3b9570bf680.png
770,"2014-10-26 13:21:40",770,MH,yellow,Ar,,9538.25,https://politicsandwar.com/uploads/a6704b34c366c6fc31ae3c510e139b4b06034dcf500x300246.png
790,"2014-11-04 23:13:16",Rose,🌹,pink,Ar,https://discord.gg/Fp5Ngqg,1413151.13,https://politicsandwar.com/uploads/b8078b3f1406351b434dfa16a5613219b506d8dbx719.png
831,"2014-11-21 17:26:29","The Syndicate",t$,green,Ar,https://discord.gg/RFR6Rnq73j,832788.49,https://politicsandwar.com/uploads/f9e00900e41e4de7e86814b5bc4a0837e4e6adf0500x300747.png
866,"2014-12-08 09:18:04","Guardians of the Galaxy",GoG,lime,Ar,https://discord.gg/DVGzNXM,0.00,https://politicsandwar.com/uploads/111dd01422c16de66f4d06040c7451118efd002b957.png
877,"2014-12-12 23:23:13","Black Knights",👽,black,Ar,https://discord.gg/VrJFQMBH2R,200106.35,https://politicsandwar.com/img/imgur-old/917568acf2b88122f2e687d5bcfe41c8db855e95744.png
913,"2014-12-19 14:34:25",Arrgh,Arrgh!,black,Ar,https://discord.gg/jCAQFtJ,180321.45,https://politicsandwar.com/img/imgur-old/c4ad8a85a57d1fedc2df54ac0d34bc882a83b441644.png
1023,"2015-01-26 15:22:05","The Fighting Pacifists",TFP,white,Ar,https://discord.gg/5yT5tWS,673756.84,https://politicsandwar.com/uploads/f616086a82c48bed05ca541831228a4704984185500x29933.webp
1210,"2015-03-21 22:52:21","World Task Force",WTF,maroon,Ar,https://discord.gg/3AXHN5B,221695.80,https://politicsandwar.com/uploads/33991916b0d984f4c7b4ff615b1853744934f2c2500x255462.png
1246,"2015-03-29 20:09:40",Farkistan,FU,white,Ar,https://discord.gg/HDjRySg,17569.74,https://politicsandwar.com/uploads/6a1f368cc47d651b26bc84f136b70aeee1d36cd1x516.png
1584,"2015-06-29 17:25:50","The Knights Radiant",TKR,orange,Ar,https://discord.gg/theknightsradiant,625071.44,https://politicsandwar.com/uploads/724478ceffddb82c93f96e38fc3c372c997328f4500x300961.png
1723,"2015-08-08 02:13:24","TRUMP 2016",TRUMP,orange,na,,11.25,https://politicsandwar.com/img/imgur-old/e7f77385327365d10712e34790c1d27b19984cb4595.jpg
1742,"2015-08-14 18:32:07","Politics and Wei",WEI,olive,Ar,,18107.00,https://politicsandwar.com/uploads/4667fac78cbdca244f2e9cff3f1b2ca125047a80500x300904.jpg
1896,"2015-10-05 16:50:32",Pantheon,🏛️,yellow,Ar,https://discord.gg/8w5mHFe,4760.17,https://politicsandwar.com/img/imgur-old/aabdb8d0f25956ba861bb1c365c404835995c5a5705.png
2082,"2015-12-01 16:15:42","New Pacific Order",NPO,brown,Ar,https://discord.gg/g5x6UZ4,4080.00,https://politicsandwar.com/uploads/f6d9d9cd426226b55504e8fe7c941c10cb7eb6ba700.png
2358,"2016-02-16 19:50:46","New Polar Order",NpO,blue,Ar,,4244.08,https://politicsandwar.com/img/imgur-old/a69030707aac568c9eb564ed58dfa6bacfa34da5165.png
2510,"2016-03-20 06:51:10","Royal Alba Charter Company",RACC,green,Ar,https://discord.gg/FJeNyKhxPt,83061.10,https://politicsandwar.com/uploads/30aa415263836ea59b74afac58c24cc2049705dc500x300345.jpg
2594,"2016-04-04 10:01:03","United Socialist Nations",USN,red,Ar,https://discord.gg/e2VvhPwnb7,112490.57,https://politicsandwar.com/uploads/c4803b118dfd9cce774dafae7d4d816d761636b3x933.png
3339,"2016-09-23 00:04:24","Grumpy Old Bastards",Grumpy,green,Ar,https://discord.gg/8BZztQQ,278399.17,https://politicsandwar.com/img/imgur-old/5dd661b245f116d7220762458df6eb9df784822a390.jpg
3427,"2016-10-07 17:28:42","Legion Of Dawn",LoD,white,Ar,https://discord.gg/pQwTGU2z45,373290.42,https://politicsandwar.com/uploads/a3ee56bf6da1c509e1b9e5955373c8e85f5ae5b8500x280162.png
3683,"2016-11-08 20:24:05","House Stark",HS,olive,Ar,https://discord.gg/aRhfKtBzp8,233168.59,https://politicsandwar.com/uploads/6fbae734fd01b98e9bacfd741e8632b0908eea27500x333361.jpg
3940,"2016-12-20 00:38:26","The United Empire of ZahAharon",TUE,purple,Ar,https://discord.gg/yZmr9av,2190.00,https://politicsandwar.com/uploads/5ba2f1328cb1211b742c91c72d9c34db1248101b489.png
4124,"2017-02-01 17:00:43","Knights Templar",KT,orange,Ar,https://discord.gg/RyPP7hBKqs,381200.26,https://politicsandwar.com/uploads/af28999e79e61d1c272929aabc1f8681cafa4916500x30029.webp
4150,"2017-03-19 10:05:19",Yarr,GOLF,black,Ar,https://discord.gg/cbF74Dg,131015.65,https://politicsandwar.com/uploads/57056016e0494b5e9e860188582d4db5ac119883500x333979.png
4221,"2017-06-11 12:22:29","Dark Brotherhood",DB,black,Ar,https://discord.gg/Uyn3m5D,241014.41,https://politicsandwar.com/uploads/658d160838d37343a2825e529d673bb24a79d2d7500x312968.webp
4271,"2017-08-09 02:18:58",Oblivion,"S H I T E",green,Ar,https://discord.gg/YRerfDpaKJ,100673.84,https://politicsandwar.com/uploads/77f48785108ccfdc120abfd909836623bddd89abx511.gif
4397,"2017-12-10 03:25:36","Strickland Propane",Strickland,maroon,Ar,https://discord.gg/SFEpZNf,26886.73,https://politicsandwar.com/uploads/a118889f96a7c98bd6c465415353aaf6452d9915500x300529.png
4468,"2018-01-07 07:22:03","Purple Flower Garden",PFG,orange,Ar,,4874.67,https://politicsandwar.com/img/imgur-old/0f4f936ea7c16e834208f05cef1a98f6c0eddb47463.png
4567,"2018-02-23 02:31:21","The Golden Horde",TGH,yellow,Ar,https://discord.gg/nUGFqj4,270041.42,https://politicsandwar.com/uploads/8d8bf99a8d1fd63cc14d9fa03febcf47abccd663500x312914.png
4623,"2018-03-18 07:10:01","The Empire of the Moonlit Sakura",7K,pink,Ar,https://discord.gg/Df4AsDtbXh,0.00,https://politicsandwar.com/uploads/77a7d97093ba2365abccad3f88475c9d2769678584.jpg
4638,"2018-03-21 05:20:16","Sacrum Romanum Imperium",HRE,maroon,Ar,https://discord.gg/2WGKQGPPhY,31910.00,https://politicsandwar.com/uploads/7301cea65b528edb03d7f7a66a88d591b2e8d27f500x333596.png
4648,"2018-03-22 22:26:01",Aurora,AUR,green,Ar,https://discord.gg/NSvDF7GqBj,11415.00,https://images84.fotosik.pl/1023/f49d99150a877b08.jpg
4729,"2018-04-13 22:07:21","Church Of Atom",CoA,green,Ar,https://discord.gg/DCQsEuf,213384.68,https://politicsandwar.com/uploads/a18a33770a8efb8ce21bf21468d6f7d404e73392500x333798.png
4829,"2018-05-05 16:54:12","The Enterprise",e$,lime,Ar,https://discord.gg/tm4aaKUGMd,153198.87,https://politicsandwar.com/uploads/acb59b63c53934d487a8d41276ddefe5cf7e9e71500x300385.png
4937,"2018-07-13 09:44:55",Camelot,🐲,maroon,Ar,https://discord.gg/camelot-465573583532589058,337972.09,https://politicsandwar.com/uploads/6abdcecccc326c158236bff3a5437c6612acdbce500x300412.png
5012,"2018-08-19 21:19:31","Respublica Romana",R&R,pink,Ar,https://discord.gg/rUJyB4U,6423.50,https://politicsandwar.com/uploads/b67280cb2aac79d9b005553bdba50f34c1172af3x271.jpg
5039,"2018-09-09 00:20:10","Goon Squad",GS,green,Ar,https://discord.gg/uJGwKCK,14224.07,https://politicsandwar.com/uploads/f62cf330574ddc0dbd044b54a721efcbbef2d145647.jpg
5049,"2018-09-17 19:17:51",Carthago,CTO,olive,Ar,https://discord.gg/WAK7FWDkf8,7868.75,https://politicsandwar.com/uploads/c196c11b0cfca8e388e29edcc7dc1c758ab6206d500x281938.png
5121,"2018-11-03 08:30:55","Lannister Mausoleum",,maroon,as,,0.00,https://politicsandwar.com/img/imgur-old/403b570738062b87c7e8982f6cca706324d65ff8303.jpg
5326,"2019-02-16 00:24:08","The United Armies",UA,red,Ar,https://discord.gg/pfZNF7ER7z,0.00,https://politicsandwar.com/uploads/9d68d184f546ee1673c8d6185affe0b14f554fdfx152.png
5476,"2019-05-06 16:50:03",Weebunism,🌸,brown,Ar,https://discord.gg/VMxbrMR,303119.62,https://politicsandwar.com/uploads/5679a40830161160b4bf9115ed4de833e29a5e17500x300174.png
5658,"2019-06-23 00:17:04","Unforgiven Legion",U.L.,purple,Ar,https://discord.gg/Wjek998,98809.63,https://politicsandwar.com/uploads/9ca36e363b8f42a3d77c353247060e4fc48e0c26500x281712.png
5796,"2019-07-22 00:48:26",Atlantis,ðŸ”±,aqua,Ar,https://discord.gg/eFTs7uR,0.00,https://politicsandwar.com/uploads/cf30a6de0dc187d67c51e9074f2b6e5688260560189.jpeg
5875,"2019-08-04 19:30:43","The Immortals",IMMORTALS,yellow,Ar,https://discord.gg/8w5mHFe,582425.79,https://politicsandwar.com/uploads/f378300711b508768214d83b28a1cd551dffd0d7x767.jpg
6088,"2019-09-07 22:29:58","Terminus Est",💀,maroon,Ar,https://discord.gg/7xSa8WrbJA,7375.80,https://politicsandwar.com/uploads/b0cac855367acc367ae4619baaa337ba8060c2a4500x300891.gif
6126,"2019-09-14 03:39:06","The Lost Empire",TLE,aqua,Ar,https://discord.gg/uJwCEs3qrJ,0.00,https://politicsandwar.com/uploads/f335d2149c46a6b1f664d32592dc2d871b7c5dcc500x258931.png
6143,"2019-09-16 21:48:55",Morningstar,🅼🆂13,black,Ar,https://discord.gg/SpxrYbq,0.00,https://politicsandwar.com/uploads/71fa2df73a9bb2972e6b93d8a865aad33d11f3dax152.gif
6215,"2019-09-24 23:02:41","The MinuteMen",MM,green,Ar,https://discord.gg/VkZQAUJQ9y,0.00,https://politicsandwar.com/uploads/de8e12c9059c297b08d9fa428684fd43cc898c94500x298264.png
6877,"2020-01-07 23:40:55","Advanced Syndicalist Mechanics",ASM,red,af,https://discord.gg/SGgessb,0.00,https://politicsandwar.com/uploads/1c8cb8d10c2166cb00c75e5c2e047eb76ba0cc5b450x300644.png
7000,"2020-01-19 18:26:32","Banana Stand",BS,green,af,https://discord.gg/t7dzPAV,12313.74,https://politicsandwar.com/uploads/f9613d3de649c612bc52bd5cacf0ca6edb5cda70x443.png
7094,"2020-02-02 10:53:42","The Coal Mines",TCM,aqua,af,https://discord.gg/ybWe59czTf,0.00,https://politicsandwar.com/uploads/364b80261d08d1750f2898abc48117eef7daa1d1x783.webp
7249,"2020-02-19 19:32:31","The Firm",$f,green,af,,20687.50,https://politicsandwar.com/uploads/acde1ad6c273e804750867b1b278e85ffda51fb5589.jpg
7346,"2020-03-11 23:55:25","Chocolate Castle",CC,pink,af,https://discord.gg/V6Vmq96,14673.70,https://politicsandwar.com/uploads/ded131b45a77f67b7714b8cdd637041c914c8ba4500x333251.png
7366,"2020-03-17 17:48:08","Parisian Commune",,red,af,https://discord.gg/8gsTGb,0.00,https://politicsandwar.com/uploads/ebb2052df6d96b2f1ef7e3fa3fc7502eb2ecffb2x243.png
7433,"2020-04-06 02:09:18","Almighty Corporation",ALMC,yellow,af,https://discord.gg/aDnRmzH,0.00,https://politicsandwar.com/uploads/f546e0e1042b03467c682e53bd214abff4fdaf5e500x3007.png
7450,"2020-04-12 18:27:50",Eclipse,☾,brown,af,https://discord.gg/sGzXF7P,1212740.53,https://politicsandwar.com/uploads/184f3ceba224947ffedbf72ff8adc0e6762a0f96500x279985.jpg
7452,"2020-04-13 19:15:17",Cataclysm,CATA,white,af,https://discord.gg/QsJKSVzTmv,0.00,https://cdn.discordapp.com/attachments/868735629108846592/993322927481167892/CATA_Flag.png
7484,"2020-04-25 14:13:28","Global Alliance & Treaty Organization",GATO,brown,af,https://discord.gg/B6pTkZGP9U,306685.58,https://politicsandwar.com/uploads/11082d4a541fbcff6e6ed1ce1e6eb8913d7cf5fax748.png
7580,"2020-05-31 06:19:19","The Legion",SPQR,purple,af,https://discord.gg/RvEAPsp,301010.70,https://politicsandwar.com/uploads/e254b002f149b41dd2357a3a8628cbb096231ed1x459.png
7674,"2020-07-15 00:11:14","The Mortals",TM,lime,af,https://discord.gg/8w5mHFe,36783.96,https://politicsandwar.com/uploads/29391cc46b88243fb532bd7ceabe958d1a4ab9f0500x333380.jpg
7698,"2020-07-24 06:27:38",NukaWorld,7K-7G-NW,maroon,af,https://discord.gg/rB9nEf9,4941.31,https://politicsandwar.com/uploads/ad36737cfc320fafb79dbfe33848edefca2ddecfx377.gif
7750,"2020-08-17 07:27:40","United Ummah",UU,lime,af,https://discord.gg/8Q25CyE,220077.20,https://politicsandwar.com/uploads/fce2fe059daf516794b9a77a112e5a6667f6512dx780.png
7803,"2020-09-01 18:10:25","Laffeys Lair",MAO,green,af,,0.00,https://politicsandwar.com/uploads/5e2b74db3fb27b33bd1348984a43a2fd4919bf9ax898.png
7806,"2020-09-02 21:00:48","Neon Dystopia",,lime,af,https://discord.gg/CQ3b55G,2250.01,https://politicsandwar.com/uploads/a5dbad95a2446481c856407a104da68c772d872c286.jpg
7815,"2020-09-06 15:23:49","99942 Apophis",99A,black,af,https://discord.gg/yF24Mgk,35368.06,https://politicsandwar.com/uploads/d451c53bf1a6b5030083bf6f48aed590524d78dcx741.jpg
8100,"2020-11-28 23:15:28","The Company",TC,green,af,https://discord.gg/hJQ8jjHe2k,0.00,https://politicsandwar.com/uploads/704674ae503ff04b97feedba4c57540fd09712d2500x333411.jpeg
8173,"2020-12-21 16:16:11",Daedalus,DD,red,af,https://discord.gg/QsJKSVzTmv,0.00,https://politicsandwar.com/uploads/84c124c04ff2a94ef8e8d22c21645c9ca5703124x676.jpg
8236,"2021-01-16 16:23:43","Name Withheld",❓,orange,af,https://discord.com/invite/89fsQSCUHM,208151.03,https://politicsandwar.com/uploads/ae4ef92d1c90d097fe44670dd8c14a662e8997e3500x298223.png
8257,"2021-01-25 05:26:14","rose but better",,red,af,,0.00,https://politicsandwar.com/uploads/a52d1789972fedd91e8698a4b3552454736ea0fd800.jpg
8343,"2021-03-13 12:51:59","The Armed Peacekeepers",TAP,lime,af,https://discord.gg/5yT5tWS,75952.51,https://politicsandwar.com/uploads/96fb005856f5eac25d479449ecc3183e70115d86x725.png
8442,"2021-04-18 18:00:44","Antifa Super Soldiers",🍑,white,af,https://discord.gg/pN8XRSR,38.75,https://politicsandwar.com/uploads/5509b91d1778658795615ecf5c79b4f6cf44d6a0x648.png
8459,"2021-04-23 17:20:18",Genesis,GNS,aqua,af,https://discord.gg/Yhv73hftkU,1295.41,https://politicsandwar.com/uploads/fe518f7402c90c78b5aa5f22bf4fce2225649cf1x161.gif
8470,"2021-04-26 12:25:32","The Elementals",TE,green,af,https://discord.gg/gRtTkACyBv,0.00,https://politicsandwar.com/uploads/9f88cef368bf97997988c96971fed4edc144fc3c500x280658.jpg
8577,"2021-05-17 12:58:42","Heung Shing Corporation",HSC,black,af,https://discord.gg/uGXdCrZ8Sh,28470.22,https://politicsandwar.com/uploads/47dc0f39100b21e36f84c8e16db124adebb15d35500x497903.jpg
8616,"2021-05-25 05:37:20",HedgeFund,♙HEDGE,olive,af,https://discord.gg/AcCBa5KYTn,0.00,https://politicsandwar.com/uploads/3a161ec7fca34d7173873eaeb4dd1901fb16e504500x333394.png
8651,"2021-05-30 04:06:28","United Commerce Republic",UCR,blue,af,https://discord.gg/PZcawYZHqh,2039.13,https://politicsandwar.com/uploads/81c427bce43293d96cfc1e852f72c4d549312b09x947.png
8777,"2021-06-30 23:42:37","Bourbon Street",Bourbon,blue,af,https://discord.gg/UaKrXSJEa4,0.00,https://politicsandwar.com/uploads/8957a8151bc2c2ef358a5dde93b7d902a2a7a476500x300952.png
8819,"2021-07-15 20:20:04","The Hive",tH,purple,af,https://discord.gg/uszcTxr,14076.71,https://politicsandwar.com/uploads/1d5a2ce435813eed65b5b3bfd6179dd2277be98c500x30074.png
8899,"2021-08-16 18:09:58","Federated States of Orbis",FSO,purple,af,https://discord.gg/FbjJnx37ea,221192.69,https://politicsandwar.com/uploads/4313b948a27ecdaea777fde970cd1102f5894f8e500x300588.jpg
8900,"2021-08-17 20:31:54","Admin Alliance",,aqua,af,,496.80,https://politicsandwar.com/uploads/37ca458b5444264e04dc8d7fcd0d77e46d03eecfx3.gif
8926,"2021-08-20 02:34:45",Gallowglass,,blue,af,,81732.70,https://politicsandwar.com/uploads/d76d758be9b1ed55da9a3139e537ef0f0669e044500x296404.jpg
8948,"2021-08-24 15:14:24","Farmer Warrior",,aqua,af,,1359.17,https://politicsandwar.com/img/flags/taiwan.jpg
9000,"2021-09-01 02:53:36","The Hand of Fate",HoF,orange,af,https://discord.gg/RyPP7hBKqs,9839.52,https://politicsandwar.com/uploads/edcab00901317bd2b386ea4dd4ddd6d4958b58bf500x300991.png
9145,"2021-10-11 17:08:56",Kshatrias,,black,af,,4680.18,https://politicsandwar.com/img/flags/bahrain.jpg
9192,"2021-10-28 03:46:03","United Nations of LATAM",USL,red,af,https://discord.com/invite/46s5CuYsRq,10622.81,https://politicsandwar.com/uploads/9fa73f4f909cdfcc0da247b8a134b1d4f1b9cda0500x333301.png
9256,"2021-11-22 15:57:55","Moms Friendly Robot Company",MFR,purple,af,https://discord.gg/xwpCqszgHr,143654.64,https://politicsandwar.com/uploads/fb2a72fc37f78d730652939fb1be2f75f5500273500x300667.jpg
9292,"2021-12-10 04:42:23","Iosef Stalin alliance",JSA,red,af,,0.00,https://politicsandwar.com/uploads/226e4d03145684bda6b11eda6b5144e6a3e237f0500x250708.jpg
9331,"2021-12-15 18:26:44","Barber Shop",,lime,af,,0.00,https://politicsandwar.com/uploads/99834a5b45417fe1349a4d08d1b9c37d51a71393250x250916.jpg
9432,"2022-01-08 00:41:52",Orchid,DtC,green,af,,11592.90,https://politicsandwar.com/uploads/3f1913b41987d7f62106fff3398ee08b7c8ac5a1500x300661.png
9445,"2022-01-11 20:26:59","Apocalypse Knights",AK,purple,af,https://discord.com/invite/QUjkhsMVZd,113967.91,https://politicsandwar.com/uploads/cf47b3867222b79e3d50e13d4ee712d01530224f500x303658.webp
9573,"2022-02-10 21:33:48","Black Skies",⚓,black,af,https://discord.gg/yRSYgCEGSb,0.00,https://politicsandwar.com/uploads/496133dadea8506c6e0fc8a0d301c1282a50df53x694.jpg
9600,"2022-02-18 09:18:22","Imperium of Man",IoM,purple,af,https://discord.gg/5NskGyXGCS,11236.74,https://politicsandwar.com/uploads/78014ee92448e05b82b0d2835d4d8fca71b88980x798.png
9611,"2022-02-22 02:10:22",Vikings,"RED VIKING",red,af,https://discord.gg/M5cH3wEu,0.00,https://politicsandwar.com/uploads/a44d034aa574f63102bf160d00b46341a7bc395c500x300873.png
9629,"2022-02-28 19:20:58",Lyre,Lyr,black,af,https://discord.gg/rFzSZ9jVaj,2686.41,https://politicsandwar.com/uploads/6c4599d3e2d7b3f758c44d955f9294fe44cb9b51500x280335.png
9661,"2022-03-09 21:48:50","Pika Party",PIKA,olive,af,https://discord.gg/KVGCbWFc3K,4026.57,https://politicsandwar.com/uploads/15302522dc76fc1b962a4750520b866209154160500x300614.png
9665,"2022-03-11 12:51:33","Union of Perthton",,green,af,,621.59,https://politicsandwar.com/uploads/d6ba77453ccb2b8c4d8e56802afa8464c1298e55x632.png
9712,"2022-03-23 13:35:09",Zenith,,orange,af,,3097.69,https://politicsandwar.com/img/imgur-old/48664f573e2391f1770adf56fc7371eba506b385277.png
9745,"2022-03-28 18:30:22","Raiden Inc",🌸,purple,af,,7703.28,https://politicsandwar.com/uploads/eed5bc6be82872dc20114c7c7005791f035c96e6500x279144.jpg
9801,"2022-04-14 01:12:24","The LordStrum Vanity Project",LordStrum,black,af,,0.00,https://politicsandwar.com/uploads/3a375b9b86ad87cc69b86649104b73eeb49095a4500x281277.png
9825,"2022-04-20 11:14:36","North-Arctic Alliance",,green,af,,0.00,https://politicsandwar.com/uploads/41e845ceab117d59df26ab5e9acb8420a05df75a250x167599.png
9862,"2022-04-29 19:52:05","The Key",TK,purple,af,,10110.71,https://politicsandwar.com/uploads/b8c7b37b25726bfa5262792c961ade2a36aed2a1x402.png
9882,"2022-05-06 03:48:08",OMAIN,OMAIN,maroon,af,https://discord.gg/csmRZNKeHw,0.00,https://politicsandwar.com/uploads/f381efea650a3d4dcf584cb0853d85556d01a7f6500x309141.png
9927,"2022-05-19 21:55:00","The Wei",Wei,green,af,https://discord.gg/kTQesxXfMW,7886.50,https://politicsandwar.com/uploads/584cdddeaf66070e5ad67c2f47e3fa192733844d500x30030.png
9999,"2022-06-01 15:22:21",Rain,🌧️,white,af,,8883.10,https://politicsandwar.com/uploads/7c9a705331f60fbf50ac38b09cd2524a4c76e649500x300878.png
10000,"2022-06-01 15:22:34",Shuba10KM,,brown,af,,11234.39,https://politicsandwar.com/uploads/852342d97e42a6c6698cf0147b01be1c30ff7585250x140895.gif
10022,"2022-06-06 16:23:43","Organisation of Free Nations",OFN,blue,af,https://discord.gg/uteC5mUxQm,0.00,https://politicsandwar.com/uploads/cd74c239bd92d50c9274bbec794c8ad8a04fbf78500x325461.jpeg
10075,"2022-06-16 16:03:00",Vault-Tec,VTC,aqua,af,https://discord.gg/bGZ4mM9Pc9,122811.08,https://politicsandwar.com/uploads/78152fa9a87803ab13749e3a24cac4e248b19a32500x281678.png
10078,"2022-06-17 00:53:45",Voulez-Vous,,black,af,,1006.70,https://politicsandwar.com/img/imgur-old/de9827a319b0955769c504378684330540ce1d8c634.png
10117,"2022-06-26 05:05:42","Crusaders of the Holy Boogaloo",CHB,black,af,https://discord.gg/zYQvuzA,1690.00,https://politicsandwar.com/uploads/51a720571643c9d050f7e6d1f4fd0558e45c0664500x281662.png
10128,"2022-06-28 18:51:19","BROWNIE EUROPEAN ALLIANCE",BEA,aqua,af,,1052.24,https://politicsandwar.com/uploads/c39e211f60e3e2c0210e9b055bec80c9249979f3225x300912.jpg
10137,"2022-06-30 15:13:37","Holy League",HL,purple,af,https://discord.gg/vX5FgJTYpt,0.00,https://politicsandwar.com/uploads/db1d244760c6c6b96e5d3b8846838aa3da426c1ex794.jpg
10177,"2022-07-05 12:25:54","Man I Love Frogs",MILF,olive,af,https://discord.gg/3ZekYnkf3H,89102.70,https://politicsandwar.com/uploads/4509258c1093f2b98f273c3f21c82d5942033fd3500x375809.jpg
10198,"2022-07-08 11:58:44","Damn I love Frogs",DILF,green,af,https://discord.gg/3ZekYnkf3H,6954.16,https://politicsandwar.com/uploads/dc37d4ce8462b10d3091c298d6c62c4905ddc353500x481862.png
10252,"2022-07-19 18:08:29","The Orion Project",TOP,blue,af,https://discord.gg/DcjYkYnSMk,0.00,https://politicsandwar.com/uploads/88e44fe76f740334c313c779e6dba6c7aeeb8d2c500x331448.png
10259,"2022-07-22 11:36:16",Blackwater,BW,black,af,https://discord.gg/wYM6w3dzcc,118996.16,https://politicsandwar.com/uploads/e6eca86d8b785ca310fd7bf627cf8a8b50831636500x333390.png
10269,"2022-07-24 01:54:18",Mayhem,MYM,yellow,af,https://discord.gg/ZMBdUkMngp,165060.05,https://politicsandwar.com/uploads/be7e21958bda6cce4117b23e2ecb8f8ce7681232500x279699.png
10279,"2022-07-26 17:16:37","Arctic Ocean",,black,af,,14819.00,https://politicsandwar.com/uploads/5efb24e0fdc0f5a4f7436fc32a5101854f17c993265.gif
10304,"2022-08-01 06:07:04",Samurai,Sam,red,af,https://discord.com/invite/QDuHEmB4zm,83388.15,https://politicsandwar.com/uploads/8110fd5ca6520b867dec457a234755359adf23bd500x300173.png
10334,"2022-08-08 16:27:36","Arkham Asylum",AKA,pink,af,https://discord.com/invite/pMBmUXsApV,216112.84,https://politicsandwar.com/uploads/88e66e54da056d036dd61be43242dc23e952ea8dx26.png
10377,"2022-08-17 20:30:49",-Yorkshire-,,lime,af,https://discord.gg/XU59nVMRHv,89832.73,https://politicsandwar.com/uploads/0e20043de5aeb8a457a5cd0264d13d90026acedd500x300547.jpg
10382,"2022-08-19 20:19:11",Fumo,ᗜˬᗜ,brown,af,,4894.63,https://politicsandwar.com/uploads/24147817d61d1b5a16010f0b6acd218a8e875c52271x300682.png
10384,"2022-08-20 02:25:11","GASH LOYAL",GL,lime,af,,1572.50,https://politicsandwar.com/uploads/115be7a0f87fa7ef5b515f72583b61412033d6f6250x250916.jpg
10455,"2022-09-04 07:21:12","Anti-Horridism Obocchama Kun",AHOK,aqua,af,https://discord.gg/YEbNwtGk,1223.22,https://politicsandwar.com/uploads/498d9e44335edc06e65a95abbd900242aef3ba65x737.jpeg
10470,"2022-09-07 14:08:26",Requiem,REQ,green,af,,10748.50,https://politicsandwar.com/uploads/7eda10630882af34a3e50baa1830054b4d42f0ee500x300752.png
10497,"2022-09-13 20:28:31","Freehold of the Wolves Offshore",FTW,orange,af,https://discord.gg/2yYEjbH5Gd,0.00,https://politicsandwar.com/uploads/ea0b6910e200bfd1900d5b554da1625cbcb8d818500x283844.png
10498,"2022-09-13 20:51:42","The Witcher Order",TWO,blue,af,https://discord.gg/yFBZweHpBv,3898.99,https://politicsandwar.com/uploads/7ebf81a671acb3b709e545ade1d3fd6e8e4f0486500x312226.png
10523,"2022-09-19 09:12:10",Valinor,,pink,af,,8580.00,https://politicsandwar.com/uploads/825f5801b7bad0f0d07572855d27d024d4537cb2500x300407.png
10533,"2022-09-22 23:58:25","The Horde",TWD,black,af,https://discord.gg/ZBuWFbPBFg,672.65,https://politicsandwar.com/uploads/6e35272ed878b6925161c181960cc7095dbe394cx898.png
10555,"2022-09-28 01:40:36",Akatsuki,Aka,maroon,af,https://discord.gg/fzWJ3pXmyY,50893.18,https://politicsandwar.com/uploads/a5c7b99d360c0cacddac83f7915243e164d7514a500x312411.png
10590,"2022-10-05 07:38:51","The Curse Of The Damned",,purple,af,,0.00,https://politicsandwar.com/uploads/b1c4333befc91cda619f2197e05552f7a4b885b8x249.png
10604,"2022-10-10 19:01:59","Holy Roman Imperium",HRE,white,af,https://discord.gg/p93Tzk5zcX,315.14,https://politicsandwar.com/uploads/f2b46def94052ad90adf2f56a3e2f48504b3c719500x333606.png
10607,"2022-10-11 02:20:24","Kiln Of The First Flame",KFF,blue,af,https://discord.gg/MQhsVYwRCa,0.00,https://politicsandwar.com/uploads/409b06b46d9f4e775086912cd05c0c30e9fb2ef5500x280148.png
10613,"2022-10-15 09:46:32","Union of Socialist Soviet Republicz",USSRz,red,af,https://discord.gg/c4We74sTet,6052.60,https://politicsandwar.com/uploads/cde5d470112f379c8ac2f93df10554eae47edb6dx895.png
10615,"2022-10-15 14:38:41","The Liberty",,white,af,,0.00,https://politicsandwar.com/uploads/c44a3680475c1cfb92583c2c47de4d8fefb7ade6500x307157.jpg
10619,"2022-10-17 14:24:37","Back In Black",BIB,blue,af,https://discord.gg/jtHs3cmZx7,0.00,https://politicsandwar.com/img/flags/unitedstates.jpg
10629,"2022-10-21 07:04:53","Momento Mori",MM,orange,af,https://discord.gg/nAbW2mgYsm,7581.58,https://politicsandwar.com/uploads/1cc101c17195f374e265607d070c0ff50494facf300x300372.jpeg
10659,"2022-10-30 17:02:51",Panem,PN,red,af,https://discord.gg/NtdMKT9Ugu,56588.38,https://politicsandwar.com/uploads/a74e4186493fb9ee5c48410a22b2e4a13cfea0f6500x285254.png
10664,"2022-10-31 20:57:15","Cult of Canyon",CoC,white,af,,7432.92,https://politicsandwar.com/uploads/c92f8133dd74d13ebd1059e8646d7b128ab741a8500x300269.jpg
10675,"2022-11-06 07:42:12","Chemical X",Fratricide,purple,af,,0.00,https://politicsandwar.com/uploads/591d81ea0f395f2820bfa68be56ea4930b709431250x250651.png
10752,"2022-11-22 21:16:49","The Peoples Union",,brown,af,,0.00,https://politicsandwar.com/uploads/ba9a3e737f24e03a1fde799949bdb55f0c1a1206500x248845.png
10776,"2022-11-28 19:04:53","The House of the Dragon",,green,af,,10388.92,https://politicsandwar.com/img/imgur-old/498183c2cca81725326494f28ec07669b2df4888985.png
10788,"2022-11-30 21:54:31","The Aequitas International",TAI,red,af,https://discord.gg/ZfvDwxCJHh,1718.49,https://politicsandwar.com/uploads/ab76cc5ea6eb3956ff8a90f254a12de9c5e5b605500x250350.png
10930,"2023-01-04 04:39:34","Macao Reserve Group",M.,yellow,af,,534.05,https://politicsandwar.com/uploads/791be9a45f9e3af97c4a1e3fa009753d9cc9100d500x39212.jpg
10970,"2023-01-15 03:28:27","Presidential Republic of Igua-sul",,white,af,,2079.79,https://politicsandwar.com/uploads/107d056966633bfd674b497ef8a4ad75d3406d93500x337901.jpg
10976,"2023-01-15 21:25:42","Doom Legion",NDL,purple,af,https://discord.gg/7k22EF9P8Q,0.00,https://politicsandwar.com/uploads/cae3ea17c1dee50ed655b2fd27b4afeab01215c7500x272807.jpg
10983,"2023-01-16 18:01:51","Brothers in Christ",BiC,white,af,https://discord.gg/9a6mqwat2c,0.00,https://politicsandwar.com/uploads/55637f80517488c68811e423a2d3066a4277d90c500x30040.png
10993,"2023-01-19 11:26:34","Hermit Island",HERMIT,green,af,,2120.92,https://politicsandwar.com/img/flags/bahamas.jpg
11001,"2023-01-21 01:14:14","Rashidune Caliphate",,yellow,af,,1877.55,https://politicsandwar.com/uploads/a7550b408142f10d7992c8773336db8a9f881608500x251908.png
11009,"2023-01-23 02:08:31","The Republic of Libertas",RoL,red,af,https://discord.gg/YKsVJGfCsS,95634.10,https://politicsandwar.com/uploads/6f1e56bc3288c9333e5abfadd4619bfbdc526d9a500x333888.png
11012,"2023-01-24 01:34:08","United Federation of Cridneyan Nations",,aqua,af,,892.16,https://flagspot.net/images/a/az-artsa.gif
11020,"2023-01-26 09:23:14","The Commonwealth",Tcw,white,af,https://discord.gg/eC9Tx4ehpW,81622.41,https://politicsandwar.com/uploads/4add23b60f46ba4446df2aca8d9d23b6e18a99a8500x294136.jpg
11032,"2023-01-29 00:52:26","SFR Yugoslavia",SFR,aqua,af,https://discord.gg/AxpsZQvQzq,71114.40,https://politicsandwar.com/uploads/1d1744c094052301030541c4e8cd08a4b12ca42fx937.png
11033,"2023-01-29 05:14:07","Confederation of Socialist Nations",CSN,red,af,,0.00,https://politicsandwar.com/img/imgur-old/ad13cb7d06558eb3997694f21a471ca4bf42df74912.png
11046,"2023-01-31 22:51:22","Antarctic Pirates",AP,white,af,https://discord.gg/uyUsXRp5HW,28664.73,https://politicsandwar.com/uploads/6470bdff4506f83f9604d9a8a85786261695e4c8500x300596.png
11048,"2023-02-01 09:25:35","Empire of the Romans",SPQR,purple,af,https://discord.gg/eotr,171288.67,https://politicsandwar.com/uploads/0d221e4b005b20620795b98187df2540da7c55e2500x3335.jpeg
11062,"2023-02-05 15:00:08","Antarctica Alliance",AA,purple,af,,270294.87,https://politicsandwar.com/uploads/e59049052b780f665b5f2b1e0fd59d661d0d8ef2x600.png
11081,"2023-02-10 14:24:33","British Spy Divison",SFA,brown,af,https://discord.gg/EEqgxQe3,0.00,https://politicsandwar.com/uploads/5cc11e78ba1039a2dd10337b12abcca213acaa29x721.jpg
11085,"2023-02-10 22:40:22","Radio X",RX,black,af,https://discord.gg/MtQKga6nu9,0.00,https://politicsandwar.com/uploads/e1adf90b3f1651c006a9160931d7d24e868a82d9500x284911.jpg
11186,"2023-03-06 16:48:43","The Republic Senate",TRS,black,af,https://discord.gg/qehZCnUghx,771.52,https://politicsandwar.com/uploads/d709c2fbd6ece679451a3884972fdba1d5d40fb9x187.jpg
11189,"2023-03-07 22:06:23","Weaponized Assault Penguins",WAP,yellow,af,https://discord.gg/GVufsd7Kac,305405.26,https://politicsandwar.com/uploads/b169522c64671c4ef0eba5ee4303ed921de4f74e500x333329.png
11192,"2023-03-08 18:11:59","The Monkey Council",TMC,brown,af,,0.00,https://politicsandwar.com/uploads/b2627020ad933cec37f6f250ff4af9d593808e46x596.jpeg
11199,"2023-03-10 07:16:09",N00B,N00B,pink,af,https://discord.gg/5Pv6RpBy,656.73,https://politicsandwar.com/uploads/f430866582945c91d2ee398c89dffa1212911ed2x795.png
11202,"2023-03-10 17:24:54",Arrkboom,,aqua,af,,0.00,https://politicsandwar.com/uploads/0abaea88b53ebd9fb8e464a2706fcbea9a094fcb895.png
11221,"2023-03-17 00:20:49","The United Weapon Wielders",U.W.W.,black,af,https://discord.gg/6AupzKHG,0.00,https://politicsandwar.com/uploads/6d558a8b03e19d0848c0452b5c487f5fa3481dc9500x333525.jpg
11234,"2023-03-20 14:37:57","The World Safety Commission",,aqua,af,,0.00,https://politicsandwar.com/uploads/76f2b142e36edea1dcdab79b3a0fc5f99c6b4cc5500x28114.png
11256,"2023-03-27 07:50:16","Kingdom O War Crimes",K.O.WAR.C.,red,af,https://discord.gg/NWPpAhfZ4k,0.00,https://politicsandwar.com/uploads/2dbda3635577914b62cd55d51b86de17a8a19cf0500x306248.png
11279,"2023-04-04 07:19:30","HOUSE OF LORDS",HOL,black,af,https://discord.gg/yFJUmWJk6,0.00,https://politicsandwar.com/uploads/43d1ada8360b844bc69c81dad7c27c92210cb5e01000x969597.png
11281,"2023-04-04 13:31:49",Britonnia,,brown,af,https://discord.gg/2FfHbNEk2w,0.00,https://politicsandwar.com/uploads/66a8161bf61ebce6f4f7f19346d4373e8be2bef7500x290236.jpg
11330,"2023-04-18 08:21:52","Men In Black",MiB,green,af,,4098.25,https://politicsandwar.com/uploads/89e96946736d32b8f0ac8d2212d22b59440e5150x485.gif
11331,"2023-04-18 12:07:05","BROTHERHOOD FAMILY",BroFam,red,af,https://discord.gg/bpdygqGkKs,98918.04,https://politicsandwar.com/uploads/b019abe7ce91fc98863e590000236faba320a848x281.png
11339,"2023-04-21 07:30:05","The High Table",THT,red,af,https://discord.gg/3jJ52gcJg2,233519.25,https://politicsandwar.com/uploads/cd4b92c8ce81758e922f8145099e4a6529d94ab5500x28152.png
11340,"2023-04-21 12:59:41","Orbis Peace Organization",OPO,purple,af,https://discord.gg/bVQVypVfa6,29766.52,https://politicsandwar.com/uploads/7e50851e9d8b35332e61ae255f9a9da001fcf5bf500x306814.png
11344,"2023-04-23 01:59:25","Alliance of Nations",AN,aqua,af,https://discord.gg/MjHytmWdXG,0.00,https://politicsandwar.com/uploads/62a88f7821f3f3342a81c73cd8ca4d7e88bd2385500x333620.png
11349,"2023-04-24 07:56:09",Shamballa,"UGF S",aqua,af,,2192.99,https://politicsandwar.com/uploads/f1806bc24257dcf95a92f8cf261754dbe06743d4x925.png
11427,"2023-05-07 17:28:45","Free Democratic Alliance Afrika",,orange,af,,0.00,https://politicsandwar.com/img/flags/africanunion.jpg
11455,"2023-05-13 01:21:50","Penguin Party",,white,af,,7522.45,https://politicsandwar.com/uploads/2475e31869405a6bb5365bd930fb8696fc546d93x535.png
11466,"2023-05-15 16:36:08","reddemers of man alliance",,red,af,,702.97,https://politicsandwar.com/uploads/3f57acbac193101046623a37652377d9152b0766x285.png
11503,"2023-05-24 12:34:38","The Tosovian Brethren",TTB,blue,af,https://discord.gg/n2fXGABykw,1222.49,https://politicsandwar.com/uploads/f21a5ec086ebfb75cf85e1623db9d0df33038e94400x600101.jpeg
11504,"2023-05-24 12:41:04",H0D0R,,purple,af,,0.00,https://politicsandwar.com/uploads/cb309b07947e0c1884f6342503f71b253d2f68701000x584484.png
11505,"2023-05-24 17:36:18","Evergreen Pact",EGP,blue,af,https://discord.gg/sdk29T4pqt,1664.44,https://politicsandwar.com/uploads/934750e626d23db39287d1a192d7dbbcc22ae0c7x298.png
11513,"2023-05-26 00:48:16","Magister Mortalis",M&M’s,black,af,https://discord.gg/8nsQmSPgAg,118896.29,https://politicsandwar.com/uploads/12c955f6b73b93f101cb3f5419d0528b7aaf615c480x300605.jpg
11535,"2023-06-02 00:27:41","King Raiders",,pink,af,,0.00,https://politicsandwar.com/uploads/acc793152c641cc6c17959ff32d52354e81d6da5x487.jpg
11553,"2023-06-06 00:35:35","Globglogabgalab Inc",GLOB,purple,af,https://discord.gg/92ckmSJrvK,995.97,https://politicsandwar.com/uploads/e89b1db990b21ac57bcd373086913b85cf081441500x334651.jpg
11555,"2023-06-06 08:19:34",R&R,RnR,blue,af,https://discord.gg/URuyTuFNxn,25404.12,https://politicsandwar.com/uploads/85eda893c78c32d17daace5e72e661aefecdd30e450x300944.png
11568,"2023-06-11 14:31:16","The Paladin",,aqua,af,,1239.68,https://politicsandwar.com/img/flags/europeanunion.jpg
11569,"2023-06-12 13:34:26","The Privateers",,green,af,,0.00,https://politicsandwar.com/uploads/b7a302a1ec78d1ab2fd9ffec8563ca06c9174f8bx929.png
11572,"2023-06-15 10:08:18","Hope of Heart",None,red,af,,1432.81,https://politicsandwar.com/img/flags/americansomoa.jpg
11594,"2023-06-22 16:21:58","The Fallen Knights",TFK,black,af,https://discord.gg/2veWvxmzYg,0.00,https://politicsandwar.com/uploads/6d29b8453a17c4d98e432b77862d8fed64a459ba500x306860.png
11609,"2023-06-28 20:28:17","Petrograd Soviet",,red,af,,5528.75,https://politicsandwar.com/uploads/c440dd74be0958760791169c8e5d8d3386581b77500x333761.png
11610,"2023-06-28 23:57:54",Nuka-Town,7K-7G-2A,maroon,af,https://discord.gg/W9kb72gbcD,1699.79,https://politicsandwar.com/uploads/903f6d0500f5eefb33e4563a4e3069bb14f60208x482.gif
11622,"2023-07-03 00:59:18","Communist Republic",,green,af,,1275.17,https://politicsandwar.com/img/flags/russia.jpg
11627,"2023-07-04 07:22:56","The empires",,red,af,,1238.73,https://politicsandwar.com/uploads/df9ed9e267741bb58715a8f091874c50aea22eb5300x300536.png
11628,"2023-07-04 07:24:17","The SweetBabyGang",,olive,af,,1785.16,https://politicsandwar.com/img/flags/unitedstates.jpg
11629,"2023-07-04 13:10:20","A PO Box in Delaware",📭,brown,af,,0.00,https://politicsandwar.com/uploads/2d748671a8313e0f98fa278c4b3fe274785d7b19500x333143.png
11634,"2023-07-07 02:42:52","The Awakening",AwA,maroon,af,https://discord.gg/PKTSr2P7Gy,2397.06,https://politicsandwar.com/uploads/145e0d61adb8d3acfc00135cba592c1270ea0bca500x30034.png
11640,"2023-07-08 15:58:30","BRICS ALLIANCE",,lime,af,,0.00,https://politicsandwar.com/uploads/4cb8784627c3b47f8aef9a6ad18a8ab203451110500x290937.jpg
11641,"2023-07-08 20:07:43","The National Allied Confederation",NAC,black,af,https://discord.gg/BPvv7xA3,1040.84,https://politicsandwar.com/uploads/a3d81a466ee5bc6947533e09c629e1e0f4c6e6ef500x306335.png
11651,"2023-07-11 08:54:29","Barbary Corsairs",CS,olive,af,https://discord.gg/Y3ge6ZeKP,503.57,https://politicsandwar.com/uploads/52a2b84b29f4a26ae4b619989465a752026018c3300x300226.jpg
11657,"2023-07-14 12:14:08",Singularity,SIN,blue,af,https://discord.com/invite/uxCm7YkEcF,806600.89,https://politicsandwar.com/uploads/e652941039f4c2f89ae8789ae93745747260b227500x3334.png
11660,"2023-07-14 22:42:19",Pokimans,PKM,yellow,af,https://discord.gg/wqa4GfHTSE,122729.89,https://politicsandwar.com/uploads/8eda6f576a6d9c93a414f9ff58f852b21796d04c500x312278.jpg
11668,"2023-07-16 01:42:13","Alliance Name",,white,af,,36029.18,https://politicsandwar.com/img/imgur-old/0a31900529966f483de4a2a137d8f8074909fb12171.png
11671,"2023-07-17 02:12:05","Pravda Bloc",UwU,red,af,https://discord.gg/X8krFdPDs5,0.00,https://politicsandwar.com/uploads/2612d836a4b8ee849be090511e1397cb3ccb294c500x281195.png
11674,"2023-07-18 13:00:00",Hovel,H,green,af,,0.00,https://politicsandwar.com/img/flags/canada.jpg
11677,"2023-07-19 14:48:47","Cargill Incorporated",CRG,pink,af,,0.00,https://politicsandwar.com/uploads/94e55a882ecd7470bf13ec61d08245ccaeda6b68500x236123.jpeg
11682,"2023-07-20 23:32:01",Miski,,black,af,,746.25,https://politicsandwar.com/img/flags/guyana.jpg
11701,"2023-07-25 04:11:34","Nations of Neutrality",,purple,af,,3829.14,https://politicsandwar.com/uploads/ba0180f7f2a923db14dc0e771f56f70c58c7412ax952.gif
11703,"2023-07-25 12:22:27","Equality-Democracy Pact",EDP,purple,af,,4831.61,https://politicsandwar.com/uploads/6d1c92691085a3ca7793c88d7a12c5f9ac3bf830500x25027.png
11705,"2023-07-25 18:41:14","The Krieg Brigade",TKB,red,af,https://discord.gg/9mRxXkqu,0.00,https://politicsandwar.com/uploads/ff7ff02264c1c7ef218584ff238933e5a01cf2c6500x353177.jpg
11713,"2023-07-26 01:35:02","Ignis Aternum",IGN,purple,af,https://discord.gg/Gb7nQrF6BM,0.00,https://politicsandwar.com/uploads/8c5543199619f1222ecbe2652de57ff797ba456e500x375921.png
11734,"2023-07-28 08:47:06","The Warsaw Pact",WP,red,af,,0.00,https://politicsandwar.com/uploads/62833427f09faed40be5dbce6ea67051f67967d3250x250286.png
11758,"2023-08-01 13:36:53","Mercenaries of Orbis",Liberty,black,af,https://discord.com/invite/ZPae8haAM,872.93,https://politicsandwar.com/img/flags/betsy_ross.jpg
11775,"2023-08-03 11:47:06","Indians unite",,lime,af,,0.00,https://politicsandwar.com/img/flags/abkhazia.jpg
11778,"2023-08-04 20:26:17","Val Taro",AT,yellow,af,,732.71,https://politicsandwar.com/uploads/823fbd70612494a30424e5932b1e4da33a8a0446300x300809.jpg
11786,"2023-08-06 15:40:01",Charleston,HOC,red,af,https://discord.gg/ZZGGmbegeX,2727.25,https://politicsandwar.com/uploads/02d284c60480dfa0afb93f0f17951ae5146df74b500x333857.png
11789,"2023-08-07 06:12:40","Orbis Financial Corporation",OFC,lime,af,,1247.35,https://politicsandwar.com/uploads/5d331a13b634e9933bf55c8f29b2e893c7a8a309500x391379.png
11840,"2023-08-19 14:40:34","United World Alliance",UWA,blue,af,https://discord.gg/wYDRxUGKNW,0.00,https://politicsandwar.com/uploads/9d67eebd69f26ef195b958898feb2e5078c41731x446.png
11849,"2023-08-21 01:40:03","Super Axis",CUCKINGDWE,black,af,,0.00,https://politicsandwar.com/uploads/70d94114e66a82fa68f2357f4b69739173cde3bbx989.webp
11870,"2023-08-24 15:34:01","To Unity",,green,af,,0.00,https://politicsandwar.com/uploads/8439a6634de341d83c829d911990156c020705681000x666935.jpg
11871,"2023-08-24 19:15:37","Khanador Concord Commonwealth Expo",KCC,blue,af,https://discord.gg/S7aMWfS5cf,0.00,https://politicsandwar.com/uploads/243bfbb063557f4163c9a4bc69ebc588684b18c0500x334136.jpeg
11873,"2023-08-24 20:48:05",BRATVA,BRATVA,black,af,https://discord.gg/R3ERQBxQ5h,760.76,https://politicsandwar.com/uploads/66e4c001516fbbd26fb4bf2775f1c2e4bc43e50bx296.png
11875,"2023-08-25 04:38:44","THE FOUR HORSEMEN",T4H,olive,af,https://discord.gg/gEtzWsgmGN,0.00,https://politicsandwar.com/uploads/07d6b075bb0f30366588c17deaff8f2e08bc14d2x542.jpg
11879,"2023-08-25 21:20:38","New Californian Union",,purple,af,,0.00,https://politicsandwar.com/img/flags/california.jpg
11880,"2023-08-26 00:45:03","The First Order",FO,red,af,https://discord.gg/5p5t94E4wV,0.00,https://politicsandwar.com/uploads/b96ad307b266fd0d3b58ca5ee9217900ed58cec3500x281752.jpeg
11881,"2023-08-26 02:02:36","Cream 2",,white,af,,2460.68,https://politicsandwar.com/uploads/7840b2223d5f059fc1e93cc5d5fcd1eb4c66e19c1000x562645.png
11893,"2023-08-28 10:14:36","Sand-War Politica",,aqua,af,,509.01,https://politicsandwar.com/uploads/c0495e7500204160316038b9cf34f6883a64bbac500x35721.png
11914,"2023-09-01 01:08:22","Seven Star",,white,af,,8974.89,https://politicsandwar.com/uploads/9f5c3481d215cf3121c2a6cbdbc1acc7afe240f11000x562401.jpg
11915,"2023-09-01 01:14:56","Cool Cobras",Cobras,green,af,,1087.18,https://politicsandwar.com/uploads/d31211410fe0340bd5db811e8c8357e87970027f500x253352.jpg
11919,"2023-09-01 10:54:49","Mr Matshaas tomb",ded,pink,af,,0.00,https://politicsandwar.com/uploads/52ea169519feafe633bf5cc9d3a9b73b6126eb56x887.png
11926,"2023-09-04 13:05:46","United Nations Of World",UNOW,lime,af,,1413.81,https://politicsandwar.com/uploads/f63ee6efa633af31285db185d813d704ac7602b2500x312244.png
11937,"2023-09-07 07:24:07","FPN Defensive Alliance",,aqua,af,,1516.52,https://politicsandwar.com/uploads/af319552beb3e3dd31af39da3a6eac3a4c867bfa300x300580.png
11938,"2023-09-07 15:40:34","Federated Slavic Diaspora",FSD,aqua,af,,1663.35,https://politicsandwar.com/uploads/5aea01b67d1f895ae783bea259d41b0bf493db28500x333433.png
11942,"2023-09-08 18:37:03","Federation of the Motherland",FotM,aqua,af,https://discord.gg/3cXtjGQMKg,1792.78,https://politicsandwar.com/uploads/e6a74215aaf17c513548cdd6f44a1fb5757d1387500x333202.jpeg
11945,"2023-09-09 15:06:53","Chowder Bangers",,green,af,,5350.00,https://politicsandwar.com/uploads/95e57d90df56fc005c3be6a8de6b572c37811051500x463838.png
11948,"2023-09-10 04:39:27","Space Legion",,brown,af,,1011.12,https://politicsandwar.com/img/flags/europeanunion.jpg
11965,"2023-09-14 15:57:58",Nemesys,Nem,purple,af,https://discord.gg/tkDKztteXJ,1002.80,https://politicsandwar.com/uploads/c1f6c5264817434808581f5a0ca72f329a7ba25c500x312434.jpg
11972,"2023-09-16 02:24:11","Vidal Castle",,yellow,af,,0.00,https://politicsandwar.com/uploads/4aeb3f9c5b4ff6706827191e0d524bc4fdf442c4x273.png
11973,"2023-09-16 07:28:30","Requiem Project",,orange,af,,1720.64,https://politicsandwar.com/uploads/8052f7bddb68a4136a7d9033d69d3672ad744851x281.png
11991,"2023-09-21 15:11:28","CONFEDERETION of PLANETARY NATION",C.P.N.,aqua,af,,0.00,https://politicsandwar.com/uploads/8cedabf4b48f65e7e8724b3d37c9e0649f4c2823500x333571.png
12010,"2023-09-25 17:17:24","The Kingdom of New Lamplight",7K-7G-4A,black,af,https://discord.gg/CTPxkmfuXP,0.00,https://politicsandwar.com/uploads/903f6d0500f5eefb33e4563a4e3069bb14f60208x935.gif
12016,"2023-09-27 16:40:50","Biggest Cheese",,aqua,af,https://www.youtube.com/watch?v=pZ-oEuWMszs,893.34,https://politicsandwar.com/uploads/a2d2a468eb169ab39590bba019dff7650fe0240a250x251635.jpeg
12038,"2023-10-04 00:18:31","The AOC Pact",AOC,lime,af,https://discord.gg/CqxpmbgFCz,1017.49,https://politicsandwar.com/uploads/6674bb407358ee3af724ccf0c9ef3f8718d73ec6x654.png
12039,"2023-10-04 00:26:23","The Fusion",,black,af,,534.99,https://politicsandwar.com/uploads/bf3558d03de3578b0233b776940609076bd4f4651000x526933.png
12056,"2023-10-08 10:50:21","Organisation of democratic states",ODS,aqua,af,https://discord.gg/K62zXPDHyj,0.00,https://politicsandwar.com/uploads/3082c4b6bc3c48db51feda7b63371e6177d980cd500x300133.png
12060,"2023-10-08 23:45:19","Brethren of Moose",BoM,green,af,,2818.35,https://politicsandwar.com/uploads/671a5ff5f0689a27482200fd75044ae536257f1cx469.png
12070,"2023-10-11 13:19:40",Goatism,,aqua,af,,0.00,https://politicsandwar.com/uploads/36287ba6a6abde502a1442b56df85ed08eb310f0250x427977.jpeg
12078,"2023-10-13 03:12:35","Akanda Bharatam",,aqua,af,,0.00,https://politicsandwar.com/uploads/29529c14a1daf1ba517e63e78e09a6b02e336740500x312114.png
12081,"2023-10-13 15:14:49","Kax Pirates",KP,black,af,https://discord.gg/Q4mKUEEA,552.63,https://politicsandwar.com/uploads/e426f6eacac33b4dd915f864c83fa873c141adb3x990.jpg
12097,"2023-10-19 04:11:19",Dawnstar,,orange,af,,8623.34,https://politicsandwar.com/uploads/9d67eebd69f26ef195b958898feb2e5078c41731x446.png
12110,"2023-10-22 03:03:31","Enforcers of the mask",,black,af,,0.00,https://politicsandwar.com/img/flags/betsy_ross.jpg
12120,"2023-10-25 12:27:25","Alience of the independant nations",Ain,purple,af,,0.00,https://politicsandwar.com/uploads/cae86be0228c271173f053ac97ed15c8bb7b2461505.jpg
12122,"2023-10-25 20:26:11","Queen Anne Revenge",,black,af,,0.00,https://politicsandwar.com/uploads/1052ae09e163f869caf5301408172f3a02192056271.jpg
12127,"2023-10-26 06:42:52","Intercontinental Treaty of Trade",ITT,aqua,af,,0.00,https://politicsandwar.com/uploads/fb2e2dcd78b158b36fb9f3e48a039ae987daf0991000x562863.png
12131,"2023-10-27 21:04:19","Peace army",,red,af,,1090.06,https://politicsandwar.com/uploads/e6f4fc77cc27cad5e76f639b6689633371fd2e6f300x3006.jpg
12139,"2023-10-29 01:17:33","The Middle Eastern Union",MEU,yellow,af,https://discord.gg/hXRRWvzFAF,1365.42,https://politicsandwar.com/uploads/a1fd2ff6c2b1d5f48de285720bc87d95540079a3500x2493.png
12146,"2023-10-30 06:49:23","Spork Bork",,black,af,,8940.00,https://politicsandwar.com/uploads/9d67eebd69f26ef195b958898feb2e5078c41731x446.png
12149,"2023-10-30 15:47:35","The Empire Of Avalon",TEA,lime,af,,1762.92,https://politicsandwar.com/uploads/1ce3f68d54ef63f38808987702f017d912e7d9a6500x333445.png
12162,"2023-11-03 20:34:52","Alliance Of Duantless",,red,af,,1629.57,https://politicsandwar.com/uploads/46619d5dc28606a294b5a56179256bfbeb232fef1000x564626.jpeg
12164,"2023-11-04 08:01:46","The Checkmate Crusaders",TCC,black,af,https://discord.gg/4ustB94H,0.00,https://politicsandwar.com/uploads/80df99b486363184269402149854228cbf9f8b48500x300276.png
12168,"2023-11-06 02:47:05","Court Of Titanica",COT,red,af,,849.95,https://politicsandwar.com/img/flags/betsy_ross.jpg
12175,"2023-11-07 14:30:38",VETO,VETO,aqua,af,https://discord.gg/GstSYHCQ,251.49,https://politicsandwar.com/uploads/23aaf9b0d55ed7731d34852611536f1f35f92b43500x307778.png
12177,"2023-11-08 11:35:06",LegaApula,LAP,aqua,af,,0.00,https://politicsandwar.com/uploads/d4eb31bbee375ec122c9cae413f6865817584881500x28124.jpg
12180,"2023-11-09 02:41:46","The Free Trade Association",FTA,red,af,https://discord.gg/nQnZjfue,0.00,https://politicsandwar.com/uploads/a80a9a7458a3f389ba7edb43d54cd3d712f1b434500x28517.jpg
12187,"2023-11-11 06:10:42","they get weaker we get stronger",,green,af,,938.15,https://politicsandwar.com/img/flags/sovietunion.jpg
12192,"2023-11-14 04:03:05",Orbix,"⌀ vs $",maroon,af,https://discord.gg/29YdDUHSrb,200.06,https://politicsandwar.com/uploads/8dcd1e0476f2166e02f9151b53ea3277931b0306500x30043.gif
12195,"2023-11-15 01:34:58","Iron Fist Coalition",,black,af,,0.00,https://politicsandwar.com/uploads/4bae9998322212bfb8a92619b8cef6cd7a63c092500x306180.png
12198,"2023-11-15 13:12:09","Alliance of The Republic and States",A.R.S,lime,af,https://discord.gg/C2uM33mS,0.00,https://politicsandwar.com/uploads/5ef17764110cf8991cda3a1bdfbc961f3d7815ddx935.webp
12200,"2023-11-15 16:50:57","alliance 101",A101,yellow,af,,0.00,https://politicsandwar.com/uploads/98ae42046e7c8147b6ce13caf255d868c7ee5cec500x385302.png
12202,"2023-11-16 01:22:04","The Western Alliance",,aqua,af,,1916.63,https://politicsandwar.com/uploads/cae86be0228c271173f053ac97ed15c8bb7b2461505.jpg
12203,"2023-11-16 15:01:32","The World Wide Furry Friendly Alliance",,aqua,af,,0.00,https://politicsandwar.com/uploads/0ddc66dad6c3c86172f1c9b316727d18fbf6eb23450x600730.jpg
12212,"2023-11-20 01:33:56","The Q-Alliance",TQA,purple,af,,0.00,https://politicsandwar.com/img/flags/qatar.jpg
12213,"2023-11-20 02:57:52","DeVito Union",DeVito,orange,af,,1588.35,https://politicsandwar.com/uploads/ed40fc55e33d19fba5019b0bec9b39368ebbc761500x292708.jpg
12216,"2023-11-20 23:09:54","Communist Propaganda",CP,black,af,https://discord.com/invite/8fuYZNbhYk,5314.72,https://politicsandwar.com/uploads/1a2d025cae71260f1dd786efa5926d5706f26ef8500x263269.jpg
12229,"2023-11-26 03:08:27",vageenus,,green,af,,0.00,https://politicsandwar.com/uploads/cae86be0228c271173f053ac97ed15c8bb7b2461505.jpg
12231,"2023-11-27 10:22:13",Sangri-La,,maroon,af,,0.00,https://politicsandwar.com/uploads/009470f81fa96e09be1a8b4662905f2c2ed57709x672.jpg
12234,"2023-11-28 19:36:42","Crimson Corp",,aqua,af,,3294.78,https://politicsandwar.com/uploads/378de65ceecaaab8aca48212b05696a263bf4d42300x300702.webp
12235,"2023-11-29 02:02:49","Democratic Communal Confederation",DCC,black,af,,841.91,https://politicsandwar.com/uploads/a72cd609826094472a52738024595a827eaa72dc500x301380.jpg
12238,"2023-11-29 13:37:30","Heavens equal",,olive,af,,1057.59,https://politicsandwar.com/img/flags/belgium.jpg
12242,"2023-11-30 17:06:49","The Vklod",,black,af,,0.00,https://politicsandwar.com/uploads/0edbd5efd5dc15f7f8b278210931ee98a26e760b1000x66664.jpeg
12251,"2023-12-04 19:19:13","Movimento Referencista",PMR,black,af,,1066.42,https://politicsandwar.com/uploads/5055356b91b9b394d2903d5c1f36ebbf9e0b82c9500x41748.png
12260,"2023-12-07 12:30:01","Warsaw Pact",WP,lime,af,,0.00,https://politicsandwar.com/uploads/a9ebc7cbc4900dfce4230ba4a57a232574cae8de925.jpg
12263,"2023-12-08 10:24:36","Llama Alliance",LLAMA,aqua,af,,978.20,https://politicsandwar.com/img/flags/netherlands.jpg
12267,"2023-12-09 19:16:30","Left Wing Capitalists",LWC,brown,af,,0.00,https://politicsandwar.com/uploads/631d9b45a606c6b8444051b72606200d58b470e2500x305581.png
12268,"2023-12-10 01:29:27",Union,,black,af,,774.42,https://politicsandwar.com/img/flags/switzerland.jpg
12273,"2023-12-10 15:58:48","International Democratic Union",I.D.U,aqua,af,,0.00,https://politicsandwar.com/uploads/aad5dcf3ea7ff8c494bd1d3fed819636ccea8af0500x250880.png
12276,"2023-12-11 10:25:01",Delta0,Δ0,lime,af,,2337.10,https://politicsandwar.com/uploads/3d16bd739410342bfa9df666f76891f596660418x368.jpeg
12278,"2023-12-11 17:39:06","United Communes of Orbis",,red,af,,0.00,https://politicsandwar.com/uploads/3a3432f07a9d078ee3490ec9b111be4414b9907f1000x59655.png
12281,"2023-12-12 05:23:00","The Sword Coast",TSC,olive,af,https://discord.gg/PNbYkyukv9,148531.82,https://politicsandwar.com/uploads/66a86cd407e5e26d42c9a3f2d1f36e09dcc12823500x312422.png
12286,"2023-12-14 18:28:14",MoOR,,red,af,,992.07,https://politicsandwar.com/uploads/4a7c565a13e71f487985f33aa06512f3d0af8bad500x306928.png
12287,"2023-12-14 19:06:36","Rabid Kitten Apocalypse",MEOW,green,af,,8964.09,https://politicsandwar.com/uploads/06e582c2782d1d63cf689339f9e85b55e0840920500x262738.jpg
12289,"2023-12-15 01:11:40","United World Union",UWU,aqua,af,,2887.87,https://politicsandwar.com/uploads/1bdbf5c4877d8073c344e6ee9a3fdab0f8964f35500x333294.jpg
12293,"2023-12-17 05:19:39","Neutral Peace Treaty Organisation",NPTO,black,af,https://discord.gg/q2uUduxS,964.36,https://politicsandwar.com/uploads/f05985a23d05003a12855cc01a474550af76e455250x13895.png
12298,"2023-12-19 20:28:18","Color Trade Union",CTU,purple,af,,3375.00,https://politicsandwar.com/uploads/687cb3943be8ce534f7a46525a932da8491e0a1dx499.png
12306,"2023-12-21 00:55:46","The Contraceptives","No bb",yellow,af,,1936.75,https://politicsandwar.com/img/flags/bahamas.jpg
12307,"2023-12-21 08:45:24","League of legends",,aqua,af,,0.00,https://politicsandwar.com/img/imgur-old/173d0e2fd98a1c7dadf08f244780fd7e5e29ed30406.jpg
12312,"2023-12-23 01:01:03","United Republics Alliance",URA,maroon,af,https://discord.com/invite/aFq9Yu3E78,3054.56,https://politicsandwar.com/uploads/cd4637f2f8ffdafff5349812be79b0f2b309b9d4500x333709.png
12313,"2023-12-23 03:48:10",Baritona,,aqua,af,,1192.83,https://politicsandwar.com/uploads/2b0413091a8e33ee68af7aab4669be721745eb60182.png
12314,"2023-12-23 17:23:41","Genesis of Light",GoL,lime,af,https://discord.gg/nmPbGdk7Kh,6872.56,https://politicsandwar.com/uploads/57ef4f90e79ca8b824e9a1d3c13edb1d81dff330500x333792.jpg
12319,"2023-12-24 16:30:41","Sanctum divinum Foedus Gentium",Dei,black,af,,973.83,https://politicsandwar.com/uploads/31d9d41d079fe1003eadb7b92efc0fe524f2a937500x281714.jpg
12320,"2023-12-24 23:28:13","The Pirates",,black,af,,318.83,https://politicsandwar.com/uploads/d3b4016d52bd16940ea251000a2f8c91c58b4583x158.png
12327,"2023-12-27 21:11:57","The Communists",,pink,af,,2647.00,https://politicsandwar.com/uploads/f4b1b8885178ea4529c82ad54e7342aa487b5267x230.jpeg
12331,"2023-12-29 06:32:35","The Grand Kap Council",,lime,af,,0.00,https://politicsandwar.com/uploads/91a5c0cc3b07baa9306793f088915b9a04f46e8e1000x61292.png
12335,"2023-12-31 12:19:41","Knights of Death",KOD,blue,af,https://discord.gg/q76vR46bJH,0.00,https://politicsandwar.com/uploads/a3927c24cc9597d3f131c12e5752c6d7f1f39d39500x33347.jpg
12337,"2024-01-01 01:02:48","The Bound Forces of Junior",JUNIOR,black,af,https://discord.gg/Xwq2VwjYTY,3368.75,https://politicsandwar.com/uploads/83ffb625737d40a2170de909162b0a3df7eb6fe6500x298937.png
12338,"2024-01-01 04:35:55","union ibe",,aqua,af,,836.88,https://politicsandwar.com/img/flags/germany.jpg
12345,"2024-01-03 03:43:57","Planet Fitness",12345,purple,af,,8201.25,https://politicsandwar.com/uploads/2dabd43f4f6832769931d456dd05d406fcbe445f500x292310.png
12346,"2024-01-03 06:41:11","Rift Valley Alliance",RV-A,red,af,,969.31,https://politicsandwar.com/img/flags/africanunion.jpg
12353,"2024-01-03 23:04:02","Rapid Response Pact",,black,af,,0.00,https://politicsandwar.com/uploads/28eae8e13d1f73cd186514de5a51d2e5d7062477500x330371.jpeg
12360,"2024-01-05 00:14:07","City Skylines 2",,purple,af,,16877.50,https://politicsandwar.com/img/flags/unitedstates.jpg
12366,"2024-01-06 15:09:26",SlaughterHouse,,aqua,af,https://discord.gg/jMYRKCccB9,0.00,https://politicsandwar.com/uploads/a3be575d6f18245ee18dfc3aa4b5e370224ce475500x353291.jpeg
12372,"2024-01-08 12:31:05","Caesars Furry Jock Legion",,green,af,,8590.38,https://politicsandwar.com/uploads/863cb4e7d96c8ff4d20861ff21c3b21489d9f411x963.png
12379,"2024-01-10 02:23:28","Testing Departure",,aqua,af,,0.00,https://politicsandwar.com/uploads/17de02526af88d2c883dc1655b791709dbcb29d01000x666848.jpg
12381,"2024-01-11 12:24:48",TypeScript,,orange,af,,0.00,https://politicsandwar.com/uploads/fc205747474139d41e6c852e4ed588333b1a76d3x269.png
12388,"2024-01-13 14:54:08","Alliance of Advanced Sciences",,black,af,,0.00,https://politicsandwar.com/uploads/cb8566044435fc4bfc0fe8cd56114b97e32d51d5600x600939.jpg
12390,"2024-01-14 08:31:48","Union of socialist republics",,aqua,af,,813.72,https://politicsandwar.com/uploads/cd72b5175933da5132d088d4347eb10259026e6dx248.jpg
12393,"2024-01-15 00:15:41","Gods Children",,blue,af,https://discord.gg/quZNy4uH,481.10,https://politicsandwar.com/uploads/040fac487ca3743b866e7786d1291ae77426c1f0215x300310.jpeg
12397,"2024-01-16 02:05:38","Anti anime Cartel",,red,af,,0.00,https://politicsandwar.com/uploads/226d67e4e0c15762a0ec5571ae4f9406f5195ffd500x349501.jpg
12405,"2024-01-18 23:22:13","Commerce-Economic Alliance",CEA,brown,af,https://discord.gg/4Zz85XgNfd,9220.03,https://politicsandwar.com/uploads/0672f7f1b96d7d10cfcf3521c1dc376cca168eb3500x250169.png
12409,"2024-01-19 13:13:57","Containment Site 453",,orange,af,,7206.38,https://politicsandwar.com/uploads/1beb91d1b0684065ae9b8d092e437491c08a0d9fx365.jpeg
12410,"2024-01-19 14:17:02",Afri-niaro,,green,af,https://cnn.it/48GC3oo,1151.54,https://politicsandwar.com/uploads/cae86be0228c271173f053ac97ed15c8bb7b2461505.jpg
12413,"2024-01-19 22:15:22","Valorian Order",V.O,red,af,https://discord.gg/c8W2bEbyNC,61130.97,https://politicsandwar.com/uploads/bb7f9203994d86c75f5a5850cf5bba4237fa3cd7500x280602.png
12418,"2024-01-20 18:29:45","Black Sheep",BS,black,af,https://discord.gg/D8sdMTBdXz,50086.78,https://politicsandwar.com/uploads/52587932a7baab2121e12df42b963cedd7653321x756.png
12419,"2024-01-20 23:08:31","Delicious Wine",,red,af,,6546.25,https://politicsandwar.com/uploads/f27d84f8409e1b743db091350e52eaabfee68ae2600x600744.gif
12422,"2024-01-22 15:24:26","Order Of Dawn",OoD,purple,af,https://discord.gg/zEDgQVR,23883.06,https://politicsandwar.com/uploads/34410ded11ca0ec31f58c9792884d326600cb3ac500x36790.jpeg
12423,"2024-01-22 16:28:04","Generations of Supremacy",,black,af,,912.61,https://politicsandwar.com/img/flags/latvia.jpg
12427,"2024-01-23 02:02:08","The Raiders",☠️,blue,af,https://discord.com/invite/4yDSuDzEsr,721.05,https://politicsandwar.com/uploads/7b98c0166c7f62fbe1fe0e789ac4a5e13f0a95e5500x31266.png
12428,"2024-01-23 11:02:33","Communist Global Alliance",CBA,aqua,af,,0.00,https://politicsandwar.com/uploads/10d16577110f99b634de7628a9175f9293edfad0x170.jpeg
12437,"2024-01-25 21:09:10","The Imperial Republic",TIR,red,af,https://discord.gg/mfUV3u7B,0.00,https://politicsandwar.com/uploads/a87d882d428606bf7c57de7ac5089872df4663cax791.png
12441,"2024-01-28 04:09:48","Melior Potentia",SPQO,black,af,,682.69,https://politicsandwar.com/uploads/a606a43d6ebf5d9843fbd10ef21b964a0e0e78fb300x300984.png
12442,"2024-01-28 08:19:32","International Peace Organisation",IPO,white,af,,0.00,https://politicsandwar.com/uploads/5e91f11d3e2ceea88ee614135267e2a881c2eb9d500x312326.png
12447,"2024-01-29 21:27:05","The Council of Nations",,yellow,af,,2005.60,https://politicsandwar.com/uploads/3f93131ce9e9e7b94c78ff7e73e6f55e6aca11d4500x328257.jpg
12453,"2024-01-30 15:36:07","Gamblers Anonymous",GAMBA,white,af,,8973.75,https://politicsandwar.com/uploads/1a98e18d7585e530ae520266e46f039be6b48c2b500x281194.jpg
12458,"2024-01-31 14:06:47","Republic of Republics",,maroon,af,,0.00,https://politicsandwar.com/img/imgur-old/ddc4c56d313a0640e3801641e75dedd3d3c1adaa54.png
12460,"2024-01-31 22:54:57","Shepherds conglomerate",Kurvaz,olive,af,,0.00,https://politicsandwar.com/img/imgur-old/0a31900529966f483de4a2a137d8f8074909fb12171.png
12461,"2024-02-01 00:39:29","Sail Loves Singularity",,green,af,,5778.11,https://img.huffingtonpost.com/asset/5bad9571260000350080f9dc.jpeg?ops=scalefit_500_noupscale
12476,"2024-02-03 23:31:37","The Republic Socialist",,aqua,af,,0.00,https://politicsandwar.com/uploads/71e3696bbaecfbd31e60f31d7ecca7efe743f8ea500x333888.png
12478,"2024-02-04 07:23:45",Boomer,,maroon,af,,7552.50,https://politicsandwar.com/uploads/67004e0c09b3edf8c4cb922aa24b32ff8e4ee2d3500x375911.png
12479,"2024-02-04 15:04:53",86,86,brown,af,https://discord.gg/feGEvSECdR,11120.19,https://politicsandwar.com/uploads/3c792261c00001f5bbf80a229ef13ad220448e1dx154.gif
12480,"2024-02-04 15:56:19","Event Horizon",EVH,olive,af,https://discord.gg/t2uQ9NPQj9,1152733.11,https://politicsandwar.com/uploads/b06d86b42ac46f5af43fc21abaa888b934e3293b500x281240.png
12481,"2024-02-04 21:43:27",Paragon,,green,af,,8247.50,https://politicsandwar.com/uploads/4b7d68c8463fc8dd98a1fe4f7a101b0ecb074dc4x581.jpeg
12482,"2024-02-04 22:14:13","Los Homoerectus",,yellow,af,,1231.17,https://politicsandwar.com/img/flags/uruguay.jpg
12483,"2024-02-05 01:32:46",Monka,,orange,af,,1534.94,https://politicsandwar.com/uploads/a32d6b851ecd1bc56780762ca152e09a22e79f7f250x240664.gif
12486,"2024-02-05 18:19:52","Serene Majesty",SM,pink,af,,151.01,https://politicsandwar.com/img/flags/papaunewguinea.jpg
12488,"2024-02-05 20:38:51","One Love","One stand",green,af,,891.49,https://politicsandwar.com/img/flags/betsy_ross.jpg
12489,"2024-02-06 02:11:02","FOR THE PEOPLE",USA,yellow,af,,1123.93,https://politicsandwar.com/img/flags/betsy_ross.jpg
12492,"2024-02-06 14:24:05","League of Arab States",,yellow,af,https://discord.com/invite/cWXkdZUQ,0.00,https://politicsandwar.com/uploads/b2b1a1d76ac2b593159816ef5d7b15982dd99db4500x333890.png
12493,"2024-02-06 18:45:32","RISE OF IRON",ROI,purple,af,https://discord.gg/kQ2SvCfd8z,5426.66,https://politicsandwar.com/uploads/dba6b49155778e78ffbc384173305cf43b25a694500x297186.jpg
12495,"2024-02-07 01:07:26","African Union",AU,aqua,af,,5741.67,https://politicsandwar.com/uploads/57911b2fb9b55c24126483e1296b7c07ac27a877500x306196.png
12497,"2024-02-08 08:52:50","Matshaas Big Girthy Specimens",BGS,green,af,https://discord.gg/ss8dHzFcKC,2730.00,https://politicsandwar.com/uploads/d0cbfd46c1c9df0958f169018237067d08051471250x312423.gif
12498,"2024-02-08 13:12:22","Teos Hefty Member",,aqua,af,,10.21,https://politicsandwar.com/img/imgur-old/ddc4c56d313a0640e3801641e75dedd3d3c1adaa54.png
12499,"2024-02-08 13:39:50","The Union of Free Republican States",TUOFRS,pink,af,,0.00,https://politicsandwar.com/uploads/195b0033484a74db26e05a189fa2c5309738a006500x330785.jpeg
12500,"2024-02-08 18:12:30","Atlas Technologies",,pink,af,,48270.00,https://politicsandwar.com/uploads/ca62db84ea0cb4060d32177a9ce7cd6322099373500x302938.png
12503,"2024-02-09 15:53:33","Uosoba Alliance",,blue,af,,875.21,https://politicsandwar.com/img/imgur-old/0a31900529966f483de4a2a137d8f8074909fb12171.png
12507,"2024-02-11 14:49:16","Proxy Treaty Organization",PTO,green,af,,215.00,https://politicsandwar.com/uploads/dac3a0e18b56014d42f3235ec67e784dcab1d25a500x333868.png
12510,"2024-02-12 10:59:13","turtle alliance",,green,af,,1089.24,https://politicsandwar.com/img/flags/turtlerepublic.jpg
12512,"2024-02-13 02:27:27","The Foundation",FND,red,af,https://discord.com/invite/SSwjyMHZFT,184977.82,https://politicsandwar.com/uploads/32848e0487625492f67c870c868b25f008c2569b500x300878.png
12515,"2024-02-14 12:14:14","Apex Factory",AF,black,af,,3873.14,https://politicsandwar.com/uploads/ea23d5ba88ad57d93e2bfe0d6bc9b21cafbc9c13441x3000.png
12517,"2024-02-14 23:43:51","Cult of Cthulhu",Cthulhu,aqua,af,https://discord.gg/D5W6byVPzj,45385.60,https://politicsandwar.com/uploads/0e66f02cb9d66afae61b30d486ba1ffafc79eb5f500x283702.jpeg
12519,"2024-02-15 01:09:13","raid target epic alliank",rtea,aqua,af,,0.00,https://politicsandwar.com/img/imgur-old/df3ebbcd290a5db656fd42c7a00bb3914a3b6a59281.png
12524,"2024-02-17 22:54:31","Upper Mississippi",,olive,af,,2966.85,https://politicsandwar.com/img/flags/betsy_ross.jpg
12532,"2024-02-19 04:55:08","Cherry Blossom",,black,af,,2511.44,https://politicsandwar.com/uploads/87a30f6e1e562ed0c19ae22f3b694e0cf886c2a2500x274703.jpg
12534,"2024-02-19 22:32:32",EuropeanUnion,EU,black,af,https://discord.gg/xsyUXm76KC,6288.11,https://politicsandwar.com/img/flags/europeanunion.jpg
12536,"2024-02-20 17:52:16","Band Of Brothers",,purple,af,,2800.52,https://politicsandwar.com/uploads/9ba52cc72dd02be7e7b331d109d959239c1d6b43500x281173.png
12539,"2024-02-21 17:12:56","The last hero",TLX,maroon,af,,1864.66,https://politicsandwar.com/uploads/8643e452a4811198ff343bc4044ac303c88d9c6d500x353536.png
12543,"2024-02-22 13:40:44","Tax free alliance",,aqua,af,,1292.24,https://politicsandwar.com/uploads/305554800467b4ce9d1d0f677feede1d7793cf78x624.png
12544,"2024-02-24 00:52:53","Scipio Albarrio",SCIPIO,green,af,,6912.20,https://politicsandwar.com/uploads/4acf31d606efac038012a20eeaacc67e32b6dc0b500x312565.png
12545,"2024-02-25 01:58:39","The Fremen",FRE,black,af,https://discord.gg/KqdpAWyMz9,35271.62,https://politicsandwar.com/uploads/357b00dce78f1395ff446cb11a1a8e669708feef500x30061.jpeg
12548,"2024-02-26 05:42:37","The French empire alliance",,blue,af,,932.48,https://politicsandwar.com/uploads/5a2517a89efa5b464e72b538ea3f516c9f1ad2fe500x333693.png
12553,"2024-02-28 00:14:08","United War Front",UWF,olive,af,,824.50,https://politicsandwar.com/uploads/e557169288509f7f635155ecdb3ab9e9a1c5e18a500x300907.png
12560,"2024-03-02 23:36:50",ICU,,red,af,,772.32,https://politicsandwar.com/img/flags/sovietunion.jpg
12563,"2024-03-05 07:05:56","United Africa",,aqua,af,,1044.13,https://politicsandwar.com/img/flags/africanunion.jpg
12566,"2024-03-08 21:54:34","Islamic Madrasa",IM,lime,af,,1090.36,https://politicsandwar.com/uploads/9ba3f15be1b14266857bfb376c68871ee27de0e4500x285888.png
12570,"2024-03-10 00:51:14","Vibe Reborn",VR,brown,af,https://discord.gg/DJyVRKJtgU,22096.64,https://politicsandwar.com/uploads/0ab8e686bf37f7d1edd0155ebc4a9e7750b748a3500x35711.jpg
12572,"2024-03-10 18:28:01",Cognito,COG,lime,af,,1890.09,https://politicsandwar.com/uploads/9c585f1a29f76c465d3b7e37d41ff72e656d517b248x300840.jpg
12573,"2024-03-11 13:54:45",GSA,,white,af,,944.40,https://politicsandwar.com/uploads/102e0f1e4476d3be167b0b13ab45a6d92b8bc856x524.png
12575,"2024-03-12 21:55:26","The First Galactic Empire",,green,af,,1018.42,https://politicsandwar.com/uploads/c36e24466e4324a2b6b0457b91e5f2e6ef6df2d6359x600201.jpeg
12578,"2024-03-14 11:33:30",aNiMaLz,,pink,af,,2474.90,https://politicsandwar.com/uploads/4fe0c2746c8ac9829e6657bc53b6413f54c82b41500x349603.png
12579,"2024-03-14 14:14:27","Food Point",,lime,af,,6093.00,https://politicsandwar.com/uploads/e7e4143fe6ce14fa7fe778527c525e9a03f3fed1x274.jpg
12580,"2024-03-14 18:28:24","The pitstoppers",,brown,af,https://discord.com/invite/7NDaxhQZ9a,0.00,https://politicsandwar.com/uploads/8e76bf591ca8627f351ba3109e47716a828a12f9500x300584.png
12581,"2024-03-15 15:13:42","Sylvanoras Whisper",,yellow,af,,0.00,https://politicsandwar.com/uploads/6f3e0ea158b243f5420d7deeafa59219b52b6fc6500x328328.png
12583,"2024-03-16 03:33:34","The Nordic Realm",,aqua,af,,1810.15,https://politicsandwar.com/img/flags/unitedstates.jpg
12584,"2024-03-17 02:37:00","No no no",,purple,af,,8948.47,https://politicsandwar.com/img/flags/argentina.jpg
12589,"2024-03-19 04:09:22","The united Americans",,red,af,,643.66,https://politicsandwar.com/uploads/cae86be0228c271173f053ac97ed15c8bb7b2461505.jpg
12591,"2024-03-19 11:24:26","The Convenience Store",24/7,white,af,,3638.44,https://politicsandwar.com/uploads/97f7db3df2e3e6c4166ffca8992d4af80a283dd3400x30057.jpeg
12594,"2024-03-21 05:50:19",CKC,,aqua,af,https://discord.gg/saJyxgstZT,321.09,https://politicsandwar.com/uploads/58d6daf9e25c8c0c118a7485401584bfc9163066370x150183.png
12595,"2024-03-21 11:22:22","Roman Senate",,black,af,,0.00,https://politicsandwar.com/uploads/0054cd9fa2ab667a3f8c0029dd778612069fa293x701.png
12596,"2024-03-21 23:45:56",Quasars,Qu,lime,af,https://discord.gg/gGb3NCSjnq,3005.13,https://politicsandwar.com/uploads/2e59b89bf169889af719937c55af4a7158c26092x173.jpeg
12599,"2024-03-22 02:36:34","Novus Junior Training Facility",NJTF,black,af,https://discord.gg/eWyaupHseh,1493.18,https://politicsandwar.com/uploads/dcdee020e1f6cf1a76352fbb767cbe1ff895416d500x375981.png
12600,"2024-03-22 10:54:38","Pirate Company LTD",,brown,af,,595.78,https://politicsandwar.com/uploads/47844f9c2fed13c93a3983c1ca4bb53a7951b9ecx953.gif
12602,"2024-03-22 13:21:26","The Ashurst Syndicate",TAS,red,af,,1411.72,https://politicsandwar.com/uploads/eac1f6fa3c025e149a42cab6a6c314ed4e166df1500x28151.jpeg
12607,"2024-03-23 15:45:17","NeoVenus Construction",NEVEC,aqua,af,,4109.55,https://politicsandwar.com/uploads/7e8aff49b54279bb394eac637c98d04c8aa395f8x427.jpg
12608,"2024-03-23 21:43:31","BRICS BLC",,aqua,af,,876.16,https://politicsandwar.com/img/flags/new_york.jpg
12609,"2024-03-24 06:10:29",SEA,SEA,yellow,af,,203.95,https://politicsandwar.com/uploads/118ea09d5492da6a1e14b0ed1c88ead057f9573bx220.jpg
12610,"2024-03-24 14:11:10","The Remnant",TKS,aqua,af,https://discord.gg/hNckqk9mrW,46353.90,https://politicsandwar.com/uploads/1a80d30f09345a28e2b711b6e97e65a7518b56e7500x280137.png
12611,"2024-03-24 14:46:14","Miuradev Security Force",M.S.F,black,af,https://discord.gg/VbnFcWawcH,16008.61,https://politicsandwar.com/uploads/414aaff33f35968f9b259322b9c6f3187d44c602500x281970.jpg
12612,"2024-03-25 16:03:31","The Grand Alliance of the Chat",,black,af,,3638.80,https://politicsandwar.com/uploads/767a691258ece11dab44649a6d60ef2f8f02dd9c500x329467.png
12613,"2024-03-25 18:47:17","ALLIANCE OF ALLIES",,blue,af,,1010.02,https://politicsandwar.com/img/flags/chile.jpg
12615,"2024-03-26 01:47:18","The Lost Mines",TLM,aqua,af,https://discord.com/invite/ybWe59czTf,177560.52,https://politicsandwar.com/uploads/c54c7d573b484f12ef85bbaf7fdb20678fd3716b500x29566.jpg
12617,"2024-03-26 21:40:21","The Oild Bois",,black,af,,1227.08,https://politicsandwar.com/img/flags/betsy_ross.jpg
12618,"2024-03-27 16:07:30","House Karstark",HK,black,af,https://discord.gg/9DuR4acBT4,969.66,https://politicsandwar.com/uploads/0f965951f75d1fe8f47b8f6b0294b5acc1094103274x300529.png
12621,"2024-03-28 14:48:51","Indore East India Company",EIC,black,af,https://discord.gg/Kz4cDcYKsB,7021.60,https://politicsandwar.com/uploads/1fb2961411a6bf7211c0d2b89e7a1280d47d22df299x300262.png
12622,"2024-03-28 18:25:19","Lol idk",,aqua,af,,987.92,https://politicsandwar.com/uploads/8164829dc4f79daddb7dee35d9cceb05d8e82179x372.png
12623,"2024-03-28 23:08:15","Double Axe",DSD,blue,af,https://discord.com/channels/1223257278594027580/1223257279541809165,1249.41,https://politicsandwar.com/uploads/b8bd2bc67c22022d54139d6912cbde15642567dc685x600102.jpeg
12628,"2024-03-31 17:10:54",Fanquoai,,blue,af,,8369.88,https://politicsandwar.com/uploads/7eea5d2fa22390eb677427c0cdb39935ca81786f668.jpg
12630,"2024-04-01 11:56:24","The New Protectors",25MP,lime,af,https://discord.gg/SkAyDb68jE,4247.88,https://politicsandwar.com/uploads/6d1e7fc54229de9cf3e8d0307b0eecd3181fd224250x193832.png
12633,"2024-04-03 10:20:26","Bunker Tec",,green,af,,6655.00,https://politicsandwar.com/uploads/b6900868ea61841caa485dfe18d58bf8b5d3bfaf500x300110.webp
12634,"2024-04-03 14:02:43",SAPTO,"BS - SAPTO",black,af,,1620.75,https://politicsandwar.com/uploads/d46e82124364b0b84fc6595503c2525f65ee87d2500x375116.png
12637,"2024-04-04 23:23:33","South Aequitas",RoA,aqua,af,,1575.81,https://politicsandwar.com/uploads/67c9dcb6380a6e7d745d7d571b36f964dbcee946500x251888.png
12642,"2024-04-09 12:08:22","Gods Will",,aqua,af,,1333.85,https://politicsandwar.com/uploads/6d704120a85ae790b818ede5fc26e755e71ef2d2500x300408.png
12645,"2024-04-10 15:03:09","The Silver Kinship","The SK",lime,af,https://discord.com/invite/QWRNUJn9sa,758.78,https://politicsandwar.com/uploads/ba5879a611893eab0d96d6975ea85d6b841b41eb500x281449.jpg
12647,"2024-04-11 11:36:00","Infinite Revenge",,aqua,af,,0.00,https://politicsandwar.com/img/imgur-old/66f83b5f82f65351dc56d657fd4da8cfdbdd6394607.png
12652,"2024-04-12 17:53:49","greater Roman empire",,red,af,,1259.36,https://politicsandwar.com/uploads/7dab2dad705fe53a14003a8fed59b061444a1bf2250x250847.jpeg
12653,"2024-04-13 05:38:11","Nuclear Coalition",NC,purple,af,https://discord.gg/8kAQxSPqeP,1469.21,https://politicsandwar.com/uploads/6e23d150ca2efbcdafc7a8f90c1c00f4bb8f2efex396.png
12656,"2024-04-14 18:23:35",Cartel,TC,aqua,af,https://discord.gg/ZEPREXjkuM,0.00,https://politicsandwar.com/uploads/df16677606367a8ea31f86fb2fb122c616a30226500x300457.gif
12657,"2024-04-14 23:50:45","Planet Express",PLNX,aqua,af,,2600.33,https://politicsandwar.com/uploads/447061e9540e1b520deb948b8ff05e4b2c990cc9x315.png
12659,"2024-04-15 16:15:39","Noob-Noob Fan Club",NNFC,green,af,,5536.31,https://politicsandwar.com/uploads/5dd8fcbf43a4ebe23ef226693b2784fb5a580a1f500x333403.jpg
12661,"2024-04-16 07:06:44","7 Deadly Sins",7DS,black,af,https://discord.gg/kwkwqSrdMQ,12068.80,https://politicsandwar.com/uploads/282d53bd1b658c4b035014245eeabd5a4493c8ac480x300759.jpg
12663,"2024-04-18 15:19:25","International Council of War",ICOW,white,af,,1382.33,https://politicsandwar.com/uploads/eead6f875d98a491ccb8ceb867336c8681b9bc3d500x333121.png
12666,"2024-04-18 23:54:12","The Oldest House",TOH,red,af,https://discord.gg/PQF7cccZEE,50353.55,https://politicsandwar.com/uploads/6734aede3d19768cf5fd98a1461a4cdbe7a5e682500x30013.png
12672,"2024-04-21 22:12:08","Republic of Canaan",R.O.C,blue,af,https://discord.gg/BZ3mDRDp,278.38,https://politicsandwar.com/uploads/8bf7c02816dbf9e24bd88e37d011c0380fd2cfb8x107.jpeg
12673,"2024-04-22 17:59:13","United Socialist Alliance",USA,maroon,af,,6125.44,https://politicsandwar.com/uploads/f1a5e4b6dd389c2ba336bae2d1cfb333c24b9cecx448.png
12675,"2024-04-23 15:22:54","The Helldivers Corps",🌎,black,af,https://discord.gg/S9SQg55Nq7,9677.52,https://politicsandwar.com/uploads/e74ffc17798e481cc1cbfa39a6f51049d2ed6ea0500x250178.jpg
12676,"2024-04-24 00:27:15","Princeton-Plainsboro Teaching Hospital",PPTH,orange,af,,5138.12,https://politicsandwar.com/uploads/0fed116499a1f8690c6b35b08442ece085fb37d7500x286950.jpg
12680,"2024-04-25 18:12:12",Democratia,,green,af,,33.86,https://politicsandwar.com/img/imgur-old/173d0e2fd98a1c7dadf08f244780fd7e5e29ed30406.jpg
12682,"2024-04-26 16:58:51","Islamic Workers League",IWL,red,af,,130.50,https://politicsandwar.com/uploads/d843abf8d2333d4fffb6f31a20a3799b4d968153500x281975.png
12683,"2024-04-27 01:49:08","The Light of Hope",TLH,brown,af,,0.00,https://politicsandwar.com/img/flags/montana.jpg
12684,"2024-04-28 12:16:21",UkkoCouncilOfOrbis,,aqua,af,https://discord.com/invite/KsRjYrbgHb,1084.06,https://politicsandwar.com/uploads/7c56ef62783033caecb11cc42eadce16d09d239a500x281682.png
12688,"2024-04-29 17:11:01","The Skibidi Alliance",TSA,red,af,,4644.94,https://politicsandwar.com/uploads/337989820a4af6aa7709eac888fdef1870664b12500x263111.png
12690,"2024-04-30 14:59:22","The Eclipse Union",,lime,af,,3114.84,https://politicsandwar.com/uploads/dcd17afd39acc403ee606375ff9040eef8fb03c6300x300909.png
12692,"2024-04-30 20:17:56","Grand Particles of Neutronia",GPoN0,orange,af,,3401.14,https://politicsandwar.com/uploads/aa31f13cf0f08acd552f9c9ad91d01ada07c0005452x300494.png
12693,"2024-05-01 12:28:33",Starry,STRY,aqua,af,https://discord.gg/NVpudu5P,942.42,https://politicsandwar.com/uploads/ccdf4cabcb45c8f2290316afb644492ae22d4afc500x281144.png
12694,"2024-05-01 13:54:11","United Confederation of States",UCS,lime,af,https://discord.gg/rc2dwtXJ,4932.00,https://politicsandwar.com/uploads/d4f8941012b446e1229ff65e55d902a1ec962efd500x281766.png
12695,"2024-05-01 22:31:49","The House of the Rising Sun",THRS,red,af,https://discord.gg/4DHBgpMR9h,1819.25,https://politicsandwar.com/uploads/0f8e08156e613b18fa1fb1627875ef4f8cac84bc500x333272.png
12699,"2024-05-02 18:30:27","Novus Junior Corporation",,black,af,https://discord.gg/6TP6rsPpyT,1880.08,https://politicsandwar.com/uploads/2c674a1becc0598bbaba913234d4957967a005b2x170.png
12700,"2024-05-03 00:16:21","Smoking Snakes",Smokes,maroon,af,,4705.78,https://politicsandwar.com/uploads/58c331ee1b993a1a9f3cc9ac9bfda91dd1a740ae268x300410.jpg
12702,"2024-05-03 22:29:59",Raiders-From-CALI,,green,af,,899.48,https://politicsandwar.com/img/flags/california.jpg
12704,"2024-05-04 05:42:57","Holy world Empire",,white,af,,2188.14,https://politicsandwar.com/img/imgur-old/0a31900529966f483de4a2a137d8f8074909fb12171.png
12705,"2024-05-04 12:28:22",Agora,🤝,white,af,https://discord.gg/fxEnhAqD6h,4778.07,https://politicsandwar.com/uploads/710205c2ba68e3cfa5572f6345cc05a1275a3eb0500x300524.png
12706,"2024-05-04 16:28:49","North Germanic and Monarchist Alliance",NGMA,aqua,af,https://discord.com/invite/Sh8TheUH7F,11669.01,https://politicsandwar.com/uploads/f19665af2c0183b048c72fa96aa8f41d55fff783500x306882.png
12707,"2024-05-04 16:35:09",Hanguk,,black,af,,302.85,https://politicsandwar.com/img/flags/southkorea.jpg
12708,"2024-05-05 00:28:11","Duck Alliance",,yellow,af,,805.79,https://politicsandwar.com/uploads/796078994cd1e607c23f17cd7f2fb2e85cb9c099450x600738.jpg
12709,"2024-05-05 12:02:47","GLOBAL UNITED",,brown,af,https://discord.com/invite/B9jwFK4r,39.80,https://politicsandwar.com/uploads/9aae73281e2af7a5d4e1a6deea53c25eaa349dc9500x333304.jpg
12713,"2024-05-06 00:33:58","Saxino II",,aqua,af,,1282.99,https://politicsandwar.com/img/flags/germany.jpg
12715,"2024-05-06 18:44:54",RSR,RSR,blue,af,,2243.68,https://politicsandwar.com/uploads/4f06db33b03338693771775feee72d16d68a4f801000x64626.png
12720,"2024-05-09 11:03:28","Orbis Islamic League",ISLAM,lime,af,https://www.guilded.gg/r/zzjBqMzAZE?i=m7pnM5zA,16914.96,https://politicsandwar.com/uploads/48c8c8290ce91dd77bac4f2aee455085dfd85227x42.jpeg
12721,"2024-05-10 00:56:25","Eternal Sunshine",,green,af,,0.00,https://politicsandwar.com/img/flags/japan.jpg
12722,"2024-05-10 01:21:24",Alliance,,aqua,af,,2107.32,https://politicsandwar.com/uploads/45556b91de486eeae8e5c325d83c71190e64ea71600x600422.jpg
12723,"2024-05-10 03:24:48","Rinse amd Repeat",,pink,af,,0.00,https://politicsandwar.com/img/flags/greatbritain.png
12726,"2024-05-10 13:11:00","The Inter-Continental Treaty",,aqua,af,,2806.34,https://politicsandwar.com/uploads/07bfd12959e8ff005f65566265897209ed70d464500x331310.jpeg
12729,"2024-05-11 00:16:22",MCXA,,green,af,,8793.72,https://politicsandwar.com/uploads/cc634513d407891962e3b7eea8ec55ae8863389f600x600853.jpg
12730,"2024-05-11 00:18:26","Inner Mongolia",,orange,af,,0.00,https://politicsandwar.com/img/flags/mongolia.jpg
12731,"2024-05-11 01:12:17","Swedish Meatballs",SWM,aqua,af,,959.71,https://politicsandwar.com/img/flags/sweden.jpg
12736,"2024-05-12 06:29:37","Union of Prosperity",,aqua,af,,814.80,https://politicsandwar.com/uploads/af1bfc0ef6b041f1a515458e4482f461a695968a1000x562732.png
12740,"2024-05-13 19:38:49",CULTure,,white,af,,4479.89,https://politicsandwar.com/uploads/31f950c64825058784adf7cdfb26cbb5c7fa49fd500x291742.jpeg
12741,"2024-05-15 00:59:51","The Ancient Empire",Ancients,black,af,https://discord.com/invite/qY7YVqKZJS,49283.69,https://politicsandwar.com/uploads/5d1c568b299714211b8409deb49f9ff70d51ffd6500x300574.png
12742,"2024-05-15 08:38:51","Summer Vacation",Holiday,white,af,,8277.50,https://politicsandwar.com/uploads/e876d5160c6f2ce9e4aeabec85e0952478b4c58c300x30057.gif
12744,"2024-05-16 13:16:04","the big black oily men alliance",,aqua,af,,1129.91,https://politicsandwar.com/img/flags/betsy_ross.jpg
12745,"2024-05-17 17:31:05","Chocolate Factory",,maroon,af,,1261.64,https://politicsandwar.com/uploads/213a5bec2f24db45c64ac42f9b9612836aa85c47250x250930.png
12746,"2024-05-17 17:47:17","United Glory",,yellow,af,,1078.34,https://politicsandwar.com/img/flags/betsy_ross.jpg
12751,"2024-05-18 17:35:01","Raccoon Asylum",COON,white,af,https://discord.gg/MrNWzccbwv,24356.71,https://politicsandwar.com/uploads/99ce45edc301d32fb99cefaf2ae51d873bcc4772500x342612.png
12755,"2024-05-18 22:48:13",conquerers,,aqua,af,,1050.94,https://politicsandwar.com/uploads/6be335d929072612d0d9e50c612f364cf3b4d8201000x619761.png
12759,"2024-05-19 04:49:31","The Salamancas",,brown,af,,5628.00,https://politicsandwar.com/uploads/2b0413091a8e33ee68af7aab4669be721745eb60182.png
12760,"2024-05-19 05:21:37","Samoan Con",,pink,af,,2935.63,https://politicsandwar.com/img/flags/americansomoa.jpg
12761,"2024-05-19 05:45:38","Imperium of Mankind Awakened",,green,af,,1126.22,https://politicsandwar.com/uploads/18d69b118aec91e5099cb390234e008d3cecaeecx907.webp
12762,"2024-05-19 08:52:34",FumoTwo,,brown,af,,7728.62,https://politicsandwar.com/uploads/e3be41cbf7450f3ba19244335554792bf6b8c3e1500x276172.png
12763,"2024-05-19 12:23:29",Stigma,,pink,af,,12458.91,https://politicsandwar.com/uploads/5ed3e8e52b17af6e4f4e8d13bd2c525db56d36ad1000x625691.png
12766,"2024-05-20 00:37:59","Vanaheim Was Take",,yellow,af,,992.70,https://politicsandwar.com/uploads/1c4ddf3ab45b538da700b8e62e5053556a3db3f4500x250625.jpg
12769,"2024-05-20 03:16:53","Dee Mack",,pink,af,,4978.85,https://upload.wikimedia.org/wikipedia/commons/thumb/0/0c/Navajo_flag.svg/700px-Navajo_flag.svg.png
12770,"2024-05-20 10:14:57","The Great Union Of Nations",,white,af,,1509.54,https://politicsandwar.com/img/imgur-old/ecae298217bb0247313e5e4d339715d9cd521c8a14.png
12771,"2024-05-20 14:39:11",LeBonBonBon,,black,af,,2157.81,https://politicsandwar.com/img/flags/chinook.jpg
12774,"2024-05-20 21:58:42","Pacific Pirates",PP,black,af,https://discord.gg/QtYbwBHa2f,10589.97,https://politicsandwar.com/uploads/9d032a2c6d9d3799c453689df16b53dd434e890a500x28853.png
12777,"2024-05-22 17:58:01","Ayyubid Alliance",,aqua,af,,1715.81,https://politicsandwar.com/uploads/76d6f3105c5306c974c4ba326688d403edba56461000x523549.jpeg
12778,"2024-05-22 22:09:33","New Golden Horde Republic",NGHR,black,af,,858.05,https://politicsandwar.com/img/flags/unitedstates.jpg
12780,"2024-05-23 00:22:14",Hangover,,green,af,,6180.00,https://politicsandwar.com/uploads/693e0dfb8c20db0909ab3225e507b623740d6a8a264.png
12784,"2024-05-23 17:33:41","The Ancients",ELDER,black,af,https://discord.gg/wUxSzP5Prn,552.21,https://politicsandwar.com/uploads/9a5641e259b8bba6104dd21a1b62b5f08facf9e1x391.png
12791,"2024-05-25 01:58:45",Toga,,pink,af,,6391.44,https://politicsandwar.com/uploads/7eea5d2fa22390eb677427c0cdb39935ca81786f668.jpg
12794,"2024-05-26 09:28:41",FrenchM,,green,af,,5124.93,https://politicsandwar.com/uploads/19eb2613010996aea67c8bbb407dad7c07e39ebex19.png
12797,"2024-05-26 22:04:53","Moat Cailin",,olive,af,,6553.46,https://politicsandwar.com/uploads/a4f0199fe01b22a747295538854fca14c317285d10.jpg
12799,"2024-05-27 11:11:27","Jewish States Confederation",JSC,purple,af,https://discord.com/invite/MZvwaj4d,2419.70,https://politicsandwar.com/uploads/9a467ce00e7c1ce8d04ffea286953eee4b0fac75500x250818.png
12801,"2024-05-27 14:41:13",UEMA,UEMA,white,af,,2991.40,https://politicsandwar.com/img/flags/europeanunion.jpg
12806,"2024-05-28 08:46:11","Union of Siberian Socialist Republics",USSR,red,af,,1523.25,https://politicsandwar.com/uploads/79a7446438dfa875a3bf084d90158423d869a918500x329315.png
12807,"2024-05-28 11:04:51",Shikoku,SHK,black,af,https://discord.com/invite/zZVYC7dyUz,0.00,https://politicsandwar.com/uploads/a41cb428586e589b9b7707fc7d5663ccfcb503dd500x281316.png
12808,"2024-05-29 02:31:25","Portuguese Speakers Alliance",PSA,lime,af,https://discord.gg/45WT3Nbm,1343.28,https://politicsandwar.com/uploads/72231451bdc9f16ba940ba0b49c1d89425ab0492300x30076.png
12809,"2024-05-29 18:46:25","Alliance of Sovereign States",A.S.S.,purple,af,,568.85,https://politicsandwar.com/uploads/b377a943be9c21fc29fcb40465c1f3c8792c3d2f500x300717.png
12810,"2024-05-29 21:33:37","Nerdys dungeon",,aqua,af,,4136.08,https://politicsandwar.com/uploads/e34c9beeb907fca2fad0a4a645bed9e02ef96f6cx930.jpeg
12811,"2024-05-30 01:18:43",Plomo,,white,af,,6025.25,https://politicsandwar.com/img/flags/argentina.jpg
12816,"2024-06-01 01:44:06",Vanius,,white,af,,6172.68,https://politicsandwar.com/img/imgur-old/0a31900529966f483de4a2a137d8f8074909fb12171.png
12819,"2024-06-02 04:58:36","The Peace Keepers",TPK,maroon,af,https://discord.gg/54UHaMQFA6,974.90,https://politicsandwar.com/img/flags/betsy_ross.jpg
12821,"2024-06-02 17:57:04","Orbis Conservation Pirates",OCP,black,af,https://discord.com/invite/jY9mR27XVa,604.25,https://politicsandwar.com/uploads/f0909b6534cafb9b02778db8cbd4ddd724b07906500x299628.png
12823,"2024-06-03 13:29:20","United Nations of Orbis",U.N.O.,black,af,https://discord.gg/Y92dFBZzbw,6966.58,https://politicsandwar.com/uploads/2ea05d6102b18f60d717e4a9c013714e4b0852b8500x29954.png
12825,"2024-06-04 11:44:45","Alliance of empires",,aqua,af,,2274.39,https://politicsandwar.com/uploads/742543bac6fe2bb1c65961ffc5783022c531a32cx179.jpeg
12828,"2024-06-04 16:21:45","New Europeanunion",,yellow,af,,1093.00,https://politicsandwar.com/img/flags/europeanunion.jpg
12830,"2024-06-04 22:27:01","Happy Old Friends",HoF,red,af,https://discord.gg/zVcd5NE,1116.48,https://politicsandwar.com/uploads/82d6e2d2c9b31c57bcc421d03bb1099b5b79ee98250x316221.jpg
12831,"2024-06-05 01:03:00",Peace,,pink,af,,2996.44,https://politicsandwar.com/img/flags/europeanunion.jpg
12833,"2024-06-05 10:30:08","The United Front of Orbis",UFO,red,af,https://discord.gg/9tFKZ8axpc,13496.22,https://politicsandwar.com/uploads/ff151a5e25d028a365c89ab5faa37a0f6e15a95c500x333863.png
12835,"2024-06-06 03:47:18","The Refugee Meowers",MEW,maroon,af,https://discord.gg/3rMgRMvDPG,2442.81,https://politicsandwar.com/uploads/a69bb329eff4f2b215bcb133714c6a65f7d727c0500x333127.png
12836,"2024-06-06 15:01:21","New Bentolia",,aqua,af,,1500.16,https://politicsandwar.com/img/imgur-old/d33bdef049ea1efcc72a76ba005395ead45624ae697.png
12838,"2024-06-06 23:53:31",manko,,green,af,,1472.57,https://politicsandwar.com/img/flags/europeanunion.jpg
12839,"2024-06-07 00:47:52","ORBIS COURT OF JUSTICE",OCJ,maroon,af,https://discord.com/invite/qWx8KqYaAG,0.00,https://politicsandwar.com/uploads/e4a8596a4fb5d361553a92fa185fac71f8ec9dce500x33436.jpg
12844,"2024-06-07 17:59:13",Liyue,,yellow,af,,14541.78,https://politicsandwar.com/uploads/1ae72b80048a7417de525809ec732065dfc647ddx772.gif
12845,"2024-06-07 22:12:08","Imperial Palace",,blue,af,,2536.89,https://upload.wikimedia.org/wikipedia/en/thumb/3/3f/Australian_Aboriginal_Flag.svg/1200px-Australian_Aboriginal_Flag.svg.png
12847,"2024-06-08 12:09:59",Neo-Comintern,☭,red,af,,1592.90,https://politicsandwar.com/uploads/a57b11ff67f48a2423107d218af7823baa1d1715500x282117.jpg
12848,"2024-06-08 13:29:21","Maghreb Union",Maghreb,red,af,https://discord.com/invite/vfGy5YZf,3695.19,https://politicsandwar.com/img/flags/africanunion.jpg
12850,"2024-06-08 18:43:54","Stupid heads",OIAI,lime,af,,987.81,https://politicsandwar.com/uploads/14f65d97661b8091e6e335d2b11faf428679785e500x300692.png
12851,"2024-06-08 22:11:30","Tabr Sietch",WAFFLEHAUS,black,af,,6519.25,https://politicsandwar.com/uploads/5341f55b9338c050b89cb5f0b884e311100fea8e1000x533139.png
12853,"2024-06-09 23:03:22","The union of kingdoms",,yellow,af,,4478.61,https://politicsandwar.com/uploads/929388f16f9473e8da51e7c1e64e8cd0e25f2e4d1000x562320.png
12854,"2024-06-10 01:30:57","Maritime Empire",,white,af,,6317.70,https://politicsandwar.com/img/flags/nunavut.jpg
12855,"2024-06-10 03:09:35","Supreme Monarchy",,aqua,af,,1220.61,https://politicsandwar.com/uploads/e2bd5a9b09e7308daa31914ada24013adff7a388x134.jpeg
12856,"2024-06-10 13:30:57","International Skibidi",IS,aqua,af,,1155.88,https://politicsandwar.com/uploads/0d562e5d5ba5d426d5508eb9a016da70692c500d500x281335.webp
12858,"2024-06-11 00:13:30","The Resolute",TR,pink,af,,2200.58,https://politicsandwar.com/uploads/3ac8aec39d6667609de7017d32874a44157bd45a500x309401.png
12859,"2024-06-11 01:20:21",LUMEX,LMX,lime,af,,0.00,https://politicsandwar.com/uploads/92e770dfb31cbe4db7f4f7913aab5177cc11e23b500x300556.png
12860,"2024-06-11 02:26:05","Black Penguins",BP,black,af,,0.00,https://politicsandwar.com/uploads/5327e1189c667fb29ec0526744c91311419e462ex749.png
12862,"2024-06-11 17:17:55","Lonely Alliance",Suck👍,black,af,,5803.38,https://politicsandwar.com/uploads/495b30495320c98d377476d93e19193c9ff238ce250x141580.png
12863,"2024-06-11 19:50:50","Yes let me think",,orange,af,,8914.01,https://politicsandwar.com/uploads/9748c28ee852e19f08b2f80dde3bced05daef051138x300584.png
12864,"2024-06-11 21:38:37",Solotaen,SN,purple,af,https://discord.gg/4ZMRFt6ZCw,2442.75,https://politicsandwar.com/uploads/11aea524d0a2077317068ba3b814f784a85b68e7500x281899.png
12865,"2024-06-12 08:27:45","Lmao part 2",,aqua,af,,1674.13,https://politicsandwar.com/img/flags/piratesheep.png
12866,"2024-06-12 16:55:08",Shuba18M,,brown,af,,22355.21,https://politicsandwar.com/uploads/cbe72e0e8cd2f15ab4f145a8abb0827536dcf6aax588.gif
12867,"2024-06-12 18:25:04",WHRT,,aqua,af,,10265.94,https://politicsandwar.com/uploads/1da6eef39b6ee51edb908020d03a8e166a1a9a3f1000x666436.png
12868,"2024-06-12 20:09:59",icecream,,green,af,,4230.01,https://politicsandwar.com/uploads/7b0ef4c05be4468bd1f5c5f5145c7d3f339f8fe5636.gif
12870,"2024-06-13 00:35:02","anti brain rot union",,olive,af,,1183.98,https://politicsandwar.com/img/flags/barbados.jpg
12871,"2024-06-13 07:45:33","Council of Authoritarian Nations",CAN,white,af,,2666.83,https://politicsandwar.com/uploads/26a1f2638a7573d0adb80609c0efebe78f9da39e500x310284.jpeg
12872,"2024-06-13 18:56:26","North Star Federation",NSF,brown,af,,2320.93,https://politicsandwar.com/uploads/6572a681852fa3088e65c003c63631d41c4ac046500x258109.png
12873,"2024-06-14 01:13:32","General Area of Three Ostritches",,brown,af,,7557.50,https://politicsandwar.com/uploads/29ff37f361e9aeafc7917c8049fac23a36f63ef9x587.png
12875,"2024-06-14 04:57:46","Anti Cringe Task Force",A.C.T.F,red,af,,1402.61,https://politicsandwar.com/uploads/2180c0529c3899bf32d98aae77d4eb4026dce304x691.gif
12876,"2024-06-14 06:45:59","UNITED NATION DEFFENCE FORCE",,blue,af,,1351.90,https://politicsandwar.com/uploads/8e8f103715eed05fd3d529b05bea61d66066295ax592.jpg
12877,"2024-06-14 19:47:18",HOGG,,orange,af,,16239.40,https://politicsandwar.com/uploads/14407b802fc0e8f3bd81f017be1aee4c3ee5c4cf500x281113.png
12878,"2024-06-15 08:40:45","Caspian Security Treaty Organization",CSTO,aqua,af,,1125.98,https://politicsandwar.com/img/imgur-old/6fae4cb1c426376e13fdb6301430be39a6b45109513.png
12879,"2024-06-15 19:08:44","Vikings Raiders",,black,af,https://discord.gg/m7C3zvXHbV,583.00,https://politicsandwar.com/uploads/441fb63c43aee48eaa15f1bfd0f001e1d3bad8f7x141.jpeg
12880,"2024-06-16 01:13:09",Auwowa,,aqua,af,,7170.76,https://politicsandwar.com/uploads/2de1a258c4c4ada3b54dd47455a83c078d6c0fcf250x137802.png
12881,"2024-06-16 04:19:45","Green Protection Agency",GPA,orange,af,,17352.80,https://politicsandwar.com/uploads/81f7613cc8daebbfad8073fbf1ee4ca25461cede500x326575.jpeg
12882,"2024-06-16 09:28:19","Wall Street",WS,lime,af,https://discord.gg/fk5tS9Cv,14626.61,https://politicsandwar.com/uploads/0c2e32ed28347f58039fa7b1ef6b890873ebccba500x281395.jpeg
12883,"2024-06-16 14:15:24",Dog4Life,,maroon,af,,6842.67,https://politicsandwar.com/uploads/bcd8d7b47f15c9bf68d469cb7952673dd253313dx687.png
12884,"2024-06-16 22:12:50","Lego Land",,white,af,,8736.73,https://politicsandwar.com/uploads/9f5c3481d215cf3121c2a6cbdbc1acc7afe240f11000x562401.jpg
