﻿alliance_id,date_created,name,acronym,color,continent,discord_server,score,flag_url
619,"2014-08-05 19:39:15",Guardian,Guardian,green,Ar,https://discord.gg/wFbUzM2,446963.41,https://politicsandwar.com/img/imgur-old/200afe185770407ae6a603ade7ba9bfbad379813917.png
622,"2014-08-06 13:37:26","United Purple Nations",UPN,purple,Ar,https://discord.gg/mfUxYv7CyR,170193.38,https://politicsandwar.com/uploads/5ae81de5820a286260e58b8599b10474bc05f013500x320142.webp
770,"2014-10-26 13:21:40",770,MH,yellow,Ar,,5671.75,https://politicsandwar.com/uploads/a6704b34c366c6fc31ae3c510e139b4b06034dcf500x300246.png
790,"2014-11-04 23:13:16",Rose,🌹,pink,Ar,https://discord.gg/Fp5Ngqg,880652.47,https://politicsandwar.com/uploads/08b10d798bacf23a9203e7f228395c87760cdb88500x333345.png
831,"2014-11-21 17:26:29","The Syndicate",t$,green,Ar,https://discord.gg/RFR6Rnq73j,925877.65,https://politicsandwar.com/uploads/f9e00900e41e4de7e86814b5bc4a0837e4e6adf0500x300747.png
866,"2014-12-08 09:18:04","Guardians of the Galaxy",GoG,lime,Ar,https://discord.gg/DVGzNXM,0.00,https://politicsandwar.com/uploads/111dd01422c16de66f4d06040c7451118efd002b957.png
877,"2014-12-12 23:23:13","Black Knights",👽,black,Ar,https://discord.gg/VrJFQMBH2R,153214.58,https://politicsandwar.com/img/imgur-old/917568acf2b88122f2e687d5bcfe41c8db855e95744.png
913,"2014-12-19 14:34:25",Arrgh,Arrgh!,black,Ar,https://discord.gg/jCAQFtJ,176539.28,https://politicsandwar.com/img/imgur-old/c4ad8a85a57d1fedc2df54ac0d34bc882a83b441644.png
1023,"2015-01-26 15:22:05","The Fighting Pacifists",TFP,white,Ar,https://discord.gg/5yT5tWS,475250.39,https://politicsandwar.com/uploads/f71555b8b9b5edb1cee9a47b1731182c7a4659b7500x3003.jpg
1210,"2015-03-21 22:52:21","World Task Force",WTF,maroon,Ar,https://discord.gg/3AXHN5B,203230.52,https://politicsandwar.com/uploads/7f1b6b4092cde322a7209affa489041e91427225258x150970.png
1246,"2015-03-29 20:09:40",Farkistan,FU,white,Ar,https://discord.gg/HDjRySg,19016.87,https://politicsandwar.com/uploads/100fe13335b6c085e46e699bf8d856d1ee996207315.png
1584,"2015-06-29 17:25:50","The Knights Radiant",TKR,orange,Ar,https://discord.gg/theknightsradiant,960755.13,https://politicsandwar.com/uploads/44f5de510da7bd1b1d8d1c6d13124c50c8e9a3b4500x299788.png
1742,"2015-08-14 18:32:07","Politics and Wei",WEI,black,Ar,,8548.75,https://politicsandwar.com/uploads/4667fac78cbdca244f2e9cff3f1b2ca125047a80500x300904.jpg
1896,"2015-10-05 16:50:32",Pantheon,🏛️,yellow,Ar,https://discord.gg/8w5mHFe,6239.14,https://politicsandwar.com/img/imgur-old/aabdb8d0f25956ba861bb1c365c404835995c5a5705.png
2082,"2015-12-01 16:15:42","New Pacific Order",NPO,brown,Ar,https://discord.gg/g5x6UZ4,2050.00,https://politicsandwar.com/uploads/f6d9d9cd426226b55504e8fe7c941c10cb7eb6ba700.png
2358,"2016-02-16 19:50:46","New Polar Order",NpO,blue,Ar,,3918.41,https://politicsandwar.com/img/imgur-old/a69030707aac568c9eb564ed58dfa6bacfa34da5165.png
2510,"2016-03-20 06:51:10","Royal Alba Charter Company",RACC,green,Ar,https://discord.gg/FJeNyKhxPt,73471.09,https://politicsandwar.com/uploads/30aa415263836ea59b74afac58c24cc2049705dc500x300345.jpg
2594,"2016-04-04 10:01:03","United Socialist Nations",USN,red,Ar,https://discord.gg/e2VvhPwnb7,102298.64,https://politicsandwar.com/uploads/af8e8e07558e73296fee85e09ab859473c8a9818500x281363.png
3339,"2016-09-23 00:04:24","Grumpy Old Bastards",Grumpy,green,Ar,https://discord.gg/8BZztQQ,446289.16,https://politicsandwar.com/img/imgur-old/5dd661b245f116d7220762458df6eb9df784822a390.jpg
3427,"2016-10-07 17:28:42","Legion Of Dawn",LoD,white,Ar,https://discord.gg/pQwTGU2z45,9731.06,https://politicsandwar.com/uploads/4eb27a8bf1cd8a2a0823c417de0331a6844e95f4500x281391.jpg
3683,"2016-11-08 20:24:05","House Stark",HS,olive,Ar,https://discord.gg/aRhfKtBzp8,228069.19,https://politicsandwar.com/uploads/86d51d21eaf10b22474226dda75f1289ce26806ex456.png
3940,"2016-12-20 00:38:26","The United Empire of ZahAharon",TUE,purple,Ar,https://discord.gg/yZmr9av,2190.00,https://politicsandwar.com/uploads/5ba2f1328cb1211b742c91c72d9c34db1248101b489.png
4124,"2017-02-01 17:00:43","Knights Templar",KT,orange,Ar,https://discord.gg/RyPP7hBKqs,354810.44,https://politicsandwar.com/uploads/d84f79f30157a8d3ee5386bd1aa605164245a23b500x30089.jpeg
4150,"2017-03-19 10:05:19",Yarr,GOLF,black,Ar,https://discord.gg/cbF74Dg,148880.47,https://politicsandwar.com/uploads/57056016e0494b5e9e860188582d4db5ac119883500x333979.png
4221,"2017-06-11 12:22:29",Spectre,SPC,maroon,Ar,https://discord.gg/Uyn3m5D,486325.84,https://politicsandwar.com/uploads/6d9b47efa910be7d38c73d3b0a5bb54ac93bcda3500x312386.png
4271,"2017-08-09 02:18:58",Oblivion,"S H I T E",green,Ar,https://discord.gg/YRerfDpaKJ,103088.78,https://politicsandwar.com/uploads/77f48785108ccfdc120abfd909836623bddd89abx511.gif
4397,"2017-12-10 03:25:36","Strickland Propane",Strickland,maroon,Ar,https://discord.gg/SFEpZNf,29643.32,https://politicsandwar.com/uploads/a118889f96a7c98bd6c465415353aaf6452d9915500x300529.png
4468,"2018-01-07 07:22:03","Purple Flower Garden",PFG,orange,Ar,,10338.00,https://politicsandwar.com/img/imgur-old/0f4f936ea7c16e834208f05cef1a98f6c0eddb47463.png
4567,"2018-02-23 02:31:21","The Golden Horde",TGH,yellow,Ar,https://discord.gg/nUGFqj4,221089.25,https://politicsandwar.com/uploads/8b3ac7ce4e1cbd4203e3c7bef70582d64ac46f59500x312601.png
4623,"2018-03-18 07:10:01","The Empire of the Moonlit Sakura",9K-天朝,maroon,Ar,https://discord.gg/3HrZhNCR49,2531.50,https://politicsandwar.com/uploads/77a7d97093ba2365abccad3f88475c9d2769678584.jpg
4638,"2018-03-21 05:20:16","Sacrum Romanum Imperium",HRE,maroon,Ar,https://discord.gg/2WGKQGPPhY,59318.85,https://politicsandwar.com/uploads/7301cea65b528edb03d7f7a66a88d591b2e8d27f500x333596.png
4648,"2018-03-22 22:26:01",Aurora,AUR,green,Ar,https://discord.gg/NSvDF7GqBj,11516.76,https://images84.fotosik.pl/1023/f49d99150a877b08.jpg
4729,"2018-04-13 22:07:21","Church Of Atom",CoA,green,Ar,https://discord.gg/DCQsEuf,9424.73,https://politicsandwar.com/uploads/a18a33770a8efb8ce21bf21468d6f7d404e73392500x333798.png
4829,"2018-05-05 16:54:12","The Enterprise",e$,lime,Ar,https://discord.gg/tm4aaKUGMd,182158.46,https://politicsandwar.com/uploads/acb59b63c53934d487a8d41276ddefe5cf7e9e71500x300385.png
4937,"2018-07-13 09:44:55",Camelot,🐲,maroon,Ar,https://discord.gg/camelot-465573583532589058,459430.31,https://politicsandwar.com/uploads/fb611762607d24122d7bb2bdf8407df6af740324x59.png
5012,"2018-08-19 21:19:31","Respublica Romana",R&R,pink,Ar,https://discord.gg/rUJyB4U,0.00,https://politicsandwar.com/uploads/b67280cb2aac79d9b005553bdba50f34c1172af3x271.jpg
5039,"2018-09-09 00:20:10","Goon Squad",GS,green,Ar,https://discord.gg/uJGwKCK,10767.95,https://politicsandwar.com/uploads/f62cf330574ddc0dbd044b54a721efcbbef2d145647.jpg
5049,"2018-09-17 19:17:51",Carthago,CTO,olive,Ar,https://discord.gg/WAK7FWDkf8,4357.01,https://politicsandwar.com/uploads/c196c11b0cfca8e388e29edcc7dc1c758ab6206d500x281938.png
5476,"2019-05-06 16:50:03",Weebunism,🌸,brown,Ar,https://discord.gg/VMxbrMR,395051.09,https://politicsandwar.com/uploads/59f9326d615778b1cb789e4e4b5b9d652f0cdf21500x300322.png
5658,"2019-06-23 00:17:04","Unforgiven Legion",U.L.,green,Ar,https://discord.gg/Wjek998,33042.31,https://politicsandwar.com/uploads/6e7d1598085fc5929b0522d0b22f8078bd33e474500x250194.png
5875,"2019-08-04 19:30:43","The Immortals",IMMORTALS,yellow,Ar,https://discord.gg/8w5mHFe,705438.26,https://politicsandwar.com/uploads/f658b8d433a3e2c8835383d90f691254ecdab94dx680.png
6088,"2019-09-07 22:29:58","Terminus Est",💀,maroon,Ar,https://discord.gg/7xSa8WrbJA,10520.00,https://politicsandwar.com/uploads/b0cac855367acc367ae4619baaa337ba8060c2a4500x300891.gif
6126,"2019-09-14 03:39:06","The Lost Empire",TLE,aqua,Ar,https://discord.gg/uJwCEs3qrJ,0.00,https://politicsandwar.com/uploads/f335d2149c46a6b1f664d32592dc2d871b7c5dcc500x258931.png
6877,"2020-01-07 23:40:55","Advanced Syndicalist Mechanics",ASM,red,af,https://discord.gg/SGgessb,0.00,https://politicsandwar.com/uploads/1c8cb8d10c2166cb00c75e5c2e047eb76ba0cc5b450x300644.png
7000,"2020-01-19 18:26:32","Banana Stand",BS,orange,af,https://discord.gg/t7dzPAV,29325.00,https://politicsandwar.com/uploads/207be35e6da41541f92e814cb2dff109bc3f332e500x299517.png
7094,"2020-02-02 10:53:42","The Coal Mines",TCM,pink,af,https://discord.gg/ybWe59czTf,6745.85,https://politicsandwar.com/uploads/364b80261d08d1750f2898abc48117eef7daa1d1x783.webp
7249,"2020-02-19 19:32:31","The Firm",$f,green,af,,21688.75,https://politicsandwar.com/uploads/acde1ad6c273e804750867b1b278e85ffda51fb5589.jpg
7346,"2020-03-11 23:55:25","Chocolate Castle",CC,pink,af,https://discord.gg/uvhaJpyKtw,0.00,https://politicsandwar.com/uploads/ded131b45a77f67b7714b8cdd637041c914c8ba4500x333251.png
7433,"2020-04-06 02:09:18","Almighty Corporation",ALMC,yellow,af,https://discord.gg/aDnRmzH,0.00,https://politicsandwar.com/uploads/f546e0e1042b03467c682e53bd214abff4fdaf5e500x3007.png
7450,"2020-04-12 18:27:50",Eclipse,☾,brown,af,https://discord.gg/sGzXF7P,1449663.19,https://politicsandwar.com/uploads/64c45acf7b258e6671f32addc4debb7d007e3fed500x30079.png
7484,"2020-04-25 14:13:28","Global Alliance & Treaty Organization",GATO,brown,af,https://discord.gg/B6pTkZGP9U,376833.77,https://politicsandwar.com/uploads/b1b89ff432373d17e71a39ad0f16bcd7416b8d31500x300597.png
7580,"2020-05-31 06:19:19","The Legion",SPQR,purple,af,https://discord.gg/RvEAPsp,322164.54,https://politicsandwar.com/uploads/e254b002f149b41dd2357a3a8628cbb096231ed1x990.png
7674,"2020-07-15 00:11:14","The Mortals",TM,lime,af,https://discord.gg/8w5mHFe,41308.99,https://politicsandwar.com/uploads/f2f9456f4c707d1d3b21f28563b930d20ee36fa5500x30039.png
7698,"2020-07-24 06:27:38",NukaWorld,7K-7G-NW,maroon,af,https://discord.gg/rB9nEf9,0.00,https://politicsandwar.com/uploads/ad36737cfc320fafb79dbfe33848edefca2ddecfx377.gif
7750,"2020-08-17 07:27:40","United Ummah",UU,lime,af,https://discord.gg/8Q25CyE,161575.25,https://politicsandwar.com/uploads/b895e2e5ff32be5bdb5436edf9788d5f8100da03500x298871.webp
7806,"2020-09-02 21:00:48","Neon Dystopia",,lime,af,https://discord.gg/CQ3b55G,0.00,https://politicsandwar.com/uploads/a5dbad95a2446481c856407a104da68c772d872c286.jpg
7815,"2020-09-06 15:23:49","99942 Apophis",99A,black,af,https://discord.gg/yF24Mgk,32874.05,https://politicsandwar.com/uploads/d451c53bf1a6b5030083bf6f48aed590524d78dcx741.jpg
8236,"2021-01-16 16:23:43","Name Withheld",❓,orange,af,https://discord.com/invite/89fsQSCUHM,174358.73,https://politicsandwar.com/uploads/bf95c3ffec641883c445463fb58372e0eee9235a500x300839.png
8257,"2021-01-25 05:26:14","rose but better",,red,af,,0.00,https://politicsandwar.com/uploads/a52d1789972fedd91e8698a4b3552454736ea0fd800.jpg
8343,"2021-03-13 12:51:59","The Armed Peacekeepers",TAP,white,af,https://discord.gg/5yT5tWS,0.00,https://politicsandwar.com/uploads/96fb005856f5eac25d479449ecc3183e70115d86x725.png
8442,"2021-04-18 18:00:44","Antifa Super Soldiers",🍑,green,af,https://discord.gg/pN8XRSR,12.90,https://politicsandwar.com/uploads/5509b91d1778658795615ecf5c79b4f6cf44d6a0x648.png
8459,"2021-04-23 17:20:18",Genesis,GNS,aqua,af,https://discord.gg/Yhv73hftkU,0.00,https://politicsandwar.com/uploads/fe518f7402c90c78b5aa5f22bf4fce2225649cf1x161.gif
8577,"2021-05-17 12:58:42","Heung Shing Corporation",HSC,purple,af,https://discord.gg/uGXdCrZ8Sh,37988.08,https://politicsandwar.com/uploads/47dc0f39100b21e36f84c8e16db124adebb15d35500x497903.jpg
8651,"2021-05-30 04:06:28","United Commerce Republic",UCR,blue,af,https://discord.gg/PZcawYZHqh,0.00,https://politicsandwar.com/uploads/81c427bce43293d96cfc1e852f72c4d549312b09x947.png
8819,"2021-07-15 20:20:04","The Hive",tH,purple,af,https://discord.gg/uszcTxr,7192.75,https://politicsandwar.com/uploads/1d5a2ce435813eed65b5b3bfd6179dd2277be98c500x30074.png
8899,"2021-08-16 18:09:58","Federated States of Orbis",FSO,purple,af,https://discord.gg/FbjJnx37ea,146829.29,https://politicsandwar.com/uploads/22c85012f8e5a267367ac1b2abd986d8d090c7fa500x300827.jpg
8900,"2021-08-17 20:31:54","Admin Alliance",,aqua,af,,710.00,https://politicsandwar.com/uploads/37ca458b5444264e04dc8d7fcd0d77e46d03eecfx3.gif
8926,"2021-08-20 02:34:45",Gallowglass,,yellow,af,,54297.67,https://politicsandwar.com/uploads/d76d758be9b1ed55da9a3139e537ef0f0669e044500x296404.jpg
9000,"2021-09-01 02:53:36","The Hand of Fate",HoF,orange,af,https://discord.gg/RyPP7hBKqs,9130.17,https://politicsandwar.com/uploads/edcab00901317bd2b386ea4dd4ddd6d4958b58bf500x300991.png
9145,"2021-10-11 17:08:56",Kshatrias,,black,af,,0.00,https://politicsandwar.com/img/flags/bahrain.jpg
9192,"2021-10-28 03:46:03","United Nations of LATAM",USL,red,af,https://discord.com/invite/46s5CuYsRq,0.00,https://politicsandwar.com/uploads/9fa73f4f909cdfcc0da247b8a134b1d4f1b9cda0500x333301.png
9331,"2021-12-15 18:26:44","Barber Shop",,lime,af,,0.00,https://politicsandwar.com/uploads/99834a5b45417fe1349a4d08d1b9c37d51a71393250x250916.jpg
9432,"2022-01-08 00:41:52",Orchid,DtC,green,af,,10518.65,https://politicsandwar.com/uploads/3f1913b41987d7f62106fff3398ee08b7c8ac5a1500x300661.png
9445,"2022-01-11 20:26:59","The Aegis Order",TAO,lime,af,https://discord.gg/JSAEGjmUQG,86234.51,https://politicsandwar.com/uploads/748838acb90b6bca5199d9b0588a02ebea3748f5500x28155.png
9573,"2022-02-10 21:33:48","Black Skies",⚓,black,af,https://discord.gg/yRSYgCEGSb,0.00,https://politicsandwar.com/uploads/496133dadea8506c6e0fc8a0d301c1282a50df53x694.jpg
9600,"2022-02-18 09:18:22","Imperium of Man",IoM,purple,af,https://discord.gg/5NskGyXGCS,0.00,https://politicsandwar.com/uploads/78014ee92448e05b82b0d2835d4d8fca71b88980x798.png
9661,"2022-03-09 21:48:50","Pika Party",PIKA,olive,af,https://discord.gg/KVGCbWFc3K,0.00,https://politicsandwar.com/uploads/15302522dc76fc1b962a4750520b866209154160500x300614.png
9665,"2022-03-11 12:51:33","Union of Perthton",,green,af,,0.00,https://politicsandwar.com/uploads/d6ba77453ccb2b8c4d8e56802afa8464c1298e55x632.png
9712,"2022-03-23 13:35:09",Zenith,,orange,af,,3098.12,https://politicsandwar.com/img/imgur-old/48664f573e2391f1770adf56fc7371eba506b385277.png
9745,"2022-03-28 18:30:22","GUND-ARM Inc",🤖,purple,af,,9128.63,https://politicsandwar.com/uploads/55decb5fc75a67f890fccfca57979019d7b730ed500x281865.jpg
9801,"2022-04-14 01:12:24","The LordStrum Vanity Project",LordStrum,black,af,,0.00,https://politicsandwar.com/uploads/3a375b9b86ad87cc69b86649104b73eeb49095a4500x281277.png
9862,"2022-04-29 19:52:05","The Key",TK,aqua,af,,3211.29,https://politicsandwar.com/uploads/b8c7b37b25726bfa5262792c961ade2a36aed2a1x402.png
9927,"2022-05-19 21:55:00","The Wei",Wei,green,af,https://discord.gg/kTQesxXfMW,0.00,https://politicsandwar.com/uploads/584cdddeaf66070e5ad67c2f47e3fa192733844d500x30030.png
9999,"2022-06-01 15:22:21","Rainy Days",🌧️,white,af,,5388.00,https://politicsandwar.com/uploads/7c9a705331f60fbf50ac38b09cd2524a4c76e649500x300878.png
10000,"2022-06-01 15:22:34",Shuba10KM,,brown,af,,22971.50,https://politicsandwar.com/uploads/852342d97e42a6c6698cf0147b01be1c30ff7585250x140895.gif
10075,"2022-06-16 16:03:00",Vault-Tec,VTC,aqua,af,https://discord.gg/bGZ4mM9Pc9,103784.32,https://politicsandwar.com/uploads/78152fa9a87803ab13749e3a24cac4e248b19a32500x281594.png
10117,"2022-06-26 05:05:42","Crusaders of the Holy Boogaloo",CHB,black,af,https://discord.gg/zYQvuzA,1690.00,https://politicsandwar.com/uploads/51a720571643c9d050f7e6d1f4fd0558e45c0664500x281662.png
10177,"2022-07-05 12:25:54","Man I Love Frogs",MILF,olive,af,https://discord.gg/3ZekYnkf3H,137373.69,https://politicsandwar.com/uploads/4509258c1093f2b98f273c3f21c82d5942033fd3500x375809.jpg
10198,"2022-07-08 11:58:44","Damn I love Frogs",DILF,green,af,https://discord.gg/3ZekYnkf3H,6377.50,https://politicsandwar.com/uploads/dc37d4ce8462b10d3091c298d6c62c4905ddc353500x481862.png
10259,"2022-07-22 11:36:16",Darkstar,DS,black,af,https://discord.gg/wYM6w3dzcc,169766.75,https://i.ibb.co/qJygzr7/Leonardo-Phoenix-A-dazzling-star-emits-white-to-bluish-light-s-2.jpg
10269,"2022-07-24 01:54:18",Mayhem,MYM,yellow,af,https://discord.gg/ZMBdUkMngp,76884.68,https://politicsandwar.com/uploads/7f3fec3135b8a0840c212b2f799572dd375fb41a500x279654.png
10304,"2022-08-01 06:07:04",Samurai,Sam,red,af,https://discord.gg/9naupWFEbJ,204159.87,https://politicsandwar.com/uploads/2637dfdaa33e561486fbb0656bf4d42508100817500x29972.png
10334,"2022-08-08 16:27:36","Arkham Asylum",AKA,pink,af,https://discord.com/invite/N5txHQTPPz,74256.51,https://politicsandwar.com/uploads/fe2f4d8b6c552c64560f859814d3224dd141b7dd500x285437.jpeg
10377,"2022-08-17 20:30:49",-Yorkshire-,,lime,af,https://discord.gg/XU59nVMRHv,85443.21,https://politicsandwar.com/uploads/0e20043de5aeb8a457a5cd0264d13d90026acedd500x300547.jpg
10382,"2022-08-19 20:19:11",Fumo,ᗜˬᗜ,brown,af,,4547.90,https://politicsandwar.com/uploads/2188de438a2c0b8ae4f5eced378e00b3ac74774f300x300878.png
10384,"2022-08-20 02:25:11","GASH LOYAL",GL,lime,af,,1407.92,https://politicsandwar.com/uploads/115be7a0f87fa7ef5b515f72583b61412033d6f6250x250916.jpg
10455,"2022-09-04 07:21:12","Anti-Horridism Obocchama Kun",AHOK,blue,af,https://discord.gg/YEbNwtGk,3499.32,https://politicsandwar.com/uploads/498d9e44335edc06e65a95abbd900242aef3ba65x737.jpeg
10497,"2022-09-13 20:28:31","Freehold of the Wolves Offshore",FTW,orange,af,,862.56,https://politicsandwar.com/uploads/ea0b6910e200bfd1900d5b554da1625cbcb8d818500x283844.png
10498,"2022-09-13 20:51:42","The Witcher Order",TWO,blue,af,https://discord.gg/yFBZweHpBv,3211.02,https://politicsandwar.com/uploads/22b259db667f1843341e060a0ce015602e5bf449500x31210.png
10523,"2022-09-19 09:12:10",Valinor,,pink,af,,23839.11,https://politicsandwar.com/uploads/825f5801b7bad0f0d07572855d27d024d4537cb2500x300407.png
10555,"2022-09-28 01:40:36",Akatsuki,Aka,maroon,af,https://discord.gg/fzWJ3pXmyY,28013.34,https://politicsandwar.com/uploads/a5c7b99d360c0cacddac83f7915243e164d7514a500x312411.png
10607,"2022-10-11 02:20:24","Kiln Of The First Flame",KFF,blue,af,https://discord.gg/MQhsVYwRCa,0.00,https://politicsandwar.com/uploads/409b06b46d9f4e775086912cd05c0c30e9fb2ef5500x280148.png
10613,"2022-10-15 09:46:32","Union of Socialist Soviet Republicz",USSRz,red,af,https://discord.gg/c4We74sTet,1780.69,https://politicsandwar.com/uploads/e3c54dbc3e7a833ae99404b426f5643f8cc9b6b7300x300884.jpeg
10629,"2022-10-21 07:04:53","Momento Mori",MM,orange,af,https://discord.gg/nAbW2mgYsm,36373.77,https://politicsandwar.com/uploads/b4854d440082d5c0e851545e50ec6b8dfb5dc83d500x373612.jpeg
10659,"2022-10-30 17:02:51",Panem,PN,red,af,https://discord.gg/SKPF47x9gb,49917.88,https://politicsandwar.com/uploads/940229cea60fcfbc6a9bab582bf8c08dfc74c120500x30019.png
10664,"2022-10-31 20:57:15","Cult of Canyon",CoC,white,af,,2610.85,https://politicsandwar.com/uploads/c92f8133dd74d13ebd1059e8646d7b128ab741a8500x300269.jpg
10675,"2022-11-06 07:42:12","Chemical X",Fratricide,purple,af,,0.00,https://politicsandwar.com/uploads/591d81ea0f395f2820bfa68be56ea4930b709431250x250651.png
10970,"2023-01-15 03:28:27","Presidential Republic of Igua-sul",,white,af,,1535.53,https://politicsandwar.com/uploads/107d056966633bfd674b497ef8a4ad75d3406d93500x337901.jpg
10983,"2023-01-16 18:01:51","Brothers in Christ",BiC,white,af,https://discord.gg/9a6mqwat2c,0.00,https://politicsandwar.com/uploads/55637f80517488c68811e423a2d3066a4277d90c500x30040.png
10993,"2023-01-19 11:26:34","Hermit Island",HERMIT,green,af,,0.00,https://politicsandwar.com/img/flags/bahamas.jpg
11009,"2023-01-23 02:08:31","The Republic of Libertas",RoL,red,af,https://discord.gg/YKsVJGfCsS,222194.78,https://politicsandwar.com/uploads/4426feff6292fe403e2475ebee720980d70ea3b0450x300365.png
11032,"2023-01-29 00:52:26","SFR Yugoslavia",SFR,purple,af,https://discord.gg/AxpsZQvQzq,137680.71,https://politicsandwar.com/uploads/71535eb0faf8159c30d8b3698eb7ab09fa210788500x250902.jpg
11046,"2023-01-31 22:51:22","Magnum Opus",$,green,af,https://discord.gg/uyUsXRp5HW,52736.25,https://politicsandwar.com/uploads/9cc16f4059eaef42d525e68f5295f848c3de6110192x300720.png
11048,"2023-02-01 09:25:35","Empire of the Romans",SPQR,purple,af,https://discord.gg/eotr,289786.94,https://politicsandwar.com/uploads/5470b39aab4aee612b492a0808ee331e0376f3b8500x291878.jpeg
11062,"2023-02-05 15:00:08","Antarctica Alliance",AA,aqua,af,,218952.91,https://politicsandwar.com/uploads/e59049052b780f665b5f2b1e0fd59d661d0d8ef2x600.png
11189,"2023-03-07 22:06:23","Weaponized Assault Penguins",WAP,white,af,https://discord.gg/GVufsd7Kac,361420.97,https://politicsandwar.com/uploads/94ddf31997566c7ec5e7a91ff5a79823c62cef7b500x30040.png
11202,"2023-03-10 17:24:54",Arrkboom,,aqua,af,,3690.15,https://politicsandwar.com/uploads/0abaea88b53ebd9fb8e464a2706fcbea9a094fcb895.png
11279,"2023-04-04 07:19:30","HOUSE OF LORDS",HOL,green,af,,0.00,https://politicsandwar.com/uploads/43d1ada8360b844bc69c81dad7c27c92210cb5e01000x969597.png
11281,"2023-04-04 13:31:49",Britonnia,,brown,af,https://discord.gg/2FfHbNEk2w,0.00,https://politicsandwar.com/uploads/66a8161bf61ebce6f4f7f19346d4373e8be2bef7500x290236.jpg
11330,"2023-04-18 08:21:52","Men In Black",MiB,green,af,,4508.61,https://politicsandwar.com/uploads/89e96946736d32b8f0ac8d2212d22b59440e5150x485.gif
11331,"2023-04-18 12:07:05","BROTHERHOOD FAMILY",BroFam,red,af,https://discord.gg/VMjAzncRAF,2934.71,https://politicsandwar.com/uploads/b019abe7ce91fc98863e590000236faba320a848x861.png
11339,"2023-04-21 07:30:05","The High Table",THT,red,af,https://discord.gg/77w5x8rrXY,105693.17,https://politicsandwar.com/uploads/67a03e38413cb5e96103a80cf178e2fabc915e12x276.png
11340,"2023-04-21 12:59:41","Orbis Peace Organization",OPOirjed8l,brown,af,,1420.53,https://politicsandwar.com/img/imgur-old/ddc4c56d313a0640e3801641e75dedd3d3c1adaa54.png
11349,"2023-04-24 07:56:09",Shamballa,"UGF S",aqua,af,,1594.39,https://politicsandwar.com/uploads/f1806bc24257dcf95a92f8cf261754dbe06743d4x925.png
11455,"2023-05-13 01:21:50","Penguin Party",,green,af,,8597.52,https://politicsandwar.com/uploads/2475e31869405a6bb5365bd930fb8696fc546d93x404.png
11504,"2023-05-24 12:41:04",H0D0R,,purple,af,,0.00,https://politicsandwar.com/uploads/cb309b07947e0c1884f6342503f71b253d2f68701000x584484.png
11553,"2023-06-06 00:35:35","Globglogabgalab Inc",GLOB,purple,af,https://discord.gg/92ckmSJrvK,0.00,https://politicsandwar.com/uploads/e89b1db990b21ac57bcd373086913b85cf081441500x334651.jpg
11555,"2023-06-06 08:19:34",R&R,RnR,blue,af,https://discord.gg/URuyTuFNxn,0.00,https://politicsandwar.com/uploads/fb962c7d0b95c0bc0570a6ccd6610f5609b1f5cd450x300927.png
11568,"2023-06-11 14:31:16","The Paladin",,aqua,af,,0.00,https://politicsandwar.com/img/flags/europeanunion.jpg
11610,"2023-06-28 23:57:54",Nuka-Town,7K-7G-2A,maroon,af,https://discord.gg/W9kb72gbcD,0.00,https://politicsandwar.com/uploads/903f6d0500f5eefb33e4563a4e3069bb14f60208x482.gif
11622,"2023-07-03 00:59:18","Communist Republic",,green,af,,1359.97,https://politicsandwar.com/img/flags/russia.jpg
11627,"2023-07-04 07:22:56","The empires",,red,af,,0.00,https://politicsandwar.com/uploads/df9ed9e267741bb58715a8f091874c50aea22eb5300x300536.png
11657,"2023-07-14 12:14:08",Singularity,SIN,blue,af,https://discord.com/invite/uxCm7YkEcF,650365.50,https://politicsandwar.com/uploads/9bf6e79d3876dd23803cec6b9f85df50fffe5031500x333108.png
11660,"2023-07-14 22:42:19",Pokimans,PKM,yellow,af,https://discord.gg/wqa4GfHTSE,54192.52,https://politicsandwar.com/uploads/8eda6f576a6d9c93a414f9ff58f852b21796d04c500x312278.jpg
11668,"2023-07-16 01:42:13","Alliance Name",,white,af,,0.00,https://politicsandwar.com/img/imgur-old/0a31900529966f483de4a2a137d8f8074909fb12171.png
11674,"2023-07-18 13:00:00",Hovel,H,green,af,,0.00,https://politicsandwar.com/img/flags/canada.jpg
11682,"2023-07-20 23:32:01",Miski,,pink,af,,0.00,https://politicsandwar.com/img/flags/guyana.jpg
11703,"2023-07-25 12:22:27","Equality-Democracy Pact",EDP,purple,af,,0.00,https://politicsandwar.com/uploads/2422d36d7ad962175ef3b018b89d7d13e8cf253d500x333976.png
11734,"2023-07-28 08:47:06","The Warsaw Pact",WP,red,af,,0.00,https://politicsandwar.com/uploads/62833427f09faed40be5dbce6ea67051f67967d3250x250286.png
11758,"2023-08-01 13:36:53","Mercenaries of Orbis",Liberty,black,af,https://discord.com/invite/ZPae8haAM,0.00,https://politicsandwar.com/img/flags/betsy_ross.jpg
11840,"2023-08-19 14:40:34","United World Alliance",UWA,blue,af,https://discord.gg/wYDRxUGKNW,0.00,https://politicsandwar.com/uploads/9d67eebd69f26ef195b958898feb2e5078c41731x446.png
11875,"2023-08-25 04:38:44","THE FOUR HORSEMEN",T4H,olive,af,https://discord.gg/gEtzWsgmGN,0.00,https://politicsandwar.com/uploads/07d6b075bb0f30366588c17deaff8f2e08bc14d2x542.jpg
11880,"2023-08-26 00:45:03","Tomb of the Mandalore",TotM,red,af,,0.00,https://politicsandwar.com/uploads/e0302bb33abc7d0800aa755f9bb335ab47c24d5e500x263354.webp
11881,"2023-08-26 02:02:36","Cream 2",,white,af,,2400.08,https://politicsandwar.com/uploads/7840b2223d5f059fc1e93cc5d5fcd1eb4c66e19c1000x562645.png
11915,"2023-09-01 01:14:56","Cool Cobras",Cobras,green,af,,1035.00,https://politicsandwar.com/uploads/d31211410fe0340bd5db811e8c8357e87970027f500x253352.jpg
11965,"2023-09-14 15:57:58",Nemesys,Nem,purple,af,https://discord.gg/mAZknM5YTY,93990.87,https://politicsandwar.com/uploads/c1f6c5264817434808581f5a0ca72f329a7ba25c500x312434.jpg
11973,"2023-09-16 07:28:30","Requiem Project",,orange,af,,1650.29,https://politicsandwar.com/uploads/8052f7bddb68a4136a7d9033d69d3672ad744851x281.png
12060,"2023-10-08 23:45:19","Brethren of Moose",BoM,green,af,,0.00,https://politicsandwar.com/uploads/671a5ff5f0689a27482200fd75044ae536257f1cx469.png
12097,"2023-10-19 04:11:19","Dark Brotherhood",DB,blue,af,,8902.80,https://politicsandwar.com/uploads/efa7794077667d86bd7887bcd44ff25bdb0283ec480x300221.webp
12127,"2023-10-26 06:42:52","Intercontinental Treaty of Trade",ITT,aqua,af,,0.00,https://politicsandwar.com/uploads/fb2e2dcd78b158b36fb9f3e48a039ae987daf0991000x562863.png
12149,"2023-10-30 15:47:35","The Empire Of Avalon",TEA,white,af,,941.72,https://politicsandwar.com/uploads/1ce3f68d54ef63f38808987702f017d912e7d9a6500x333445.png
12198,"2023-11-15 13:12:09","Alliance of The Republic and States",A.R.S,green,af,https://discord.gg/C2uM33mS,236.60,https://politicsandwar.com/uploads/5ef17764110cf8991cda3a1bdfbc961f3d7815ddx935.webp
12202,"2023-11-16 01:22:04","The Western Alliance",,aqua,af,,0.00,https://politicsandwar.com/uploads/cae86be0228c271173f053ac97ed15c8bb7b2461505.jpg
12213,"2023-11-20 02:57:52","DeVito Union",DeVito,orange,af,,668.73,https://politicsandwar.com/uploads/ed40fc55e33d19fba5019b0bec9b39368ebbc761500x292708.jpg
12216,"2023-11-20 23:09:54","Communist Propaganda",CP,black,af,https://discord.com/invite/8fuYZNbhYk,0.00,https://politicsandwar.com/uploads/1a2d025cae71260f1dd786efa5926d5706f26ef8500x263269.jpg
12234,"2023-11-28 19:36:42","Crimson Corp",,purple,af,,4256.67,https://politicsandwar.com/uploads/378de65ceecaaab8aca48212b05696a263bf4d42300x300702.webp
12251,"2023-12-04 19:19:13","Movimento Referencista",PMR,black,af,,862.53,https://politicsandwar.com/uploads/5055356b91b9b394d2903d5c1f36ebbf9e0b82c9500x41748.png
12263,"2023-12-08 10:24:36","Llama Alliance",LLAMA,aqua,af,,850.19,https://politicsandwar.com/img/flags/netherlands.jpg
12276,"2023-12-11 10:25:01",Delta0,Δ0,lime,af,,258.44,https://politicsandwar.com/uploads/3d16bd739410342bfa9df666f76891f596660418x368.jpeg
12281,"2023-12-12 05:23:00","The Sword Coast",TSC,olive,af,https://discord.gg/PNbYkyukv9,252295.61,https://politicsandwar.com/uploads/04e6ed62994034c11876650c06ead4c999d4a146500x312120.png
12286,"2023-12-14 18:28:14",MoOR,,red,af,,0.00,https://politicsandwar.com/uploads/4a7c565a13e71f487985f33aa06512f3d0af8bad500x306928.png
12289,"2023-12-15 01:11:40","United World Union",UWU,aqua,af,,0.00,https://politicsandwar.com/uploads/56030ae2e41aea5b009c2647a6cbba61dbb9ae35500x396979.jpeg
12298,"2023-12-19 20:28:18","Color Trade Union",CTU,purple,af,,4861.80,https://politicsandwar.com/uploads/687cb3943be8ce534f7a46525a932da8491e0a1dx499.png
12313,"2023-12-23 03:48:10",Baritona,,aqua,af,,0.00,https://politicsandwar.com/uploads/2b0413091a8e33ee68af7aab4669be721745eb60182.png
12314,"2023-12-23 17:23:41","Genesis of Light",GoL,lime,af,https://discord.gg/nmPbGdk7Kh,3342.96,https://politicsandwar.com/uploads/57ef4f90e79ca8b824e9a1d3c13edb1d81dff330500x333792.jpg
12345,"2024-01-03 03:43:57","Planet Fitness",12345,yellow,af,,9180.00,https://politicsandwar.com/uploads/70baa16185172570aaab7d808646c805c0d0f1e2500x300817.png
12393,"2024-01-15 00:15:41","Gods Children",,maroon,af,https://discord.gg/quZNy4uH,0.00,https://politicsandwar.com/uploads/040fac487ca3743b866e7786d1291ae77426c1f0215x300310.jpeg
12419,"2024-01-20 23:08:31","Delicious Wine",,purple,af,,0.00,https://politicsandwar.com/uploads/f27d84f8409e1b743db091350e52eaabfee68ae2600x600744.gif
12437,"2024-01-25 21:09:10","The Imperial Republic",TIR,red,af,https://discord.gg/mfUV3u7B,478.59,https://politicsandwar.com/uploads/a87d882d428606bf7c57de7ac5089872df4663cax791.png
12441,"2024-01-28 04:09:48","Melior Potentia",SPQO,black,af,,610.00,https://politicsandwar.com/uploads/a606a43d6ebf5d9843fbd10ef21b964a0e0e78fb300x300984.png
12453,"2024-01-30 15:36:07","Gamblers Anonymous",GAMBA,white,af,,5002.90,https://politicsandwar.com/uploads/1a98e18d7585e530ae520266e46f039be6b48c2b500x281194.jpg
12479,"2024-02-04 15:04:53","The Exiled",TE,white,af,https://discord.gg/feGEvSECdR,2120.52,https://politicsandwar.com/uploads/1d1e05a59856310962e2fd3a7dd34a6ae59956e7500x281658.jpg
12480,"2024-02-04 15:56:19","Event Horizon",EVH,olive,af,https://discord.gg/t2uQ9NPQj9,956324.85,https://politicsandwar.com/uploads/073307435402621e1c9f02009521b50a9c579509500x281700.png
12481,"2024-02-04 21:43:27",Paragon,,green,af,,9610.48,https://politicsandwar.com/uploads/4b7d68c8463fc8dd98a1fe4f7a101b0ecb074dc4x581.jpeg
12482,"2024-02-04 22:14:13","Los Homoerectus",,yellow,af,,1244.33,https://politicsandwar.com/img/flags/uruguay.jpg
12486,"2024-02-05 18:19:52","Serene Majesty",SRM,blue,af,,136.47,https://politicsandwar.com/img/imgur-old/7f05a9ee05509e8a40e653ed33ca1da102ba30ee417.png
12495,"2024-02-07 01:07:26","African Union",AU,aqua,af,,0.00,https://politicsandwar.com/uploads/57911b2fb9b55c24126483e1296b7c07ac27a877500x306196.png
12497,"2024-02-08 08:52:50","Matshaas Big Girthy Specimens",BGS,green,af,https://discord.gg/ss8dHzFcKC,0.00,https://politicsandwar.com/uploads/d0cbfd46c1c9df0958f169018237067d08051471250x312423.gif
12500,"2024-02-08 18:12:30","Atlas Technologies",,pink,af,,9849.88,https://politicsandwar.com/uploads/ca62db84ea0cb4060d32177a9ce7cd6322099373500x302938.png
12507,"2024-02-11 14:49:16","Proxy Treaty Organization",PTO,green,af,,0.00,https://politicsandwar.com/uploads/dac3a0e18b56014d42f3235ec67e784dcab1d25a500x333868.png
12510,"2024-02-12 10:59:13","turtle alliance",,green,af,,0.00,https://politicsandwar.com/img/flags/turtlerepublic.jpg
12512,"2024-02-13 02:27:27","The Foundation",FND,lime,af,https://discord.gg/Te5mwYexhB,38121.66,https://politicsandwar.com/uploads/48c0f6f5d3cb0a4b8e8542b3a7624fc967d82905500x300870.png
12515,"2024-02-14 12:14:14","Apex Factory",AF,black,af,,1529.19,https://politicsandwar.com/uploads/ea23d5ba88ad57d93e2bfe0d6bc9b21cafbc9c13441x3000.png
12532,"2024-02-19 04:55:08","Cherry Blossom",,black,af,,807.55,https://politicsandwar.com/uploads/cc8e0fec5af25a3da16c724729005c4b69ff3d3bx893.gif
12539,"2024-02-21 17:12:56","The last hero",TLX,maroon,af,,0.00,https://politicsandwar.com/uploads/8643e452a4811198ff343bc4044ac303c88d9c6d500x353536.png
12543,"2024-02-22 13:40:44","Tax free alliance",,aqua,af,,0.00,https://politicsandwar.com/uploads/305554800467b4ce9d1d0f677feede1d7793cf78x624.png
12545,"2024-02-25 01:58:39","The Fremen",FRE,black,af,https://discord.gg/9ametppmfS,94394.84,https://politicsandwar.com/uploads/357b00dce78f1395ff446cb11a1a8e669708feef500x30061.jpeg
12570,"2024-03-10 00:51:14","Vibe Reborn",VR,white,af,https://discord.gg/DJyVRKJtgU,0.00,https://politicsandwar.com/uploads/0ab8e686bf37f7d1edd0155ebc4a9e7750b748a3500x35711.jpg
12578,"2024-03-14 11:33:30",aNiMaLz,,pink,af,,3833.63,https://politicsandwar.com/uploads/4fe0c2746c8ac9829e6657bc53b6413f54c82b41500x349603.png
12591,"2024-03-19 11:24:26","The Convenience Store",24/7,aqua,af,,2728.15,https://politicsandwar.com/uploads/97f7db3df2e3e6c4166ffca8992d4af80a283dd3400x30057.jpeg
12595,"2024-03-21 11:22:22","Roman Senate",,black,af,,0.00,https://politicsandwar.com/uploads/0054cd9fa2ab667a3f8c0029dd778612069fa293x701.png
12611,"2024-03-24 14:46:14","Union of Soviet Socialist Republics",USSR,black,af,https://discord.gg/6TUnZrhVSA,41389.57,https://politicsandwar.com/uploads/6bc6607c3cfc6ceb641266983ab980a1df1379fa500x250566.png
12615,"2024-03-26 01:47:18","The Lost Mines",TLM,aqua,af,https://discord.gg/H5fsX7ffBD,190177.43,https://politicsandwar.com/uploads/f8b19640762a679162c5d713151a5b46123edcccx668.png
12621,"2024-03-28 14:48:51","Indore East India Company",EIC,black,af,https://discord.gg/Kz4cDcYKsB,0.00,https://politicsandwar.com/uploads/1fb2961411a6bf7211c0d2b89e7a1280d47d22df299x300262.png
12622,"2024-03-28 18:25:19","Lol idk",,aqua,af,,887.58,https://politicsandwar.com/uploads/8164829dc4f79daddb7dee35d9cceb05d8e82179x372.png
12652,"2024-04-12 17:53:49","greater Roman empire",,red,af,,1198.20,https://politicsandwar.com/uploads/7dab2dad705fe53a14003a8fed59b061444a1bf2250x250847.jpeg
12653,"2024-04-13 05:38:11","Nuclear Coalition",NC,purple,af,https://discord.gg/8kAQxSPqeP,0.00,https://politicsandwar.com/uploads/6e23d150ca2efbcdafc7a8f90c1c00f4bb8f2efex396.png
12659,"2024-04-15 16:15:39","Noob-Noob Fan Club",NNFC,green,af,,0.00,https://politicsandwar.com/uploads/5dd8fcbf43a4ebe23ef226693b2784fb5a580a1f500x333403.jpg
12661,"2024-04-16 07:06:44","7 Deadly Sins",7DS,black,af,https://discord.gg/kwkwqSrdMQ,0.00,https://politicsandwar.com/uploads/282d53bd1b658c4b035014245eeabd5a4493c8ac480x300759.jpg
12666,"2024-04-18 23:54:12","LEGO City",LEGO,red,af,https://discord.gg/PQF7cccZEE,145981.93,https://politicsandwar.com/uploads/38e5ef6156867547a49fb64b3b820f2a24c84558500x300755.jpeg
12673,"2024-04-22 17:59:13","United Socialist Alliance",USA,maroon,af,,0.00,https://politicsandwar.com/uploads/f1a5e4b6dd389c2ba336bae2d1cfb333c24b9cecx448.png
12676,"2024-04-24 00:27:15","Princeton-Plainsboro Teaching Hospital",PPTH,orange,af,,0.00,https://politicsandwar.com/uploads/0fed116499a1f8690c6b35b08442ece085fb37d7500x286950.jpg
12684,"2024-04-28 12:16:21",UkkoCouncilOfOrbis,U.C.O,aqua,af,https://discord.com/invite/KsRjYrbgHb,1440.96,https://politicsandwar.com/uploads/a686f7b60798855ae3294523fbcbf9e022204233500x281300.png
12690,"2024-04-30 14:59:22","The Eclipse Union",,lime,af,,0.00,https://politicsandwar.com/uploads/dcd17afd39acc403ee606375ff9040eef8fb03c6300x300909.png
12693,"2024-05-01 12:28:33",Starry,STAR,aqua,af,https://discord.gg/Ds6DWePe,701.87,https://politicsandwar.com/uploads/88d25f327524db75f94235093c80e52338adb5ee500x333865.png
12705,"2024-05-04 12:28:22",Agora,JUSTICE!!!,white,af,https://discord.com/invite/t6jrDANkXa,9116.44,https://politicsandwar.com/uploads/b88a1508b9914537dd5696bc59eb0e859d9ad8a4300x30014.jpeg
12706,"2024-05-04 16:28:49","North Germanic and Monarchist Alliance",NGMA,aqua,af,https://discord.gg/Qnymc7bcwN,0.00,https://politicsandwar.com/uploads/f19665af2c0183b048c72fa96aa8f41d55fff783500x306882.png
12720,"2024-05-09 11:03:28","Orbis Islamic League",ISLAM,lime,af,https://www.guilded.gg/r/zzjBqMzAZE?i=m7pnM5zA,0.00,https://politicsandwar.com/uploads/13d54700389ea555a593c2aefa02114c6fa7b42b500x316300.png
12722,"2024-05-10 01:21:24",Alliance,,aqua,af,,0.00,https://politicsandwar.com/uploads/45556b91de486eeae8e5c325d83c71190e64ea71600x600422.jpg
12726,"2024-05-10 13:11:00","The Inter-Continental Treaty",,aqua,af,,0.00,https://politicsandwar.com/uploads/07bfd12959e8ff005f65566265897209ed70d464500x331310.jpeg
12729,"2024-05-11 00:16:22",MCXA,,green,af,,8719.99,https://politicsandwar.com/uploads/cc634513d407891962e3b7eea8ec55ae8863389f600x600853.jpg
12740,"2024-05-13 19:38:49",CULTure,CULTure,purple,af,https://discord.gg/9tcNZXXWZH,705.25,https://politicsandwar.com/uploads/d275b4389ba196f7f0c15c00e78c61fa68f115c5500x28176.png
12774,"2024-05-20 21:58:42","Pacific Pirates",PP,green,af,https://discord.gg/QtYbwBHa2f,27751.61,https://politicsandwar.com/uploads/9d032a2c6d9d3799c453689df16b53dd434e890a500x28830.png
12799,"2024-05-27 11:11:27","Jewish States Confederation",JSC,purple,af,https://discord.gg/PCpDZYZNGJ,0.00,https://politicsandwar.com/uploads/962871345fb808b2f836d7334b360c171f63bdb4500x354554.webp
12809,"2024-05-29 18:46:25","Alliance of Sovereign States",A.S.S.,purple,af,,0.00,https://politicsandwar.com/uploads/b377a943be9c21fc29fcb40465c1f3c8792c3d2f500x300717.png
12825,"2024-06-04 11:44:45","Alliance of empires",,aqua,af,,0.00,https://politicsandwar.com/uploads/742543bac6fe2bb1c65961ffc5783022c531a32cx179.jpeg
12847,"2024-06-08 12:09:59",Neo-Comintern,☭,red,af,https://discord.gg/wp3JqPTbb5,0.00,https://politicsandwar.com/uploads/a57b11ff67f48a2423107d218af7823baa1d1715500x282117.jpg
12872,"2024-06-13 18:56:26","North Star Federation",NSF,brown,af,,4038.54,https://politicsandwar.com/uploads/6572a681852fa3088e65c003c63631d41c4ac046500x258109.png
12875,"2024-06-14 04:57:46","Anti Cringe Task Force",A.C.T.F,red,af,,0.00,https://politicsandwar.com/uploads/2180c0529c3899bf32d98aae77d4eb4026dce304x691.gif
12889,"2024-06-18 15:42:06","The Eternity",T€,red,af,https://discord.com/invite/5FYvS9uEfc,0.00,https://politicsandwar.com/uploads/be9ebbdc1d0f965492ead0daad164f73f78f92be500x312876.png
12893,"2024-06-19 15:52:48","Nederland empirie",,brown,af,,0.00,https://politicsandwar.com/img/flags/netherlands.jpg
12902,"2024-06-22 02:20:46",Bellanostra,BELLA,blue,af,https://discord.gg/eRGf7wjpDM,0.00,https://politicsandwar.com/uploads/58ecf6ff9fd8e9b397a4132ad1631a97bc71ba91500x300120.jpeg
12909,"2024-06-24 03:23:46","ADC Internacional",ADC,aqua,af,,0.00,https://politicsandwar.com/uploads/36df89f073b49088be4ff4b9edb56bc7bd34820f500x333194.png
12912,"2024-06-26 00:13:51",Gotham,Gotham,blue,af,,0.00,https://politicsandwar.com/uploads/97ec7660cee6acb0bf3c4591f3ca9f5d2ebe9137x789.jpeg
12919,"2024-06-28 23:06:36","Liberty Coalition",LC,red,af,https://discord.gg/T5epzjdbAv,70577.33,https://politicsandwar.com/uploads/ceb7e2d75a2bd01279aaef6314c8a3a45d35d5f5500x29947.jpeg
12922,"2024-06-30 02:07:02","The Grand Alliance",TGA,black,af,https://discord.gg/Sn4VpYDBRE,1017.76,https://politicsandwar.com/uploads/c5d9bf51b2296751b874501c44924766eee12efd500x300170.png
12923,"2024-06-30 13:25:12",GORGON,,black,af,,0.00,https://politicsandwar.com/uploads/4352b93f6cdbaaa80d3908fff4f1ceb1b08f3a9b500x300952.png
12947,"2024-07-10 08:50:10",Nazgul,Lotr,green,af,https://discord.com/invite/kvmR6V4QNm,0.00,https://politicsandwar.com/uploads/25855b217694900e9e79503124fb5e8f80ed3cd0x530.jpg
12948,"2024-07-10 13:13:03","Ad Astra",,black,af,,0.00,https://politicsandwar.com/uploads/6bc8ee604870b62029f68752e2fe7756fe749c91450x300270.jpg
12960,"2024-07-16 18:03:20","Kronos League",KL,red,af,https://discord.gg/KfKYKVu4PM,5900.50,https://politicsandwar.com/uploads/01a3327a4c404fdc64d66d82dac44161944ec93d500x300302.png
12961,"2024-07-17 16:55:17","Magic Fans MF91",MF91,yellow,af,https://discord.com/invite/asse-2k23-2k24-1186613505546272828,0.00,https://politicsandwar.com/uploads/b6c4e5eb612a035e351d0cd9ec778082033851d7x393.jpeg
12962,"2024-07-18 15:38:03","The Derby Gangsters",DG,blue,af,,0.00,https://politicsandwar.com/uploads/4bdd9e97888875f92dff860e193df6ff8770b7cfx81.png
12964,"2024-07-18 17:25:51",Goddemon,GD,black,af,https://discord.gg/9DuR4acBT4,0.00,https://politicsandwar.com/uploads/31ea7fa0bc490ef662a2d78e5485e04fc6c01d47500x312440.png
12972,"2024-07-21 16:08:43","Shadow Valley",SV,purple,af,https://discord.gg/VNBZcqKn5n,89584.58,https://politicsandwar.com/uploads/2b579028150d9242e6f231ded769a538735cc155500x300869.png
12978,"2024-07-22 22:31:26","Southern Alliance",SA,aqua,af,,1044.13,https://politicsandwar.com/img/flags/texas.jpg
12985,"2024-07-24 06:43:22","The house",TGH,black,af,https://discord.gg/NA8jcjwf5W,35924.07,https://politicsandwar.com/uploads/eaa223052eb7207cdcce89546d496ef4cbb51cf5x688.png
12992,"2024-07-26 20:59:16",ShitStash,,white,af,,0.00,https://politicsandwar.com/img/imgur-old/1ee2512088c8b26439a9b0335193f1c1d97a6ad0868.jpg
12994,"2024-07-26 22:41:15","Cult of Raccoon",CoR,black,af,https://discord.gg/msyE7DqQMC,91569.53,https://politicsandwar.com/uploads/ce354bb21ed5e3e9077cea570708a1d6eabf8106500x312969.jpg
12999,"2024-07-27 19:24:54","Horizon Financial Group",,aqua,af,,0.00,https://politicsandwar.com/img/flags/zaire.jpg
13006,"2024-07-30 09:38:57","Democratic States",DS,purple,af,https://discord.gg/kEEDagzheq,0.00,https://politicsandwar.com/uploads/5291161f5ca15750232f045061a1737499a65c66300x150545.gif
13014,"2024-08-02 15:35:22",Pravida,TURFP,red,af,https://discord.gg/Uyq7FFHvBW,5575.02,https://politicsandwar.com/uploads/b5feb2b39e9ae7a388114640550f1d3f713f885c500x250687.png
13018,"2024-08-03 13:22:28","Polynesian Alliance",ELITE,aqua,af,,1021.53,https://politicsandwar.com/uploads/4bdd9e97888875f92dff860e193df6ff8770b7cfx81.png
13022,"2024-08-04 16:32:31","Doom Incorporated","Doom Inc.",black,af,https://discord.gg/gHUM5vjMZd,1261.27,https://politicsandwar.com/uploads/57d8870e3e1e506d42fcda25f23839a1c98b2055500x285904.png
13033,"2024-08-08 17:26:51","The Inazuma Shogunate",INA,purple,af,https://discord.gg/SJKrErfcdd,88654.29,https://politicsandwar.com/uploads/5ae2b7da1c64fb232e6ad8c7eb080622e1d4db4e500x332765.jpg
13035,"2024-08-08 18:53:56",The-United-Nations,,black,af,https://discord.gg/fZ9VJKVXje,0.00,https://politicsandwar.com/uploads/0c715424566d6dfdec52ad223e06662929661f76500x306597.png
13039,"2024-08-09 15:12:57","The National Potato Confederation",NPC,yellow,af,https://discord.gg/CCvZQA9Xgt,0.00,https://politicsandwar.com/uploads/efac4416c75d7b48c4055adc9bb3d15d1d97190cx252.png
13041,"2024-08-10 04:57:22","Organization of United Pact",OUP,olive,af,,1125.40,https://politicsandwar.com/uploads/c223d629d809858d12ea9aa15bdcc83a8b6a6f3a500x300366.jpeg
13043,"2024-08-12 23:46:11","Rubikon Alliance Defensive",,black,af,,4901.44,https://politicsandwar.com/uploads/8957abed1d6424f56055c89e4542e35802f9c8cb399x300422.gif
13044,"2024-08-13 06:45:04","Federal Protection Union",FPU,green,af,,0.00,https://politicsandwar.com/uploads/cae86be0228c271173f053ac97ed15c8bb7b2461505.jpg
13048,"2024-08-14 23:46:16","Prusso Roman Imperial Union",PRIU,aqua,af,https://discord.gg/vf4uGxX3Us,54221.40,https://politicsandwar.com/uploads/0034faf5dcc69434ae833a0ddebd7195b7055f9b500x333253.png
13056,"2024-08-18 04:55:21",TRIADS,,purple,af,https://discord.com/invite/fFJW6axwPX,434.49,https://politicsandwar.com/uploads/cb3454b4c6231686e9a33bd5c0ea4bdfc62ff094500x333856.jpeg
13065,"2024-08-20 03:32:49","Glacier industries",,black,af,,0.00,https://politicsandwar.com/uploads/979edde35d891e828aea9666fd7142e4423a04be1000x551220.jpeg
13066,"2024-08-20 15:53:56","Communist Coalition",,green,af,,0.00,https://politicsandwar.com/uploads/cae86be0228c271173f053ac97ed15c8bb7b2461505.jpg
13095,"2024-08-25 14:32:25","Ardventis Highlands",AVHL,olive,af,,772.57,https://politicsandwar.com/img/flags/papaunewguinea.jpg
13110,"2024-08-28 21:31:07",JumboSox,,olive,af,,0.00,https://upload.wikimedia.org/wikipedia/commons/4/49/Cape_Verde_flag_-_watermark_000_percent.jpg
13114,"2024-08-29 15:53:58","Helig Pact Organisation",HPO,olive,af,,0.00,https://politicsandwar.com/uploads/de5943f08673a586b33124b757ecd27e530e5f691000x612975.png
13116,"2024-08-29 19:31:03","Paladins of the Sacred Oath",PSO,purple,af,,0.00,https://politicsandwar.com/uploads/ef27511ee842de87850b143523b72a7bb99074c4500x297512.png
13128,"2024-09-02 21:37:00","United nations of the orbis",U.N.,blue,af,https://discord.gg/FCrENTcx9a,3575.77,https://politicsandwar.com/uploads/889bfe801fc9816cd0e7ad01714d1060367f40e6x120.png
13133,"2024-09-04 14:10:13","Moroccan Alliance",MA,blue,af,,651.07,https://politicsandwar.com/img/imgur-old/8612b07bfc759823a1a90906a7964fb00849591a42.png
13143,"2024-09-06 10:56:18","The Meat Men",TMM,black,af,https://discord.gg/j43SnFuuFb,0.00,https://politicsandwar.com/uploads/4f00ed547d27c52b63008336b7b3605b7e0a61bf500x230696.png
13170,"2024-09-11 13:15:13","European Broadcasting Union",EBU,blue,af,,0.00,https://politicsandwar.com/uploads/71e6ce0ebc02105fadb909fefcdb6f858e301a0d500x366945.jpg
13171,"2024-09-11 14:50:42","The Colonial Templar Order",,lime,af,,0.00,https://politicsandwar.com/uploads/04dd8e3f1ea492db4db201cb3e429d1f5450887d1000x500504.webp
13173,"2024-09-11 19:08:47","Varangian Guard",VG,black,af,https://discord.gg/46HUBaNQPs,588.04,https://politicsandwar.com/uploads/50ba97f2906c9bbbf8adf719b1b2167809a8717f250x88620.png
13175,"2024-09-12 01:22:26","Novus Junior",NOVUS,black,af,https://discord.gg/SRFAVWuEu2,1251.55,https://politicsandwar.com/uploads/75deff3379edac42fe186538431153b12fa4f2e8250x149197.png
13176,"2024-09-12 05:33:57","Union of Free Republics",UFR,red,af,,921.35,https://politicsandwar.com/uploads/2159c1317b8c3648315cb3cee5e7838373b49d39x63.png
13206,"2024-09-18 02:06:04","Union of Ununified Nations",U.U.N.,red,af,,0.00,https://politicsandwar.com/uploads/0e458f712859b3a1b63d43a18c4e0c7bb4b157711000x608745.png
13214,"2024-09-20 16:52:35","The Grand Army of The Republic",GATR,maroon,af,,779.27,https://politicsandwar.com/uploads/27b5d7e26e03da20e71e9d6e43f57c7c80efd3471000x612744.png
13218,"2024-09-22 04:49:30",Mordor,,black,af,https://discord.gg/tbNMmvm2Fr,4329.35,https://politicsandwar.com/uploads/3346575bf78bd372df691ff1a9eb81487540d748500x300225.png
13221,"2024-09-23 20:17:12","The Wall",,olive,af,,7946.35,https://politicsandwar.com/uploads/a9a3d293bf789f0f51ffac19a41f56ca40e40997500x250297.webp
13222,"2024-09-24 00:16:52","Pines Empire",,pink,af,,0.00,https://politicsandwar.com/img/flags/serbia.jpg
13236,"2024-09-27 12:24:01","The Grand Red Army",,yellow,af,,0.00,https://politicsandwar.com/img/flags/yemen.jpg
13245,"2024-09-29 02:38:15","City Skylines 2",,purple,af,,18867.50,https://politicsandwar.com/uploads/701a9768cfa89f0eb7a3e1e23180b8c20c2d18d7500x30023.png
13250,"2024-09-30 15:58:33",sillycats,"silly :3",black,af,https://discord.gg/NqtjBcWHB5,42799.98,https://politicsandwar.com/uploads/da14fd43fb1093e0eb1614f74ba034cb5a0e4467x549.gif
13261,"2024-10-04 17:46:55","Nordic APF",,aqua,af,,0.00,https://politicsandwar.com/uploads/76c64ab48f37382438227c3530e4d6010e77e71d500x333237.jpeg
13271,"2024-10-08 06:11:39","Democratic Atlantis",DmA,lime,af,https://discord.gg/QzhFCrEQGh,0.00,https://politicsandwar.com/uploads/67dc196f11433be1ad253befe8971766efd74f84500x28074.jpeg
13280,"2024-10-10 17:33:07","TWR P&W Unofficial Community",TWR,red,af,,0.00,https://politicsandwar.com/uploads/5f6796f655b2144423208c2b64719ba9e847af5ax157.png
13283,"2024-10-11 03:52:48",DoomSquad,,black,af,,0.00,https://politicsandwar.com/uploads/7d8d91284f1f04de860a25bcb74fd089c8024002x578.jpg
13288,"2024-10-13 04:59:48","North Atlantic Treaty Organization",NATO,blue,af,https://discord.gg/e3EHAeXBsH,10288.94,https://politicsandwar.com/uploads/2a8caec6829e6bf6af90422a2a2c3a3db01976e1250x185339.jpeg
13289,"2024-10-13 12:16:56","FREE CITIES TRADE ALLIANCE",,aqua,af,,0.00,https://politicsandwar.com/uploads/a9ebc7cbc4900dfce4230ba4a57a232574cae8de925.jpg
13290,"2024-10-13 18:21:55",Spaghetti,SGI,black,af,https://discord.gg/qD3Dqraqhc,0.00,https://politicsandwar.com/uploads/9a250b72cee3056dbf009825538b1718773a20e2300x300159.jpg
13294,"2024-10-14 17:52:44","Port Alba",PA,pink,af,https://discord.gg/vpYHQJ3NV7,11371.36,https://politicsandwar.com/uploads/c34a00f6132a3fed19b986ce8e0efecbfeb34822x291.jpeg
13295,"2024-10-16 01:10:25",Myrmidons,MYR,white,af,https://discord.gg/U7hTU4bXjc,117209.32,https://politicsandwar.com/uploads/4ddb398f790386214fa3c3a8da8f41a65c7a0226x763.jpg
13300,"2024-10-19 02:29:37","Econ Haven",,blue,af,,1471.60,https://politicsandwar.com/uploads/48bea043a361d53cb688dabbc9eb2b59bbd3c9ec250x166232.png
13320,"2024-10-26 02:36:52","Imperial Republic",,black,af,,0.00,https://politicsandwar.com/img/flags/betsy_ross.jpg
13321,"2024-10-26 06:33:10","Fascist Armed Forces",FAF,yellow,af,,0.00,https://politicsandwar.com/uploads/52c6989412111f9f8bb748d13f4545fc196805c3x633.webp
13331,"2024-10-30 23:06:26","The Red Knights",,red,af,,1116.53,https://politicsandwar.com/uploads/29a490edb3e1c39676103a930de33281042db776x573.png
13333,"2024-11-01 13:14:55","W NATO QH",,purple,af,,741.31,https://politicsandwar.com/img/flags/blooper.jpg
13349,"2024-11-06 18:03:58","Green Lands",,pink,af,,4882.86,https://politicsandwar.com/uploads/07c61dccbc6ba515c6b22891fa1c33e512324d06x951.png
13351,"2024-11-06 19:24:30",Morningstar,MS13,purple,af,,0.00,https://politicsandwar.com/uploads/11095fdbce01c6bb704c8d212dd064c0d0391332500x439560.gif
13354,"2024-11-08 04:44:51","Sacred Vow Alliance",,aqua,af,,0.00,https://politicsandwar.com/uploads/7eea5d2fa22390eb677427c0cdb39935ca81786f668.jpg
13356,"2024-11-08 13:31:40",Uppsala,UP⚔️,lime,af,https://discord.gg/UxSD8WcjYS,40033.27,https://politicsandwar.com/uploads/b4e4d31460627088daad11acffb349088384c1d0x225.png
13359,"2024-11-10 01:59:06","Anarchist Alliance",AA,black,af,,924.01,https://politicsandwar.com/uploads/19d2fc688e4cd9c5e7560b8a8f8f4f8e6a839dd9500x306731.png
13360,"2024-11-10 17:34:48","Galactic Empire",TGE,black,af,https://discord.gg/SerKUTKxV3,5048.69,https://politicsandwar.com/uploads/b26326a715990aa4484e544492793179051666fbx69.png
13362,"2024-11-11 02:30:19",Candelist,,aqua,af,,0.00,https://politicsandwar.com/uploads/e033eca8190762348ea9d8b5b13b5ed1f8eb38d7x644.png
13369,"2024-11-15 16:48:44",SilkhanBirlikImp,,aqua,af,https://discord.gg/6jXwPuuFbc,0.00,https://politicsandwar.com/uploads/68e2196bf9ed12b5d98c34eaead830be2ed2bfb3500x333460.png
13371,"2024-11-15 18:46:39","pink chicken animations","DEATH TO",lime,af,,915.59,https://politicsandwar.com/uploads/5868daf63113fe70adfae78c548bbd7b8d482628500x484726.png
13378,"2024-11-19 02:46:20","Knights of Heaven",KoH,white,af,,463.78,https://politicsandwar.com/uploads/adb3b9502f16a5f836646877f4e2dd739eba3111300x300594.webp
13379,"2024-11-19 09:11:50","Bahai World Council",BWC,red,af,,0.00,https://politicsandwar.com/uploads/c551bfb0af310fe36dc8669650e0c42534789cb5500x306542.png
13382,"2024-11-21 07:38:51","Dawnfire Legion",DL,purple,af,https://discord.gg/DmWw9yThmR,46630.80,https://politicsandwar.com/uploads/ca04aa1f2d3eef187f64584944949077a09656e9500x285762.png
13386,"2024-11-22 11:41:24","The Empire of Azora",EOA,purple,af,https://discord.gg/k5ZTYbgQuD,0.00,https://politicsandwar.com/uploads/7482ed782dcba68c2973534000930ab1d3d8bd30300x300262.jpg
13387,"2024-11-22 19:26:45","Imperialistic Federation of Warfare",IFW,pink,af,https://discord.gg/J5wG9eXtSg,1374.85,https://politicsandwar.com/uploads/2a81dd6f9bfdec8272a01cbfd2cfde754bf00534500x255216.png
13388,"2024-11-23 10:30:03","Central European Treaty Organization",CETO,lime,af,,0.00,https://politicsandwar.com/img/flags/europeanunion.jpg
13398,"2024-11-26 10:54:06",CAK,,white,af,,818.02,https://politicsandwar.com/img/flags/vietnam.jpg
13400,"2024-11-27 03:55:49","Crimson Vanguard",CV,red,af,https://discord.gg/wqgP2kuD2t,0.00,https://politicsandwar.com/uploads/e977339933429638464e5c8da1f1542686c86e0b500x251630.png
13402,"2024-11-28 03:49:29",Akhand_Bharat,,orange,af,,1087.48,https://politicsandwar.com/img/flags/unitedstates.jpg
13404,"2024-11-28 08:46:30","The Republic of free nations",R.F.N.,black,af,https://discord.gg/7Ws8kaR47X,9987.11,https://politicsandwar.com/uploads/0edb5c5cd65a68ddba5fce18e7811ee6e99c84c0500x300352.png
13409,"2024-12-01 03:23:56","The last alliance",,aqua,af,,1134.32,https://politicsandwar.com/img/flags/greatbritain.png
13410,"2024-12-01 19:23:00","Vought International",VI,purple,af,https://discord.gg/nHhaHhw4Nq,175307.31,https://politicsandwar.com/uploads/b7530c0f95c80d993f5cf39931d4029396e50974500x280630.jpg
13413,"2024-12-04 13:41:16","The Great Intercontinental Federation",TGIF,red,af,,0.00,https://politicsandwar.com/uploads/4d6fd39e450b8d7ba4ce2a84798ead7a0b4aefa4500x333562.jpeg
13414,"2024-12-04 19:17:51","United East Defense Pact",E.D.P,yellow,af,https://discord.gg/egGtdNEtpr,0.00,https://politicsandwar.com/uploads/b85e0339e02127454948b0cdbd267311172cb324500x281560.png
13415,"2024-12-05 00:19:14","United Oceania",,aqua,af,,631.86,https://politicsandwar.com/uploads/3e03a33c85de59f989bfc721a9a9558fc88a223c500x333968.png
13424,"2024-12-08 17:58:15","Fallen Knights",FK,black,af,https://discord.gg/dcRcKMeBmw,11320.82,https://politicsandwar.com/uploads/f41c57921178a10606a97c252bc9508fe36a5aef500x278494.png
13426,"2024-12-08 21:29:33","The British Commonwealth",CON,lime,af,,342.36,https://politicsandwar.com/img/flags/greatbritain.png
13427,"2024-12-09 06:56:43","The Freedom Arc",F.A.,maroon,af,,898.39,https://politicsandwar.com/uploads/6b30694d68a179b1dab359d038fda6d378db537c500x285400.jpeg
13435,"2024-12-13 00:22:17","The bounty hunters",,aqua,af,,0.00,https://politicsandwar.com/img/flags/slovakia.jpg
13437,"2024-12-13 21:42:22","Eutopian Swag Alliance",,aqua,af,,1065.33,https://politicsandwar.com/uploads/396dde04603ae06c5a473bc8057a3de9b60056e2x631.webp
13438,"2024-12-14 02:47:09",LATAM,,aqua,af,,0.00,https://politicsandwar.com/img/flags/dominicanrepublic.jpg
13440,"2024-12-14 07:28:43",Avalanche,,green,af,,18268.75,https://politicsandwar.com/uploads/87ddc3f09bb65f619c12d5c3e49276079ea534c1x780.jpg
13458,"2024-12-18 01:01:04","The Marines",,green,af,,0.00,https://politicsandwar.com/uploads/78ca6b5a13b9f9a6a008bf947bcf00cf94f52109500x333627.png
13463,"2024-12-19 06:09:20","Wakanda Forever",WF,black,af,https://discord.gg/8RJsZFu6s8,0.00,https://politicsandwar.com/uploads/e76af06a283752b981825a6f9f584a5ceaa6d9a6x332.gif
13470,"2024-12-21 00:15:18","International Revolutionary Council",IRC,red,af,,2486.95,https://politicsandwar.com/uploads/5c59eb5853570f839930a7c56e3fecf9ab5bca6f500x284584.png
13471,"2024-12-21 00:23:32","Thy Cool Beans",T-C-B,aqua,af,,0.00,https://politicsandwar.com/uploads/eac4ffc63f38e6078d3cd1d03147f6baadd5836e500x408538.png
13475,"2024-12-22 01:05:22","The Northern Alliance",TNA,blue,af,https://discord.gg/QzPbBW7wTW,9157.74,https://politicsandwar.com/img/flags/europeanunion.jpg
13477,"2024-12-23 02:30:10","Black Rose","BLACK ROSE",black,af,,0.00,https://politicsandwar.com/uploads/e43e82c13ac3cc14d6e1ea3b15c14b4c530dc5d8300x30087.jpg
13480,"2024-12-23 04:42:00","European Economic and military union",E.E.M.U,black,af,,1471.94,https://politicsandwar.com/img/flags/europeanunion.jpg
13482,"2024-12-23 21:23:10","New York Knights",NYK,lime,af,https://discord.gg/P8UxeNCusW,2664.76,https://politicsandwar.com/uploads/10fc2aaf35294e12ced83190d3e567ab960ab1f4500x302108.png
13483,"2024-12-24 00:27:02","Hyperion League",HL,aqua,af,https://discord.gg/xAp7Xyz8Uw,28545.31,https://politicsandwar.com/uploads/ce3e90fc3369b55d6b7a5ebc0dbb3d9dbff4fda8500x290259.jpg
13484,"2024-12-24 00:32:10","Makos Cat Cafe",Kitties!,pink,af,,24099.00,https://politicsandwar.com/uploads/a4aeba1450babc2e08b7f7be015ed1756b4b8a6a268x300746.jpeg
13489,"2024-12-25 17:24:40","The Library",LBR,orange,af,https://discord.gg/xw7DrJ2QWZ,19693.87,https://politicsandwar.com/uploads/8bb11a05919e241f4caf029422fae4e057d25900500x281715.jpg
13491,"2024-12-26 22:10:10",Hanza,HNZA,red,af,https://discord.gg/SBE72FNmNK,34320.82,https://politicsandwar.com/uploads/d7519c532c77f17c69d6425085b65d8d098b17e9500x331657.png
13492,"2024-12-26 23:01:54","Karma is a cat",KICK,olive,af,,16698.00,https://politicsandwar.com/uploads/45bb0754bd6551145246e6e5bcb9f4fb31814180300x300712.webp
13496,"2024-12-28 00:11:18","Griller Internationale",GI,green,af,,642.75,https://politicsandwar.com/uploads/3d04e681129860e290ed58c0aa94bbba2cf2345b203x300838.webp
13498,"2024-12-29 19:07:40","The Aequitas Union",TAU,aqua,af,,0.00,https://politicsandwar.com/uploads/202e2f3f81b392a177eafc7fc31eeea61a21c52bx350.png
13503,"2024-12-31 03:57:13","The Sovereign Coalition of Altheris",T.S.C.A,blue,af,,1730.18,https://politicsandwar.com/uploads/a4fdf6cc647393d4a6b7117247124ccd855429ce450x300157.jpg
13504,"2024-12-31 04:03:43","The Reapers Legion",RL,blue,af,,855.88,https://politicsandwar.com/uploads/40ece4372d071ba852ed15627193a514c1795976500x328428.jpeg
13508,"2025-01-01 07:35:42","Indian masters",,lime,af,,795.78,https://politicsandwar.com/uploads/b3fc439469c0d87ad1d2cd8052608265cb3b8f49x18.jpeg
13515,"2025-01-02 21:33:55","The Elites",TE,black,af,https://discord.gg/HSCrKWrt5T,51196.72,https://politicsandwar.com/uploads/494afa80f4fd89a57d38d250dc0aa0f4fa6b7022x927.jpg
13518,"2025-01-04 11:00:21","Derby Gangsters",DG🏇,white,af,https://discord.gg/3NxQAtFPV6,6603.30,https://politicsandwar.com/uploads/fe93bf67ff9b3648949ccf96249234d024fac781x564.png
13522,"2025-01-06 05:13:59","For Greece",FG,pink,af,,1144.00,https://politicsandwar.com/img/flags/greece.jpg
13523,"2025-01-06 14:44:03","Black Panther",,green,af,,506.71,https://politicsandwar.com/uploads/f0092f77aa017e89d6c23a0a96c0a179c513cbe1300x30053.webp
13524,"2025-01-06 14:51:41","The Patriots",,yellow,af,,0.00,https://politicsandwar.com/img/flags/antiguaandbarbuda.jpg
13525,"2025-01-06 17:34:13","The Astral Order",AO,black,af,https://discord.gg/rnYeUZrwea,8443.93,https://politicsandwar.com/uploads/5a14c4f7b910c8eac08dad73b08c409970a8c400500x333933.png
13528,"2025-01-07 16:54:53","Holy Order of Kingdoms",,lime,af,,1998.63,https://politicsandwar.com/uploads/957535e886538803033100af17b5849d0d92a798x418.png
13537,"2025-01-11 02:15:34",Cerberus,3HD,white,af,https://discord.gg/vS6gNx5fd5,36312.81,https://politicsandwar.com/uploads/df21b964a56ffb83fa9b27fd908d336112d9419c500x374272.jpg
13543,"2025-01-14 06:01:04","The Legacy Federation",,yellow,af,https://discord.com/channels/1329096707320840232/1329096708394844192,1702.94,https://politicsandwar.com/uploads/39e667c448edbf576f92b6f4f41fe6af9e92d94f500x333645.png
13547,"2025-01-15 02:30:26","Chiss Ascendancy",,yellow,af,,7400.09,https://politicsandwar.com/img/imgur-old/e615124b5ba48f1706ed7c822a749cdc89280a89711.png
13551,"2025-01-15 17:23:49","Really dont Join",,aqua,af,,913.56,https://politicsandwar.com/img/flags/betsy_ross.jpg
13552,"2025-01-16 12:11:26","The Hanseatic League",tHL,red,af,https://discord.gg/3ds2SQr6rk,2349.55,https://politicsandwar.com/uploads/fe694fac5921d733ea80214e265a7a87b77e9707500x300831.png
13555,"2025-01-16 21:42:05","Aurelia Dominion Accord",ADA,aqua,af,,2097.82,https://politicsandwar.com/uploads/292b49c56efc973421f0436180e1008cc8b929fd500x306867.png
13558,"2025-01-17 12:42:17",NINE,,maroon,af,,0.00,https://politicsandwar.com/img/imgur-old/ddc4c56d313a0640e3801641e75dedd3d3c1adaa54.png
13561,"2025-01-18 11:24:23","ThunderClan Cats",TCC,orange,af,https://discord.gg/hsKh9g7n,4185.14,https://politicsandwar.com/uploads/477c10da8db71814d46849361dc6ee1594b667ca250x204109.png
13563,"2025-01-18 18:37:04",Caucasus,,aqua,af,,3299.22,https://politicsandwar.com/img/flags/georgia.jpg
13564,"2025-01-18 19:12:39","Money Making",,aqua,af,,0.00,https://politicsandwar.com/uploads/3630655643513cb798de5441f935deb0d942ac631000x666410.png
13568,"2025-01-20 11:38:32",Collective,C,black,af,https://discord.gg/hUe6WxQhAq,1597.37,https://politicsandwar.com/uploads/9b2b048eaf28c81fe021e674221b00cda99ac0ed500x288414.jpg
13569,"2025-01-20 17:18:40","The Republic of the Natural order",,aqua,af,,803.84,https://politicsandwar.com/uploads/241dce5939a23aa758e208ed294b2f4b6ccc7d12600x600327.jpeg
13571,"2025-01-21 02:50:48",Peoples_Republic_of_Free_Folk,,aqua,af,,912.21,https://politicsandwar.com/uploads/77ab06ed3c9a4bdb85fce28ae639603321870f701000x418697.png
13572,"2025-01-21 08:07:52","The Rookie Alliance",,orange,af,,1197.18,https://politicsandwar.com/uploads/6fb269a249d6937bfabcfca25270c6676c9061d8500x333816.png
13573,"2025-01-21 22:39:10",Group412,,green,af,,0.00,https://politicsandwar.com/uploads/3c819cb41305996420ee3c4d65553dc8719f2352x256.jpg
13578,"2025-01-22 23:54:38","The Alliance of Izmir",,aqua,af,,675.11,https://politicsandwar.com/img/flags/texas.jpg
13579,"2025-01-23 00:33:01",Hwarangdo,,green,af,,2232.01,https://politicsandwar.com/uploads/d9993fbaca0f77b5cc33b4cce822c87210c354bbx370.png
13592,"2025-01-28 02:32:20","European Corps",ECo,red,af,https://discord.gg/3hYB984mYY,841.26,https://politicsandwar.com/img/flags/europeanunion.jpg
13595,"2025-01-28 22:43:53","Order in The Court",OiTC,green,af,,10945.00,https://politicsandwar.com/uploads/29a31bb56175bf04ff12dc38f8c6981f8272a8f7500x497336.jpg
13596,"2025-01-29 04:52:22","Paragons of the True King",,lime,af,,3454.03,https://politicsandwar.com/uploads/c6422c41dda12f7c0b9234b1d7bb09dbc29308d2500x269811.jpg
13600,"2025-01-29 13:18:22","Bund der deutschen Sozialisten",,red,af,,4249.12,https://politicsandwar.com/uploads/a998e8048dbd61a63fe5bccd499f0a4e7fcd233b500x29883.png
13603,"2025-01-30 02:53:26","The great communist alliance",TGCA,blue,af,https://discord.gg/ffJ82VKKRS,32227.46,https://politicsandwar.com/img/flags/sovietunion.jpg
13609,"2025-02-01 01:02:46","Santas Crypt",,black,af,,24975.12,https://politicsandwar.com/img/flags/canada.jpg
13612,"2025-02-01 14:26:47","Sacred Cornbread",SaCo,black,af,https://discord.gg/Hut8CjhH,60700.55,https://politicsandwar.com/uploads/31714594fa364720f4d8b84a2bba3f3e4e873479300x300755.webp
13617,"2025-02-02 03:16:29","Sons of Viceroy",,purple,af,,2808.92,https://politicsandwar.com/uploads/cbe723bf8622bd815a743e1b5cf3de93904dab8d264x3006.jpeg
13619,"2025-02-02 20:11:59","Original Pranksters",OP,lime,af,,1716.44,https://politicsandwar.com/uploads/05bb5c139c952b217f9cef6cc0ee83412ab036b0500x300849.jpg
13622,"2025-02-03 13:54:57","The Crimson Tribunal",TCT,black,af,https://discord.gg/w3Q487ZDce,23496.33,https://politicsandwar.com/uploads/f290e51ede544dc0d07fa3d2476f9bb7e1ebefb6300x30023.png
13623,"2025-02-03 21:14:25",IDTP,IDTP,red,af,,1951.43,https://politicsandwar.com/img/imgur-old/5c1b77715300d803ec2b290035fbe5f045d20d1b314.png
13625,"2025-02-04 07:29:27","Emperiome city",,orange,af,https://discord.gg/cFB6REyD,142.89,https://politicsandwar.com/uploads/225fd227799647d74ab7c6f75eb1bd82095d7b15x24.png
13626,"2025-02-04 16:27:10","laughing dead",,maroon,af,,1762.40,https://politicsandwar.com/img/flags/mars.png
13633,"2025-02-07 21:27:34","Baltic Sea Pirates",Arrgh!,black,af,,4298.50,https://politicsandwar.com/uploads/0408228ac035265de5fec71bfd82bb6ae50b4a80500x331641.jpg
13634,"2025-02-07 21:52:46",PALTO,PALTO,green,af,,5590.56,https://politicsandwar.com/uploads/f9e5eecc29525518f8b681306d483d042b2baa32500x333980.png
13638,"2025-02-08 04:21:40","Tea Bois Schizo Raft",TBSR,green,af,https://www.youtube.com/watch?v=dQw4w9WgXcQ,3382.00,https://politicsandwar.com/uploads/891531d1a66d23b1283bf921c50ac97b6c80af2e250x446785.png
13639,"2025-02-08 12:41:20",Coalition,,lime,af,,427.73,https://upload.wikimedia.org/wikipedia/commons/4/49/Cape_Verde_flag_-_watermark_000_percent.jpg
13643,"2025-02-09 19:45:19","The Horsemen",THM,pink,af,https://discord.gg/KGMCcJjrSb,47626.42,https://politicsandwar.com/uploads/5c6afbf3b83149bf68fbbec6aa636aa696b95650x654.png
13644,"2025-02-09 22:59:05","Darius batcave",,green,af,,3421.40,https://politicsandwar.com/uploads/cd0d6723e7f5de0920f3c832c87640a408148570156x300542.jpeg
13646,"2025-02-10 07:07:54","Free or Dead",,black,af,,2692.35,https://politicsandwar.com/uploads/7d93fc0caf58a6ee3b38336592c71d50abacbf76x228.jpeg
13648,"2025-02-11 00:59:50","I am Just a Fish",FISH,green,af,,4345.54,https://politicsandwar.com/uploads/fba0a3417701fc0433162db601f58f6b7634dd8b250x250874.jpg
13653,"2025-02-13 16:55:46","United War Front",UWF,black,af,,1819.53,https://politicsandwar.com/uploads/f500bbfef51cd68ca7373cdb4196521043b0c49b500x375402.jpg
13654,"2025-02-13 23:16:58","P Diddys Banquet Room",,green,af,,2484.94,https://politicsandwar.com/img/flags/blooper.jpg
13658,"2025-02-15 01:43:47","The Laboratory",Lab,white,af,https://discord.gg/2pvABdDMt4,31960.50,https://politicsandwar.com/uploads/f102600e108307d7742e48d33bd3ecddd3ae8abd500x274456.png
13661,"2025-02-15 17:47:22","Abita Brewing Company",ABITA,purple,af,,1256.25,https://politicsandwar.com/uploads/8fddc8e422af2b2063aa3cf415924163d2873410500x400181.jpeg
13662,"2025-02-16 05:06:30","Caribbean Alliance",,white,af,,1338.11,https://politicsandwar.com/uploads/de945a26d34496811990fed8bb41b0efd81008a8500x33362.png
13668,"2025-02-17 15:02:11","Unga Bunga",UNGA,black,af,https://discord.gg/JDAwAKBSUV,2342.43,https://politicsandwar.com/uploads/8a7fe5ec2c403ac83c7aa86e7db43e7485773aab400x300276.gif
13670,"2025-02-17 19:36:08","Shark Tank",ST,white,af,https://discord.gg/Ndu6NZYeu9,34242.03,https://politicsandwar.com/uploads/237c0aa77e3d6a84d03fb3aee244636415862099500x281378.jpg
13671,"2025-02-18 16:30:28","The Hidden Hands",THH,black,af,https://discord.gg/hMGFwUAj5K,834.85,https://politicsandwar.com/uploads/ad06a26fdd800fa04b4f47ab3ffdd259940b104f500x281935.jpg
13674,"2025-02-20 01:28:32","European Socialist allies",ESA,lime,af,,1387.71,https://politicsandwar.com/uploads/7ed52a247d46ce9827f12829a222fa9fa92ed613500x274314.png
13680,"2025-02-25 02:18:58","The Anvil Of War",,white,af,https://discord.gg/x7D6FT8PjZ,3510.36,https://politicsandwar.com/uploads/6153adac8ddba0927951372875497f2f3b4ab80d500x300198.png
13681,"2025-02-25 13:10:51","Vacation modeeeeeeeee brrrrrr",,black,af,,0.00,https://politicsandwar.com/uploads/605a783405dec157fa69d9e60c07cca3b2d8006dx481.png
13685,"2025-03-01 00:58:14",Imperialis,IPS,black,af,https://discord.gg/xXPNdrxBCk,27420.60,https://politicsandwar.com/uploads/99d4fef3c088c314a47b8d15ee678c7366ce2185500x312760.png
13689,"2025-03-04 03:10:22","Highborn Society",,aqua,af,,3130.39,https://upload.wikimedia.org/wikipedia/commons/thumb/0/0c/Navajo_flag.svg/700px-Navajo_flag.svg.png
13690,"2025-03-04 13:45:42","LCS - Lower Class Supply",Quicheman,brown,af,,1645.66,https://politicsandwar.com/uploads/fefcbf0205d0e80eba02f00202a8a025b3c037cb500x332474.png
13694,"2025-03-05 15:42:32",OSHA,OSHA,blue,af,,6696.40,https://politicsandwar.com/uploads/fa9e6d91d3bb692ed2dd7abaaedf513e7f3b6d78500x3057.png
13695,"2025-03-05 22:49:06",fury,,purple,af,,828.38,https://politicsandwar.com/img/imgur-old/4d010baead02b402172d5166729956428ebde385559.png
13696,"2025-03-06 20:37:05","Dark Energy",DE,black,af,https://discord.gg/H4436KXSZZ,1096.52,https://politicsandwar.com/uploads/6f4b4ebbedec8758d533afc9e6cc0b4702a6dc95x153.jpg
13697,"2025-03-07 17:12:01","The Professional defense corp",P.D.C.,black,af,,3410.75,https://politicsandwar.com/uploads/12d258431e36395bf7bf4ff0c198db9af4a9f723500x341266.png
13699,"2025-03-08 22:02:29","The Combine",TCE,white,af,https://discord.gg/RbeaRSFf,7993.92,https://politicsandwar.com/uploads/9f0256320ff2c31e6d6ac2db33ba228acc163dd9300x300835.webp
13701,"2025-03-10 12:57:05","World Order",,green,af,,0.00,https://politicsandwar.com/img/flags/americansomoa.jpg
13703,"2025-03-10 22:14:18","United of Free States",UoFS,black,af,,1562.03,https://politicsandwar.com/uploads/0aadc7b76485933d270e4a64975b3ba3a6d04144300x30073.webp
13704,"2025-03-11 05:30:57","The Jamahiriya",,aqua,af,https://discord.gg/ngPh5RX9N8,1406.68,https://politicsandwar.com/uploads/a19b3669deba4da3f46c2db66b08ce2859189be6500x249263.png
13705,"2025-03-11 09:59:21","Great United Republics",,aqua,af,,829.84,https://politicsandwar.com/img/flags/europeanunion.jpg
13706,"2025-03-11 16:21:50","U N M",,red,af,,2488.09,https://politicsandwar.com/uploads/8cde0db3e8d5489c3d842fc0efe91ec1fddaddc2500x306840.png
13711,"2025-03-12 17:48:03","Brigade North",BN,black,af,https://discord.gg/mz56qy3VYW,17276.60,https://politicsandwar.com/uploads/61fde5a0a18c6a343b0015c3d570e20fa651dd47500x264195.png
13712,"2025-03-13 03:55:31",Gnosis,,red,af,https://discord.gg/8rJJyUeR,3705.79,https://politicsandwar.com/uploads/545285fad3c3abe27ec5b1b12fecbf03a92f93e1210x300161.jpg
13713,"2025-03-13 15:04:21","The Crow Lords",CROW,white,af,,1037.74,https://politicsandwar.com/uploads/b95637a2fdb452cae0a536958152453d5e46a803600x600852.png
13714,"2025-03-13 22:22:44","Intercontinental Unity Council",,white,af,https://discord.gg/cgrhGQVn,2940.67,https://politicsandwar.com/uploads/7864c18cf69e2eaba31d0abb5221d601fc0e82eb500x336850.jpg
13715,"2025-03-14 16:34:56","Strike Brigade",↓SB↓,black,af,,1883.09,https://politicsandwar.com/uploads/eb7e95bffe473e7fda2f2f4493caaf35aba92424500x299405.png
13716,"2025-03-15 14:34:33","The United States of Orbis",USO,red,af,https://discord.gg/t8b36zvtfU,2767.05,https://politicsandwar.com/uploads/2dba4c9257e5029c679e4308ca01aebf722420e8500x333589.png
13721,"2025-03-16 17:05:11","The Warborn",TW,red,af,https://discord.gg/rbZWdGsDmR,2984.28,https://politicsandwar.com/uploads/767fc88cfaa0d7e90bd9c1cccf6d30e7a5244ca4x410.png
13723,"2025-03-17 14:50:25","Black Sheep",BS,yellow,af,https://discord.gg/ACusGHwgcE,71496.83,https://politicsandwar.com/uploads/b38b9b8bab25f6a6e0ca6ec9f7e0cc07a4f42cfa500x472357.png
13726,"2025-03-18 15:05:15","The World Organization Council",WOC,red,af,https://discord.gg/cHgC7hwEPE,305.60,https://politicsandwar.com/uploads/c38cc5b1c3681743be19669bf94f2cdc9d9083ee500x333700.png
13729,"2025-03-19 14:11:05","Final Destination",,aqua,af,,2053.90,https://politicsandwar.com/img/flags/india.jpg
13730,"2025-03-19 17:52:29","Bwikini Bwottom",,white,af,,877.76,https://politicsandwar.com/uploads/f5ee3b213965cbf14b366fe375370b434fe65af1x540.jpg
13731,"2025-03-20 20:48:27","Miku Time",,aqua,af,,269.00,https://politicsandwar.com/uploads/12f8184df27627cceef08dc7d77dca64e8dfd5e7x555.jpg
13733,"2025-03-21 20:09:38","The Commonwealth of orbis",TCO,white,af,https://discord.gg/dfhr5VZN6a,31755.01,https://politicsandwar.com/uploads/2e2cb4afcb38a23c3a0c4dd704176b59a085cbc2500x330121.png
13735,"2025-03-22 00:27:51","Sprova Pact",,blue,af,,2160.96,https://politicsandwar.com/img/flags/blooper.jpg
13736,"2025-03-22 03:43:08","Unitarian Alliance of Freedom",,red,af,,921.29,https://politicsandwar.com/img/flags/sovietunion.jpg
13739,"2025-03-23 15:56:41","The Empire of PPCH",,orange,af,,2229.97,https://politicsandwar.com/uploads/214a2e99e25f558265b355857decab12950b0092500x297817.jpg
13742,"2025-03-25 15:09:11","Union Of Independent Nations",UIN,blue,af,,3610.21,https://politicsandwar.com/uploads/c2a13f7634d5e58703426dc4b427d0b714126ff6500x250725.png
13743,"2025-03-26 01:45:49","The Seas",TS,green,af,,0.00,https://politicsandwar.com/img/flags/nunavut.jpg
13745,"2025-03-26 21:08:38","United Nations of Orbis",UNO,white,af,,874.19,https://politicsandwar.com/uploads/cae86be0228c271173f053ac97ed15c8bb7b2461505.jpg
13746,"2025-03-26 23:56:35",Gothac,,red,af,,1341.70,https://politicsandwar.com/img/flags/bahamas.jpg
13747,"2025-03-27 01:11:43",Pennzoiline,,white,af,,1986.91,https://politicsandwar.com/uploads/21bda8e5fac2ab30ce233d401c7f12c2f8c60705500x167704.png
13748,"2025-03-27 02:42:43","The Bank",BANK,yellow,af,,2160.50,https://politicsandwar.com/uploads/baa16bb7aa7bf6af772852c93e8d0bbe0c10bb83500x333555.jpg
13749,"2025-03-27 08:05:13","The United States 1",,green,af,,3054.65,https://politicsandwar.com/uploads/c391a80bc2e8880ab1069579a2705f443ae7a6e31000x668675.jpeg
13750,"2025-03-27 08:28:21","AKHAND BHARAT ALLIANCE",ABA,orange,af,,0.00,https://politicsandwar.com/uploads/f9cacf3845480f69635df9c9c7e3583173081441500x375853.png
13755,"2025-03-28 10:33:09","Northern People s Alliance",NPA,red,af,,1561.14,https://politicsandwar.com/uploads/90676ffbb70094f56f2f9c473d3fb5bf6af1602ex227.png
13756,"2025-03-29 17:14:24","THE SOVEREIGN SYNDICATE",C.A.S.H,pink,af,https://discord.gg/nzg7Tmrg,6670.85,https://politicsandwar.com/uploads/6f82a9c33456b980f17de49c3ed27cf5673b3741500x375621.png
13757,"2025-03-30 07:50:51","Soviets Of Asia","Arch Order",yellow,af,https://discord.gg/vTPSJsNHTy,61.55,https://politicsandwar.com/uploads/e6fd32d6104a7192e721cc3b5f96a072f7ad883e300x300487.jpeg
13759,"2025-03-31 00:41:06","The Expanse",TE,black,af,https://discord.gg/FEWrQrm6yn,4359.37,https://politicsandwar.com/uploads/eee0981e4af0eaca61ca51a36e29dea07a6f05c7500x305878.jpeg
13760,"2025-03-31 03:55:01",ASEC,ASEC,orange,af,https://discord.gg/gNdZtCDpGg,22258.08,https://politicsandwar.com/uploads/1fbd1dca1a65c190635e55902cf984c56d60694c500x333236.png
13762,"2025-03-31 19:48:36","General Area of Two Ostriches",,brown,af,,8419.88,https://politicsandwar.com/uploads/4ea0500b2da8c407c7769bb833576d8e653d3d1cx648.gif
13766,"2025-04-01 03:33:00","vibe coders",,yellow,af,,0.00,https://politicsandwar.com/uploads/2d455e11c7fafd58d0220710547d76679f4ee352500x333345.png
13770,"2025-04-01 07:32:31",ilovethisgameitssogoodwow,,maroon,af,,9253.50,https://politicsandwar.com/uploads/daee1b07b9a9dc8f0face927a9b5247aa2c6ceb8x312.jpg
13778,"2025-04-02 12:58:02",Vault_Never_Falls,,olive,af,,6728.68,https://politicsandwar.com/img/flags/namibia.jpg
13784,"2025-04-03 15:36:23","United Nations of Earth",UNE,aqua,af,,3456.59,https://politicsandwar.com/uploads/f485adde5f71e5d81f0a8e84bb25618a84dd54dbx257.png
13785,"2025-04-03 17:37:01",Chimera,🤑,green,af,https://discord.gg/4rskMsbMtY,5571.51,https://politicsandwar.com/uploads/a827ac2da5b28ee7f67837b7a441d09ce44fdcbcx480.png
13789,"2025-04-04 20:41:28","United Economic and War Association",UEWA,aqua,af,,1475.68,https://politicsandwar.com/uploads/8c46622556e44d57dd6832fb6a5540d128e5ba26500x250816.png
13793,"2025-04-05 03:55:02","Corporate Alliance",CA,orange,af,,13.21,https://politicsandwar.com/uploads/29c88dbec53cef253e8d39e17eff8d4407c57180500x300679.jpg
13798,"2025-04-05 21:18:06","Vesperian Union",VU,white,af,,4746.85,https://politicsandwar.com/uploads/52884c5e731d21eefb6f670e1d9302f2dc54c887500x33266.png
13799,"2025-04-06 00:34:14","Melbourne Commune",,red,af,,4480.64,https://politicsandwar.com/uploads/c4b254ec1f7143638f295302d362213c99cfbdb5327.png
13801,"2025-04-06 05:15:22",Romae,,aqua,af,,1433.50,https://politicsandwar.com/uploads/d6715545c46fdaf78fe97aabcd55fc375def4923600x600615.webp
13805,"2025-04-07 11:27:40",INGSOC,,red,af,https://discord.gg/4mJzbA7JK6,17673.11,https://politicsandwar.com/uploads/aa67446865806d508717c4081d15b2b1143ff53f1000x562179.jpg
13806,"2025-04-07 12:52:57","Beans on Toast",BoT,green,af,,7929.31,https://politicsandwar.com/img/imgur-old/f8780813dabb760f0ac92421e737f2abb40ab1a217.png
13807,"2025-04-07 22:34:15","Nope Alliance",NA,black,af,,5604.41,https://politicsandwar.com/uploads/2fb8c1095d068b6b269133b2a063c5b0efda4e40500x300897.jpg
13809,"2025-04-08 01:27:59","Borgs Cat Cafe",,green,af,,4987.38,https://media1.tenor.com/m/ixhqLaFwke4AAAAd/eating-cats.gif
13813,"2025-04-08 08:21:06","Task Forces",,brown,af,,428.93,https://politicsandwar.com/img/flags/belize.jpg
13815,"2025-04-09 07:26:38",Ryu,Ryu,black,af,,4883.06,https://politicsandwar.com/uploads/82fc1e4647a1424d66741c00008ac209315149ce500x262418.jpg
13816,"2025-04-09 12:07:03","Protectorate Alliance of Verenthia",P.A.V,aqua,af,https://discord.gg/P8UYuN3JKp,3215.90,https://politicsandwar.com/uploads/625944b3ee1f3f1f0443061005b870dc6c7256c9x800.png
13820,"2025-04-10 00:20:16","Galactic Federation of Orbis",,black,af,,975.68,https://politicsandwar.com/uploads/0342293345a86207634f0ae91b015a8731bb41c4500x333386.webp
13822,"2025-04-10 20:12:57","Grand Empire of Publicaebelli",GEPB,maroon,af,,1619.24,https://politicsandwar.com/uploads/854e1f42a0222279071e46a117f20739b5778a85500x331896.png
13823,"2025-04-11 16:46:29","The Seven",,green,af,,10701.30,https://politicsandwar.com/uploads/e0398def67fa2dea329e74ef2e4dcfa692b4fc6dx225.png
13824,"2025-04-11 18:12:11","Army Without Borders",M.S.F,black,af,,1404.31,https://politicsandwar.com/uploads/29483739a10a2dd618742578cfe723c994551437500x281527.png
13825,"2025-04-11 18:59:58","The Baba Yaga",,yellow,af,,8040.48,https://politicsandwar.com/uploads/ecfcc6167988768d315fa0a5f3b18357a7f90fd01000x599272.png
13828,"2025-04-12 08:09:20",Blackwater,RIO,brown,af,https://discord.gg/a9gCRuH9SH,10663.47,https://politicsandwar.com/uploads/1eaad6aa8beb0e0a6be2452bda42255697fc556b500x302583.jpg
13830,"2025-04-12 22:48:49","Unit 56",,black,af,,252.93,https://politicsandwar.com/uploads/1e38a99afd3ff186bf3dab624ab42cdf161c3c2b500x328471.png
13831,"2025-04-13 09:07:37",Libertas,,aqua,af,,0.00,https://politicsandwar.com/uploads/5ba2f1328cb1211b742c91c72d9c34db1248101b97.png
13832,"2025-04-13 10:58:26","Landball Nations Alliance",LNA,blue,af,,1457.75,https://politicsandwar.com/uploads/72d8e071e42362817eb7de667a3bcb2fe3994bb1x354.png
13836,"2025-04-13 20:10:18","Only Nippe",,black,af,,1987.52,https://politicsandwar.com/uploads/21d7aaf3846d616c7391ddddce93db1d07fffc3fx960.jpg
13837,"2025-04-13 22:42:55",Naruto,,maroon,af,,10128.85,https://politicsandwar.com/img/flags/greatbritain.png
13839,"2025-04-14 12:36:35","Wolf Union",🐺,aqua,af,https://discord.gg/UXTC2Nz5,1151.97,https://politicsandwar.com/uploads/7d056540b6234a6f8c6e3ad2b83bc993f5d74705276x300840.png
13841,"2025-04-15 00:35:34","The United Alliance of Nations",,blue,af,,2249.36,https://politicsandwar.com/uploads/ed38c94880c9912165de323b58130ece401ae10c600x600519.png
13842,"2025-04-15 01:21:27",Mag,,aqua,af,,3285.96,https://politicsandwar.com/uploads/7eea5d2fa22390eb677427c0cdb39935ca81786f668.jpg
13843,"2025-04-15 09:13:31",Miedzymorze,MDZ,green,af,,3162.92,https://politicsandwar.com/uploads/8e0542ff144596f7519c33f3367f4d1d3bd8bfb8500x312975.jpg
13844,"2025-04-15 21:07:04","Brotherhood of Spartans",TBOS,aqua,af,https://discord.gg/XY2A6ggK2U,3329.85,https://politicsandwar.com/uploads/01352435e2121242ebc92ed5a0bb1176c7c3955c1000x571645.png
13845,"2025-04-15 21:12:56","Registered Infra Offenders",RIO,brown,af,,215.85,https://politicsandwar.com/uploads/158295035ea221475bacb09e302bab00fb8e3d641000x666975.png
13849,"2025-04-17 02:04:25","IS Phobia Divided States",,black,af,,4056.31,https://politicsandwar.com/uploads/cae86be0228c271173f053ac97ed15c8bb7b2461505.jpg
13853,"2025-04-18 21:37:44","The Spanish Coalition",,orange,af,,1250.51,https://politicsandwar.com/uploads/2d2d9889758d2332c1a0bc70d09761cf3631466c500x333256.webp
13854,"2025-04-19 10:56:01",JESEmpire,,aqua,af,,1029.59,https://politicsandwar.com/img/flags/france.jpg
13855,"2025-04-20 03:12:04",epicaa,FART,black,af,,3760.73,https://politicsandwar.com/uploads/07ea2b2e616ad09fa0dffdc73b420f83ea6a653f366x300629.jpg
13856,"2025-04-20 05:22:18","Hermit socialists",HSC,maroon,af,,3080.80,https://politicsandwar.com/img/flags/sovietunion.jpg
13858,"2025-04-20 16:45:30","The League Of Unity",LOU,pink,af,,3147.47,https://politicsandwar.com/uploads/7f52d0ca55db1a356ffae7bcc04eca520fd8b3d31000x600531.png
13859,"2025-04-20 23:13:37",Aquilon,AQN,purple,af,,3450.00,https://politicsandwar.com/uploads/160d79270516e0a2430b5ce18cab7709ddd2a285500x287365.jpeg
13860,"2025-04-21 14:40:41","TAPs Angels",,pink,af,,6088.86,https://politicsandwar.com/uploads/35b7ef1a5838849b332de522cd209d4be5fb1e79500x299372.png
13862,"2025-04-23 20:08:10","Yr Undeb Celtaidd",C.C.U,red,af,,1676.65,https://politicsandwar.com/uploads/cdc99e9db913e4a7c679ed794fa88544a8c8127e500x281410.jpeg
13865,"2025-04-24 11:46:50","Common Crab Alliance",CCA,black,af,,1478.71,https://politicsandwar.com/uploads/7cdc1ff3d452eb8e647296d490844fe72a1bec47500x300131.png
13868,"2025-04-25 10:23:39",Goldbier,,lime,af,,2575.83,https://politicsandwar.com/img/flags/piratesheep.png
13872,"2025-04-26 02:32:38","Chickens BakBak",,aqua,af,,1001.00,https://politicsandwar.com/img/flags/betsy_ross.jpg
13873,"2025-04-26 05:09:37","Tae Takemi Fan Club",,yellow,af,,8311.62,https://politicsandwar.com/uploads/13334d50e1ee9bea6b28319cd67f6d140400d69a500x281706.webp
13874,"2025-04-26 08:42:31",Lilac,,green,af,,10054.10,https://politicsandwar.com/uploads/28e840fdbb8e8a89cf066c996e4e442973c4db63356x300895.jpg
13875,"2025-04-26 15:08:16",spinosaurus,,orange,af,,28434.60,https://politicsandwar.com/uploads/6da3ac316d916283d5e22d19e4f304e6dedab877500x250944.jpg
13876,"2025-04-26 15:22:02","Cuppa tea guv",,orange,af,,4887.66,https://politicsandwar.com/img/flags/greatbritain.png
13877,"2025-04-26 16:26:43","Dragons Den",,white,af,,5504.77,https://politicsandwar.com/img/imgur-old/66f83b5f82f65351dc56d657fd4da8cfdbdd6394607.png
13879,"2025-04-26 20:02:08","States Untied Allies",,lime,af,,1035.38,https://politicsandwar.com/img/flags/unitedstates.jpg
13880,"2025-04-26 23:50:16",Leviathan,LEVI,aqua,af,https://discord.gg/N9N76chnjp,56128.50,https://politicsandwar.com/uploads/98136531bd23dfb1af4935006228e5c45d7db667500x333721.png
13881,"2025-04-27 00:12:08","Socialist girliepop",,aqua,af,,3719.01,https://politicsandwar.com/uploads/1360f48bee2200a21c4773a7e072320bf646340fx467.png
13882,"2025-04-27 16:59:31","Tranquility Shield Alliance",TSA,aqua,af,,1258.60,https://politicsandwar.com/uploads/cae86be0228c271173f053ac97ed15c8bb7b2461505.jpg
13883,"2025-04-28 09:34:19",BlairWei,BWEI,purple,af,,8955.80,https://politicsandwar.com/uploads/21e36b4fbf12d942fe722e9a5738172645dedd451000x666180.png
13884,"2025-04-28 14:11:17","Central Bank of Egypt",CBE,white,af,,6124.19,https://politicsandwar.com/uploads/52efb61ae4a68fb6f6f9bd7d17479b803c6699d2x327.gif
13885,"2025-04-28 22:07:57","Sovereign state republics","S. S. R.",aqua,af,https://discord.gg/hAjXbUEF,2392.77,https://politicsandwar.com/uploads/432e219f361f5b59cdd6127e30004835ac7b92ccx554.jpeg
13886,"2025-04-28 23:08:03",FumoTwo,,brown,af,,8278.00,https://politicsandwar.com/uploads/ca4c15c69286b371da5db0e0a57d805b6b9746d0637x600971.jpg
13890,"2025-04-29 15:47:41","Eastern Bloc",East,red,af,,1451.10,https://politicsandwar.com/uploads/281450367472db8469ee216bc2531ba3dcd34e01413x30036.webp
13891,"2025-04-29 16:33:15","Shanghai Commune",,red,af,,4348.01,https://politicsandwar.com/uploads/4036ec63dd4a1ebdcc2b6635bc2b712891b2cd2c500x300427.png
13893,"2025-04-29 18:48:16","The Triumvirate",TT,aqua,af,https://discord.gg/aFP6Q47aMb,7122.04,https://politicsandwar.com/uploads/424fd4537db6d9de513a44c1868f3d02accc7704500x330812.jpeg
13894,"2025-04-29 23:10:55","Vikings Of Honor",,aqua,af,,1906.57,https://politicsandwar.com/uploads/9ee6462b526d4999efa543aa1088d1bbe1431211500x281990.png
13895,"2025-04-30 01:12:40","Paradise Island",P.I,aqua,af,https://discord.gg/kbezjKEJ7W,2621.95,https://politicsandwar.com/uploads/d0b4a978a00f4e275287abd3e7a03f8b794722b3500x334854.png
13896,"2025-04-30 18:02:28","Ayyslamic Britannian Empire",,black,af,,6369.83,https://politicsandwar.com/img/imgur-old/804815bc2864eaba8233eedeff7ef75433b9a6df856.png
13897,"2025-04-30 23:22:32",Fatui,,yellow,af,,559.25,https://politicsandwar.com/uploads/24dcb692bc2f8f00d8dac43dc576e55a23c328eb300x300875.png
13898,"2025-04-30 23:37:54","Conalds 500th Forehead Fundraiser",,black,af,,4485.75,https://politicsandwar.com/uploads/e4e845416bc86530b40228fc54e61c83b5059681x599.jpeg
